; Auto-scaling enabled to fit 695x1080mm
; Auto-scaled using actual path bounds
; Path bounds: X59.6-1923.1, Y74.2-1916.9
; Actual size: 1863.5x1842.6mm
; Scale factor: 0.373
; Scaled size: 695.0x687.2mm
; Auto-scaled to fit: factor=0.373
; Machine envelope: 695x1080mm
; SVG width: 1992.0
; SVG height: 1992.0
; Scale factor: 0.3729527476649737
; Machine working envelope: X0-695 Y0-1080
; User scale factor: 1.0
; User offset: X0.000 Y0.000
; H.Airbrush Dual-Airbrush Plotter G-code
; Generated by H.Airbrush Extension
; IMPORTANT: G28 invokes the machine's homing macro - do not home individual axes
; Maximum feed rates: X/Y: 24000 mm/min, Z: 1200 mm/min
; MOTOR CONTROL: M17 enables motors, M18 disables motors to prevent overheating
; FLOW CONTROL: U/V axis stepper motors (0.0-4.0mm range)
; AIR/PAINT SEQUENCE: Air ON first, then Paint ON; Paint OFF first, then Air OFF
G90 ; Set absolute positioning
G21 ; Set units to millimeters
G17 ; Set working plane to X-Y (G17 = X-Y, G18 = X-Z, G19 = Y-Z)
M17 ; Enable all motors
M84 S0 ; Disable stepper timeout
; Coordinate system: X right, Y forward, Z up

; MACHINE INITIALIZATION
M451 ; CNC mode
G17 ; X-Y plane
G21 ; mm units
G90 ; Absolute positioning
M17 ; Enable all motors
M564 H1 S1 ; Enforce soft limits and require homing
G28 ; Home X, Y, Z axes
G28 U ; Home U axis (Brush A flow control)
G28 V ; Home V axis (Brush B flow control)
G0 Z10.000 F1200 ; Raise Z to safe height
M400 ; Wait for Z movement to complete
G92 Z10.000 ; Set Z height
M84 S0 ; No stepper timeout
; ===== AIRBRUSH SYSTEM INITIALIZATION =====
; 1. Turn off all air solenoids
M106 P2 S0 ; Brush A air off
M106 P3 S0 ; Brush B air off
G4 P500 ; Wait for air to stop completely
; 2. Ensure U and V axes are at minimum position (closed)
G1 U0.000 F200.0 ; Close Brush A flow
G1 V0.000 F200.0 ; Close Brush B flow
M400 ; Wait for stepper motion to complete
; --- Tool Selection ---
T0 ; Select Tool 0 (Brush A) as the default tool
G4 P500 ; Wait for tool selection to complete
; STEPPER AND FAN CONFIGURATION:
; - Brush A: Air=Fan2, Flow=U axis (range: 0.0-4.0mm, OFF=0.0mm, FULL ON=4.0mm)
; - Brush B: Air=Fan3, Flow=V axis (range: 0.0-4.0mm, OFF=0.0mm, FULL ON=4.0mm)
; - Lower 20% of travel (0.0-0.8mm) is effectively OFF (dead zone)
; - U/V axis feedrate: 200 mm/min for smooth flow control
; TOOL SELECTION:
; - Tool 0 = Brush A (Primary Airbrush)
; - Tool 1 = Brush B (Secondary Airbrush)
; - Tool offsets are configured in RepRapFirmware's config.g using G10
; - Switching tools automatically applies the configured offset
; - Soft limits temporarily disabled when using Tool 1
; SAFETY MEASURES:
; - Brush activation only happens after XY positioning and Z lowering
; - Using M400 to ensure all moves complete before next action
; - Air turned on before paint to prevent dripping
; - Paint turned off before air to prevent dripping
; Z TRAVEL OPTIMIZATION:
; - Safe Z threshold: 10.0mm
; - Travel Z height: 10.0mm
; - Z will only be raised for travel if below the safe threshold
; ===== END AIRBRUSH SYSTEM INITIALIZATION =====

; Source SVG: tmprtiost2n.svg
; Paths: 49
; Base Z height: 2.0mm
; Base feedrate: 24000mm/min
; Simplification: No
; Curve resolution: 20
; Debug markers: Yes
; Auto-scaling: Enabled
; Machine bounds: 695x1080mm

; Path 1/49 (id: path1)
; WIDTH: requested=117.176mm, actual=1863.507mm, compensation=0.800
; Z HEIGHT: 84.000mm (min=4.0, max=84.0)
; PAINT FLOW: 0.500 (baseline=0.1, max=0.5)
; PAINT FLOW COMPONENTS: base=0.100, width=0.300, opacity=0.100
; FEEDRATE: 475.6 mm/min (z_factor=0.0259, speed_factor=0.765)
; WARNING: Requested stroke width 117.2mm exceeds machine capability.
; H.Airbrush cannot draw strokes wider than 6.6mm at 1mm/s minimum speed.
; Stroke width has been reduced to 6.6mm.
; ===== STROKE PARAMETERS =====
; Color: black
; Width: 117.18mm
; Opacity: 0.25
; Brush: brush_a (index 0)
T0 ; Select Brush A (Black)
; ===== AIRBRUSH SETTINGS =====
; Z-height: 84.00mm
; Paint flow: 0.50
; Feedrate: 475.6mm/min (includes Z scaling)
; Using brush: brush_a (tool 0)
; Path with Brush A (black) at Z=84.000mm
; Using: Air=P2, Flow=A axis
; Drawing Z height: 84.000mm, Travel Z height: 10.000mm
; Machine Z range: 0-84mm (Safe range: 5-80mm)
; === START BRUSH SEQUENCE ===
; START BRUSH A
; Z already at 10.000mm, above safe threshold of 10.000mm, no need to raise
T0 ; Select Tool 0 (Brush A)
G4 P500 ; Wait for tool change to complete
; === END BRUSH SEQUENCE ===
; Coordinate transform: (756.30,829.27) -> (259.83,405.62)
G0 X259.826 Y405.616 F24000
M400 ; Wait for XY movement to complete
G1 Z84.000 F1200
M400 ; Wait for Z movement to complete
; === ACTIVATE BRUSH AT POSITION ===
; AIR ON FIRST - Important to prevent dripping
M106 P2 S1 ; Brush A air on
; PAINT ON AFTER AIR
G4 P50 ; Short delay before stepper command
G1 U2.400 F200.0 ; Set Brush A flow to 2.400mm
M400 ; Wait for stepper motion to complete
; === BRUSH ACTIVATED ===
G1 F475.56460435427675
; Coordinate transform: (756.57,829.05) -> (259.93,405.70)
G1 X259.930 Y405.700
; Coordinate transform: (756.98,828.72) -> (260.08,405.82)
G1 X260.081 Y405.823
; Coordinate transform: (757.51,828.29) -> (260.28,405.98)
G1 X260.278 Y405.982
; Coordinate transform: (758.15,827.77) -> (260.52,406.18)
G1 X260.519 Y406.175
; Coordinate transform: (758.91,827.17) -> (260.80,406.40)
G1 X260.801 Y406.401
; Coordinate transform: (759.78,826.48) -> (261.12,406.66)
G1 X261.124 Y406.658
; Coordinate transform: (760.75,825.71) -> (261.49,406.95)
G1 X261.486 Y406.946
; Coordinate transform: (761.84,824.84) -> (261.90,407.27)
G1 X261.895 Y407.272
; Coordinate transform: (763.09,823.84) -> (262.36,407.64)
G1 X262.359 Y407.643
; Coordinate transform: (764.51,822.69) -> (262.89,408.07)
G1 X262.889 Y408.073
; Coordinate transform: (766.14,821.34) -> (263.50,408.57)
G1 X263.499 Y408.575
; Coordinate transform: (768.04,819.76) -> (264.21,409.16)
G1 X264.208 Y409.164
; Coordinate transform: (770.28,817.89) -> (265.04,409.86)
G1 X265.040 Y409.862
; Coordinate transform: (772.93,815.67) -> (266.03,410.69)
G1 X266.029 Y410.690
; Coordinate transform: (776.10,813.03) -> (267.21,411.68)
G1 X267.210 Y411.675
; Coordinate transform: (779.90,809.87) -> (268.63,412.85)
G1 X268.629 Y412.855
; Coordinate transform: (784.42,806.09) -> (270.32,414.26)
G1 X270.317 Y414.263
; Coordinate transform: (789.78,801.60) -> (272.31,415.94)
G1 X272.314 Y415.938
; Coordinate transform: (796.08,796.35) -> (274.66,417.89)
G1 X274.662 Y417.895
; Coordinate transform: (803.32,790.33) -> (277.36,420.14)
G1 X277.362 Y420.142
; Coordinate transform: (811.48,783.52) -> (280.41,422.68)
G1 X280.408 Y422.679
; Coordinate transform: (820.41,776.08) -> (283.74,425.45)
G1 X283.738 Y425.454
; Coordinate transform: (829.94,768.15) -> (287.29,428.41)
G1 X287.292 Y428.413
; Coordinate transform: (839.83,759.91) -> (290.98,431.49)
G1 X290.979 Y431.486
; Coordinate transform: (849.89,751.51) -> (294.73,434.62)
G1 X294.733 Y434.619
; Coordinate transform: (860.02,743.07) -> (298.51,437.77)
G1 X298.509 Y437.766
; Coordinate transform: (870.11,734.68) -> (302.27,440.90)
G1 X302.274 Y440.896
; Coordinate transform: (880.13,726.36) -> (306.01,444.00)
G1 X306.012 Y443.998
; Coordinate transform: (890.08,718.14) -> (309.72,447.06)
G1 X309.721 Y447.063
; Coordinate transform: (899.92,710.01) -> (313.39,450.09)
G1 X313.392 Y450.095
; Coordinate transform: (909.65,702.01) -> (317.02,453.08)
G1 X317.018 Y453.080
; Coordinate transform: (919.24,694.14) -> (320.59,456.02)
G1 X320.595 Y456.016
; Coordinate transform: (928.69,686.38) -> (324.12,458.91)
G1 X324.122 Y458.909
; Coordinate transform: (938.04,678.70) -> (327.61,461.78)
G1 X327.607 Y461.775
; Coordinate transform: (947.29,671.04) -> (331.06,464.63)
G1 X331.058 Y464.630
; Coordinate transform: (956.43,663.40) -> (334.47,467.48)
G1 X334.466 Y467.480
; Coordinate transform: (965.44,655.78) -> (337.83,470.32)
G1 X337.828 Y470.322
; Coordinate transform: (974.36,648.20) -> (341.15,473.15)
G1 X341.154 Y473.148
; Coordinate transform: (983.21,640.67) -> (344.45,475.96)
G1 X344.454 Y475.955
; Coordinate transform: (992.01,633.20) -> (347.74,478.74)
G1 X347.736 Y478.741
; Coordinate transform: (1000.77,625.78) -> (351.00,481.51)
G1 X351.003 Y481.509
; Coordinate transform: (1009.48,618.42) -> (354.25,484.26)
G1 X354.252 Y484.256
; Coordinate transform: (1018.13,611.11) -> (357.48,486.98)
G1 X357.478 Y486.981
; Coordinate transform: (1026.71,603.86) -> (360.68,489.68)
G1 X360.678 Y489.685
; Coordinate transform: (1035.25,596.65) -> (363.86,492.37)
G1 X363.863 Y492.373
; Coordinate transform: (1043.73,589.49) -> (367.03,495.05)
G1 X367.025 Y495.046
; Coordinate transform: (1052.16,582.36) -> (370.17,497.70)
G1 X370.169 Y497.705
; Coordinate transform: (1060.54,575.28) -> (373.29,500.35)
G1 X373.295 Y500.345
; Coordinate transform: (1068.86,568.25) -> (376.40,502.97)
G1 X376.398 Y502.967
; Coordinate transform: (1077.10,561.27) -> (379.47,505.57)
G1 X379.471 Y505.569
; Coordinate transform: (1085.27,554.34) -> (382.52,508.15)
G1 X382.518 Y508.153
; Coordinate transform: (1093.38,547.45) -> (385.54,510.72)
G1 X385.543 Y510.723
; Coordinate transform: (1101.41,540.63) -> (388.54,513.27)
G1 X388.537 Y513.268
; Coordinate transform: (1109.29,533.92) -> (391.48,515.77)
G1 X391.476 Y515.769
; Coordinate transform: (1116.92,527.44) -> (394.32,518.18)
G1 X394.322 Y518.185
; Coordinate transform: (1124.02,521.40) -> (396.97,520.44)
G1 X396.970 Y520.439
; Coordinate transform: (1130.57,515.81) -> (399.41,522.52)
G1 X399.413 Y522.525
; Coordinate transform: (1136.45,510.74) -> (401.61,524.42)
G1 X401.606 Y524.416
; Coordinate transform: (1141.55,506.20) -> (403.51,526.11)
G1 X403.508 Y526.107
; Coordinate transform: (1145.84,502.19) -> (405.11,527.60)
G1 X405.108 Y527.601
; Coordinate transform: (1149.34,498.66) -> (406.41,528.92)
G1 X406.413 Y528.918
; Coordinate transform: (1152.07,495.54) -> (407.43,530.08)
G1 X407.431 Y530.082
; Coordinate transform: (1154.10,492.78) -> (408.19,531.11)
G1 X408.188 Y531.112
; Coordinate transform: (1155.48,490.32) -> (408.70,532.03)
G1 X408.703 Y532.028
; Coordinate transform: (1156.27,488.11) -> (409.00,532.85)
G1 X408.998 Y532.853
; Coordinate transform: (1156.51,486.09) -> (409.09,533.61)
G1 X409.087 Y533.609
; Coordinate transform: (1156.25,484.17) -> (408.99,534.32)
G1 X408.990 Y534.323
; Coordinate transform: (1155.49,482.32) -> (408.71,535.01)
G1 X408.707 Y535.013
; Coordinate transform: (1154.23,480.49) -> (408.24,535.70)
G1 X408.237 Y535.696
; Coordinate transform: (1152.47,478.64) -> (407.58,536.38)
G1 X407.580 Y536.385
; Coordinate transform: (1150.18,476.75) -> (406.73,537.09)
G1 X406.726 Y537.093
; Coordinate transform: (1147.30,474.75) -> (405.65,537.84)
G1 X405.652 Y537.835
; Coordinate transform: (1143.75,472.62) -> (404.33,538.63)
G1 X404.328 Y538.631
; Coordinate transform: (1139.37,470.29) -> (402.69,539.50)
G1 X402.695 Y539.501
; Coordinate transform: (1134.01,467.69) -> (400.70,540.47)
G1 X400.696 Y540.469
; Coordinate transform: (1127.46,464.77) -> (398.25,541.56)
G1 X398.253 Y541.557
; Coordinate transform: (1119.47,461.51) -> (395.27,542.77)
G1 X395.273 Y542.774
; Coordinate transform: (1109.95,457.95) -> (391.72,544.10)
G1 X391.722 Y544.101
; Coordinate transform: (1098.89,454.22) -> (387.60,545.49)
G1 X387.598 Y545.493
; Coordinate transform: (1086.45,450.56) -> (382.96,546.86)
G1 X382.958 Y546.860
; Coordinate transform: (1072.99,447.22) -> (377.94,548.11)
G1 X377.938 Y548.105
; Coordinate transform: (1058.98,444.37) -> (372.71,549.17)
G1 X372.713 Y549.167
; Coordinate transform: (1044.99,442.13) -> (367.50,550.00)
G1 X367.495 Y550.003
; Coordinate transform: (1031.45,440.52) -> (362.45,550.60)
G1 X362.446 Y550.602
; Coordinate transform: (1018.58,439.55) -> (357.65,550.96)
G1 X357.646 Y550.963
; Coordinate transform: (1006.58,439.16) -> (353.17,551.11)
G1 X353.170 Y551.111
; Coordinate transform: (995.49,439.26) -> (349.04,551.07)
G1 X349.035 Y551.073
; Coordinate transform: (985.07,439.81) -> (345.15,550.87)
G1 X345.148 Y550.868
; Coordinate transform: (974.98,440.83) -> (341.38,550.49)
G1 X341.383 Y550.488
; Coordinate transform: (965.05,442.30) -> (337.68,549.94)
G1 X337.682 Y549.941
; Coordinate transform: (955.28,444.13) -> (334.04,549.26)
G1 X334.039 Y549.257
; Coordinate transform: (945.79,446.15) -> (330.50,548.50)
G1 X330.498 Y548.504
; Coordinate transform: (936.54,448.31) -> (327.05,547.70)
G1 X327.050 Y547.698
; Coordinate transform: (927.30,450.71) -> (323.60,546.80)
G1 X323.604 Y546.802
; Coordinate transform: (917.38,453.77) -> (319.90,545.66)
G1 X319.904 Y545.662
; Coordinate transform: (906.18,457.83) -> (315.72,544.15)
G1 X315.725 Y544.145
; Coordinate transform: (893.61,462.88) -> (311.04,542.26)
G1 X311.037 Y542.262
; Coordinate transform: (880.27,468.52) -> (306.06,540.16)
G1 X306.061 Y540.160
; Coordinate transform: (866.40,474.68) -> (300.89,537.86)
G1 X300.890 Y537.863
; Coordinate transform: (852.09,481.24) -> (295.55,535.42)
G1 X295.552 Y535.418
; Coordinate transform: (837.70,487.77) -> (290.19,532.98)
G1 X290.186 Y532.981
; Coordinate transform: (823.37,493.78) -> (284.84,530.74)
G1 X284.842 Y530.740
; Coordinate transform: (808.92,499.23) -> (279.45,528.71)
G1 X279.452 Y528.706
; Coordinate transform: (794.65,504.35) -> (274.13,526.80)
G1 X274.130 Y526.799
; Coordinate transform: (780.63,509.36) -> (268.90,524.93)
G1 X268.901 Y524.929
; Coordinate transform: (766.63,514.52) -> (263.68,523.00)
G1 X263.681 Y523.004
; Coordinate transform: (752.76,519.88) -> (258.51,521.01)
G1 X258.508 Y521.007
; Coordinate transform: (739.38,525.33) -> (253.52,518.97)
G1 X253.518 Y518.973
; Coordinate transform: (726.87,530.78) -> (248.85,516.94)
G1 X248.852 Y516.939
; Coordinate transform: (715.31,536.24) -> (244.54,514.90)
G1 X244.539 Y514.904
; Coordinate transform: (704.40,541.80) -> (240.47,512.83)
G1 X240.473 Y512.829
; Coordinate transform: (693.84,547.68) -> (236.53,510.64)
G1 X236.534 Y510.638
; Coordinate transform: (683.82,554.00) -> (232.80,508.28)
G1 X232.796 Y508.281
; Coordinate transform: (674.38,560.93) -> (229.27,505.69)
G1 X229.275 Y505.695
; Coordinate transform: (665.35,568.51) -> (225.91,502.87)
G1 X225.908 Y502.870
; Coordinate transform: (656.35,576.49) -> (222.55,499.89)
G1 X222.552 Y499.894
; Coordinate transform: (647.24,584.48) -> (219.15,496.91)
G1 X219.152 Y496.912
; Coordinate transform: (638.05,592.09) -> (215.73,494.07)
G1 X215.727 Y494.074
; Coordinate transform: (628.84,599.16) -> (212.29,491.44)
G1 X212.290 Y491.436
; Coordinate transform: (619.59,605.65) -> (208.84,489.02)
G1 X208.840 Y489.017
; Coordinate transform: (610.26,611.64) -> (205.36,486.78)
G1 X205.364 Y486.783
; Coordinate transform: (600.82,617.24) -> (201.84,484.69)
G1 X201.842 Y484.695
; Coordinate transform: (591.20,622.56) -> (198.25,482.71)
G1 X198.255 Y482.712
; Coordinate transform: (581.41,627.67) -> (194.60,480.80)
G1 X194.601 Y480.805
; Coordinate transform: (571.43,632.65) -> (190.88,478.95)
G1 X190.881 Y478.947
; Coordinate transform: (561.28,637.50) -> (187.10,477.14)
G1 X187.096 Y477.139
; Coordinate transform: (551.00,642.20) -> (183.26,475.39)
G1 X183.260 Y475.386
; Coordinate transform: (540.60,646.75) -> (179.38,473.69)
G1 X179.381 Y473.688
; Coordinate transform: (530.09,651.16) -> (175.46,472.04)
G1 X175.461 Y472.045
; Coordinate transform: (519.51,655.41) -> (171.52,470.46)
G1 X171.515 Y470.458
; Coordinate transform: (508.90,659.50) -> (167.56,468.94)
G1 X167.558 Y468.935
; Coordinate transform: (498.28,663.39) -> (163.60,467.48)
G1 X163.597 Y467.483
; Coordinate transform: (487.66,667.09) -> (159.64,466.10)
G1 X159.638 Y466.102
; Coordinate transform: (477.05,670.62) -> (155.68,464.79)
G1 X155.681 Y464.786
; Coordinate transform: (466.44,674.00) -> (151.72,463.52)
G1 X151.722 Y463.524
; Coordinate transform: (455.78,677.27) -> (147.75,462.31)
G1 X147.748 Y462.307
; Coordinate transform: (445.06,680.42) -> (143.75,461.13)
G1 X143.748 Y461.133
; Coordinate transform: (434.26,683.45) -> (139.72,460.00)
G1 X139.720 Y460.001
; Coordinate transform: (423.37,686.38) -> (135.66,458.91)
G1 X135.659 Y458.909
; Coordinate transform: (412.37,689.21) -> (131.56,457.85)
G1 X131.558 Y457.852
; Coordinate transform: (401.28,691.97) -> (127.42,456.83)
G1 X127.423 Y456.826
; Coordinate transform: (390.14,694.66) -> (123.27,455.82)
G1 X123.266 Y455.822
; Coordinate transform: (378.96,697.31) -> (119.10,454.83)
G1 X119.097 Y454.834
; Coordinate transform: (367.76,699.94) -> (114.92,453.85)
G1 X114.922 Y453.852
; Coordinate transform: (356.58,702.56) -> (110.75,452.88)
G1 X110.750 Y452.875
; Coordinate transform: (345.39,705.17) -> (106.58,451.90)
G1 X106.579 Y451.901
; Coordinate transform: (334.21,707.76) -> (102.41,450.94)
G1 X102.407 Y450.936
; Coordinate transform: (323.00,710.31) -> (98.23,449.98)
G1 X98.226 Y449.983
; Coordinate transform: (311.76,712.82) -> (94.04,449.05)
G1 X94.035 Y449.047
; Coordinate transform: (300.49,715.28) -> (89.83,448.13)
G1 X89.833 Y448.132
; Coordinate transform: (289.16,717.67) -> (85.61,447.24)
G1 X85.608 Y447.238
; Coordinate transform: (277.75,720.01) -> (81.35,446.37)
G1 X81.352 Y446.367
; Coordinate transform: (266.29,722.27) -> (77.08,445.52)
G1 X77.075 Y445.523
; Coordinate transform: (254.84,724.48) -> (72.81,444.70)
G1 X72.806 Y444.699
; Coordinate transform: (243.46,726.66) -> (68.56,443.89)
G1 X68.563 Y443.888
; Coordinate transform: (232.17,728.81) -> (64.35,443.08)
G1 X64.352 Y443.085
; Coordinate transform: (220.95,730.96) -> (60.17,442.28)
G1 X60.167 Y442.284
; Coordinate transform: (209.78,733.12) -> (56.00,441.48)
G1 X56.000 Y441.478
; Coordinate transform: (198.66,735.31) -> (51.85,440.66)
G1 X51.854 Y440.659
; Coordinate transform: (187.60,737.55) -> (47.73,439.83)
G1 X47.730 Y439.825
; Coordinate transform: (176.58,739.81) -> (43.62,438.98)
G1 X43.620 Y438.984
; Coordinate transform: (165.56,742.07) -> (39.51,438.14)
G1 X39.508 Y438.140
; Coordinate transform: (154.48,744.33) -> (35.38,437.30)
G1 X35.378 Y437.298
; Coordinate transform: (143.37,746.58) -> (31.23,436.46)
G1 X31.233 Y436.457
; Coordinate transform: (132.32,748.83) -> (27.11,435.62)
G1 X27.113 Y435.618
; Coordinate transform: (121.68,751.07) -> (23.14,434.78)
G1 X23.144 Y434.781
; Coordinate transform: (112.95,753.32) -> (19.89,433.95)
G1 X19.890 Y433.945
; Coordinate transform: (107.59,755.57) -> (17.89,433.10)
G1 X17.889 Y433.105
; Coordinate transform: (105.42,757.82) -> (17.08,432.27)
G1 X17.079 Y432.266
; Coordinate transform: (106.28,760.08) -> (17.40,431.42)
G1 X17.402 Y431.423
; Coordinate transform: (110.03,762.39) -> (18.80,430.56)
G1 X18.799 Y430.561
; Coordinate transform: (116.51,764.85) -> (21.22,429.64)
G1 X21.215 Y429.643
; Coordinate transform: (125.03,767.62) -> (24.39,428.61)
G1 X24.395 Y428.610
; Coordinate transform: (134.38,770.80) -> (27.88,427.43)
G1 X27.881 Y427.426
; Coordinate transform: (143.65,774.49) -> (31.34,426.05)
G1 X31.338 Y426.048
; Coordinate transform: (152.80,778.82) -> (34.75,424.43)
G1 X34.750 Y424.433
; Coordinate transform: (161.92,783.86) -> (38.15,422.55)
G1 X38.151 Y422.552
; Coordinate transform: (171.15,789.65) -> (41.59,420.39)
G1 X41.594 Y420.394
; Coordinate transform: (180.53,796.18) -> (45.09,417.96)
G1 X45.093 Y417.958
; Coordinate transform: (190.03,803.35) -> (48.64,415.28)
G1 X48.636 Y415.283
; Coordinate transform: (199.58,811.05) -> (52.20,412.41)
G1 X52.199 Y412.414
; Coordinate transform: (209.13,819.11) -> (55.76,409.41)
G1 X55.761 Y409.407
; Coordinate transform: (218.68,827.42) -> (59.32,406.31)
G1 X59.319 Y406.308
; Coordinate transform: (228.21,835.86) -> (62.87,403.16)
G1 X62.874 Y403.159
; Coordinate transform: (237.67,844.34) -> (66.40,400.00)
G1 X66.404 Y399.997
; Coordinate transform: (247.00,852.75) -> (69.88,396.86)
G1 X69.883 Y396.862
; Coordinate transform: (256.17,861.04) -> (73.30,393.77)
G1 X73.303 Y393.769
; Coordinate transform: (265.21,869.21) -> (76.67,390.72)
G1 X76.675 Y390.723
; Coordinate transform: (274.16,877.26) -> (80.01,387.72)
G1 X80.013 Y387.720
; Coordinate transform: (283.03,885.22) -> (83.32,384.75)
G1 X83.320 Y384.752
; Coordinate transform: (291.80,893.08) -> (86.59,381.82)
G1 X86.590 Y381.821
; Coordinate transform: (300.45,900.85) -> (89.82,378.92)
G1 X89.819 Y378.922
; Coordinate transform: (308.99,908.53) -> (93.00,376.06)
G1 X93.002 Y376.056
; Coordinate transform: (317.40,916.15) -> (96.14,373.22)
G1 X96.138 Y373.216
; Coordinate transform: (325.64,923.69) -> (99.21,370.41)
G1 X99.211 Y370.405
; Coordinate transform: (333.68,931.15) -> (102.21,367.62)
G1 X102.209 Y367.622
; Coordinate transform: (341.49,938.52) -> (105.12,364.87)
G1 X105.124 Y364.873
; Coordinate transform: (349.09,945.82) -> (107.96,362.15)
G1 X107.959 Y362.152
; Coordinate transform: (356.50,953.04) -> (110.72,359.46)
G1 X110.723 Y359.456
; Coordinate transform: (363.75,960.23) -> (113.43,356.78)
G1 X113.426 Y356.777
; Coordinate transform: (370.86,967.36) -> (116.08,354.12)
G1 X116.077 Y354.117
; Coordinate transform: (377.84,974.47) -> (118.68,351.47)
G1 X118.680 Y351.465
; Coordinate transform: (384.70,981.57) -> (121.24,348.82)
G1 X121.240 Y348.817
; Coordinate transform: (391.46,988.71) -> (123.76,346.15)
G1 X123.758 Y346.155
; Coordinate transform: (398.10,995.90) -> (126.24,343.47)
G1 X126.237 Y343.472
; Coordinate transform: (404.65,1003.20) -> (128.68,340.75)
G1 X128.678 Y340.750
; Coordinate transform: (411.09,1010.58) -> (131.08,338.00)
G1 X131.082 Y337.998
; Coordinate transform: (417.43,1018.04) -> (133.45,335.22)
G1 X133.446 Y335.215
; Coordinate transform: (423.65,1025.55) -> (135.77,332.41)
G1 X135.767 Y332.415
; Coordinate transform: (429.78,1033.10) -> (138.05,329.60)
G1 X138.050 Y329.599
; Coordinate transform: (435.78,1040.71) -> (140.29,326.76)
G1 X140.290 Y326.761
; Coordinate transform: (441.66,1048.42) -> (142.48,323.89)
G1 X142.482 Y323.885
; Coordinate transform: (447.43,1056.27) -> (144.63,320.96)
G1 X144.633 Y320.957
; Coordinate transform: (453.10,1064.34) -> (146.75,317.95)
G1 X146.748 Y317.948
; Coordinate transform: (458.70,1072.61) -> (148.84,314.86)
G1 X148.837 Y314.863
; Coordinate transform: (464.23,1081.07) -> (150.90,311.71)
G1 X150.900 Y311.708
; Coordinate transform: (469.68,1089.69) -> (152.93,308.49)
G1 X152.932 Y308.493
; Coordinate transform: (475.04,1098.47) -> (154.93,305.22)
G1 X154.932 Y305.219
; Coordinate transform: (480.33,1107.44) -> (156.90,301.87)
G1 X156.904 Y301.873
; Coordinate transform: (485.58,1116.59) -> (158.86,298.46)
G1 X158.862 Y298.461
; Coordinate transform: (490.81,1125.91) -> (160.81,294.99)
G1 X160.814 Y294.985
; Coordinate transform: (496.03,1135.39) -> (162.76,291.45)
G1 X162.760 Y291.449
; Coordinate transform: (501.25,1144.98) -> (164.70,287.87)
G1 X164.705 Y287.873
; Coordinate transform: (506.46,1154.67) -> (166.65,284.26)
G1 X166.648 Y284.259
; Coordinate transform: (511.64,1164.43) -> (168.58,280.62)
G1 X168.582 Y280.619
; Coordinate transform: (516.79,1174.32) -> (170.50,276.93)
G1 X170.503 Y276.930
; Coordinate transform: (521.94,1184.36) -> (172.42,273.19)
G1 X172.422 Y273.186
; Coordinate transform: (527.10,1194.52) -> (174.35,269.40)
G1 X174.348 Y269.397
; Coordinate transform: (532.31,1204.69) -> (176.29,265.60)
G1 X176.290 Y265.604
; Coordinate transform: (537.50,1214.76) -> (178.23,261.85)
G1 X178.227 Y261.848
; Coordinate transform: (542.63,1224.65) -> (180.14,258.16)
G1 X180.137 Y258.160
; Coordinate transform: (547.66,1234.30) -> (182.01,254.56)
G1 X182.014 Y254.561
; Coordinate transform: (552.64,1243.58) -> (183.87,251.10)
G1 X183.871 Y251.100
; Coordinate transform: (557.60,1252.30) -> (185.72,247.85)
G1 X185.720 Y247.848
; Coordinate transform: (562.60,1260.26) -> (187.59,244.88)
G1 X187.586 Y244.879
; Coordinate transform: (567.75,1267.30) -> (189.51,242.25)
G1 X189.508 Y242.253
; Coordinate transform: (573.25,1273.38) -> (191.56,239.99)
G1 X191.557 Y239.986
; Coordinate transform: (579.27,1278.51) -> (193.80,238.07)
G1 X193.804 Y238.072
; Coordinate transform: (586.00,1282.88) -> (196.31,236.44)
G1 X196.315 Y236.443
; Coordinate transform: (593.63,1286.71) -> (199.16,235.01)
G1 X199.159 Y235.014
; Coordinate transform: (602.06,1290.19) -> (202.30,233.72)
G1 X202.304 Y233.716
; Coordinate transform: (611.21,1293.51) -> (205.71,232.48)
G1 X205.715 Y232.478
; Coordinate transform: (620.95,1296.89) -> (209.35,231.22)
G1 X209.348 Y231.218
; Coordinate transform: (631.11,1300.53) -> (213.14,229.86)
G1 X213.137 Y229.860
; Coordinate transform: (641.50,1304.63) -> (217.01,228.33)
G1 X217.013 Y228.331
; Coordinate transform: (651.92,1309.34) -> (220.90,226.57)
G1 X220.898 Y226.574
; Coordinate transform: (662.23,1314.86) -> (224.74,224.52)
G1 X224.742 Y224.516
; Coordinate transform: (672.34,1321.53) -> (228.51,222.03)
G1 X228.514 Y222.028
; Coordinate transform: (682.23,1329.60) -> (232.20,219.02)
G1 X232.202 Y219.018
; Coordinate transform: (691.93,1339.16) -> (235.82,215.45)
G1 X235.820 Y215.453
; Coordinate transform: (701.48,1349.75) -> (239.38,211.50)
G1 X239.381 Y211.503
; Coordinate transform: (710.88,1360.55) -> (242.89,207.48)
G1 X242.890 Y207.475
; Coordinate transform: (720.10,1370.94) -> (246.33,203.60)
G1 X246.327 Y203.600
; Coordinate transform: (729.07,1380.81) -> (249.67,199.92)
G1 X249.672 Y199.919
; Coordinate transform: (737.78,1390.13) -> (252.92,196.44)
G1 X252.919 Y196.443
; Coordinate transform: (746.23,1398.92) -> (256.07,193.17)
G1 X256.071 Y193.165
; Coordinate transform: (754.43,1407.19) -> (259.13,190.08)
G1 X259.131 Y190.081
; Coordinate transform: (762.40,1414.97) -> (262.10,187.18)
G1 X262.103 Y187.179
; Coordinate transform: (770.18,1422.35) -> (265.00,184.43)
G1 X265.005 Y184.427
; Coordinate transform: (777.79,1429.38) -> (267.84,181.81)
G1 X267.842 Y181.805
; Coordinate transform: (785.24,1436.05) -> (270.62,179.32)
G1 X270.622 Y179.317
; Coordinate transform: (792.53,1442.33) -> (273.34,176.98)
G1 X273.340 Y176.975
; Coordinate transform: (799.61,1448.11) -> (275.98,174.82)
G1 X275.978 Y174.820
; Coordinate transform: (806.42,1453.28) -> (278.52,172.89)
G1 X278.519 Y172.892
; Coordinate transform: (812.95,1457.80) -> (280.95,171.21)
G1 X280.954 Y171.206
; Coordinate transform: (819.21,1461.68) -> (283.29,169.76)
G1 X283.289 Y169.759
; Coordinate transform: (825.25,1464.97) -> (285.54,168.53)
G1 X285.542 Y168.532
; Coordinate transform: (831.11,1467.76) -> (287.73,167.49)
G1 X287.729 Y167.491
; Coordinate transform: (836.86,1470.18) -> (289.87,166.59)
G1 X289.872 Y166.589
; Coordinate transform: (842.55,1472.32) -> (292.00,165.79)
G1 X291.996 Y165.790
; Coordinate transform: (848.27,1474.18) -> (294.13,165.10)
G1 X294.127 Y165.097
; Coordinate transform: (854.08,1475.77) -> (296.29,164.50)
G1 X296.294 Y164.504
; Coordinate transform: (859.94,1476.95) -> (298.48,164.06)
G1 X298.482 Y164.064
; Coordinate transform: (865.81,1477.57) -> (300.67,163.83)
G1 X300.670 Y163.832
; Coordinate transform: (871.74,1477.45) -> (302.88,163.88)
G1 X302.881 Y163.877
; Coordinate transform: (878.06,1476.47) -> (305.24,164.24)
G1 X305.239 Y164.243
; Coordinate transform: (885.14,1474.47) -> (307.88,164.99)
G1 X307.881 Y164.989
; Coordinate transform: (893.35,1471.48) -> (310.94,166.10)
G1 X310.941 Y166.104
; Coordinate transform: (903.08,1467.51) -> (314.57,167.58)
G1 X314.568 Y167.584
; Coordinate transform: (913.87,1462.59) -> (318.59,169.42)
G1 X318.593 Y169.419
; Coordinate transform: (925.36,1456.77) -> (322.88,171.59)
G1 X322.880 Y171.590
; Coordinate transform: (937.23,1450.14) -> (327.31,174.06)
G1 X327.307 Y174.063
; Coordinate transform: (949.35,1442.77) -> (331.83,176.81)
G1 X331.827 Y176.811
; Coordinate transform: (961.53,1434.70) -> (336.37,179.82)
G1 X336.368 Y179.821
; Coordinate transform: (973.49,1426.31) -> (340.83,182.95)
G1 X340.828 Y182.950
; Coordinate transform: (984.78,1419.03) -> (345.04,185.67)
G1 X345.039 Y185.665
; Coordinate transform: (995.37,1413.96) -> (348.99,187.56)
G1 X348.989 Y187.556
; Coordinate transform: (1005.96,1410.96) -> (352.94,188.67)
G1 X352.939 Y188.675
; Coordinate transform: (1017.06,1409.65) -> (357.08,189.16)
G1 X357.079 Y189.163
; Coordinate transform: (1028.65,1409.74) -> (361.40,189.13)
G1 X361.401 Y189.130
; Coordinate transform: (1040.26,1411.13) -> (365.73,188.61)
G1 X365.731 Y188.611
; Coordinate transform: (1051.44,1414.03) -> (369.90,187.53)
G1 X369.901 Y187.530
; Coordinate transform: (1061.78,1418.79) -> (373.76,185.75)
G1 X373.757 Y185.755
; Coordinate transform: (1070.89,1425.52) -> (377.15,183.24)
G1 X377.155 Y183.245
; Coordinate transform: (1078.32,1434.10) -> (379.93,180.04)
G1 X379.926 Y180.045
; Coordinate transform: (1083.87,1444.32) -> (382.00,176.23)
G1 X381.996 Y176.233
; Coordinate transform: (1087.46,1455.90) -> (383.33,171.91)
G1 X383.335 Y171.914
; Coordinate transform: (1089.41,1468.27) -> (384.06,167.30)
G1 X384.062 Y167.301
; Coordinate transform: (1090.24,1480.71) -> (384.37,162.66)
G1 X384.372 Y162.661
; Coordinate transform: (1090.64,1492.42) -> (384.52,158.29)
G1 X384.521 Y158.294
; Coordinate transform: (1091.11,1503.00) -> (384.70,154.35)
G1 X384.696 Y154.348
; Coordinate transform: (1091.76,1512.48) -> (384.94,150.81)
G1 X384.938 Y150.813
; Coordinate transform: (1092.62,1521.03) -> (385.26,147.62)
G1 X385.259 Y147.624
; Coordinate transform: (1093.61,1528.89) -> (385.63,144.69)
G1 X385.628 Y144.693
; Coordinate transform: (1094.73,1536.24) -> (386.05,141.95)
G1 X386.046 Y141.951
; Coordinate transform: (1095.98,1543.27) -> (386.51,139.33)
G1 X386.512 Y139.329
; Coordinate transform: (1097.40,1549.98) -> (387.04,136.83)
G1 X387.042 Y136.827
; Coordinate transform: (1099.04,1556.37) -> (387.65,134.44)
G1 X387.653 Y134.444
; Coordinate transform: (1100.98,1562.40) -> (388.38,132.19)
G1 X388.377 Y132.195
; Coordinate transform: (1103.27,1568.02) -> (389.23,130.10)
G1 X389.231 Y130.099
; Coordinate transform: (1105.92,1573.18) -> (390.22,128.17)
G1 X390.219 Y128.174
; Coordinate transform: (1108.85,1577.82) -> (391.31,126.44)
G1 X391.312 Y126.444
; Coordinate transform: (1111.99,1581.84) -> (392.48,124.94)
G1 X392.483 Y124.945
; Coordinate transform: (1115.26,1585.17) -> (393.70,123.70)
G1 X393.703 Y123.703
; Coordinate transform: (1118.61,1587.62) -> (394.95,122.79)
G1 X394.952 Y122.789
; Coordinate transform: (1122.07,1589.11) -> (396.24,122.23)
G1 X396.243 Y122.233
; Coordinate transform: (1125.67,1589.58) -> (397.59,122.06)
G1 X397.585 Y122.058
; Coordinate transform: (1129.52,1588.99) -> (399.02,122.28)
G1 X399.021 Y122.278
; Coordinate transform: (1133.71,1587.31) -> (400.58,122.90)
G1 X400.584 Y122.905
; Coordinate transform: (1138.36,1584.47) -> (402.32,123.96)
G1 X402.318 Y123.964
; Coordinate transform: (1143.62,1580.33) -> (404.28,125.51)
G1 X404.280 Y125.508
; Coordinate transform: (1149.69,1574.68) -> (406.54,127.62)
G1 X406.544 Y127.615
; Coordinate transform: (1156.51,1567.30) -> (409.09,130.37)
G1 X409.087 Y130.367
; Coordinate transform: (1164.08,1557.86) -> (411.91,133.89)
G1 X411.910 Y133.888
; Coordinate transform: (1171.61,1547.31) -> (414.72,137.82)
G1 X414.719 Y137.823
; Coordinate transform: (1178.36,1537.18) -> (417.24,141.60)
G1 X417.236 Y141.601
; Coordinate transform: (1184.13,1528.36) -> (419.39,144.89)
G1 X419.388 Y144.890
; Coordinate transform: (1189.13,1520.25) -> (421.25,147.91)
G1 X421.253 Y147.915
; Coordinate transform: (1193.51,1512.48) -> (422.89,150.81)
G1 X422.886 Y150.813
; Coordinate transform: (1197.13,1504.97) -> (424.24,153.61)
G1 X424.236 Y153.614
; Coordinate transform: (1199.79,1497.79) -> (425.23,156.29)
G1 X425.228 Y156.291
; Coordinate transform: (1201.29,1490.99) -> (425.79,158.83)
G1 X425.788 Y158.827
; Coordinate transform: (1201.51,1484.49) -> (425.87,161.25)
G1 X425.870 Y161.252
; Coordinate transform: (1200.40,1478.13) -> (425.46,163.62)
G1 X425.456 Y163.624
; Coordinate transform: (1197.90,1471.74) -> (424.52,166.01)
G1 X424.524 Y166.007
; Coordinate transform: (1194.04,1465.20) -> (423.08,168.45)
G1 X423.084 Y168.446
; Coordinate transform: (1188.84,1458.40) -> (421.14,170.98)
G1 X421.145 Y170.982
; Coordinate transform: (1182.34,1451.34) -> (418.72,173.62)
G1 X418.720 Y173.615
; Coordinate transform: (1174.79,1444.04) -> (415.90,176.34)
G1 X415.905 Y176.338
; Coordinate transform: (1166.61,1436.53) -> (412.85,179.14)
G1 X412.854 Y179.138
; Coordinate transform: (1158.03,1428.81) -> (409.65,182.02)
G1 X409.654 Y182.018
; Coordinate transform: (1149.16,1420.79) -> (406.35,185.01)
G1 X406.346 Y185.009
; Coordinate transform: (1140.11,1412.48) -> (402.97,188.11)
G1 X402.971 Y188.108
; Coordinate transform: (1131.10,1404.14) -> (399.61,191.22)
G1 X399.610 Y191.218
; Coordinate transform: (1122.14,1395.91) -> (396.27,194.29)
G1 X396.269 Y194.288
; Coordinate transform: (1113.20,1387.80) -> (392.93,197.31)
G1 X392.935 Y197.312
; Coordinate transform: (1104.24,1380.00) -> (389.59,200.22)
G1 X389.593 Y200.221
; Coordinate transform: (1095.49,1372.74) -> (386.33,202.93)
G1 X386.330 Y202.929
; Coordinate transform: (1086.91,1366.03) -> (383.13,205.43)
G1 X383.130 Y205.432
; Coordinate transform: (1078.28,1359.67) -> (379.91,207.80)
G1 X379.911 Y207.804
; Coordinate transform: (1069.30,1353.39) -> (376.56,210.15)
G1 X376.562 Y210.146
; Coordinate transform: (1059.84,1347.00) -> (373.03,212.53)
G1 X373.034 Y212.529
; Coordinate transform: (1049.99,1340.68) -> (369.36,214.89)
G1 X369.360 Y214.886
; Coordinate transform: (1039.90,1334.94) -> (365.60,217.03)
G1 X365.597 Y217.027
; Coordinate transform: (1029.10,1330.35) -> (361.57,218.74)
G1 X361.569 Y218.739
; Coordinate transform: (1017.54,1326.68) -> (357.26,220.11)
G1 X357.258 Y220.107
; Coordinate transform: (1005.16,1323.50) -> (352.64,221.29)
G1 X352.641 Y221.293
; Coordinate transform: (991.79,1320.52) -> (347.65,222.40)
G1 X347.654 Y222.405
; Coordinate transform: (977.41,1317.65) -> (342.29,223.48)
G1 X342.291 Y223.475
; Coordinate transform: (962.79,1315.03) -> (336.84,224.45)
G1 X336.840 Y224.452
; Coordinate transform: (948.56,1312.85) -> (331.53,225.27)
G1 X331.531 Y225.265
; Coordinate transform: (934.94,1311.16) -> (326.45,225.90)
G1 X326.451 Y225.896
; Coordinate transform: (921.93,1310.14) -> (321.60,226.28)
G1 X321.601 Y226.276
; Coordinate transform: (908.78,1309.99) -> (316.70,226.33)
G1 X316.697 Y226.332
; Coordinate transform: (894.92,1310.56) -> (311.53,226.12)
G1 X311.528 Y226.119
; Coordinate transform: (880.68,1311.58) -> (306.22,225.74)
G1 X306.215 Y225.739
; Coordinate transform: (866.53,1312.87) -> (300.94,225.26)
G1 X300.938 Y225.258
; Coordinate transform: (852.75,1314.32) -> (295.80,224.72)
G1 X295.799 Y224.717
; Coordinate transform: (839.24,1315.86) -> (290.76,224.14)
G1 X290.760 Y224.143
; Coordinate transform: (825.90,1317.52) -> (285.79,223.52)
G1 X285.786 Y223.524
; Coordinate transform: (812.71,1319.49) -> (280.87,222.79)
G1 X280.866 Y222.789
; Coordinate transform: (799.41,1322.24) -> (275.91,221.76)
G1 X275.906 Y221.763
; Coordinate transform: (785.76,1326.29) -> (270.82,220.25)
G1 X270.817 Y220.253
; Coordinate transform: (771.93,1331.97) -> (265.66,218.13)
G1 X265.658 Y218.134
; Coordinate transform: (758.46,1339.17) -> (260.63,215.45)
G1 X260.633 Y215.449
; Coordinate transform: (745.73,1347.00) -> (255.89,212.53)
G1 X255.886 Y212.529
; Coordinate transform: (733.76,1354.57) -> (251.42,209.71)
G1 X251.422 Y209.706
; Coordinate transform: (722.32,1361.59) -> (247.16,207.09)
G1 X247.155 Y207.088
; Coordinate transform: (711.15,1367.98) -> (242.99,204.70)
G1 X242.991 Y204.704
; Coordinate transform: (699.99,1374.01) -> (238.83,202.46)
G1 X238.826 Y202.455
; Coordinate transform: (688.61,1379.95) -> (234.58,200.24)
G1 X234.581 Y200.240
; Coordinate transform: (676.87,1386.00) -> (230.20,197.98)
G1 X230.203 Y197.984
; Coordinate transform: (664.76,1392.27) -> (225.69,195.65)
G1 X225.688 Y195.645
; Coordinate transform: (652.34,1398.74) -> (221.06,193.23)
G1 X221.055 Y193.232
; Coordinate transform: (639.74,1405.33) -> (216.36,190.77)
G1 X216.358 Y190.775
; Coordinate transform: (627.10,1411.87) -> (211.64,188.34)
G1 X211.643 Y188.335
; Coordinate transform: (614.52,1418.17) -> (206.95,185.99)
G1 X206.951 Y185.986
; Coordinate transform: (602.07,1424.09) -> (202.31,183.78)
G1 X202.307 Y183.778
; Coordinate transform: (589.83,1429.56) -> (197.74,181.74)
G1 X197.741 Y181.738
; Coordinate transform: (577.89,1434.56) -> (193.29,179.87)
G1 X193.288 Y179.873
; Coordinate transform: (566.29,1439.17) -> (188.96,178.15)
G1 X188.964 Y178.154
; Coordinate transform: (555.05,1443.44) -> (184.77,176.56)
G1 X184.770 Y176.561
; Coordinate transform: (544.13,1447.48) -> (180.70,175.05)
G1 X180.698 Y175.055
; Coordinate transform: (533.48,1451.39) -> (176.73,173.60)
G1 X176.726 Y173.596
; Coordinate transform: (522.99,1455.22) -> (172.81,172.17)
G1 X172.815 Y172.168
; Coordinate transform: (512.60,1459.04) -> (168.94,170.74)
G1 X168.938 Y170.743
; Coordinate transform: (502.22,1462.89) -> (165.07,169.31)
G1 X165.068 Y169.307
; Coordinate transform: (491.85,1466.83) -> (161.20,167.84)
G1 X161.198 Y167.838
; Coordinate transform: (481.46,1470.88) -> (157.33,166.33)
G1 X157.326 Y166.328
; Coordinate transform: (471.05,1475.04) -> (153.44,164.78)
G1 X153.444 Y164.776
; Coordinate transform: (460.62,1479.34) -> (149.55,163.17)
G1 X149.553 Y163.172
; Coordinate transform: (450.16,1483.74) -> (145.65,161.53)
G1 X145.652 Y161.531
; Coordinate transform: (439.69,1488.22) -> (141.75,159.86)
G1 X141.746 Y159.861
; Coordinate transform: (429.21,1492.75) -> (137.84,158.17)
G1 X137.838 Y158.171
; Coordinate transform: (418.76,1497.31) -> (133.94,156.47)
G1 X133.940 Y156.470
; Coordinate transform: (408.36,1501.89) -> (130.06,154.76)
G1 X130.061 Y154.762
; Coordinate transform: (398.00,1506.48) -> (126.20,153.05)
G1 X126.199 Y153.050
; Coordinate transform: (387.68,1511.12) -> (122.35,151.32)
G1 X122.350 Y151.320
; Coordinate transform: (377.40,1515.79) -> (118.52,149.58)
G1 X118.516 Y149.578
; Coordinate transform: (367.14,1520.48) -> (114.69,147.83)
G1 X114.691 Y147.829
; Coordinate transform: (356.88,1525.20) -> (110.86,146.07)
G1 X110.864 Y146.069
; Coordinate transform: (346.58,1529.96) -> (107.02,144.29)
G1 X107.023 Y144.293
; Coordinate transform: (336.23,1534.74) -> (103.16,142.51)
G1 X103.160 Y142.511
; Coordinate transform: (325.79,1539.55) -> (99.27,140.72)
G1 X99.269 Y140.717
; Coordinate transform: (315.31,1544.38) -> (95.36,138.92)
G1 X95.361 Y138.916
; Coordinate transform: (304.84,1549.20) -> (91.45,137.12)
G1 X91.455 Y137.118
; Coordinate transform: (294.42,1554.00) -> (87.57,135.33)
G1 X87.569 Y135.328
; Coordinate transform: (284.09,1558.76) -> (83.71,133.55)
G1 X83.715 Y133.552
; Coordinate transform: (273.88,1563.45) -> (79.91,131.80)
G1 X79.907 Y131.803
; Coordinate transform: (263.82,1568.07) -> (76.15,130.08)
G1 X76.154 Y130.080
; Coordinate transform: (253.91,1572.62) -> (72.46,128.38)
G1 X72.458 Y128.383
; Coordinate transform: (244.05,1577.15) -> (68.78,126.69)
G1 X68.784 Y126.694
; Coordinate transform: (234.04,1581.76) -> (65.05,124.97)
G1 X65.051 Y124.975
; Coordinate transform: (223.60,1586.62) -> (61.16,123.16)
G1 X61.155 Y123.162
; Coordinate transform: (212.95,1591.61) -> (57.18,121.30)
G1 X57.184 Y121.301
; Coordinate transform: (202.61,1596.49) -> (53.33,119.48)
G1 X53.326 Y119.481
; Coordinate transform: (193.06,1601.06) -> (49.76,117.78)
G1 X49.764 Y117.777
; Coordinate transform: (184.40,1605.29) -> (46.53,116.20)
G1 X46.534 Y116.199
; Coordinate transform: (176.55,1609.27) -> (43.61,114.71)
G1 X43.608 Y114.715
; Coordinate transform: (169.34,1613.16) -> (40.92,113.26)
G1 X40.920 Y113.264
; Coordinate transform: (162.62,1617.08) -> (38.41,111.80)
G1 X38.413 Y111.802
; Coordinate transform: (156.24,1621.15) -> (36.03,110.28)
G1 X36.033 Y110.284
; Coordinate transform: (150.03,1625.46) -> (33.72,108.68)
G1 X33.718 Y108.677
; Coordinate transform: (143.81,1630.13) -> (31.40,106.93)
G1 X31.397 Y106.935
; Coordinate transform: (137.48,1635.18) -> (29.04,105.05)
G1 X29.037 Y105.051
; Coordinate transform: (131.06,1640.63) -> (26.64,103.02)
G1 X26.641 Y103.019
; Coordinate transform: (124.61,1646.49) -> (24.24,100.83)
G1 X24.237 Y100.833
; Coordinate transform: (118.92,1652.80) -> (22.12,98.48)
G1 X22.116 Y98.480
; Coordinate transform: (114.62,1659.64) -> (20.51,95.93)
G1 X20.512 Y95.929
; Coordinate transform: (112.34,1667.01) -> (19.66,93.18)
G1 X19.660 Y93.180
; Coordinate transform: (112.45,1674.94) -> (19.70,90.22)
G1 X19.702 Y90.223
; Coordinate transform: (114.92,1683.49) -> (20.62,87.03)
G1 X20.623 Y87.034
; Coordinate transform: (119.31,1692.74) -> (22.26,83.58)
G1 X22.260 Y83.584
; Coordinate transform: (125.06,1702.79) -> (24.41,79.84)
G1 X24.406 Y79.836
; Coordinate transform: (131.63,1713.63) -> (26.85,75.79)
G1 X26.854 Y75.793
; Coordinate transform: (138.26,1725.06) -> (29.33,71.53)
G1 X29.329 Y71.530
; Coordinate transform: (144.86,1736.87) -> (31.79,67.13)
G1 X31.788 Y67.126
; Coordinate transform: (151.25,1748.93) -> (34.17,62.63)
G1 X34.174 Y62.628
; Coordinate transform: (157.39,1761.13) -> (36.46,58.08)
G1 X36.463 Y58.078
; Coordinate transform: (163.28,1773.47) -> (38.66,53.48)
G1 X38.658 Y53.476
; Coordinate transform: (168.95,1785.85) -> (40.77,48.86)
G1 X40.774 Y48.859
; Coordinate transform: (174.50,1798.08) -> (42.84,44.30)
G1 X42.843 Y44.297
; Coordinate transform: (180.16,1809.49) -> (44.96,40.04)
G1 X44.957 Y40.042
; Coordinate transform: (186.18,1819.57) -> (47.20,36.28)
G1 X47.198 Y36.283
; Coordinate transform: (192.68,1828.11) -> (49.62,33.10)
G1 X49.624 Y33.098
; Coordinate transform: (199.75,1835.20) -> (52.26,30.45)
G1 X52.262 Y30.453
; Coordinate transform: (207.36,1840.93) -> (55.10,28.32)
G1 X55.100 Y28.316
; Coordinate transform: (215.52,1845.31) -> (58.14,26.68)
G1 X58.141 Y26.683
; Coordinate transform: (224.39,1848.27) -> (61.45,25.58)
G1 X61.449 Y25.579
; Coordinate transform: (234.09,1849.90) -> (65.07,24.97)
G1 X65.070 Y24.971
; Coordinate transform: (244.70,1850.26) -> (69.03,24.84)
G1 X69.026 Y24.837
; Coordinate transform: (256.05,1849.54) -> (73.26,25.11)
G1 X73.257 Y25.105
; Coordinate transform: (267.92,1848.04) -> (77.69,25.66)
G1 X77.686 Y25.665
; Coordinate transform: (280.06,1846.20) -> (82.21,26.35)
G1 X82.212 Y26.351
; Coordinate transform: (292.24,1844.38) -> (86.75,27.03)
G1 X86.754 Y27.030
; Coordinate transform: (304.44,1842.68) -> (91.30,27.66)
G1 X91.304 Y27.664
; Coordinate transform: (316.64,1841.08) -> (95.86,28.26)
G1 X95.856 Y28.260
; Coordinate transform: (328.79,1839.56) -> (100.39,28.83)
G1 X100.386 Y28.827
; Coordinate transform: (340.82,1838.10) -> (104.88,29.37)
G1 X104.875 Y29.372
; Coordinate transform: (352.73,1836.68) -> (109.31,29.90)
G1 X109.314 Y29.901
; Coordinate transform: (364.51,1835.26) -> (113.71,30.43)
G1 X113.707 Y30.431
; Coordinate transform: (376.17,1833.80) -> (118.06,30.98)
G1 X118.056 Y30.976
; Coordinate transform: (387.80,1832.24) -> (122.40,31.56)
G1 X122.395 Y31.557
; Coordinate transform: (399.50,1830.53) -> (126.76,32.20)
G1 X126.758 Y32.195
; Coordinate transform: (411.29,1828.65) -> (131.16,32.90)
G1 X131.156 Y32.896
; Coordinate transform: (423.09,1826.66) -> (135.56,33.64)
G1 X135.557 Y33.638
; Coordinate transform: (434.70,1824.74) -> (139.88,34.35)
G1 X139.885 Y34.354
; Coordinate transform: (445.93,1823.05) -> (144.07,34.98)
G1 X144.074 Y34.985
; Coordinate transform: (456.71,1821.60) -> (148.10,35.53)
G1 X148.096 Y35.526
; Coordinate transform: (467.05,1820.37) -> (151.95,35.98)
G1 X151.953 Y35.984
; Coordinate transform: (477.00,1819.35) -> (155.66,36.36)
G1 X155.663 Y36.365
; Coordinate transform: (486.61,1818.47) -> (159.25,36.69)
G1 X159.246 Y36.693
; Coordinate transform: (495.91,1817.57) -> (162.71,37.03)
G1 X162.715 Y37.029
; Coordinate transform: (504.88,1816.60) -> (166.06,37.39)
G1 X166.061 Y37.390
; Coordinate transform: (513.53,1815.54) -> (169.28,37.79)
G1 X169.284 Y37.786
; Coordinate transform: (521.87,1814.40) -> (172.40,38.21)
G1 X172.396 Y38.211
; Coordinate transform: (529.93,1813.18) -> (175.40,38.67)
G1 X175.404 Y38.666
; Coordinate transform: (537.75,1811.84) -> (178.32,39.17)
G1 X178.321 Y39.166
; Coordinate transform: (545.33,1810.37) -> (181.14,39.71)
G1 X181.145 Y39.714
; Coordinate transform: (552.66,1808.75) -> (183.88,40.32)
G1 X183.881 Y40.318
; Coordinate transform: (559.79,1806.92) -> (186.54,41.00)
G1 X186.540 Y41.001
; Coordinate transform: (566.76,1804.87) -> (189.14,41.77)
G1 X189.138 Y41.765
; Coordinate transform: (573.59,1802.56) -> (191.68,42.63)
G1 X191.684 Y42.627
; Coordinate transform: (580.29,1799.96) -> (194.18,43.60)
G1 X194.183 Y43.596
; Coordinate transform: (586.88,1797.07) -> (196.64,44.67)
G1 X196.641 Y44.674
; Coordinate transform: (593.36,1793.90) -> (199.06,45.86)
G1 X199.059 Y45.856
; Coordinate transform: (599.73,1790.41) -> (201.44,47.16)
G1 X201.436 Y47.158
; Coordinate transform: (606.02,1786.55) -> (203.78,48.60)
G1 X203.780 Y48.598
; Coordinate transform: (612.22,1782.27) -> (206.09,50.19)
G1 X206.092 Y50.194
; Coordinate transform: (618.35,1777.54) -> (208.38,51.96)
G1 X208.380 Y51.958
; Coordinate transform: (624.45,1772.34) -> (210.65,53.90)
G1 X210.654 Y53.897
; Coordinate transform: (630.57,1766.59) -> (212.94,56.04)
G1 X212.936 Y56.042
; Coordinate transform: (636.74,1760.31) -> (215.24,58.38)
G1 X215.238 Y58.384
; Coordinate transform: (642.90,1753.47) -> (217.53,60.93)
G1 X217.534 Y60.935
; Coordinate transform: (648.99,1746.05) -> (219.81,63.70)
G1 X219.806 Y63.702
; Coordinate transform: (654.97,1738.02) -> (222.04,66.70)
G1 X222.037 Y66.697
; Coordinate transform: (660.84,1729.37) -> (224.22,69.92)
G1 X224.224 Y69.923
; Coordinate transform: (666.58,1720.12) -> (226.37,73.37)
G1 X226.365 Y73.373
; Coordinate transform: (672.13,1710.38) -> (228.44,77.01)
G1 X228.436 Y77.005
; Coordinate transform: (677.44,1700.24) -> (230.42,80.79)
G1 X230.417 Y80.787
; Coordinate transform: (682.46,1689.81) -> (232.29,84.68)
G1 X232.290 Y84.677
; Coordinate transform: (687.23,1679.22) -> (234.07,88.63)
G1 X234.066 Y88.627
; Coordinate transform: (691.74,1668.67) -> (235.75,92.56)
G1 X235.750 Y92.561
; Coordinate transform: (696.01,1658.40) -> (237.34,96.39)
G1 X237.342 Y96.391
; Coordinate transform: (700.18,1648.49) -> (238.90,100.09)
G1 X238.896 Y100.087
; Coordinate transform: (704.18,1639.25) -> (240.39,103.53)
G1 X240.390 Y103.533
; Coordinate transform: (708.05,1630.78) -> (241.83,106.69)
G1 X241.834 Y106.692
; Coordinate transform: (711.76,1623.08) -> (243.22,109.56)
G1 X243.218 Y109.564
; Coordinate transform: (715.28,1616.10) -> (244.53,112.17)
G1 X244.529 Y112.167
; Coordinate transform: (718.58,1609.75) -> (245.76,114.54)
G1 X245.758 Y114.536
; Coordinate transform: (721.66,1603.91) -> (246.91,116.71)
G1 X246.908 Y116.714
; Coordinate transform: (724.43,1598.27) -> (247.94,118.82)
G1 X247.942 Y118.817
; Coordinate transform: (727.03,1592.68) -> (248.91,120.90)
G1 X248.913 Y120.902
; Coordinate transform: (729.49,1586.95) -> (249.83,123.04)
G1 X249.827 Y123.039
; Coordinate transform: (731.79,1580.90) -> (250.69,125.30)
G1 X250.686 Y125.295
; Coordinate transform: (733.95,1574.34) -> (251.49,127.74)
G1 X251.491 Y127.742
; Coordinate transform: (735.98,1567.15) -> (252.25,130.42)
G1 X252.247 Y130.423
; Coordinate transform: (737.90,1559.14) -> (252.96,133.41)
G1 X252.965 Y133.411
; Coordinate transform: (739.80,1550.12) -> (253.67,136.77)
G1 X253.674 Y136.775
; Coordinate transform: (741.76,1539.90) -> (254.41,140.59)
G1 X254.406 Y140.586
; Coordinate transform: (743.84,1528.36) -> (255.18,144.89)
G1 X255.181 Y144.890
; Coordinate transform: (746.01,1515.56) -> (255.99,149.66)
G1 X255.989 Y149.664
; Coordinate transform: (748.13,1501.74) -> (256.78,154.82)
G1 X256.781 Y154.818
; Coordinate transform: (749.96,1487.41) -> (257.46,160.16)
G1 X257.462 Y160.163
; Coordinate transform: (751.19,1473.09) -> (257.92,165.50)
G1 X257.922 Y165.503
; Coordinate transform: (751.64,1459.11) -> (258.09,170.72)
G1 X258.091 Y170.717
; Coordinate transform: (751.29,1445.59) -> (257.96,175.76)
G1 X257.960 Y175.760
; Coordinate transform: (750.24,1432.56) -> (257.57,180.62)
G1 X257.569 Y180.619
; Coordinate transform: (748.69,1420.02) -> (256.99,185.30)
G1 X256.988 Y185.296
; Coordinate transform: (746.83,1407.92) -> (256.29,189.81)
G1 X256.294 Y189.809
; Coordinate transform: (744.88,1396.12) -> (255.57,194.21)
G1 X255.567 Y194.209
; Coordinate transform: (743.03,1384.51) -> (254.88,198.54)
G1 X254.880 Y198.539
; Coordinate transform: (741.45,1372.89) -> (254.29,202.87)
G1 X254.290 Y202.873
; Coordinate transform: (740.22,1361.01) -> (253.83,207.30)
G1 X253.830 Y207.304
; Coordinate transform: (739.39,1348.66) -> (253.52,211.91)
G1 X253.521 Y211.910
; Coordinate transform: (738.98,1336.21) -> (253.37,216.55)
G1 X253.367 Y216.553
; Coordinate transform: (738.91,1324.76) -> (253.34,220.82)
G1 X253.341 Y220.823
; Coordinate transform: (739.01,1314.48) -> (253.38,224.66)
G1 X253.381 Y224.657
; Coordinate transform: (739.11,1304.89) -> (253.42,228.23)
G1 X253.415 Y228.234
; Coordinate transform: (738.99,1294.84) -> (253.37,231.98)
G1 X253.373 Y231.982
; Coordinate transform: (738.55,1283.83) -> (253.21,236.09)
G1 X253.207 Y236.088
; Coordinate transform: (737.69,1271.64) -> (252.89,240.63)
G1 X252.887 Y240.635
; Coordinate transform: (736.40,1258.40) -> (252.41,245.57)
G1 X252.406 Y245.573
; Coordinate transform: (734.67,1244.26) -> (251.76,250.85)
G1 X251.760 Y250.846
; Coordinate transform: (732.46,1229.21) -> (250.94,256.46)
G1 X250.937 Y256.459
; Coordinate transform: (729.82,1213.34) -> (249.95,262.38)
G1 X249.953 Y262.378
; Coordinate transform: (726.97,1197.12) -> (248.89,268.43)
G1 X248.888 Y268.427
; Coordinate transform: (724.09,1181.05) -> (247.81,274.42)
G1 X247.814 Y274.420
; Coordinate transform: (721.27,1165.34) -> (246.76,280.28)
G1 X246.762 Y280.280
; Coordinate transform: (718.51,1150.03) -> (245.73,285.99)
G1 X245.735 Y285.989
; Coordinate transform: (715.83,1135.15) -> (244.74,291.54)
G1 X244.735 Y291.539
; Coordinate transform: (713.24,1120.70) -> (243.77,296.93)
G1 X243.768 Y296.928
; Coordinate transform: (710.73,1106.71) -> (242.83,302.15)
G1 X242.832 Y302.146
; Coordinate transform: (708.30,1093.22) -> (241.93,307.18)
G1 X241.926 Y307.177
; Coordinate transform: (705.88,1080.26) -> (241.02,312.01)
G1 X241.023 Y312.010
; Coordinate transform: (703.49,1068.11) -> (240.13,316.54)
G1 X240.131 Y316.542
; Coordinate transform: (701.13,1056.73) -> (239.25,320.79)
G1 X239.253 Y320.786
; Coordinate transform: (698.83,1046.12) -> (238.39,324.74)
G1 X238.393 Y324.743
; Coordinate transform: (696.56,1036.27) -> (237.55,328.42)
G1 X237.546 Y328.417
; Coordinate transform: (694.29,1027.10) -> (236.70,331.84)
G1 X236.700 Y331.837
; Coordinate transform: (691.97,1018.48) -> (235.83,335.05)
G1 X235.835 Y335.051
; Coordinate transform: (689.55,1010.28) -> (234.93,338.11)
G1 X234.934 Y338.110
; Coordinate transform: (686.99,1002.43) -> (233.98,341.04)
G1 X233.979 Y341.037
; Coordinate transform: (684.29,994.88) -> (232.97,343.85)
G1 X232.972 Y343.855
; Coordinate transform: (681.47,987.57) -> (231.92,346.58)
G1 X231.920 Y346.579
; Coordinate transform: (678.53,980.39) -> (230.82,349.26)
G1 X230.825 Y349.257
; Coordinate transform: (675.47,973.20) -> (229.68,351.94)
G1 X229.682 Y351.939
; Coordinate transform: (672.25,965.91) -> (228.48,354.66)
G1 X228.480 Y354.656
; Coordinate transform: (668.86,958.42) -> (227.22,357.45)
G1 X227.217 Y357.451
; Coordinate transform: (665.32,950.67) -> (225.90,360.34)
G1 X225.897 Y360.343
; Coordinate transform: (661.62,942.57) -> (224.52,363.36)
G1 X224.515 Y363.361
; Coordinate transform: (657.71,934.05) -> (223.06,366.54)
G1 X223.059 Y366.538
; Coordinate transform: (653.57,925.02) -> (221.52,369.91)
G1 X221.516 Y369.906
; Coordinate transform: (649.22,915.43) -> (219.89,373.48)
G1 X219.892 Y373.483
; Coordinate transform: (644.68,905.28) -> (218.20,377.27)
G1 X218.201 Y377.270
; Coordinate transform: (640.02,894.58) -> (216.46,381.26)
G1 X216.461 Y381.259
; Coordinate transform: (635.27,883.46) -> (214.69,385.41)
G1 X214.691 Y385.409
; Coordinate transform: (630.49,872.03) -> (212.91,389.67)
G1 X212.907 Y389.671
; Coordinate transform: (625.77,860.42) -> (211.14,394.00)
G1 X211.145 Y394.001
; Coordinate transform: (621.20,848.69) -> (209.44,398.38)
G1 X209.441 Y398.377
; Coordinate transform: (616.81,836.77) -> (207.80,402.82)
G1 X207.804 Y402.821
; Coordinate transform: (612.57,824.67) -> (206.22,407.33)
G1 X206.222 Y407.334
; Coordinate transform: (608.46,812.42) -> (204.69,411.90)
G1 X204.689 Y411.902
; Coordinate transform: (604.48,800.11) -> (203.20,416.49)
G1 X203.205 Y416.493
; Coordinate transform: (600.63,787.86) -> (201.77,421.06)
G1 X201.770 Y421.061
; Coordinate transform: (596.94,775.80) -> (200.39,425.56)
G1 X200.393 Y425.558
; Coordinate transform: (593.43,763.94) -> (199.08,429.98)
G1 X199.084 Y429.981
; Coordinate transform: (590.07,752.24) -> (197.83,434.35)
G1 X197.831 Y434.346
; Coordinate transform: (586.82,740.74) -> (196.62,438.64)
G1 X196.621 Y438.636
; Coordinate transform: (583.68,729.50) -> (195.45,442.83)
G1 X195.447 Y442.828
; Coordinate transform: (580.62,718.59) -> (194.31,446.90)
G1 X194.306 Y446.897
; Coordinate transform: (577.64,707.98) -> (193.20,450.85)
G1 X193.196 Y450.854
; Coordinate transform: (574.77,697.70) -> (192.13,454.69)
G1 X192.127 Y454.686
; Coordinate transform: (572.04,687.76) -> (191.11,458.40)
G1 X191.109 Y458.395
; Coordinate transform: (569.63,678.29) -> (190.21,461.93)
G1 X190.209 Y461.927
; Coordinate transform: (567.47,669.42) -> (189.40,465.23)
G1 X189.404 Y465.234
; Coordinate transform: (565.34,660.83) -> (188.61,468.44)
G1 X188.609 Y468.436
; Coordinate transform: (563.24,652.51) -> (187.83,471.54)
G1 X187.826 Y471.542
; Coordinate transform: (561.10,644.26) -> (187.03,474.62)
G1 X187.028 Y474.619
; Coordinate transform: (558.84,635.87) -> (186.18,477.75)
G1 X186.183 Y477.746
; Coordinate transform: (556.34,627.13) -> (185.25,481.01)
G1 X185.251 Y481.008
; Coordinate transform: (553.51,617.78) -> (184.20,484.49)
G1 X184.197 Y484.494
; Coordinate transform: (550.27,607.60) -> (182.99,488.29)
G1 X182.987 Y488.290
; Coordinate transform: (546.58,596.48) -> (181.61,492.44)
G1 X181.611 Y492.437
; Coordinate transform: (542.46,584.40) -> (180.08,496.94)
G1 X180.075 Y496.943
; Coordinate transform: (538.00,571.49) -> (178.41,501.76)
G1 X178.411 Y501.759
; Coordinate transform: (533.33,558.00) -> (176.67,506.79)
G1 X176.669 Y506.789
; Coordinate transform: (528.57,544.25) -> (174.89,511.92)
G1 X174.894 Y511.919
; Coordinate transform: (523.80,530.48) -> (173.11,517.05)
G1 X173.115 Y517.051
; Coordinate transform: (519.06,516.90) -> (171.35,522.12)
G1 X171.347 Y522.117
; Coordinate transform: (514.37,503.58) -> (169.60,527.09)
G1 X169.600 Y527.085
; Coordinate transform: (509.74,490.52) -> (167.87,531.95)
G1 X167.874 Y531.954
; Coordinate transform: (505.20,477.73) -> (166.18,536.72)
G1 X166.178 Y536.724
; Coordinate transform: (500.77,465.21) -> (164.53,541.39)
G1 X164.526 Y541.394
; Coordinate transform: (496.48,452.97) -> (162.93,545.96)
G1 X162.928 Y545.961
; Coordinate transform: (492.34,440.98) -> (161.38,550.43)
G1 X161.383 Y550.432
; Coordinate transform: (488.31,429.21) -> (159.88,554.82)
G1 X159.882 Y554.823
; Coordinate transform: (484.37,417.59) -> (158.41,559.15)
G1 X158.410 Y559.155
; Coordinate transform: (480.47,406.10) -> (156.96,563.44)
G1 X156.955 Y563.440
; Coordinate transform: (476.60,394.73) -> (155.51,567.68)
G1 X155.512 Y567.682
; Coordinate transform: (472.75,383.45) -> (154.08,571.89)
G1 X154.077 Y571.886
; Coordinate transform: (468.91,372.27) -> (152.64,576.06)
G1 X152.643 Y576.056
; Coordinate transform: (465.04,361.17) -> (151.20,580.20)
G1 X151.201 Y580.198
; Coordinate transform: (461.14,350.11) -> (149.75,584.32)
G1 X149.747 Y584.320
; Coordinate transform: (457.19,339.08) -> (148.27,588.44)
G1 X148.273 Y588.437
; Coordinate transform: (453.17,328.03) -> (146.77,592.56)
G1 X146.773 Y592.555
; Coordinate transform: (449.09,317.01) -> (145.25,596.67)
G1 X145.252 Y596.668
; Coordinate transform: (444.98,306.02) -> (143.72,600.76)
G1 X143.719 Y600.765
; Coordinate transform: (440.87,295.10) -> (142.19,604.84)
G1 X142.186 Y604.839
; Coordinate transform: (436.77,284.24) -> (140.66,608.89)
G1 X140.657 Y608.887
; Coordinate transform: (432.68,273.46) -> (139.13,612.91)
G1 X139.132 Y612.910
; Coordinate transform: (428.59,262.73) -> (137.61,616.91)
G1 X137.607 Y616.912
; Coordinate transform: (424.51,252.03) -> (136.08,620.90)
G1 X136.084 Y620.901
; Coordinate transform: (420.44,241.37) -> (134.57,624.88)
G1 X134.570 Y624.878
; Coordinate transform: (416.43,230.74) -> (133.07,628.84)
G1 X133.072 Y628.841
; Coordinate transform: (412.46,220.14) -> (131.59,632.80)
G1 X131.592 Y632.795
; Coordinate transform: (408.52,209.53) -> (130.12,636.75)
G1 X130.122 Y636.750
; Coordinate transform: (404.59,198.94) -> (128.66,640.70)
G1 X128.656 Y640.701
; Coordinate transform: (400.68,188.38) -> (127.20,644.64)
G1 X127.196 Y644.641
; Coordinate transform: (396.79,177.84) -> (125.75,648.57)
G1 X125.747 Y648.571
; Coordinate transform: (392.94,167.31) -> (124.31,652.50)
G1 X124.312 Y652.496
; Coordinate transform: (389.14,156.82) -> (122.89,656.41)
G1 X122.893 Y656.409
; Coordinate transform: (385.37,146.37) -> (121.49,660.31)
G1 X121.487 Y660.306
; Coordinate transform: (381.61,135.94) -> (120.09,664.20)
G1 X120.086 Y664.197
; Coordinate transform: (377.86,125.76) -> (118.69,667.99)
G1 X118.686 Y667.992
; Coordinate transform: (374.12,116.84) -> (117.29,671.32)
G1 X117.291 Y671.320
; Coordinate transform: (370.40,110.45) -> (115.90,673.70)
G1 X115.905 Y673.704
; Coordinate transform: (366.71,107.30) -> (114.53,674.88)
G1 X114.531 Y674.877
; Coordinate transform: (363.06,107.24) -> (113.17,674.90)
G1 X113.167 Y674.901
; Coordinate transform: (359.39,110.10) -> (111.80,673.83)
G1 X111.798 Y673.833
; Coordinate transform: (355.60,115.74) -> (110.39,671.73)
G1 X110.386 Y671.732
; Coordinate transform: (351.52,123.62) -> (108.86,668.79)
G1 X108.863 Y668.793
; Coordinate transform: (346.98,132.59) -> (107.17,665.45)
G1 X107.170 Y665.447
; Coordinate transform: (341.87,141.61) -> (105.26,662.08)
G1 X105.264 Y662.082
; Coordinate transform: (336.08,150.67) -> (103.11,658.70)
G1 X103.107 Y658.705
; Coordinate transform: (329.57,159.81) -> (100.68,655.29)
G1 X100.677 Y655.294
; Coordinate transform: (322.39,169.14) -> (98.00,651.82)
G1 X97.999 Y651.817
; Coordinate transform: (314.68,178.63) -> (95.12,648.27)
G1 X95.122 Y648.274
; Coordinate transform: (306.61,188.25) -> (92.11,644.69)
G1 X92.114 Y644.689
; Coordinate transform: (298.34,197.91) -> (89.03,641.09)
G1 X89.031 Y641.087
; Coordinate transform: (289.99,207.56) -> (85.92,637.49)
G1 X85.916 Y637.488
; Coordinate transform: (281.63,217.16) -> (82.80,633.90)
G1 X82.797 Y633.904
; Coordinate transform: (273.30,226.71) -> (79.69,630.34)
G1 X79.690 Y630.343
; Coordinate transform: (265.02,236.18) -> (76.61,626.81)
G1 X76.605 Y626.813
; Coordinate transform: (256.83,245.55) -> (73.55,623.32)
G1 X73.549 Y623.317
; Coordinate transform: (248.73,254.83) -> (70.53,619.86)
G1 X70.528 Y619.857
; Coordinate transform: (240.72,264.01) -> (67.54,616.43)
G1 X67.541 Y616.435
; Coordinate transform: (232.80,273.11) -> (64.59,613.04)
G1 X64.587 Y613.041
; Coordinate transform: (224.96,282.13) -> (61.66,609.68)
G1 X61.663 Y609.676
; Coordinate transform: (217.21,291.07) -> (58.77,606.34)
G1 X58.772 Y606.340
; Coordinate transform: (209.54,299.95) -> (55.91,603.03)
G1 X55.912 Y603.029
; Coordinate transform: (201.95,308.76) -> (53.08,599.74)
G1 X53.081 Y599.742
; Coordinate transform: (194.44,317.52) -> (50.28,596.47)
G1 X50.280 Y596.474
; Coordinate transform: (187.01,326.22) -> (47.51,593.23)
G1 X47.510 Y593.231
; Coordinate transform: (179.66,334.86) -> (44.77,590.01)
G1 X44.770 Y590.009
; Coordinate transform: (172.38,343.44) -> (42.05,586.81)
G1 X42.055 Y586.808
; Coordinate transform: (165.15,351.98) -> (39.36,583.62)
G1 X39.357 Y583.624
; Coordinate transform: (157.94,360.50) -> (36.67,580.45)
G1 X36.669 Y580.448
; Coordinate transform: (150.75,369.02) -> (33.98,577.27)
G1 X33.985 Y577.268
; Coordinate transform: (143.56,377.57) -> (31.30,574.08)
G1 X31.303 Y574.082
; Coordinate transform: (136.46,386.11) -> (28.66,570.90)
G1 X28.656 Y570.896
; Coordinate transform: (129.66,394.63) -> (26.12,567.72)
G1 X26.119 Y567.717
; Coordinate transform: (123.57,403.15) -> (23.85,564.54)
G1 X23.851 Y564.541
; Coordinate transform: (119.07,411.65) -> (22.17,561.37)
G1 X22.169 Y561.372
; Coordinate transform: (116.73,420.17) -> (21.30,558.19)
G1 X21.297 Y558.194
; Coordinate transform: (116.84,428.74) -> (21.34,555.00)
G1 X21.341 Y554.997
; Coordinate transform: (119.33,437.43) -> (22.27,551.76)
G1 X22.268 Y551.756
; Coordinate transform: (123.77,446.31) -> (23.92,548.44)
G1 X23.925 Y548.445
; Coordinate transform: (129.55,455.41) -> (26.08,545.05)
G1 X26.080 Y545.051
; Coordinate transform: (135.87,464.75) -> (28.44,541.57)
G1 X28.437 Y541.566
; Coordinate transform: (142.37,474.30) -> (30.86,538.00)
G1 X30.860 Y538.004
; Coordinate transform: (148.92,484.00) -> (33.30,534.39)
G1 X33.304 Y534.386
; Coordinate transform: (155.44,493.79) -> (35.74,530.73)
G1 X35.736 Y530.735
; Coordinate transform: (161.92,503.62) -> (38.15,527.07)
G1 X38.154 Y527.068
; Coordinate transform: (168.37,513.47) -> (40.56,523.40)
G1 X40.558 Y523.395
; Coordinate transform: (174.79,523.33) -> (42.95,519.72)
G1 X42.952 Y519.719
; Coordinate transform: (181.19,533.17) -> (45.34,516.05)
G1 X45.340 Y516.051
; Coordinate transform: (187.56,542.94) -> (47.72,512.40)
G1 X47.716 Y512.405
; Coordinate transform: (193.89,552.63) -> (50.08,508.79)
G1 X50.076 Y508.791
; Coordinate transform: (200.17,562.21) -> (52.42,505.22)
G1 X52.416 Y505.219
; Coordinate transform: (206.39,571.70) -> (54.74,501.68)
G1 X54.738 Y501.680
; Coordinate transform: (212.59,581.17) -> (57.05,498.15)
G1 X57.048 Y498.148
; Coordinate transform: (218.73,590.62) -> (59.34,494.62)
G1 X59.341 Y494.621
; Coordinate transform: (224.82,600.06) -> (61.61,491.10)
G1 X61.613 Y491.102
; Coordinate transform: (230.84,609.42) -> (63.85,487.61)
G1 X63.854 Y487.612
; Coordinate transform: (236.77,618.64) -> (66.07,484.17)
G1 X66.068 Y484.173
; Coordinate transform: (242.65,627.69) -> (68.26,480.80)
G1 X68.260 Y480.796
; Coordinate transform: (248.50,636.54) -> (70.44,477.50)
G1 X70.444 Y477.496
; Coordinate transform: (254.35,645.11) -> (72.62,474.30)
G1 X72.625 Y474.302
; Coordinate transform: (260.16,653.29) -> (74.79,471.25)
G1 X74.791 Y471.250
; Coordinate transform: (265.92,660.99) -> (76.94,468.38)
G1 X76.938 Y468.380
; Coordinate transform: (271.60,668.11) -> (79.06,465.72)
G1 X79.058 Y465.722
; Coordinate transform: (277.20,674.61) -> (81.15,463.30)
G1 X81.147 Y463.300
; Coordinate transform: (282.72,680.45) -> (83.20,461.12)
G1 X83.203 Y461.121
; Coordinate transform: (288.13,685.66) -> (85.22,459.18)
G1 X85.221 Y459.176
; Coordinate transform: (293.43,690.29) -> (87.20,457.45)
G1 X87.200 Y457.450
; Coordinate transform: (298.66,694.42) -> (89.15,455.91)
G1 X89.150 Y455.909
; Coordinate transform: (303.86,698.19) -> (91.09,454.50)
G1 X91.089 Y454.505
; Coordinate transform: (309.11,701.72) -> (93.05,453.19)
G1 X93.047 Y453.188
; Coordinate transform: (314.48,705.16) -> (95.05,451.91)
G1 X95.050 Y451.906
; Coordinate transform: (320.03,708.65) -> (97.12,450.60)
G1 X97.121 Y450.603
; Coordinate transform: (325.84,712.34) -> (99.29,449.23)
G1 X99.287 Y449.226
; Coordinate transform: (331.95,716.39) -> (101.57,447.72)
G1 X101.566 Y447.716
; Coordinate transform: (338.41,720.96) -> (103.97,446.01)
G1 X103.974 Y446.011
; Coordinate transform: (345.27,726.20) -> (106.53,444.06)
G1 X106.533 Y444.058
; Coordinate transform: (352.54,732.22) -> (109.24,441.81)
G1 X109.244 Y441.812
; Coordinate transform: (360.23,739.17) -> (112.11,439.22)
G1 X112.113 Y439.222
; Coordinate transform: (368.27,747.01) -> (115.11,436.30)
G1 X115.111 Y436.295
; Coordinate transform: (376.58,755.74) -> (118.21,433.04)
G1 X118.209 Y433.043
; Coordinate transform: (385.04,765.15) -> (121.36,429.53)
G1 X121.364 Y429.531
; Coordinate transform: (393.52,775.06) -> (124.53,425.83)
G1 X124.527 Y425.835
; Coordinate transform: (401.91,785.25) -> (127.66,422.04)
G1 X127.656 Y422.036
; Coordinate transform: (410.11,795.53) -> (130.71,418.20)
G1 X130.715 Y418.203
; Coordinate transform: (418.09,805.78) -> (133.69,414.38)
G1 X133.692 Y414.378
; Coordinate transform: (425.82,815.93) -> (136.57,410.59)
G1 X136.573 Y410.593
; Coordinate transform: (433.26,825.89) -> (139.35,406.88)
G1 X139.348 Y406.878
; Coordinate transform: (440.38,835.60) -> (142.00,403.26)
G1 X142.004 Y403.256
; Coordinate transform: (447.19,845.06) -> (144.54,399.73)
G1 X144.544 Y399.729
; Coordinate transform: (453.73,854.29) -> (146.98,396.28)
G1 X146.982 Y396.285
; Coordinate transform: (460.05,863.37) -> (149.34,392.90)
G1 X149.342 Y392.899
; Coordinate transform: (466.17,872.38) -> (151.62,389.54)
G1 X151.621 Y389.540
; Coordinate transform: (472.07,881.34) -> (153.82,386.20)
G1 X153.823 Y386.197
; Coordinate transform: (477.75,890.28) -> (155.94,382.86)
G1 X155.943 Y382.863
; Coordinate transform: (483.23,899.17) -> (157.99,379.55)
G1 X157.985 Y379.549
; Coordinate transform: (488.52,908.00) -> (159.96,376.26)
G1 X159.959 Y376.256
; Coordinate transform: (493.64,916.78) -> (161.87,372.98)
G1 X161.867 Y372.981
; Coordinate transform: (498.58,925.47) -> (163.71,369.74)
G1 X163.710 Y369.741
; Coordinate transform: (503.34,934.04) -> (165.48,366.54)
G1 X165.484 Y366.545
; Coordinate transform: (507.90,942.48) -> (167.19,363.39)
G1 X167.187 Y363.395
; Coordinate transform: (512.31,950.84) -> (168.83,360.28)
G1 X168.829 Y360.278
; Coordinate transform: (516.59,959.18) -> (170.43,357.17)
G1 X170.427 Y357.168
; Coordinate transform: (520.77,967.55) -> (171.99,354.04)
G1 X171.987 Y354.045
; Coordinate transform: (524.90,976.03) -> (173.53,350.88)
G1 X173.525 Y350.884
; Coordinate transform: (529.03,984.59) -> (175.07,347.69)
G1 X175.066 Y347.692
; Coordinate transform: (533.20,993.22) -> (176.62,344.47)
G1 X176.622 Y344.472
; Coordinate transform: (537.43,1001.91) -> (178.20,341.23)
G1 X178.199 Y341.231
; Coordinate transform: (541.76,1010.71) -> (179.81,337.95)
G1 X179.813 Y337.949
; Coordinate transform: (546.23,1019.74) -> (181.48,334.58)
G1 X181.481 Y334.581
; Coordinate transform: (550.83,1028.93) -> (183.20,331.15)
G1 X183.196 Y331.154
; Coordinate transform: (555.54,1038.26) -> (184.95,327.67)
G1 X184.952 Y327.674
; Coordinate transform: (560.36,1047.74) -> (186.75,324.14)
G1 X186.752 Y324.139
; Coordinate transform: (565.37,1057.43) -> (188.62,320.52)
G1 X188.620 Y320.525
; Coordinate transform: (570.62,1067.43) -> (190.58,316.80)
G1 X190.577 Y316.795
; Coordinate transform: (576.14,1077.76) -> (192.64,312.94)
G1 X192.638 Y312.943
; Coordinate transform: (581.95,1088.33) -> (194.80,309.00)
G1 X194.802 Y309.001
; Coordinate transform: (588.03,1099.08) -> (197.07,304.99)
G1 X197.072 Y304.991
; Coordinate transform: (594.42,1110.02) -> (199.46,300.91)
G1 X199.456 Y300.911
; Coordinate transform: (601.13,1121.11) -> (201.96,296.78)
G1 X201.956 Y296.775
; Coordinate transform: (608.13,1132.32) -> (204.57,292.59)
G1 X204.567 Y292.594
; Coordinate transform: (615.33,1143.56) -> (207.25,288.40)
G1 X207.253 Y288.402
; Coordinate transform: (622.59,1154.72) -> (209.96,284.24)
G1 X209.958 Y284.240
; Coordinate transform: (629.77,1165.72) -> (212.64,280.14)
G1 X212.638 Y280.138
; Coordinate transform: (636.82,1176.53) -> (215.27,276.11)
G1 X215.266 Y276.106
; Coordinate transform: (643.67,1187.15) -> (217.82,272.15)
G1 X217.822 Y272.145
; Coordinate transform: (650.29,1197.57) -> (220.29,268.26)
G1 X220.291 Y268.259
; Coordinate transform: (656.63,1207.75) -> (222.66,264.46)
G1 X222.657 Y264.463
; Coordinate transform: (662.67,1217.61) -> (224.91,260.79)
G1 X224.910 Y260.785
; Coordinate transform: (668.28,1227.10) -> (227.00,257.25)
G1 X226.999 Y257.246
; Coordinate transform: (673.45,1235.88) -> (228.93,253.97)
G1 X228.929 Y253.971
; Coordinate transform: (678.14,1243.70) -> (230.68,251.05)
G1 X230.677 Y251.055
; Coordinate transform: (682.30,1250.36) -> (232.23,248.57)
G1 X232.230 Y248.571
; Coordinate transform: (685.97,1255.86) -> (233.60,246.52)
G1 X233.597 Y246.520
; Coordinate transform: (689.16,1260.23) -> (234.79,244.89)
G1 X234.787 Y244.890
; Coordinate transform: (691.89,1263.57) -> (235.81,243.64)
G1 X235.805 Y243.644
; Coordinate transform: (694.16,1265.95) -> (236.65,242.76)
G1 X236.654 Y242.757
; Coordinate transform: (695.99,1267.43) -> (237.34,242.20)
G1 X237.336 Y242.205
; Coordinate transform: (697.39,1268.06) -> (237.86,241.97)
G1 X237.856 Y241.970
; Coordinate transform: (698.37,1267.91) -> (238.22,242.03)
G1 X238.223 Y242.026
; Coordinate transform: (698.98,1266.99) -> (238.45,242.37)
G1 X238.448 Y242.369
; Coordinate transform: (699.23,1265.32) -> (238.54,242.99)
G1 X238.544 Y242.992
; Coordinate transform: (699.17,1262.88) -> (238.52,243.90)
G1 X238.521 Y243.902
; Coordinate transform: (698.82,1259.64) -> (238.39,245.11)
G1 X238.391 Y245.110
; Coordinate transform: (698.21,1255.53) -> (238.16,246.64)
G1 X238.163 Y246.643
; Coordinate transform: (697.35,1250.43) -> (237.84,248.54)
G1 X237.843 Y248.545
; Coordinate transform: (696.26,1244.20) -> (237.44,250.87)
G1 X237.436 Y250.868
; Coordinate transform: (694.94,1236.65) -> (236.94,253.68)
G1 X236.945 Y253.684
; Coordinate transform: (693.43,1227.71) -> (236.38,257.02)
G1 X236.382 Y257.018
; Coordinate transform: (691.77,1217.40) -> (235.76,260.86)
G1 X235.760 Y260.864
; Coordinate transform: (690.01,1205.87) -> (235.11,265.16)
G1 X235.105 Y265.164
; Coordinate transform: (688.24,1193.32) -> (234.44,269.84)
G1 X234.443 Y269.844
; Coordinate transform: (686.49,1179.97) -> (233.79,274.82)
G1 X233.793 Y274.823
; Coordinate transform: (684.82,1166.07) -> (233.17,280.01)
G1 X233.167 Y280.007
; Coordinate transform: (683.20,1151.84) -> (232.56,285.31)
G1 X232.563 Y285.314
; Coordinate transform: (681.60,1137.52) -> (231.97,290.66)
G1 X231.968 Y290.655
; Coordinate transform: (679.97,1123.29) -> (231.36,295.96)
G1 X231.361 Y295.962
; Coordinate transform: (678.25,1109.33) -> (230.72,301.17)
G1 X230.718 Y301.169
; Coordinate transform: (676.37,1095.82) -> (230.02,306.21)
G1 X230.017 Y306.207
; Coordinate transform: (674.28,1082.98) -> (229.24,311.00)
G1 X229.238 Y310.996
; Coordinate transform: (671.92,1070.97) -> (228.36,315.48)
G1 X228.357 Y315.475
; Coordinate transform: (669.25,1059.90) -> (227.36,319.60)
G1 X227.362 Y319.604
; Coordinate transform: (666.20,1049.76) -> (226.22,323.39)
G1 X226.224 Y323.385
; Coordinate transform: (662.65,1040.50) -> (224.90,326.84)
G1 X224.901 Y326.839
; Coordinate transform: (658.48,1032.04) -> (223.34,329.99)
G1 X223.344 Y329.994
; Coordinate transform: (653.62,1024.33) -> (221.53,332.87)
G1 X221.531 Y332.870
; Coordinate transform: (648.10,1017.33) -> (219.47,335.48)
G1 X219.473 Y335.480
; Coordinate transform: (641.94,1011.00) -> (217.18,337.84)
G1 X217.177 Y337.841
; Coordinate transform: (635.13,1005.24) -> (214.64,339.99)
G1 X214.636 Y339.989
; Coordinate transform: (627.64,999.93) -> (211.84,341.97)
G1 X211.843 Y341.971
; Coordinate transform: (619.47,994.92) -> (208.80,343.84)
G1 X208.796 Y343.837
; Coordinate transform: (610.70,990.11) -> (205.52,345.63)
G1 X205.525 Y345.632
; Coordinate transform: (601.50,985.39) -> (202.09,347.39)
G1 X202.095 Y347.391
; Coordinate transform: (592.11,980.67) -> (198.59,349.15)
G1 X198.591 Y349.153
; Coordinate transform: (582.72,975.82) -> (195.09,350.96)
G1 X195.089 Y350.963
; Coordinate transform: (573.51,970.72) -> (191.66,352.86)
G1 X191.657 Y352.864
; Coordinate transform: (564.63,965.32) -> (188.34,354.88)
G1 X188.343 Y354.879
; Coordinate transform: (556.18,959.61) -> (185.19,357.01)
G1 X185.191 Y357.009
; Coordinate transform: (548.28,953.59) -> (182.25,359.25)
G1 X182.245 Y359.252
; Coordinate transform: (540.89,947.23) -> (179.49,361.62)
G1 X179.490 Y361.625
; Coordinate transform: (533.94,940.43) -> (176.90,364.16)
G1 X176.898 Y364.160
; Coordinate transform: (527.32,933.12) -> (174.43,366.88)
G1 X174.427 Y366.885
; Coordinate transform: (520.93,925.25) -> (172.05,369.82)
G1 X172.046 Y369.822
; Coordinate transform: (514.74,916.78) -> (169.74,372.98)
G1 X169.736 Y372.981
; Coordinate transform: (508.72,907.76) -> (167.49,376.35)
G1 X167.491 Y376.345
; Coordinate transform: (502.90,898.23) -> (165.32,379.90)
G1 X165.320 Y379.898
; Coordinate transform: (497.27,888.28) -> (163.22,383.61)
G1 X163.224 Y383.609
; Coordinate transform: (491.86,877.93) -> (161.21,387.47)
G1 X161.205 Y387.471
; Coordinate transform: (486.67,867.22) -> (159.27,391.47)
G1 X159.267 Y391.466
; Coordinate transform: (481.71,856.14) -> (157.42,395.60)
G1 X157.418 Y395.595
; Coordinate transform: (477.01,844.66) -> (155.67,399.88)
G1 X155.666 Y399.876
; Coordinate transform: (472.60,832.73) -> (154.02,404.33)
G1 X154.020 Y404.328
; Coordinate transform: (468.50,820.30) -> (152.49,408.96)
G1 X152.492 Y408.962
; Coordinate transform: (464.78,807.40) -> (151.11,413.77)
G1 X151.106 Y413.773
; Coordinate transform: (461.45,794.11) -> (149.86,418.73)
G1 X149.863 Y418.730
; Coordinate transform: (458.53,780.54) -> (148.77,423.79)
G1 X148.774 Y423.792
; Coordinate transform: (456.06,766.82) -> (147.85,428.91)
G1 X147.852 Y428.910
; Coordinate transform: (454.05,753.13) -> (147.10,434.01)
G1 X147.101 Y434.014
; Coordinate transform: (452.47,739.69) -> (146.51,439.03)
G1 X146.515 Y439.027
; Coordinate transform: (451.31,726.73) -> (146.08,443.86)
G1 X146.083 Y443.860
; Coordinate transform: (450.53,714.40) -> (145.79,448.46)
G1 X145.791 Y448.458
; Coordinate transform: (450.05,702.70) -> (145.61,452.82)
G1 X145.611 Y452.821
; Coordinate transform: (449.76,691.52) -> (145.50,456.99)
G1 X145.503 Y456.991
; Coordinate transform: (449.53,680.61) -> (145.42,461.06)
G1 X145.416 Y461.060
; Coordinate transform: (449.21,669.66) -> (145.30,465.14)
G1 X145.298 Y465.143
; Coordinate transform: (448.68,658.37) -> (145.10,469.36)
G1 X145.100 Y469.356
; Coordinate transform: (447.83,646.43) -> (144.78,473.81)
G1 X144.783 Y473.808
; Coordinate transform: (446.60,633.73) -> (144.32,478.54)
G1 X144.324 Y478.545
; Coordinate transform: (444.98,620.31) -> (143.72,483.55)
G1 X143.718 Y483.551
; Coordinate transform: (443.00,606.33) -> (142.98,488.76)
G1 X142.983 Y488.762
; Coordinate transform: (440.76,592.06) -> (142.15,494.09)
G1 X142.148 Y494.086
; Coordinate transform: (438.33,577.73) -> (141.24,499.43)
G1 X141.241 Y499.431
; Coordinate transform: (435.76,563.52) -> (140.28,504.73)
G1 X140.281 Y504.731
; Coordinate transform: (433.07,549.55) -> (139.28,509.94)
G1 X139.279 Y509.939
; Coordinate transform: (430.26,535.92) -> (138.23,515.02)
G1 X138.231 Y515.025
; Coordinate transform: (427.30,522.63) -> (137.12,519.98)
G1 X137.124 Y519.981
; Coordinate transform: (424.14,509.66) -> (135.95,524.82)
G1 X135.947 Y524.819
; Coordinate transform: (420.77,496.98) -> (134.69,529.55)
G1 X134.691 Y529.547
; Coordinate transform: (417.19,484.59) -> (133.35,534.17)
G1 X133.355 Y534.166
; Coordinate transform: (413.38,472.50) -> (131.94,538.67)
G1 X131.935 Y538.675
; Coordinate transform: (409.33,460.67) -> (130.42,543.09)
G1 X130.423 Y543.087
; Coordinate transform: (404.99,449.06) -> (128.81,547.42)
G1 X128.806 Y547.418
; Coordinate transform: (400.34,437.64) -> (127.07,551.68)
G1 X127.073 Y551.676
; Coordinate transform: (395.37,426.40) -> (125.22,555.87)
G1 X125.218 Y555.871
; Coordinate transform: (390.07,415.30) -> (123.24,560.01)
G1 X123.241 Y560.009
; Coordinate transform: (384.50,404.36) -> (121.16,564.09)
G1 X121.162 Y564.088
; Coordinate transform: (378.70,393.59) -> (119.00,568.10)
G1 X119.001 Y568.105
; Coordinate transform: (372.74,383.00) -> (116.78,572.06)
G1 X116.779 Y572.057
; Coordinate transform: (366.66,372.58) -> (114.51,575.94)
G1 X114.511 Y575.940
; Coordinate transform: (360.48,362.34) -> (112.20,579.76)
G1 X112.204 Y579.759
; Coordinate transform: (354.20,352.26) -> (109.86,583.52)
G1 X109.864 Y583.520
; Coordinate transform: (347.85,342.29) -> (107.50,587.24)
G1 X107.496 Y587.239
; Coordinate transform: (341.45,332.45) -> (105.11,590.91)
G1 X105.108 Y590.909
; Coordinate transform: (335.03,322.75) -> (102.72,594.53)
G1 X102.715 Y594.526
; Coordinate transform: (328.67,313.20) -> (100.34,598.09)
G1 X100.340 Y598.089
; Coordinate transform: (322.40,303.83) -> (98.00,601.58)
G1 X98.003 Y601.582
; Coordinate transform: (316.29,294.69) -> (95.73,604.99)
G1 X95.725 Y604.990
; Coordinate transform: (310.42,285.84) -> (93.54,608.29)
G1 X93.535 Y608.291
; Coordinate transform: (304.89,277.25) -> (91.47,611.49)
G1 X91.472 Y611.494
; Coordinate transform: (299.81,269.10) -> (89.58,614.53)
G1 X89.580 Y614.533
; Coordinate transform: (295.17,261.42) -> (87.85,617.40)
G1 X87.847 Y617.399
; Coordinate transform: (290.93,254.17) -> (86.27,620.10)
G1 X86.268 Y620.102
; Coordinate transform: (287.09,247.28) -> (84.84,622.67)
G1 X84.836 Y622.673
; Coordinate transform: (283.57,240.59) -> (83.52,625.17)
G1 X83.522 Y625.166
; Coordinate transform: (280.21,234.04) -> (82.27,627.61)
G1 X82.270 Y627.609
; Coordinate transform: (276.89,227.49) -> (81.03,630.05)
G1 X81.030 Y630.054
; Coordinate transform: (273.44,220.78) -> (79.74,632.56)
G1 X79.744 Y632.556
; Coordinate transform: (269.72,213.76) -> (78.36,635.18)
G1 X78.357 Y635.175
; Coordinate transform: (265.58,206.28) -> (76.81,637.96)
G1 X76.812 Y637.964
; Coordinate transform: (260.87,198.19) -> (75.05,640.98)
G1 X75.054 Y640.981
; Coordinate transform: (255.50,189.43) -> (73.05,644.25)
G1 X73.054 Y644.249
; Coordinate transform: (249.48,179.98) -> (70.81,647.77)
G1 X70.807 Y647.774
; Coordinate transform: (242.81,169.92) -> (68.32,651.52)
G1 X68.319 Y651.523
; Coordinate transform: (235.62,159.41) -> (65.64,655.45)
G1 X65.640 Y655.445
; Coordinate transform: (228.07,148.57) -> (62.82,659.49)
G1 X62.821 Y659.485
; Coordinate transform: (220.31,137.59) -> (59.93,663.58)
G1 X59.927 Y663.581
; Coordinate transform: (212.47,126.83) -> (57.00,667.59)
G1 X57.004 Y667.593
; Coordinate transform: (204.65,117.26) -> (54.09,671.16)
G1 X54.090 Y671.163
; Coordinate transform: (196.90,110.28) -> (51.20,673.77)
G1 X51.199 Y673.767
; Coordinate transform: (189.27,106.56) -> (48.35,675.15)
G1 X48.353 Y675.153
; Coordinate transform: (181.77,105.95) -> (45.56,675.38)
G1 X45.556 Y675.380
; Coordinate transform: (174.38,108.29) -> (42.80,674.51)
G1 X42.799 Y674.509
; Coordinate transform: (167.01,113.42) -> (40.05,672.60)
G1 X40.049 Y672.596
; Coordinate transform: (159.48,121.17) -> (37.24,669.70)
G1 X37.243 Y669.704
; Coordinate transform: (151.68,130.59) -> (34.33,666.19)
G1 X34.333 Y666.192
; Coordinate transform: (143.60,140.36) -> (31.32,662.55)
G1 X31.318 Y662.547
; Coordinate transform: (135.35,150.18) -> (28.24,658.89)
G1 X28.242 Y658.887
; Coordinate transform: (127.22,159.93) -> (25.21,655.25)
G1 X25.211 Y655.251
; Coordinate transform: (120.06,169.63) -> (22.54,651.63)
G1 X22.540 Y651.633
; Coordinate transform: (114.96,179.27) -> (20.64,648.04)
G1 X20.638 Y648.038
; Coordinate transform: (112.76,188.84) -> (19.82,644.47)
G1 X19.818 Y644.466
; Coordinate transform: (113.57,198.36) -> (20.12,640.92)
G1 X20.121 Y640.918
; Coordinate transform: (117.24,207.86) -> (21.49,637.37)
G1 X21.487 Y637.374
; Coordinate transform: (123.12,217.44) -> (23.68,633.80)
G1 X23.681 Y633.801
; Coordinate transform: (130.33,227.10) -> (26.37,630.20)
G1 X26.370 Y630.199
; Coordinate transform: (137.82,236.81) -> (29.16,626.58)
G1 X29.165 Y626.579
; Coordinate transform: (145.24,246.48) -> (31.93,622.97)
G1 X31.929 Y622.971
; Coordinate transform: (152.35,256.00) -> (34.58,619.42)
G1 X34.583 Y619.421
; Coordinate transform: (159.02,265.21) -> (37.07,615.99)
G1 X37.069 Y615.986
; Coordinate transform: (165.12,273.99) -> (39.35,612.71)
G1 X39.347 Y612.709
; Coordinate transform: (170.61,282.30) -> (41.39,609.61)
G1 X41.394 Y609.611
; Coordinate transform: (175.49,290.13) -> (43.21,606.69)
G1 X43.213 Y606.692
; Coordinate transform: (179.83,297.52) -> (44.83,603.94)
G1 X44.830 Y603.935
; Coordinate transform: (183.74,304.60) -> (46.29,601.30)
G1 X46.289 Y601.296
; Coordinate transform: (187.38,311.50) -> (47.65,598.72)
G1 X47.649 Y598.722
; Coordinate transform: (190.94,318.38) -> (48.98,596.15)
G1 X48.976 Y596.155
; Coordinate transform: (194.61,325.42) -> (50.34,593.53)
G1 X50.344 Y593.531
; Coordinate transform: (198.56,332.76) -> (51.82,590.79)
G1 X51.818 Y590.791
; Coordinate transform: (202.97,340.56) -> (53.46,587.88)
G1 X53.463 Y587.882
; Coordinate transform: (208.00,348.94) -> (55.34,584.76)
G1 X55.340 Y584.757
; Coordinate transform: (213.73,357.99) -> (57.48,581.38)
G1 X57.475 Y581.384
; Coordinate transform: (220.14,367.67) -> (59.87,577.77)
G1 X59.866 Y577.773
; Coordinate transform: (227.18,377.93) -> (62.49,573.95)
G1 X62.490 Y573.947
; Coordinate transform: (234.67,388.61) -> (65.28,569.96)
G1 X65.284 Y569.965
; Coordinate transform: (242.44,399.52) -> (68.18,565.89)
G1 X68.182 Y565.892
; Coordinate transform: (250.30,410.54) -> (71.11,561.79)
G1 X71.113 Y561.786
; Coordinate transform: (258.11,421.55) -> (74.03,557.68)
G1 X74.027 Y557.679
; Coordinate transform: (265.82,432.51) -> (76.90,553.59)
G1 X76.902 Y553.592
; Coordinate transform: (273.39,443.36) -> (79.73,549.54)
G1 X79.727 Y549.543
; Coordinate transform: (280.83,454.07) -> (82.50,545.55)
G1 X82.500 Y545.550
; Coordinate transform: (288.12,464.60) -> (85.22,541.62)
G1 X85.221 Y541.623
; Coordinate transform: (295.30,474.98) -> (87.90,537.75)
G1 X87.895 Y537.752
; Coordinate transform: (302.35,485.22) -> (90.53,533.93)
G1 X90.526 Y533.933
; Coordinate transform: (309.26,495.35) -> (93.10,530.15)
G1 X93.102 Y530.153
; Coordinate transform: (316.00,505.41) -> (95.62,526.40)
G1 X95.618 Y526.402
; Coordinate transform: (322.57,515.38) -> (98.07,522.68)
G1 X98.068 Y522.682
; Coordinate transform: (328.94,525.28) -> (100.44,518.99)
G1 X100.444 Y518.992
; Coordinate transform: (335.07,535.10) -> (102.73,515.33)
G1 X102.727 Y515.331
; Coordinate transform: (340.90,544.84) -> (104.90,511.70)
G1 X104.903 Y511.699
; Coordinate transform: (346.38,554.51) -> (106.95,508.09)
G1 X106.949 Y508.090
; Coordinate transform: (351.48,564.12) -> (108.85,504.50)
G1 X108.849 Y504.505
; Coordinate transform: (356.19,573.66) -> (110.61,500.95)
G1 X110.606 Y500.947
; Coordinate transform: (360.52,583.13) -> (112.22,497.42)
G1 X112.221 Y497.418
; Coordinate transform: (364.48,592.49) -> (113.70,493.93)
G1 X113.698 Y493.926
; Coordinate transform: (368.08,601.70) -> (115.04,490.49)
G1 X115.041 Y490.491
; Coordinate transform: (371.32,610.68) -> (116.25,487.14)
G1 X116.249 Y487.140
; Coordinate transform: (374.19,619.33) -> (117.32,483.92)
G1 X117.319 Y483.916
; Coordinate transform: (376.68,627.51) -> (118.25,480.87)
G1 X118.247 Y480.865
; Coordinate transform: (378.79,635.11) -> (119.03,478.03)
G1 X119.032 Y478.031
; Coordinate transform: (380.50,642.01) -> (119.67,475.46)
G1 X119.672 Y475.458
; Coordinate transform: (381.82,648.13) -> (120.16,473.18)
G1 X120.165 Y473.175
; Coordinate transform: (382.77,653.43) -> (120.52,471.20)
G1 X120.520 Y471.197
; Coordinate transform: (383.39,657.93) -> (120.75,469.52)
G1 X120.751 Y469.519
; Coordinate transform: (383.71,661.65) -> (120.87,468.13)
G1 X120.869 Y468.132
; Coordinate transform: (383.78,664.67) -> (120.89,467.01)
G1 X120.894 Y467.007
; Coordinate transform: (383.63,667.06) -> (120.84,466.11)
G1 X120.839 Y466.114
; Coordinate transform: (383.30,668.90) -> (120.72,465.43)
G1 X120.716 Y465.427
; Coordinate transform: (382.80,670.26) -> (120.53,464.92)
G1 X120.531 Y464.921
; Coordinate transform: (382.16,671.19) -> (120.29,464.57)
G1 X120.291 Y464.574
; Coordinate transform: (381.38,671.74) -> (120.00,464.37)
G1 X120.000 Y464.370
; Coordinate transform: (380.45,671.92) -> (119.66,464.30)
G1 X119.655 Y464.302
; Coordinate transform: (379.38,671.76) -> (119.25,464.36)
G1 X119.254 Y464.363
; Coordinate transform: (378.13,671.24) -> (118.79,464.56)
G1 X118.787 Y464.557
; Coordinate transform: (376.67,670.34) -> (118.24,464.89)
G1 X118.242 Y464.892
; Coordinate transform: (374.94,669.01) -> (117.60,465.39)
G1 X117.599 Y465.386
; Coordinate transform: (372.88,667.20) -> (116.83,466.06)
G1 X116.832 Y466.063
; Coordinate transform: (370.40,664.81) -> (115.90,466.96)
G1 X115.905 Y466.955
; Coordinate transform: (367.36,661.71) -> (114.77,468.11)
G1 X114.770 Y468.108
; Coordinate transform: (363.59,657.76) -> (113.37,469.58)
G1 X113.366 Y469.583
; Coordinate transform: (358.94,652.77) -> (111.63,471.45)
G1 X111.631 Y471.445
; Coordinate transform: (353.24,646.60) -> (109.50,473.74)
G1 X109.505 Y473.745
; Coordinate transform: (346.29,639.12) -> (106.91,476.54)
G1 X106.913 Y476.536
; Coordinate transform: (338.02,630.31) -> (103.83,479.82)
G1 X103.830 Y479.821
; Coordinate transform: (328.42,620.27) -> (100.25,483.57)
G1 X100.248 Y483.565
; Coordinate transform: (317.70,609.28) -> (96.25,487.66)
G1 X96.251 Y487.663
; Coordinate transform: (306.22,597.71) -> (91.97,491.98)
G1 X91.971 Y491.978
; Coordinate transform: (294.41,585.92) -> (87.57,496.38)
G1 X87.566 Y496.377
; Coordinate transform: (282.64,574.14) -> (83.18,500.77)
G1 X83.177 Y500.767
; Coordinate transform: (271.13,562.50) -> (78.88,505.11)
G1 X78.884 Y505.111
; Coordinate transform: (260.00,550.99) -> (74.73,509.40)
G1 X74.732 Y509.403
; Coordinate transform: (249.32,539.60) -> (70.75,513.65)
G1 X70.750 Y513.650
; Coordinate transform: (239.16,528.32) -> (66.96,517.86)
G1 X66.957 Y517.860
; Coordinate transform: (229.50,517.13) -> (63.36,522.03)
G1 X63.357 Y522.032
; Coordinate transform: (220.35,506.01) -> (59.94,526.18)
G1 X59.945 Y526.179
; Coordinate transform: (211.72,494.93) -> (56.72,530.31)
G1 X56.724 Y530.310
; Coordinate transform: (203.62,483.89) -> (53.70,534.43)
G1 X53.703 Y534.427
; Coordinate transform: (196.08,472.88) -> (50.89,538.53)
G1 X50.892 Y538.534
; Coordinate transform: (189.12,461.95) -> (48.30,542.61)
G1 X48.298 Y542.609
; Coordinate transform: (182.78,451.18) -> (45.93,546.63)
G1 X45.931 Y546.629
; Coordinate transform: (177.05,440.64) -> (43.79,550.56)
G1 X43.794 Y550.557
; Coordinate transform: (171.94,430.43) -> (41.89,554.37)
G1 X41.888 Y554.368
; Coordinate transform: (167.38,420.60) -> (40.19,558.03)
G1 X40.189 Y558.032
; Coordinate transform: (163.30,411.22) -> (38.67,561.53)
G1 X38.667 Y561.532
; Coordinate transform: (159.61,402.29) -> (37.29,564.86)
G1 X37.289 Y564.860
; Coordinate transform: (155.96,393.69) -> (35.93,568.07)
G1 X35.930 Y568.069
; Coordinate transform: (152.30,385.46) -> (34.56,571.14)
G1 X34.563 Y571.136
; Coordinate transform: (148.38,377.53) -> (33.10,574.10)
G1 X33.102 Y574.095
; Coordinate transform: (143.96,369.76) -> (31.45,576.99)
G1 X31.455 Y576.994
; Coordinate transform: (138.85,362.01) -> (29.55,579.88)
G1 X29.549 Y579.885
; Coordinate transform: (132.95,354.12) -> (27.35,582.82)
G1 X27.348 Y582.824
; Coordinate transform: (126.21,345.97) -> (24.83,585.87)
G1 X24.833 Y585.867
; Coordinate transform: (119.42,337.50) -> (22.30,589.03)
G1 X22.302 Y589.025
; Coordinate transform: (113.58,328.72) -> (20.12,592.30)
G1 X20.123 Y592.300
; Coordinate transform: (109.81,319.71) -> (18.72,595.66)
G1 X18.717 Y595.661
; Coordinate transform: (108.90,310.52) -> (18.38,599.09)
G1 X18.379 Y599.085
; Coordinate transform: (110.92,301.23) -> (19.13,602.55)
G1 X19.130 Y602.551
; Coordinate transform: (115.45,291.84) -> (20.82,606.05)
G1 X20.821 Y606.054
; Coordinate transform: (121.50,282.35) -> (23.08,609.59)
G1 X23.077 Y609.592
; Coordinate transform: (128.11,272.82) -> (25.54,613.15)
G1 X25.541 Y613.147
; Coordinate transform: (134.47,263.23) -> (27.91,616.73)
G1 X27.913 Y616.725
; Coordinate transform: (140.23,253.51) -> (30.06,620.35)
G1 X30.063 Y620.348
; Coordinate transform: (145.58,243.60) -> (32.06,624.04)
G1 X32.059 Y624.043
; Coordinate transform: (150.72,233.45) -> (33.97,627.83)
G1 X33.974 Y627.830
; Coordinate transform: (155.86,223.04) -> (35.89,631.71)
G1 X35.891 Y631.713
; Coordinate transform: (161.19,212.41) -> (37.88,635.68)
G1 X37.879 Y635.678
; Coordinate transform: (166.84,201.64) -> (39.99,639.69)
G1 X39.988 Y639.693
; Coordinate transform: (172.77,190.89) -> (42.20,643.70)
G1 X42.199 Y643.703
; Coordinate transform: (178.91,180.34) -> (44.49,647.64)
G1 X44.488 Y647.639
; Coordinate transform: (185.13,170.14) -> (46.81,651.44)
G1 X46.809 Y651.441
; Coordinate transform: (191.31,160.40) -> (49.11,655.07)
G1 X49.115 Y655.073
; Coordinate transform: (197.42,151.12) -> (51.39,658.53)
G1 X51.393 Y658.535
; Coordinate transform: (203.49,142.16) -> (53.66,661.88)
G1 X53.656 Y661.879
; Coordinate transform: (209.63,133.42) -> (55.95,665.14)
G1 X55.946 Y665.135
; Coordinate transform: (215.98,124.90) -> (58.31,668.31)
G1 X58.314 Y668.313
; Coordinate transform: (222.69,117.43) -> (60.82,671.10)
G1 X60.816 Y671.101
; Coordinate transform: (229.88,111.87) -> (63.50,673.17)
G1 X63.498 Y673.174
; Coordinate transform: (237.60,109.22) -> (66.38,674.16)
G1 X66.377 Y674.164
; Coordinate transform: (245.77,109.50) -> (69.42,674.06)
G1 X69.423 Y674.058
; Coordinate transform: (254.37,112.58) -> (72.63,672.91)
G1 X72.633 Y672.911
; Coordinate transform: (263.48,118.09) -> (76.03,670.85)
G1 X76.029 Y670.854
; Coordinate transform: (272.99,124.93) -> (79.58,668.30)
G1 X79.576 Y668.303
; Coordinate transform: (282.69,132.13) -> (83.19,665.62)
G1 X83.192 Y665.619
; Coordinate transform: (292.36,138.73) -> (86.80,663.16)
G1 X86.799 Y663.156
; Coordinate transform: (301.81,144.68) -> (90.32,660.94)
G1 X90.325 Y660.938
; Coordinate transform: (310.92,150.00) -> (93.72,658.95)
G1 X93.723 Y658.952
; Coordinate transform: (319.68,154.86) -> (96.99,657.14)
G1 X96.988 Y657.140
; Coordinate transform: (328.17,159.49) -> (100.16,655.41)
G1 X100.157 Y655.414
; Coordinate transform: (336.43,164.13) -> (103.24,653.68)
G1 X103.236 Y653.683
; Coordinate transform: (344.56,169.03) -> (106.27,651.85)
G1 X106.270 Y651.855
; Coordinate transform: (352.71,174.37) -> (109.31,649.86)
G1 X109.307 Y649.863
; Coordinate transform: (360.96,180.34) -> (112.38,647.64)
G1 X112.385 Y647.637
; Coordinate transform: (369.38,186.96) -> (115.53,645.17)
G1 X115.526 Y645.168
; Coordinate transform: (377.99,194.24) -> (118.73,642.46)
G1 X118.735 Y642.455
; Coordinate transform: (386.74,202.07) -> (122.00,639.54)
G1 X121.999 Y639.535
; Coordinate transform: (395.57,210.31) -> (125.29,636.46)
G1 X125.292 Y636.460
; Coordinate transform: (404.40,218.80) -> (128.59,633.29)
G1 X128.586 Y633.295
; Coordinate transform: (413.24,227.38) -> (131.88,630.09)
G1 X131.883 Y630.095
; Coordinate transform: (422.15,235.93) -> (135.21,626.90)
G1 X135.207 Y626.904
; Coordinate transform: (431.24,244.38) -> (138.59,623.75)
G1 X138.595 Y623.753
; Coordinate transform: (440.56,252.63) -> (142.07,620.68)
G1 X142.071 Y620.676
; Coordinate transform: (450.23,260.62) -> (145.68,617.70)
G1 X145.678 Y617.698
; Coordinate transform: (460.36,268.31) -> (149.46,614.83)
G1 X149.455 Y614.827
; Coordinate transform: (471.02,275.71) -> (153.43,612.07)
G1 X153.431 Y612.071
; Coordinate transform: (482.26,282.75) -> (157.62,609.44)
G1 X157.624 Y609.445
; Coordinate transform: (494.07,289.39) -> (162.03,606.97)
G1 X162.028 Y606.967
; Coordinate transform: (506.32,295.63) -> (166.60,604.64)
G1 X166.597 Y604.640
; Coordinate transform: (518.87,301.49) -> (171.28,602.46)
G1 X171.279 Y602.455
; Coordinate transform: (531.61,307.05) -> (176.03,600.38)
G1 X176.029 Y600.383
; Coordinate transform: (544.43,312.39) -> (180.81,598.39)
G1 X180.811 Y598.389
; Coordinate transform: (557.20,317.57) -> (185.57,596.46)
G1 X185.573 Y596.458
; Coordinate transform: (569.78,322.60) -> (190.26,594.58)
G1 X190.265 Y594.581
; Coordinate transform: (582.05,327.53) -> (194.84,592.74)
G1 X194.840 Y592.742
; Coordinate transform: (593.92,332.42) -> (199.27,590.92)
G1 X199.266 Y590.920
; Coordinate transform: (605.36,337.33) -> (203.53,589.09)
G1 X203.535 Y589.087
; Coordinate transform: (616.41,342.35) -> (207.66,587.22)
G1 X207.655 Y587.217
; Coordinate transform: (627.08,347.49) -> (211.63,585.30)
G1 X211.633 Y585.299
; Coordinate transform: (637.33,352.80) -> (215.46,583.32)
G1 X215.456 Y583.317
; Coordinate transform: (647.16,358.37) -> (219.12,581.24)
G1 X219.123 Y581.243
; Coordinate transform: (656.62,364.27) -> (222.65,579.04)
G1 X222.651 Y579.039
; Coordinate transform: (665.78,370.72) -> (226.07,576.64)
G1 X226.068 Y576.635
; Coordinate transform: (674.74,377.83) -> (229.41,573.98)
G1 X229.408 Y573.985
; Coordinate transform: (683.58,385.62) -> (232.71,571.08)
G1 X232.705 Y571.076
; Coordinate transform: (692.31,393.94) -> (235.96,567.97)
G1 X235.963 Y567.974
; Coordinate transform: (700.94,402.46) -> (239.18,564.80)
G1 X239.180 Y564.798
; Coordinate transform: (709.44,411.03) -> (242.35,561.60)
G1 X242.350 Y561.602
; Coordinate transform: (717.81,419.57) -> (245.47,558.42)
G1 X245.472 Y558.415
; Coordinate transform: (726.09,428.00) -> (248.56,555.27)
G1 X248.559 Y555.272
; Coordinate transform: (734.27,436.21) -> (251.61,552.21)
G1 X251.611 Y552.210
; Coordinate transform: (742.35,444.08) -> (254.62,549.27)
G1 X254.625 Y549.274
; Coordinate transform: (750.25,451.48) -> (257.57,546.52)
G1 X257.573 Y546.516
; Coordinate transform: (757.94,458.22) -> (260.44,544.00)
G1 X260.440 Y544.002
; Coordinate transform: (765.45,464.15) -> (263.24,541.79)
G1 X263.241 Y541.791
; Coordinate transform: (772.86,469.19) -> (266.00,539.91)
G1 X266.003 Y539.911
; Coordinate transform: (780.26,473.37) -> (268.77,538.35)
G1 X268.765 Y538.352
; Coordinate transform: (787.71,476.91) -> (271.54,537.03)
G1 X271.542 Y537.032
; Coordinate transform: (795.26,479.94) -> (274.36,535.90)
G1 X274.357 Y535.901
; Coordinate transform: (802.92,482.58) -> (277.22,534.92)
G1 X277.216 Y534.918
; Coordinate transform: (810.70,484.90) -> (280.12,534.05)
G1 X280.116 Y534.050
; Coordinate transform: (818.48,486.97) -> (283.02,533.28)
G1 X283.017 Y533.279
; Coordinate transform: (826.13,488.79) -> (285.87,532.60)
G1 X285.869 Y532.602
; Coordinate transform: (833.64,490.34) -> (288.67,532.02)
G1 X288.673 Y532.024
; Coordinate transform: (841.12,491.57) -> (291.46,531.57)
G1 X291.460 Y531.565
; Coordinate transform: (848.71,492.55) -> (294.29,531.20)
G1 X294.293 Y531.199
; Coordinate transform: (856.65,493.37) -> (297.25,530.89)
G1 X297.255 Y530.892
; Coordinate transform: (864.81,494.26) -> (300.30,530.56)
G1 X300.296 Y530.562
; Coordinate transform: (873.03,495.43) -> (303.36,530.12)
G1 X303.361 Y530.123
; Coordinate transform: (881.04,497.04) -> (306.35,529.52)
G1 X306.352 Y529.525
; Coordinate transform: (888.69,499.17) -> (309.20,528.73)
G1 X309.203 Y528.730
; Coordinate transform: (896.00,501.90) -> (311.93,527.71)
G1 X311.928 Y527.711
; Coordinate transform: (903.10,505.37) -> (314.58,526.42)
G1 X314.578 Y526.419
; Coordinate transform: (910.32,509.74) -> (317.27,524.79)
G1 X317.270 Y524.789
; Coordinate transform: (917.92,515.22) -> (320.10,522.74)
G1 X320.104 Y522.742
; Coordinate transform: (926.01,522.03) -> (323.12,520.20)
G1 X323.120 Y520.203
; Coordinate transform: (934.56,530.27) -> (326.31,517.13)
G1 X326.311 Y517.131
; Coordinate transform: (943.45,539.91) -> (329.63,513.53)
G1 X329.626 Y513.535
; Coordinate transform: (952.60,550.56) -> (333.04,509.56)
G1 X333.037 Y509.563
; Coordinate transform: (961.73,561.60) -> (336.44,505.45)
G1 X336.443 Y505.447
; Coordinate transform: (970.55,572.48) -> (339.73,501.39)
G1 X339.734 Y501.389
; Coordinate transform: (978.81,582.95) -> (342.81,497.48)
G1 X342.815 Y497.484
; Coordinate transform: (986.48,592.77) -> (345.68,493.82)
G1 X345.675 Y493.821
; Coordinate transform: (993.56,601.94) -> (348.32,490.40)
G1 X348.316 Y490.401
; Coordinate transform: (1000.13,610.57) -> (350.76,487.18)
G1 X350.765 Y487.183
; Coordinate transform: (1006.39,618.95) -> (353.10,484.06)
G1 X353.099 Y484.058
; Coordinate transform: (1012.55,627.29) -> (355.40,480.95)
G1 X355.397 Y480.948
; Coordinate transform: (1018.83,635.85) -> (357.74,477.76)
G1 X357.739 Y477.756
; Coordinate transform: (1025.39,644.80) -> (360.19,474.42)
G1 X360.186 Y474.416
; Coordinate transform: (1032.34,654.30) -> (362.78,470.87)
G1 X362.778 Y470.875
; Coordinate transform: (1039.69,664.32) -> (365.52,467.14)
G1 X365.519 Y467.136
; Coordinate transform: (1047.38,674.81) -> (368.39,463.23)
G1 X368.387 Y463.226
; Coordinate transform: (1055.26,685.60) -> (371.33,459.20)
G1 X371.326 Y459.200
; Coordinate transform: (1063.19,696.52) -> (374.28,455.13)
G1 X374.283 Y455.126
; Coordinate transform: (1071.08,707.45) -> (377.23,451.05)
G1 X377.226 Y451.052
; Coordinate transform: (1078.87,718.31) -> (380.13,447.00)
G1 X380.131 Y447.001
; Coordinate transform: (1086.52,729.09) -> (382.98,442.98)
G1 X382.984 Y442.981
; Coordinate transform: (1094.00,739.74) -> (385.77,439.01)
G1 X385.774 Y439.009
; Coordinate transform: (1101.28,750.21) -> (388.49,435.10)
G1 X388.489 Y435.105
; Coordinate transform: (1108.29,760.47) -> (391.10,431.28)
G1 X391.103 Y431.279
; Coordinate transform: (1114.97,770.52) -> (393.59,427.53)
G1 X393.595 Y427.529
; Coordinate transform: (1121.28,780.39) -> (395.95,423.85)
G1 X395.948 Y423.847
; Coordinate transform: (1127.18,790.10) -> (398.15,420.22)
G1 X398.148 Y420.225
; Coordinate transform: (1132.74,799.63) -> (400.22,416.67)
G1 X400.222 Y416.671
; Coordinate transform: (1138.02,808.87) -> (402.19,413.23)
G1 X402.191 Y413.227
; Coordinate transform: (1143.14,817.49) -> (404.10,410.01)
G1 X404.101 Y410.012
; Coordinate transform: (1148.20,825.25) -> (405.99,407.12)
G1 X405.988 Y407.118
; Coordinate transform: (1153.29,831.98) -> (407.89,404.61)
G1 X407.886 Y404.606
; Coordinate transform: (1158.52,837.57) -> (409.84,402.52)
G1 X409.837 Y402.524
; Coordinate transform: (1164.02,841.91) -> (411.89,400.90)
G1 X411.888 Y400.904
; Coordinate transform: (1169.86,845.00) -> (414.07,399.75)
G1 X414.066 Y399.752
; Coordinate transform: (1176.16,846.84) -> (416.42,399.07)
G1 X416.416 Y399.066
; Coordinate transform: (1182.96,847.48) -> (418.95,398.83)
G1 X418.952 Y398.825
; Coordinate transform: (1190.34,847.03) -> (421.70,398.99)
G1 X421.704 Y398.994
; Coordinate transform: (1198.18,845.69) -> (424.63,399.49)
G1 X424.628 Y399.492
; Coordinate transform: (1206.21,843.80) -> (427.62,400.20)
G1 X427.623 Y400.197
; Coordinate transform: (1213.97,841.74) -> (430.52,400.97)
G1 X430.517 Y400.967
; Coordinate transform: (1221.05,839.84) -> (433.16,401.68)
G1 X433.157 Y401.677
; Coordinate transform: (1227.50,838.16) -> (435.56,402.30)
G1 X435.563 Y402.302
; Coordinate transform: (1233.56,836.74) -> (437.82,402.83)
G1 X437.823 Y402.832
; Coordinate transform: (1239.60,835.40) -> (440.08,403.33)
G1 X440.076 Y403.331
; Coordinate transform: (1245.95,834.03) -> (442.44,403.84)
G1 X442.444 Y403.842
; Coordinate transform: (1252.91,832.53) -> (445.04,404.40)
G1 X445.040 Y404.401
; Coordinate transform: (1260.46,830.90) -> (447.86,405.01)
G1 X447.856 Y405.008
; Coordinate transform: (1268.58,829.16) -> (450.88,405.66)
G1 X450.884 Y405.660
; Coordinate transform: (1277.17,827.36) -> (454.09,406.33)
G1 X454.088 Y406.331
; Coordinate transform: (1286.12,825.55) -> (457.43,407.00)
G1 X457.425 Y407.003
; Coordinate transform: (1295.31,823.77) -> (460.85,407.67)
G1 X460.853 Y407.668
; Coordinate transform: (1304.96,821.83) -> (464.45,408.39)
G1 X464.452 Y408.392
; Coordinate transform: (1315.50,819.38) -> (468.38,409.31)
G1 X468.383 Y409.307
; Coordinate transform: (1327.45,815.77) -> (472.84,410.65)
G1 X472.840 Y410.651
; Coordinate transform: (1340.71,810.81) -> (477.78,412.50)
G1 X477.785 Y412.501
; Coordinate transform: (1354.66,804.85) -> (482.99,414.72)
G1 X482.988 Y414.725
; Coordinate transform: (1368.63,798.71) -> (488.20,417.02)
G1 X488.198 Y417.016
; Coordinate transform: (1382.15,793.16) -> (493.24,419.09)
G1 X493.240 Y419.085
; Coordinate transform: (1394.96,788.37) -> (498.02,420.87)
G1 X498.018 Y420.872
; Coordinate transform: (1407.43,784.19) -> (502.67,422.43)
G1 X502.668 Y422.431
; Coordinate transform: (1420.29,780.46) -> (507.46,423.82)
G1 X507.465 Y423.821
; Coordinate transform: (1433.89,777.10) -> (512.54,425.08)
G1 X512.537 Y425.076
; Coordinate transform: (1447.70,773.78) -> (517.69,426.31)
G1 X517.687 Y426.314
; Coordinate transform: (1461.48,770.36) -> (522.83,427.59)
G1 X522.826 Y427.590
; Coordinate transform: (1475.35,767.00) -> (528.00,428.84)
G1 X527.999 Y428.843
; Coordinate transform: (1489.22,763.86) -> (533.17,430.01)
G1 X533.172 Y430.012
; Coordinate transform: (1502.89,760.95) -> (538.27,431.10)
G1 X538.270 Y431.099
; Coordinate transform: (1516.33,758.15) -> (543.28,432.14)
G1 X543.283 Y432.141
; Coordinate transform: (1529.48,755.44) -> (548.19,433.15)
G1 X548.187 Y433.153
; Coordinate transform: (1542.19,752.74) -> (552.93,434.16)
G1 X552.928 Y434.159
; Coordinate transform: (1554.38,749.84) -> (557.47,435.24)
G1 X557.474 Y435.242
; Coordinate transform: (1566.27,746.57) -> (561.91,436.46)
G1 X561.908 Y436.461
; Coordinate transform: (1578.06,743.15) -> (566.31,437.74)
G1 X566.305 Y437.737
; Coordinate transform: (1589.49,739.82) -> (570.57,438.98)
G1 X570.568 Y438.979
; Coordinate transform: (1600.22,736.81) -> (574.57,440.10)
G1 X574.570 Y440.101
; Coordinate transform: (1609.97,734.40) -> (578.21,441.00)
G1 X578.206 Y441.001
; Coordinate transform: (1618.60,732.89) -> (581.42,441.56)
G1 X581.425 Y441.561
; Coordinate transform: (1626.04,732.56) -> (584.20,441.69)
G1 X584.200 Y441.686
; Coordinate transform: (1632.25,733.59) -> (586.52,441.30)
G1 X586.516 Y441.302
; Coordinate transform: (1637.24,736.01) -> (588.38,440.40)
G1 X588.377 Y440.400
; Coordinate transform: (1641.04,739.82) -> (589.79,438.98)
G1 X589.794 Y438.978
; Coordinate transform: (1643.75,745.04) -> (590.80,437.03)
G1 X590.805 Y437.032
; Coordinate transform: (1645.49,751.65) -> (591.45,434.57)
G1 X591.454 Y434.565
; Coordinate transform: (1646.39,759.62) -> (591.79,431.59)
G1 X591.789 Y431.592
; Coordinate transform: (1646.58,768.88) -> (591.86,428.14)
G1 X591.860 Y428.140
; Coordinate transform: (1646.20,779.38) -> (591.72,424.23)
G1 X591.718 Y424.226
; Coordinate transform: (1645.40,791.03) -> (591.42,419.88)
G1 X591.420 Y419.880
; Coordinate transform: (1644.33,803.61) -> (591.02,415.19)
G1 X591.021 Y415.187
; Coordinate transform: (1643.62,816.46) -> (590.76,410.40)
G1 X590.756 Y410.397
; Coordinate transform: (1644.33,828.71) -> (591.02,405.83)
G1 X591.021 Y405.826
; Coordinate transform: (1647.31,839.91) -> (592.13,401.65)
G1 X592.132 Y401.651
; Coordinate transform: (1652.82,850.03) -> (594.19,397.87)
G1 X594.187 Y397.874
; Coordinate transform: (1660.72,859.37) -> (597.13,394.39)
G1 X597.134 Y394.394
; Coordinate transform: (1670.23,868.27) -> (600.68,391.07)
G1 X600.680 Y391.073
; Coordinate transform: (1679.82,876.98) -> (604.26,387.83)
G1 X604.257 Y387.826
; Coordinate transform: (1688.67,885.24) -> (607.56,384.75)
G1 X607.558 Y384.745
; Coordinate transform: (1696.19,892.78) -> (610.36,381.93)
G1 X610.362 Y381.932
; Coordinate transform: (1702.23,899.55) -> (612.61,379.40)
G1 X612.615 Y379.405
; Coordinate transform: (1707.08,905.49) -> (614.42,377.19)
G1 X614.424 Y377.190
; Coordinate transform: (1711.22,910.70) -> (615.97,375.25)
G1 X615.968 Y375.250
; Coordinate transform: (1715.16,915.33) -> (617.44,373.52)
G1 X617.437 Y373.521
; Coordinate transform: (1719.40,919.61) -> (619.02,371.93)
G1 X619.018 Y371.927
; Coordinate transform: (1724.36,923.74) -> (620.87,370.38)
G1 X620.868 Y370.385
; Coordinate transform: (1730.43,928.02) -> (623.13,368.79)
G1 X623.132 Y368.790
; Coordinate transform: (1738.03,932.73) -> (625.97,367.03)
G1 X625.967 Y367.031
; Coordinate transform: (1747.72,938.07) -> (629.58,365.04)
G1 X629.580 Y365.040
; Coordinate transform: (1759.71,944.07) -> (634.05,362.80)
G1 X634.052 Y362.804
; Coordinate transform: (1773.37,950.53) -> (639.15,360.39)
G1 X639.147 Y360.394
; Coordinate transform: (1787.20,957.15) -> (644.30,357.92)
G1 X644.305 Y357.925
; Coordinate transform: (1800.71,963.77) -> (649.34,355.46)
G1 X649.343 Y355.456
; Coordinate transform: (1813.79,970.33) -> (654.22,353.01)
G1 X654.221 Y353.011
; Coordinate transform: (1826.42,976.78) -> (658.93,350.60)
G1 X658.932 Y350.602
; Coordinate transform: (1838.72,983.12) -> (663.52,348.24)
G1 X663.519 Y348.240
; Coordinate transform: (1850.82,989.30) -> (668.03,345.93)
G1 X668.032 Y345.933
; Coordinate transform: (1862.62,995.33) -> (672.43,343.69)
G1 X672.433 Y343.686
; Coordinate transform: (1873.42,1001.19) -> (676.46,341.50)
G1 X676.461 Y341.500
; Coordinate transform: (1881.55,1006.90) -> (679.49,339.37)
G1 X679.493 Y339.370
; Coordinate transform: (1886.34,1012.47) -> (681.28,337.29)
G1 X681.279 Y337.293
; Coordinate transform: (1887.97,1017.92) -> (681.89,335.26)
G1 X681.887 Y335.260
; Coordinate transform: (1886.60,1023.28) -> (681.38,333.26)
G1 X681.376 Y333.261
; Coordinate transform: (1882.38,1028.63) -> (679.80,331.27)
G1 X679.802 Y331.266
; Coordinate transform: (1875.46,1034.09) -> (677.22,329.23)
G1 X677.221 Y329.230
; Coordinate transform: (1866.04,1039.91) -> (673.71,327.06)
G1 X673.708 Y327.059
; Coordinate transform: (1855.53,1046.20) -> (669.79,324.71)
G1 X669.789 Y324.713
; Coordinate transform: (1844.86,1052.96) -> (665.81,322.19)
G1 X665.809 Y322.192
; Coordinate transform: (1834.14,1060.20) -> (661.81,319.49)
G1 X661.811 Y319.492
; Coordinate transform: (1823.16,1067.84) -> (657.72,316.64)
G1 X657.716 Y316.642
; Coordinate transform: (1811.95,1075.76) -> (653.54,313.69)
G1 X653.535 Y313.689
; Coordinate transform: (1800.73,1083.78) -> (649.35,310.70)
G1 X649.351 Y310.698
; Coordinate transform: (1789.62,1091.75) -> (645.21,307.73)
G1 X645.207 Y307.725
; Coordinate transform: (1778.65,1099.63) -> (641.12,304.79)
G1 X641.116 Y304.786
; Coordinate transform: (1767.88,1107.38) -> (637.10,301.90)
G1 X637.099 Y301.896
; Coordinate transform: (1757.32,1115.02) -> (633.16,299.05)
G1 X633.161 Y299.047
; Coordinate transform: (1746.95,1122.55) -> (629.29,296.24)
G1 X629.293 Y296.238
; Coordinate transform: (1737.14,1130.05) -> (625.63,293.44)
G1 X625.635 Y293.441
; Coordinate transform: (1728.63,1137.62) -> (622.46,290.62)
G1 X622.461 Y290.618
; Coordinate transform: (1722.30,1145.37) -> (620.10,287.73)
G1 X620.100 Y287.727
; Coordinate transform: (1718.45,1153.38) -> (618.66,284.74)
G1 X618.664 Y284.740
; Coordinate transform: (1717.33,1161.75) -> (618.25,281.62)
G1 X618.246 Y281.618
; Coordinate transform: (1718.92,1170.61) -> (618.84,278.31)
G1 X618.839 Y278.314
; Coordinate transform: (1722.86,1180.08) -> (620.31,274.78)
G1 X620.309 Y274.782
; Coordinate transform: (1728.37,1190.10) -> (622.36,271.05)
G1 X622.364 Y271.045
; Coordinate transform: (1734.44,1200.50) -> (624.63,267.17)
G1 X624.628 Y267.167
; Coordinate transform: (1740.66,1211.13) -> (626.95,263.20)
G1 X626.947 Y263.202
; Coordinate transform: (1746.88,1221.85) -> (629.27,259.20)
G1 X629.267 Y259.204
; Coordinate transform: (1753.06,1232.60) -> (631.57,255.19)
G1 X631.572 Y255.195
; Coordinate transform: (1759.21,1243.32) -> (633.87,251.20)
G1 X633.866 Y251.197
; Coordinate transform: (1765.36,1254.01) -> (636.16,247.21)
G1 X636.159 Y247.210
; Coordinate transform: (1771.48,1264.63) -> (638.44,243.25)
G1 X638.442 Y243.249
; Coordinate transform: (1777.59,1275.16) -> (640.72,239.32)
G1 X640.721 Y239.322
; Coordinate transform: (1783.64,1285.55) -> (642.98,235.45)
G1 X642.977 Y235.447
; Coordinate transform: (1789.62,1295.79) -> (645.21,231.63)
G1 X645.207 Y231.628
; Coordinate transform: (1795.55,1305.90) -> (647.42,227.86)
G1 X647.419 Y227.857
; Coordinate transform: (1801.45,1315.94) -> (649.62,224.11)
G1 X649.619 Y224.113
; Coordinate transform: (1807.34,1325.93) -> (651.82,220.39)
G1 X651.816 Y220.387
; Coordinate transform: (1813.21,1335.83) -> (654.01,216.69)
G1 X654.005 Y216.695
; Coordinate transform: (1819.05,1345.64) -> (656.18,213.04)
G1 X656.183 Y213.036
; Coordinate transform: (1824.85,1355.36) -> (658.35,209.41)
G1 X658.346 Y209.411
; Coordinate transform: (1830.62,1364.99) -> (660.50,205.82)
G1 X660.498 Y205.820
; Coordinate transform: (1836.37,1374.54) -> (662.64,202.26)
G1 X662.643 Y202.258
; Coordinate transform: (1842.08,1383.96) -> (664.77,198.74)
G1 X664.772 Y198.745
; Coordinate transform: (1847.76,1393.28) -> (666.89,195.27)
G1 X666.891 Y195.269
; Coordinate transform: (1853.33,1402.55) -> (668.97,191.81)
G1 X668.968 Y191.811
; Coordinate transform: (1858.63,1411.86) -> (670.94,188.34)
G1 X670.945 Y188.339
; Coordinate transform: (1863.48,1421.25) -> (672.75,184.84)
G1 X672.753 Y184.837
; Coordinate transform: (1867.30,1430.79) -> (674.18,181.28)
G1 X674.178 Y181.279
; Coordinate transform: (1869.50,1440.39) -> (675.00,177.70)
G1 X674.999 Y177.699
; Coordinate transform: (1869.76,1450.02) -> (675.10,174.11)
G1 X675.096 Y174.107
; Coordinate transform: (1868.05,1459.68) -> (674.46,170.50)
G1 X674.458 Y170.505
; Coordinate transform: (1864.70,1469.39) -> (673.21,166.88)
G1 X673.208 Y166.883
; Coordinate transform: (1860.25,1479.16) -> (671.55,163.24)
G1 X671.549 Y163.239
; Coordinate transform: (1855.39,1488.99) -> (669.74,159.57)
G1 X669.736 Y159.573
; Coordinate transform: (1850.30,1498.87) -> (667.84,155.89)
G1 X667.838 Y155.889
; Coordinate transform: (1845.12,1508.78) -> (665.91,152.19)
G1 X665.906 Y152.193
; Coordinate transform: (1840.01,1518.79) -> (664.00,148.46)
G1 X664.000 Y148.459
; Coordinate transform: (1834.96,1528.86) -> (662.12,144.70)
G1 X662.117 Y144.704
; Coordinate transform: (1829.94,1538.99) -> (660.24,140.93)
G1 X660.245 Y140.926
; Coordinate transform: (1824.96,1549.15) -> (658.39,137.14)
G1 X658.387 Y137.137
; Coordinate transform: (1819.98,1559.28) -> (656.53,133.36)
G1 X656.530 Y133.359
; Coordinate transform: (1814.98,1569.33) -> (654.67,129.61)
G1 X654.665 Y129.610
; Coordinate transform: (1809.94,1579.29) -> (652.79,125.90)
G1 X652.786 Y125.896
; Coordinate transform: (1804.87,1589.15) -> (650.89,122.22)
G1 X650.895 Y122.218
; Coordinate transform: (1799.79,1598.91) -> (649.00,118.58)
G1 X649.000 Y118.578
; Coordinate transform: (1794.69,1608.59) -> (647.10,114.97)
G1 X647.098 Y114.968
; Coordinate transform: (1789.59,1618.23) -> (645.20,111.37)
G1 X645.196 Y111.373
; Coordinate transform: (1784.48,1627.86) -> (643.29,107.78)
G1 X643.290 Y107.781
; Coordinate transform: (1779.35,1637.54) -> (641.38,104.17)
G1 X641.377 Y104.171
; Coordinate transform: (1774.17,1647.23) -> (639.45,100.56)
G1 X639.445 Y100.557
; Coordinate transform: (1768.90,1656.83) -> (637.48,96.98)
G1 X637.480 Y96.977
; Coordinate transform: (1763.54,1666.25) -> (635.48,93.46)
G1 X635.481 Y93.464
; Coordinate transform: (1758.08,1675.44) -> (633.44,90.04)
G1 X633.444 Y90.036
; Coordinate transform: (1752.50,1684.40) -> (631.36,86.69)
G1 X631.363 Y86.695
; Coordinate transform: (1746.82,1693.15) -> (629.24,83.43)
G1 X629.245 Y83.431
; Coordinate transform: (1740.97,1701.55) -> (627.06,80.30)
G1 X627.063 Y80.299
; Coordinate transform: (1734.94,1709.47) -> (624.81,77.34)
G1 X624.814 Y77.345
; Coordinate transform: (1728.63,1716.68) -> (622.46,74.66)
G1 X622.461 Y74.656
; Coordinate transform: (1721.96,1723.11) -> (619.97,72.26)
G1 X619.973 Y72.258
; Coordinate transform: (1714.95,1728.72) -> (617.36,70.17)
G1 X617.359 Y70.165
; Coordinate transform: (1707.60,1733.39) -> (614.62,68.42)
G1 X614.618 Y68.424
; Coordinate transform: (1699.91,1737.18) -> (611.75,67.01)
G1 X611.750 Y67.010
; Coordinate transform: (1691.81,1740.01) -> (608.73,65.95)
G1 X608.729 Y65.955
; Coordinate transform: (1683.17,1741.81) -> (605.51,65.28)
G1 X605.506 Y65.283
; Coordinate transform: (1673.86,1742.47) -> (602.03,65.04)
G1 X602.034 Y65.037
; Coordinate transform: (1663.87,1742.08) -> (598.31,65.18)
G1 X598.308 Y65.183
; Coordinate transform: (1653.32,1740.73) -> (594.37,65.69)
G1 X594.374 Y65.686
; Coordinate transform: (1642.31,1738.62) -> (590.27,66.47)
G1 X590.268 Y66.473
; Coordinate transform: (1630.98,1735.92) -> (586.04,67.48)
G1 X586.042 Y67.480
; Coordinate transform: (1619.40,1732.84) -> (581.72,68.63)
G1 X581.723 Y68.629
; Coordinate transform: (1607.68,1729.55) -> (577.35,69.86)
G1 X577.352 Y69.856
; Coordinate transform: (1595.90,1726.19) -> (572.96,71.11)
G1 X572.959 Y71.109
; Coordinate transform: (1584.11,1722.73) -> (568.56,72.40)
G1 X568.562 Y72.399
; Coordinate transform: (1572.30,1719.14) -> (564.16,73.74)
G1 X564.157 Y73.738
; Coordinate transform: (1560.50,1715.46) -> (559.76,75.11)
G1 X559.756 Y75.111
; Coordinate transform: (1548.73,1711.73) -> (555.37,76.50)
G1 X555.367 Y76.502
; Coordinate transform: (1537.03,1708.03) -> (551.00,77.88)
G1 X551.003 Y77.882
; Coordinate transform: (1525.40,1704.37) -> (546.67,79.25)
G1 X546.666 Y79.247
; Coordinate transform: (1513.83,1700.72) -> (542.35,80.61)
G1 X542.351 Y80.608
; Coordinate transform: (1502.33,1697.07) -> (538.06,81.97)
G1 X538.062 Y81.969
; Coordinate transform: (1490.92,1693.46) -> (533.81,83.32)
G1 X533.806 Y83.316
; Coordinate transform: (1479.63,1689.90) -> (529.60,84.64)
G1 X529.596 Y84.643
; Coordinate transform: (1468.43,1686.38) -> (525.42,85.96)
G1 X525.419 Y85.956
; Coordinate transform: (1457.31,1682.89) -> (521.27,87.26)
G1 X521.271 Y87.258
; Coordinate transform: (1446.32,1679.46) -> (517.17,88.54)
G1 X517.173 Y88.537
; Coordinate transform: (1435.56,1676.16) -> (513.16,89.77)
G1 X513.160 Y89.768
; Coordinate transform: (1425.10,1673.06) -> (509.26,90.92)
G1 X509.258 Y90.924
; Coordinate transform: (1414.96,1670.20) -> (505.48,91.99)
G1 X505.477 Y91.991
; Coordinate transform: (1405.25,1667.74) -> (501.86,92.91)
G1 X501.855 Y92.908
; Coordinate transform: (1396.30,1666.06) -> (498.52,93.53)
G1 X498.517 Y93.535
; Coordinate transform: (1388.71,1665.87) -> (495.69,93.61)
G1 X495.687 Y93.605
; Coordinate transform: (1382.86,1667.65) -> (493.50,92.94)
G1 X493.505 Y92.942
; Coordinate transform: (1378.90,1671.65) -> (492.03,91.45)
G1 X492.028 Y91.450
; Coordinate transform: (1376.74,1677.88) -> (491.22,89.13)
G1 X491.222 Y89.126
; Coordinate transform: (1375.93,1685.98) -> (490.92,86.11)
G1 X490.920 Y86.105
; Coordinate transform: (1375.84,1695.45) -> (490.89,82.57)
G1 X490.887 Y82.574
; Coordinate transform: (1375.96,1705.81) -> (490.93,78.71)
G1 X490.932 Y78.710
; Coordinate transform: (1376.01,1716.79) -> (490.95,74.61)
G1 X490.950 Y74.615
; Coordinate transform: (1375.91,1728.29) -> (490.91,70.33)
G1 X490.913 Y70.326
; Coordinate transform: (1375.75,1740.29) -> (490.85,65.85)
G1 X490.853 Y65.850
; Coordinate transform: (1375.63,1752.69) -> (490.81,61.23)
G1 X490.808 Y61.226
; Coordinate transform: (1375.60,1765.36) -> (490.80,56.50)
G1 X490.797 Y56.500
; Coordinate transform: (1375.62,1778.14) -> (490.80,51.73)
G1 X490.805 Y51.734
; Coordinate transform: (1375.67,1790.93) -> (490.82,46.96)
G1 X490.823 Y46.964
; Coordinate transform: (1375.70,1803.64) -> (490.83,42.22)
G1 X490.835 Y42.224
; Coordinate transform: (1375.74,1816.23) -> (490.85,37.53)
G1 X490.850 Y37.528
; Coordinate transform: (1375.75,1828.59) -> (490.85,32.92)
G1 X490.853 Y32.919
; Coordinate transform: (1375.59,1840.29) -> (490.79,28.56)
G1 X490.794 Y28.555
; Coordinate transform: (1375.08,1850.67) -> (490.60,24.68)
G1 X490.603 Y24.684
; Coordinate transform: (1374.14,1859.41) -> (490.25,21.42)
G1 X490.253 Y21.424
; Coordinate transform: (1372.76,1866.48) -> (489.74,18.79)
G1 X489.738 Y18.787
; Coordinate transform: (1370.99,1871.58) -> (489.08,16.89)
G1 X489.078 Y16.885
; Coordinate transform: (1368.89,1874.53) -> (488.29,15.79)
G1 X488.295 Y15.785
; Coordinate transform: (1366.44,1875.24) -> (487.38,15.52)
G1 X487.381 Y15.520
; Coordinate transform: (1363.56,1873.71) -> (486.31,16.09)
G1 X486.307 Y16.091
; Coordinate transform: (1360.12,1870.08) -> (485.02,17.44)
G1 X485.024 Y17.445
; Coordinate transform: (1355.97,1864.56) -> (483.48,19.50)
G1 X483.476 Y19.504
; Coordinate transform: (1350.95,1857.46) -> (481.60,22.15)
G1 X481.604 Y22.151
; Coordinate transform: (1344.92,1849.18) -> (479.36,25.24)
G1 X479.355 Y25.240
; Coordinate transform: (1337.91,1840.15) -> (476.74,28.61)
G1 X476.741 Y28.607
; Coordinate transform: (1330.01,1830.85) -> (473.79,32.08)
G1 X473.794 Y32.076
; Coordinate transform: (1321.33,1821.54) -> (470.56,35.55)
G1 X470.557 Y35.548
; Coordinate transform: (1312.03,1812.31) -> (467.09,38.99)
G1 X467.089 Y38.990
; Coordinate transform: (1302.31,1803.25) -> (463.46,42.37)
G1 X463.464 Y42.369
; Coordinate transform: (1292.34,1794.43) -> (459.75,45.66)
G1 X459.745 Y45.659
; Coordinate transform: (1282.35,1785.91) -> (456.02,48.84)
G1 X456.019 Y48.836
; Coordinate transform: (1272.70,1777.99) -> (452.42,51.79)
G1 X452.420 Y51.790
; Coordinate transform: (1264.28,1771.73) -> (449.28,54.12)
G1 X449.280 Y54.125
; Coordinate transform: (1257.92,1768.22) -> (446.91,55.43)
G1 X446.908 Y55.434
; Coordinate transform: (1253.48,1767.32) -> (445.25,55.77)
G1 X445.252 Y55.769
; Coordinate transform: (1250.82,1768.96) -> (444.26,55.16)
G1 X444.260 Y55.158
; Coordinate transform: (1249.79,1773.03) -> (443.88,53.64)
G1 X443.876 Y53.640
; Coordinate transform: (1250.23,1779.46) -> (444.04,51.24)
G1 X444.040 Y51.242
; Coordinate transform: (1251.97,1788.19) -> (444.69,47.99)
G1 X444.689 Y47.986
; Coordinate transform: (1254.51,1798.81) -> (445.64,44.03)
G1 X445.636 Y44.025
; Coordinate transform: (1257.08,1810.38) -> (446.59,39.71)
G1 X446.595 Y39.710
; Coordinate transform: (1259.27,1822.55) -> (447.41,35.17)
G1 X447.412 Y35.171
; Coordinate transform: (1260.97,1835.29) -> (448.05,30.42)
G1 X448.046 Y30.420
; Coordinate transform: (1262.19,1848.60) -> (448.50,25.46)
G1 X448.501 Y25.456
; Coordinate transform: (1262.92,1862.23) -> (448.77,20.37)
G1 X448.773 Y20.372
; Coordinate transform: (1263.14,1875.15) -> (448.86,15.55)
G1 X448.855 Y15.554
; Coordinate transform: (1262.79,1884.98) -> (448.72,11.89)
G1 X448.725 Y11.888
; Coordinate transform: (1262.09,1891.41) -> (448.46,9.49)
G1 X448.463 Y9.490
; Coordinate transform: (1261.11,1894.61) -> (448.10,8.30)
G1 X448.098 Y8.296
; Coordinate transform: (1259.90,1894.73) -> (447.65,8.25)
G1 X447.647 Y8.252
; Coordinate transform: (1258.45,1891.94) -> (447.11,9.29)
G1 X447.106 Y9.292
; Coordinate transform: (1256.76,1886.36) -> (446.48,11.37)
G1 X446.476 Y11.373
; Coordinate transform: (1254.80,1878.17) -> (445.74,14.43)
G1 X445.745 Y14.428
; Coordinate transform: (1252.39,1867.50) -> (444.85,18.41)
G1 X444.846 Y18.407
; Coordinate transform: (1249.47,1855.92) -> (443.76,22.73)
G1 X443.757 Y22.726
; Coordinate transform: (1246.00,1844.83) -> (442.46,26.86)
G1 X442.463 Y26.862
; Coordinate transform: (1241.93,1834.56) -> (440.94,30.69)
G1 X440.945 Y30.692
; Coordinate transform: (1237.16,1825.06) -> (439.17,34.24)
G1 X439.166 Y34.235
; Coordinate transform: (1231.73,1816.39) -> (437.14,37.47)
G1 X437.141 Y37.469
; Coordinate transform: (1225.74,1808.74) -> (434.91,40.32)
G1 X434.907 Y40.322
; Coordinate transform: (1219.77,1802.99) -> (432.68,42.47)
G1 X432.680 Y42.466
; Coordinate transform: (1214.31,1799.94) -> (430.64,43.60)
G1 X430.644 Y43.604
; Coordinate transform: (1209.51,1799.95) -> (428.85,43.60)
G1 X428.854 Y43.600
; Coordinate transform: (1205.25,1802.87) -> (427.26,42.51)
G1 X427.265 Y42.511
; Coordinate transform: (1201.38,1808.57) -> (425.82,40.39)
G1 X425.821 Y40.385
; Coordinate transform: (1197.66,1816.92) -> (424.43,37.27)
G1 X424.434 Y37.271
; Coordinate transform: (1193.86,1827.50) -> (423.02,33.33)
G1 X423.017 Y33.325
; Coordinate transform: (1189.63,1839.64) -> (421.44,28.80)
G1 X421.439 Y28.797
; Coordinate transform: (1184.71,1852.76) -> (419.60,23.90)
G1 X419.604 Y23.904
; Coordinate transform: (1179.05,1866.26) -> (417.49,18.87)
G1 X417.493 Y18.869
; Coordinate transform: (1172.81,1878.68) -> (415.17,14.24)
G1 X415.166 Y14.237
; Coordinate transform: (1166.19,1887.82) -> (412.70,10.83)
G1 X412.697 Y10.829
; Coordinate transform: (1159.54,1893.59) -> (410.22,8.68)
G1 X410.217 Y8.677
; Coordinate transform: (1152.93,1896.16) -> (407.75,7.72)
G1 X407.752 Y7.718
; Coordinate transform: (1146.38,1895.69) -> (405.31,7.89)
G1 X405.309 Y7.893
; Coordinate transform: (1139.89,1892.32) -> (402.89,9.15)
G1 X402.889 Y9.150
; Coordinate transform: (1133.42,1886.21) -> (400.48,11.43)
G1 X400.476 Y11.429
; Coordinate transform: (1126.92,1877.49) -> (398.05,14.68)
G1 X398.051 Y14.681
; Coordinate transform: (1120.17,1866.34) -> (395.53,18.84)
G1 X395.534 Y18.840
; Coordinate transform: (1113.10,1854.63) -> (392.90,23.21)
G1 X392.897 Y23.207
; Coordinate transform: (1105.69,1843.73) -> (390.13,27.27)
G1 X390.134 Y27.272
; Coordinate transform: (1097.95,1834.19) -> (387.25,30.83)
G1 X387.247 Y30.830
; Coordinate transform: (1089.93,1826.27) -> (384.26,33.78)
G1 X384.256 Y33.784
; Coordinate transform: (1081.75,1820.11) -> (381.21,36.08)
G1 X381.205 Y36.081
; Coordinate transform: (1073.50,1815.77) -> (378.13,37.70)
G1 X378.128 Y37.700
; Coordinate transform: (1065.21,1813.30) -> (375.04,38.62)
G1 X375.036 Y38.621
; Coordinate transform: (1056.89,1812.64) -> (371.93,38.87)
G1 X371.934 Y38.867
; Coordinate transform: (1048.56,1813.79) -> (368.83,38.44)
G1 X368.827 Y38.438
; Coordinate transform: (1040.22,1816.74) -> (365.72,37.34)
G1 X365.716 Y37.338
; Coordinate transform: (1031.85,1821.47) -> (362.59,35.57)
G1 X362.595 Y35.574
; Coordinate transform: (1023.42,1827.93) -> (359.45,33.16)
G1 X359.451 Y33.165
; Coordinate transform: (1014.85,1836.03) -> (356.25,30.14)
G1 X356.255 Y30.144
; Coordinate transform: (1006.18,1845.55) -> (353.02,26.59)
G1 X353.021 Y26.593
; Coordinate transform: (997.48,1856.13) -> (349.78,22.65)
G1 X349.776 Y22.647
; Coordinate transform: (988.82,1867.03) -> (346.55,18.58)
G1 X346.545 Y18.582
; Coordinate transform: (980.26,1876.80) -> (343.35,14.94)
G1 X343.355 Y14.939
; Coordinate transform: (971.83,1883.79) -> (340.21,12.33)
G1 X340.211 Y12.332
; Coordinate transform: (963.58,1887.51) -> (337.13,10.94)
G1 X337.132 Y10.944
; Coordinate transform: (955.50,1888.12) -> (334.12,10.72)
G1 X334.118 Y10.717
; Coordinate transform: (947.55,1885.79) -> (331.16,11.59)
G1 X331.156 Y11.586
; Coordinate transform: (939.68,1880.66) -> (328.22,13.50)
G1 X328.218 Y13.499
; Coordinate transform: (931.74,1872.89) -> (325.26,16.40)
G1 X325.257 Y16.397
; Coordinate transform: (923.72,1863.67) -> (322.27,19.84)
G1 X322.266 Y19.835
; Coordinate transform: (915.81,1854.64) -> (319.32,23.20)
G1 X319.317 Y23.203
; Coordinate transform: (908.38,1846.85) -> (316.55,26.11)
G1 X316.547 Y26.108
; Coordinate transform: (901.86,1840.78) -> (314.11,28.37)
G1 X314.113 Y28.372
; Coordinate transform: (896.30,1836.41) -> (312.04,30.00)
G1 X312.041 Y30.002
; Coordinate transform: (891.66,1833.60) -> (310.31,31.05)
G1 X310.311 Y31.050
; Coordinate transform: (887.83,1832.17) -> (308.88,31.58)
G1 X308.883 Y31.583
; Coordinate transform: (884.68,1831.99) -> (307.71,31.65)
G1 X307.707 Y31.651
; Coordinate transform: (882.07,1832.97) -> (306.74,31.29)
G1 X306.735 Y31.285
; Coordinate transform: (879.90,1835.12) -> (305.92,30.48)
G1 X305.924 Y30.483
; Coordinate transform: (878.06,1838.53) -> (305.24,29.21)
G1 X305.240 Y29.211
; Coordinate transform: (876.51,1843.39) -> (304.66,27.40)
G1 X304.659 Y27.399
; Coordinate transform: (875.19,1849.98) -> (304.17,24.94)
G1 X304.168 Y24.941
; Coordinate transform: (874.07,1858.46) -> (303.75,21.78)
G1 X303.751 Y21.779
; Coordinate transform: (873.15,1868.94) -> (303.41,17.87)
G1 X303.406 Y17.870
; Coordinate transform: (872.26,1880.04) -> (303.08,13.73)
G1 X303.077 Y13.730
; Coordinate transform: (871.24,1889.62) -> (302.69,10.16)
G1 X302.693 Y10.157
; Coordinate transform: (869.92,1895.82) -> (302.20,7.85)
G1 X302.201 Y7.845
; Coordinate transform: (868.30,1898.79) -> (301.60,6.74)
G1 X301.599 Y6.737
; Coordinate transform: (866.39,1898.72) -> (300.89,6.76)
G1 X300.886 Y6.763
; Coordinate transform: (864.17,1895.75) -> (300.06,7.87)
G1 X300.058 Y7.871
; Coordinate transform: (861.62,1890.03) -> (299.11,10.00)
G1 X299.106 Y10.004
; Coordinate transform: (858.71,1881.70) -> (298.02,13.11)
G1 X298.020 Y13.111
; Coordinate transform: (855.42,1872.41) -> (296.79,16.58)
G1 X296.794 Y16.576
; Coordinate transform: (851.69,1863.91) -> (295.40,19.75)
G1 X295.404 Y19.746
; Coordinate transform: (847.28,1857.00) -> (293.76,22.32)
G1 X293.759 Y22.323
; Coordinate transform: (842.01,1851.73) -> (291.79,24.29)
G1 X291.792 Y24.288
; Coordinate transform: (835.86,1847.74) -> (289.50,25.78)
G1 X289.501 Y25.777
; Coordinate transform: (828.89,1844.77) -> (286.90,26.88)
G1 X286.900 Y26.884
; Coordinate transform: (821.17,1842.67) -> (284.02,27.67)
G1 X284.021 Y27.667
; Coordinate transform: (812.81,1841.40) -> (280.90,28.14)
G1 X280.904 Y28.141
; Coordinate transform: (803.67,1840.95) -> (277.49,28.31)
G1 X277.494 Y28.309
; Coordinate transform: (793.56,1841.34) -> (273.73,28.16)
G1 X273.725 Y28.163
; Coordinate transform: (782.51,1842.46) -> (269.60,27.75)
G1 X269.603 Y27.746
; Coordinate transform: (770.74,1844.26) -> (265.21,27.07)
G1 X265.214 Y27.074
; Coordinate transform: (758.47,1846.75) -> (260.64,26.15)
G1 X260.635 Y26.146
; Coordinate transform: (745.78,1850.11) -> (255.90,24.89)
G1 X255.903 Y24.893
; Coordinate transform: (732.76,1854.41) -> (251.05,23.29)
G1 X251.048 Y23.289
; Coordinate transform: (719.66,1859.69) -> (246.16,21.32)
G1 X246.165 Y21.320
; Coordinate transform: (706.73,1865.90) -> (241.34,19.00)
G1 X241.339 Y19.004
; Coordinate transform: (694.01,1872.33) -> (236.60,16.61)
G1 X236.596 Y16.606
; Coordinate transform: (681.45,1878.23) -> (231.91,14.41)
G1 X231.912 Y14.405
; Coordinate transform: (669.03,1882.67) -> (227.28,12.75)
G1 X227.279 Y12.749
; Coordinate transform: (656.75,1884.87) -> (222.70,11.93)
G1 X222.701 Y11.929
; Coordinate transform: (644.56,1884.49) -> (218.15,12.07)
G1 X218.152 Y12.071
; Coordinate transform: (632.36,1881.62) -> (213.60,13.14)
G1 X213.604 Y13.141
; Coordinate transform: (620.24,1876.82) -> (209.08,14.93)
G1 X209.083 Y14.931
; Coordinate transform: (608.22,1870.99) -> (204.60,17.11)
G1 X204.601 Y17.105
; Coordinate transform: (596.27,1865.00) -> (200.15,19.34)
G1 X200.146 Y19.339
; Coordinate transform: (584.33,1859.65) -> (195.69,21.33)
G1 X195.691 Y21.335
; Coordinate transform: (572.31,1855.58) -> (191.21,22.85)
G1 X191.207 Y22.853
; Coordinate transform: (560.25,1852.84) -> (186.71,23.87)
G1 X186.710 Y23.875
; Coordinate transform: (548.11,1851.49) -> (182.18,24.38)
G1 X182.182 Y24.378
; Coordinate transform: (535.76,1851.49) -> (177.58,24.38)
G1 X177.577 Y24.378
; Coordinate transform: (523.11,1852.79) -> (172.86,23.89)
G1 X172.857 Y23.893
; Coordinate transform: (510.09,1855.33) -> (168.00,22.95)
G1 X168.003 Y22.946
; Coordinate transform: (496.69,1859.04) -> (163.01,21.56)
G1 X163.005 Y21.562
; Coordinate transform: (482.89,1863.81) -> (157.86,19.78)
G1 X157.859 Y19.783
; Coordinate transform: (468.87,1868.87) -> (152.63,17.90)
G1 X152.629 Y17.896
; Coordinate transform: (454.98,1873.05) -> (147.45,16.34)
G1 X147.450 Y16.337
; Coordinate transform: (441.46,1875.50) -> (142.41,15.42)
G1 X142.409 Y15.423
; Coordinate transform: (428.30,1875.84) -> (137.50,15.30)
G1 X137.498 Y15.297
; Coordinate transform: (415.44,1874.10) -> (132.70,15.95)
G1 X132.703 Y15.946
; Coordinate transform: (402.92,1870.68) -> (128.03,17.22)
G1 X128.033 Y17.221
; Coordinate transform: (390.75,1866.13) -> (123.49,18.92)
G1 X123.494 Y18.918
; Coordinate transform: (378.90,1861.13) -> (119.08,20.78)
G1 X119.077 Y20.783
; Coordinate transform: (367.30,1856.36) -> (114.75,22.56)
G1 X114.748 Y22.562
; Coordinate transform: (355.81,1851.92) -> (110.47,24.22)
G1 X110.465 Y24.218
; Coordinate transform: (344.44,1847.82) -> (106.22,25.75)
G1 X106.224 Y25.747
; Coordinate transform: (333.18,1844.02) -> (102.02,27.16)
G1 X102.024 Y27.164
; Coordinate transform: (322.02,1840.44) -> (97.86,28.50)
G1 X97.863 Y28.499
; Coordinate transform: (310.98,1836.94) -> (93.74,29.80)
G1 X93.742 Y29.804
; Coordinate transform: (300.09,1833.40) -> (89.68,31.12)
G1 X89.681 Y31.125
; Coordinate transform: (289.37,1829.69) -> (85.68,32.51)
G1 X85.683 Y32.508
; Coordinate transform: (278.80,1825.70) -> (81.74,34.00)
G1 X81.741 Y33.996
; Coordinate transform: (268.34,1821.38) -> (77.84,35.61)
G1 X77.843 Y35.608
; Coordinate transform: (258.01,1816.67) -> (73.99,37.36)
G1 X73.989 Y37.364
; Coordinate transform: (247.79,1811.49) -> (70.18,39.30)
G1 X70.176 Y39.296
; Coordinate transform: (237.69,1805.84) -> (66.41,41.40)
G1 X66.410 Y41.403
; Coordinate transform: (227.75,1799.72) -> (62.70,43.69)
G1 X62.705 Y43.686
; Coordinate transform: (218.01,1793.17) -> (59.07,46.13)
G1 X59.072 Y46.129
; Coordinate transform: (208.53,1786.28) -> (55.53,48.70)
G1 X55.534 Y48.698
; Coordinate transform: (199.30,1779.18) -> (52.09,51.35)
G1 X52.094 Y51.346
; Coordinate transform: (190.33,1771.97) -> (48.75,54.04)
G1 X48.749 Y54.035
; Coordinate transform: (181.57,1764.72) -> (45.48,56.74)
G1 X45.482 Y56.739
; Coordinate transform: (173.02,1757.51) -> (42.29,59.43)
G1 X42.291 Y59.428
; Coordinate transform: (164.64,1750.41) -> (39.17,62.08)
G1 X39.167 Y62.076
; Coordinate transform: (156.38,1743.47) -> (36.08,64.66)
G1 X36.085 Y64.664
; Coordinate transform: (148.15,1736.76) -> (33.02,67.17)
G1 X33.015 Y67.167
; Coordinate transform: (139.88,1730.40) -> (29.93,69.54)
G1 X29.932 Y69.539
; Coordinate transform: (131.62,1724.49) -> (26.85,71.74)
G1 X26.850 Y71.743
; Coordinate transform: (123.38,1719.18) -> (23.78,73.72)
G1 X23.779 Y73.723
; Coordinate transform: (116.12,1714.54) -> (21.07,75.45)
G1 X21.072 Y75.454
; Coordinate transform: (110.62,1710.57) -> (19.02,76.93)
G1 X19.021 Y76.934
; Coordinate transform: (107.74,1707.23) -> (17.95,78.18)
G1 X17.946 Y78.180
; Coordinate transform: (107.81,1704.48) -> (17.97,79.21)
G1 X17.972 Y79.206
; Coordinate transform: (110.67,1702.25) -> (19.04,80.04)
G1 X19.037 Y80.037
; Coordinate transform: (115.73,1700.49) -> (20.92,80.69)
G1 X20.924 Y80.694
; Coordinate transform: (122.14,1699.15) -> (23.31,81.19)
G1 X23.314 Y81.194
; Coordinate transform: (129.32,1698.18) -> (25.99,81.56)
G1 X25.993 Y81.555
; Coordinate transform: (136.81,1697.48) -> (28.79,81.82)
G1 X28.788 Y81.816
; Coordinate transform: (144.68,1696.95) -> (31.72,82.01)
G1 X31.721 Y82.014
; Coordinate transform: (153.25,1696.47) -> (34.92,82.19)
G1 X34.920 Y82.193
; Coordinate transform: (162.84,1695.94) -> (38.50,82.39)
G1 X38.497 Y82.391
; Coordinate transform: (173.72,1695.27) -> (42.55,82.64)
G1 X42.554 Y82.641
; Coordinate transform: (186.00,1694.40) -> (47.13,82.97)
G1 X47.132 Y82.965
; Coordinate transform: (199.60,1693.34) -> (52.20,83.36)
G1 X52.204 Y83.360
; Coordinate transform: (214.26,1692.11) -> (57.67,83.82)
G1 X57.673 Y83.819
; Coordinate transform: (229.61,1690.76) -> (63.40,84.32)
G1 X63.396 Y84.323
; Coordinate transform: (245.34,1689.32) -> (69.26,84.86)
G1 X69.262 Y84.860
; Coordinate transform: (261.36,1687.75) -> (75.24,85.45)
G1 X75.237 Y85.445
; Coordinate transform: (277.57,1685.95) -> (81.28,86.12)
G1 X81.283 Y86.117
; Coordinate transform: (293.70,1683.98) -> (87.30,86.85)
G1 X87.300 Y86.851
; Coordinate transform: (309.33,1682.22) -> (93.13,87.51)
G1 X93.129 Y87.508
; Coordinate transform: (324.30,1680.84) -> (98.71,88.02)
G1 X98.713 Y88.022
; Coordinate transform: (338.78,1679.67) -> (104.11,88.46)
G1 X104.113 Y88.459
; Coordinate transform: (352.96,1678.53) -> (109.40,88.88)
G1 X109.403 Y88.884
; Coordinate transform: (366.91,1677.37) -> (114.61,89.32)
G1 X114.605 Y89.317
; Coordinate transform: (380.58,1676.22) -> (119.70,89.75)
G1 X119.703 Y89.745
; Coordinate transform: (393.90,1675.14) -> (124.67,90.15)
G1 X124.668 Y90.148
; Coordinate transform: (406.82,1674.19) -> (129.49,90.50)
G1 X129.490 Y90.503
; Coordinate transform: (419.39,1673.40) -> (134.17,90.80)
G1 X134.175 Y90.797
; Coordinate transform: (431.61,1672.80) -> (138.73,91.02)
G1 X138.732 Y91.021
; Coordinate transform: (443.49,1672.38) -> (143.16,91.18)
G1 X143.165 Y91.178
; Coordinate transform: (455.03,1672.12) -> (147.47,91.27)
G1 X147.469 Y91.275
; Coordinate transform: (466.24,1672.01) -> (151.65,91.32)
G1 X151.649 Y91.316
; Coordinate transform: (477.17,1672.05) -> (155.72,91.30)
G1 X155.724 Y91.301
; Coordinate transform: (487.83,1672.21) -> (159.70,91.24)
G1 X159.702 Y91.241
; Coordinate transform: (498.25,1672.49) -> (163.59,91.14)
G1 X163.588 Y91.137
; Coordinate transform: (508.45,1672.88) -> (167.39,90.99)
G1 X167.390 Y90.991
; Coordinate transform: (518.40,1673.36) -> (171.10,90.81)
G1 X171.103 Y90.812
; Coordinate transform: (528.08,1673.92) -> (174.71,90.60)
G1 X174.711 Y90.603
; Coordinate transform: (537.44,1674.52) -> (178.20,90.38)
G1 X178.203 Y90.379
; Coordinate transform: (546.51,1675.12) -> (181.59,90.16)
G1 X181.587 Y90.156
; Coordinate transform: (555.32,1675.69) -> (184.87,89.94)
G1 X184.870 Y89.943
; Coordinate transform: (563.83,1676.12) -> (188.05,89.78)
G1 X188.045 Y89.783
; Coordinate transform: (572.02,1676.38) -> (191.10,89.69)
G1 X191.100 Y89.686
; Coordinate transform: (579.88,1676.46) -> (194.03,89.66)
G1 X194.029 Y89.656
; Coordinate transform: (587.42,1676.37) -> (196.84,89.69)
G1 X196.845 Y89.689
; Coordinate transform: (594.69,1676.13) -> (199.56,89.78)
G1 X199.556 Y89.779
; Coordinate transform: (601.61,1675.72) -> (202.14,89.93)
G1 X202.136 Y89.932
; Coordinate transform: (608.16,1675.16) -> (204.58,90.14)
G1 X204.577 Y90.141
; Coordinate transform: (614.32,1674.44) -> (206.87,90.41)
G1 X206.874 Y90.409
; Coordinate transform: (620.14,1673.58) -> (209.05,90.73)
G1 X209.047 Y90.730
; Coordinate transform: (625.71,1672.59) -> (211.12,91.10)
G1 X211.122 Y91.099
; Coordinate transform: (631.11,1671.51) -> (213.14,91.50)
G1 X213.139 Y91.502
; Coordinate transform: (636.42,1670.40) -> (215.12,91.92)
G1 X215.117 Y91.916
; Coordinate transform: (641.63,1669.30) -> (217.06,92.33)
G1 X217.063 Y92.326
; Coordinate transform: (646.77,1668.26) -> (218.98,92.71)
G1 X218.979 Y92.714
; Coordinate transform: (651.84,1667.28) -> (220.87,93.08)
G1 X220.868 Y93.080
; Coordinate transform: (656.83,1666.40) -> (222.73,93.41)
G1 X222.728 Y93.408
; Coordinate transform: (661.73,1665.64) -> (224.56,93.69)
G1 X224.557 Y93.691
; Coordinate transform: (666.57,1665.05) -> (226.36,93.91)
G1 X226.361 Y93.911
; Coordinate transform: (671.39,1664.65) -> (228.16,94.06)
G1 X228.159 Y94.060
; Coordinate transform: (676.25,1664.51) -> (229.97,94.11)
G1 X229.973 Y94.113
; Coordinate transform: (681.24,1664.65) -> (231.83,94.06)
G1 X231.834 Y94.060
; Coordinate transform: (686.47,1665.13) -> (233.78,93.88)
G1 X233.783 Y93.881
; Coordinate transform: (692.06,1665.98) -> (235.87,93.56)
G1 X235.870 Y93.564
; Coordinate transform: (698.16,1667.28) -> (238.15,93.08)
G1 X238.145 Y93.080
; Coordinate transform: (704.93,1669.09) -> (240.67,92.40)
G1 X240.669 Y92.405
; Coordinate transform: (712.57,1671.50) -> (243.52,91.51)
G1 X243.517 Y91.506
; Coordinate transform: (721.24,1674.59) -> (246.75,90.35)
G1 X246.753 Y90.353
; Coordinate transform: (731.07,1678.39) -> (250.42,88.94)
G1 X250.419 Y88.936
; Coordinate transform: (742.03,1682.79) -> (254.51,87.30)
G1 X254.507 Y87.295
; Coordinate transform: (753.79,1687.53) -> (258.89,85.53)
G1 X258.890 Y85.527
; Coordinate transform: (766.02,1692.40) -> (263.45,83.71)
G1 X263.451 Y83.711
; Coordinate transform: (778.47,1697.22) -> (268.10,81.91)
G1 X268.098 Y81.913
; Coordinate transform: (790.91,1701.74) -> (272.74,80.23)
G1 X272.736 Y80.228
; Coordinate transform: (803.14,1705.69) -> (277.30,78.75)
G1 X277.298 Y78.755
; Coordinate transform: (814.87,1708.89) -> (281.67,77.56)
G1 X281.672 Y77.561
; Coordinate transform: (825.91,1711.27) -> (285.79,76.67)
G1 X285.791 Y76.673
; Coordinate transform: (836.30,1712.93) -> (289.66,76.05)
G1 X289.664 Y76.054
; Coordinate transform: (846.17,1713.91) -> (293.34,75.69)
G1 X293.345 Y75.689
; Coordinate transform: (855.50,1714.24) -> (296.83,75.57)
G1 X296.826 Y75.566
; Coordinate transform: (864.37,1713.96) -> (300.13,75.67)
G1 X300.134 Y75.670
; Coordinate transform: (872.89,1713.14) -> (303.31,75.98)
G1 X303.311 Y75.976
; Coordinate transform: (880.80,1712.15) -> (306.26,76.35)
G1 X306.259 Y76.345
; Coordinate transform: (887.80,1711.32) -> (308.87,76.65)
G1 X308.872 Y76.655
; Coordinate transform: (893.61,1711.00) -> (311.04,76.77)
G1 X311.037 Y76.774
; Coordinate transform: (898.04,1711.40) -> (312.69,76.62)
G1 X312.691 Y76.625
; Coordinate transform: (901.41,1712.52) -> (313.95,76.21)
G1 X313.946 Y76.207
; Coordinate transform: (903.92,1714.37) -> (314.88,75.52)
G1 X314.883 Y75.517
; Coordinate transform: (905.75,1717.00) -> (315.57,74.54)
G1 X315.566 Y74.536
M400 ; Wait for drawing to complete
; === STOP BRUSH SEQUENCE ===
; STOP BRUSH A
G4 P50 ; Short delay before stepper command
G1 U0.000 F200.0 ; Close Brush A flow
M400 ; Wait for stepper motion to complete
M106 P2 S0 ; Brush A air off
; Z already at 84.000mm, above safe threshold of 10.000mm, no need to raise
; === END STOP BRUSH SEQUENCE ===
; === PATH END ===


; Path 2/49 (id: path2)
; WIDTH: requested=117.176mm, actual=1863.507mm, compensation=0.800
; Z HEIGHT: 84.000mm (min=4.0, max=84.0)
; PAINT FLOW: 0.500 (baseline=0.1, max=0.5)
; PAINT FLOW COMPONENTS: base=0.100, width=0.300, opacity=0.100
; FEEDRATE: 475.6 mm/min (z_factor=0.0259, speed_factor=0.765)
; WARNING: Requested stroke width 117.2mm exceeds machine capability.
; H.Airbrush cannot draw strokes wider than 6.6mm at 1mm/s minimum speed.
; Stroke width has been reduced to 6.6mm.
; ===== STROKE PARAMETERS =====
; Color: black
; Width: 117.18mm
; Opacity: 0.25
; Brush: brush_a (index 0)
T0 ; Select Brush A (Black)
; ===== AIRBRUSH SETTINGS =====
; Z-height: 84.00mm
; Paint flow: 0.50
; Feedrate: 475.6mm/min (includes Z scaling)
; Using brush: brush_a (tool 0)
; Path with Brush A (black) at Z=84.000mm
; Using: Air=P2, Flow=A axis
; Drawing Z height: 84.000mm, Travel Z height: 10.000mm
; Machine Z range: 0-84mm (Safe range: 5-80mm)
; === START BRUSH SEQUENCE ===
; START BRUSH A
; Z already at 84.000mm, above safe threshold of 10.000mm, no need to raise
T0 ; Select Tool 0 (Brush A)
G4 P500 ; Wait for tool change to complete
; === END BRUSH SEQUENCE ===
; Coordinate transform: (878.69,137.66) -> (305.47,663.56)
G0 X305.474 Y663.555 F24000
M400 ; Wait for XY movement to complete
G1 Z84.000 F1200
M400 ; Wait for Z movement to complete
; === ACTIVATE BRUSH AT POSITION ===
; AIR ON FIRST - Important to prevent dripping
M106 P2 S1 ; Brush A air on
; PAINT ON AFTER AIR
G4 P50 ; Short delay before stepper command
G1 U2.400 F200.0 ; Set Brush A flow to 2.400mm
M400 ; Wait for stepper motion to complete
; === BRUSH ACTIVATED ===
G1 F475.56460435427675
; Coordinate transform: (878.44,138.32) -> (305.38,663.31)
G1 X305.380 Y663.308
; Coordinate transform: (878.07,139.28) -> (305.24,662.95)
G1 X305.242 Y662.951
; Coordinate transform: (877.59,140.50) -> (305.06,662.50)
G1 X305.063 Y662.498
; Coordinate transform: (877.00,141.94) -> (304.84,661.96)
G1 X304.843 Y661.958
; Coordinate transform: (876.31,143.60) -> (304.59,661.34)
G1 X304.585 Y661.341
; Coordinate transform: (875.51,145.44) -> (304.29,660.65)
G1 X304.289 Y660.655
; Coordinate transform: (874.61,147.46) -> (303.95,659.90)
G1 X303.952 Y659.902
; Coordinate transform: (873.59,149.69) -> (303.57,659.07)
G1 X303.570 Y659.071
; Coordinate transform: (872.42,152.17) -> (303.13,658.14)
G1 X303.135 Y658.144
; Coordinate transform: (871.09,154.98) -> (302.64,657.10)
G1 X302.638 Y657.097
; Coordinate transform: (869.55,158.20) -> (302.06,655.89)
G1 X302.065 Y655.895
; Coordinate transform: (867.76,161.95) -> (301.40,654.50)
G1 X301.399 Y654.498
; Coordinate transform: (865.68,166.34) -> (300.62,652.86)
G1 X300.620 Y652.859
; Coordinate transform: (863.24,171.46) -> (299.71,650.95)
G1 X299.710 Y650.949
; Coordinate transform: (860.39,177.40) -> (298.65,648.73)
G1 X298.650 Y648.734
; Coordinate transform: (857.13,184.21) -> (297.43,646.19)
G1 X297.432 Y646.194
; Coordinate transform: (853.44,191.83) -> (296.06,643.35)
G1 X296.055 Y643.353
; Coordinate transform: (849.34,200.19) -> (294.53,640.24)
G1 X294.526 Y640.237
; Coordinate transform: (844.89,209.10) -> (292.87,636.91)
G1 X292.868 Y636.913
; Coordinate transform: (840.22,218.34) -> (291.12,633.47)
G1 X291.124 Y633.467
; Coordinate transform: (835.43,227.68) -> (289.34,629.98)
G1 X289.339 Y629.984
; Coordinate transform: (830.63,236.98) -> (287.55,626.51)
G1 X287.548 Y626.512
; Coordinate transform: (825.95,246.05) -> (285.80,623.13)
G1 X285.804 Y623.130
; Coordinate transform: (821.56,254.45) -> (284.17,620.00)
G1 X284.167 Y619.997
; Coordinate transform: (817.52,261.80) -> (282.66,617.26)
G1 X282.659 Y617.257
; Coordinate transform: (813.78,267.92) -> (281.26,614.98)
G1 X281.263 Y614.975
; Coordinate transform: (810.17,273.00) -> (279.92,613.08)
G1 X279.918 Y613.079
; Coordinate transform: (806.51,277.35) -> (278.55,611.46)
G1 X278.555 Y611.460
; Coordinate transform: (802.63,281.21) -> (277.11,610.02)
G1 X277.108 Y610.016
; Coordinate transform: (798.41,284.79) -> (275.53,608.68)
G1 X275.535 Y608.684
; Coordinate transform: (793.78,288.17) -> (273.81,607.42)
G1 X273.806 Y607.422
; Coordinate transform: (788.64,291.46) -> (271.89,606.19)
G1 X271.890 Y606.194
; Coordinate transform: (782.95,294.75) -> (269.77,604.97)
G1 X269.767 Y604.967
; Coordinate transform: (776.71,298.06) -> (267.44,603.73)
G1 X267.441 Y603.733
; Coordinate transform: (769.93,301.34) -> (264.91,602.51)
G1 X264.911 Y602.511
; Coordinate transform: (762.59,304.54) -> (262.17,601.32)
G1 X262.172 Y601.317
; Coordinate transform: (754.59,307.60) -> (259.19,600.18)
G1 X259.188 Y600.176
; Coordinate transform: (745.79,310.50) -> (255.91,599.09)
G1 X255.909 Y599.093
; Coordinate transform: (736.08,313.26) -> (252.28,598.06)
G1 X252.285 Y598.064
; Coordinate transform: (725.57,315.84) -> (248.37,597.10)
G1 X248.366 Y597.103
; Coordinate transform: (714.54,318.15) -> (244.25,596.24)
G1 X244.252 Y596.239
; Coordinate transform: (703.25,320.12) -> (240.04,595.51)
G1 X240.042 Y595.508
; Coordinate transform: (691.82,321.65) -> (235.78,594.94)
G1 X235.779 Y594.936
; Coordinate transform: (680.27,322.69) -> (231.47,594.55)
G1 X231.472 Y594.549
; Coordinate transform: (668.65,323.16) -> (227.14,594.37)
G1 X227.138 Y594.373
; Coordinate transform: (656.98,323.02) -> (222.79,594.43)
G1 X222.787 Y594.425
; Coordinate transform: (645.27,322.25) -> (218.42,594.71)
G1 X218.418 Y594.711
; Coordinate transform: (633.50,320.89) -> (214.03,595.22)
G1 X214.029 Y595.218
; Coordinate transform: (621.74,319.01) -> (209.64,595.92)
G1 X209.643 Y595.921
; Coordinate transform: (610.00,316.67) -> (205.27,596.79)
G1 X205.266 Y596.795
; Coordinate transform: (598.25,313.89) -> (200.88,597.83)
G1 X200.882 Y597.829
; Coordinate transform: (586.41,310.68) -> (196.47,599.03)
G1 X196.466 Y599.027
; Coordinate transform: (574.50,307.03) -> (192.02,600.39)
G1 X192.025 Y600.389
; Coordinate transform: (562.66,302.96) -> (187.61,601.91)
G1 X187.609 Y601.907
; Coordinate transform: (551.02,298.52) -> (183.27,603.56)
G1 X183.269 Y603.563
; Coordinate transform: (539.72,293.72) -> (179.05,605.35)
G1 X179.052 Y605.353
; Coordinate transform: (528.82,288.52) -> (174.99,607.29)
G1 X174.990 Y607.290
; Coordinate transform: (518.41,282.89) -> (171.11,609.39)
G1 X171.108 Y609.392
; Coordinate transform: (508.58,276.75) -> (167.44,611.68)
G1 X167.439 Y611.683
; Coordinate transform: (499.42,270.05) -> (164.02,614.18)
G1 X164.024 Y614.182
; Coordinate transform: (491.07,262.79) -> (160.91,616.89)
G1 X160.911 Y616.887
; Coordinate transform: (483.65,254.96) -> (158.14,619.81)
G1 X158.141 Y619.809
; Coordinate transform: (477.22,246.51) -> (155.74,622.96)
G1 X155.743 Y622.958
; Coordinate transform: (471.81,237.40) -> (153.73,626.36)
G1 X153.727 Y626.358
; Coordinate transform: (467.45,227.52) -> (152.10,630.04)
G1 X152.099 Y630.041
; Coordinate transform: (464.14,216.86) -> (150.87,634.02)
G1 X150.867 Y634.018
; Coordinate transform: (461.94,205.41) -> (150.04,638.29)
G1 X150.045 Y638.287
; Coordinate transform: (460.84,193.23) -> (149.64,642.83)
G1 X149.636 Y642.830
; Coordinate transform: (460.82,180.42) -> (149.63,647.61)
G1 X149.629 Y647.608
; Coordinate transform: (461.79,167.10) -> (149.99,652.58)
G1 X149.990 Y652.577
; Coordinate transform: (463.60,153.41) -> (150.66,657.68)
G1 X150.663 Y657.681
; Coordinate transform: (466.05,139.55) -> (151.58,662.85)
G1 X151.577 Y662.852
; Coordinate transform: (468.95,125.83) -> (152.66,667.97)
G1 X152.661 Y667.967
; Coordinate transform: (472.15,113.44) -> (153.85,672.59)
G1 X153.854 Y672.589
; Coordinate transform: (475.54,104.38) -> (155.12,675.97)
G1 X155.118 Y675.966
; Coordinate transform: (478.95,98.71) -> (156.39,678.08)
G1 X156.389 Y678.084
; Coordinate transform: (482.35,96.23) -> (157.66,679.01)
G1 X157.658 Y679.005
; Coordinate transform: (485.75,96.81) -> (158.93,678.79)
G1 X158.927 Y678.790
; Coordinate transform: (489.19,100.28) -> (160.21,677.50)
G1 X160.207 Y677.495
; Coordinate transform: (492.69,106.50) -> (161.52,675.18)
G1 X161.515 Y675.176
; Coordinate transform: (496.39,115.31) -> (162.89,671.89)
G1 X162.894 Y671.890
; Coordinate transform: (500.61,126.50) -> (164.47,667.72)
G1 X164.468 Y667.716
; Coordinate transform: (505.47,138.44) -> (166.28,663.27)
G1 X166.281 Y663.266
; Coordinate transform: (511.04,150.28) -> (168.36,658.85)
G1 X168.357 Y658.849
; Coordinate transform: (517.33,161.89) -> (170.70,654.52)
G1 X170.703 Y654.518
; Coordinate transform: (524.29,173.28) -> (173.30,650.27)
G1 X173.300 Y650.272
; Coordinate transform: (531.86,184.39) -> (176.12,646.13)
G1 X176.124 Y646.128
; Coordinate transform: (539.97,195.13) -> (179.15,642.12)
G1 X179.145 Y642.122
; Coordinate transform: (548.52,205.39) -> (182.33,638.30)
G1 X182.334 Y638.297
; Coordinate transform: (557.42,215.06) -> (185.66,634.69)
G1 X185.656 Y634.689
; Coordinate transform: (566.61,224.03) -> (189.08,631.34)
G1 X189.082 Y631.344
; Coordinate transform: (576.01,232.19) -> (192.59,628.30)
G1 X192.590 Y628.301
; Coordinate transform: (585.60,239.44) -> (196.16,625.60)
G1 X196.164 Y625.598
; Coordinate transform: (595.33,245.69) -> (199.79,623.27)
G1 X199.792 Y623.265
; Coordinate transform: (605.16,250.90) -> (203.46,621.32)
G1 X203.460 Y621.324
; Coordinate transform: (615.05,255.01) -> (207.15,619.79)
G1 X207.148 Y619.790
; Coordinate transform: (624.91,257.97) -> (210.83,618.69)
G1 X210.827 Y618.687
; Coordinate transform: (634.67,259.74) -> (214.47,618.03)
G1 X214.467 Y618.027
; Coordinate transform: (644.29,260.31) -> (218.05,617.81)
G1 X218.055 Y617.814
; Coordinate transform: (653.77,259.71) -> (221.59,618.04)
G1 X221.589 Y618.036
; Coordinate transform: (663.10,258.01) -> (225.07,618.67)
G1 X225.068 Y618.669
; Coordinate transform: (672.26,255.27) -> (228.49,619.69)
G1 X228.486 Y619.694
; Coordinate transform: (681.24,251.51) -> (231.83,621.09)
G1 X231.833 Y621.094
; Coordinate transform: (689.96,246.78) -> (235.09,622.86)
G1 X235.087 Y622.857
; Coordinate transform: (698.40,241.09) -> (238.23,624.98)
G1 X238.234 Y624.981
; Coordinate transform: (706.51,234.36) -> (241.26,627.49)
G1 X241.258 Y627.491
; Coordinate transform: (714.31,226.47) -> (244.17,630.44)
G1 X244.169 Y630.435
; Coordinate transform: (721.87,217.46) -> (246.99,633.80)
G1 X246.986 Y633.795
; Coordinate transform: (729.20,207.46) -> (249.72,637.52)
G1 X249.721 Y637.523
; Coordinate transform: (736.30,196.77) -> (252.37,641.51)
G1 X252.368 Y641.510
; Coordinate transform: (743.16,185.58) -> (254.93,645.68)
G1 X254.927 Y645.683
; Coordinate transform: (749.78,174.07) -> (257.39,649.98)
G1 X257.395 Y649.978
; Coordinate transform: (756.11,162.44) -> (259.76,654.31)
G1 X259.758 Y654.314
; Coordinate transform: (762.10,150.88) -> (261.99,658.63)
G1 X261.992 Y658.626
; Coordinate transform: (767.70,139.46) -> (264.08,662.89)
G1 X264.081 Y662.886
; Coordinate transform: (772.88,128.33) -> (266.01,667.04)
G1 X266.013 Y667.036
; Coordinate transform: (777.66,118.11) -> (267.79,670.85)
G1 X267.794 Y670.845
; Coordinate transform: (782.06,110.17) -> (269.44,673.81)
G1 X269.436 Y673.807
; Coordinate transform: (786.13,105.56) -> (270.95,675.53)
G1 X270.954 Y675.528
; Coordinate transform: (789.93,104.10) -> (272.37,676.07)
G1 X272.369 Y676.072
; Coordinate transform: (793.49,105.65) -> (273.70,675.50)
G1 X273.696 Y675.495
; Coordinate transform: (796.83,110.04) -> (274.94,673.86)
G1 X274.942 Y673.855
; Coordinate transform: (799.93,117.15) -> (276.10,671.21)
G1 X276.100 Y671.205
; Coordinate transform: (802.77,125.85) -> (277.16,667.96)
G1 X277.158 Y667.962
; Coordinate transform: (805.26,135.00) -> (278.09,664.55)
G1 X278.089 Y664.546
; Coordinate transform: (807.33,143.89) -> (278.86,661.23)
G1 X278.860 Y661.231
; Coordinate transform: (808.86,152.54) -> (279.43,658.00)
G1 X279.428 Y658.005
; Coordinate transform: (809.74,161.08) -> (279.76,654.82)
G1 X279.758 Y654.820
; Coordinate transform: (809.91,169.72) -> (279.82,651.60)
G1 X279.824 Y651.598
; Coordinate transform: (809.38,178.47) -> (279.62,648.33)
G1 X279.625 Y648.334
; Coordinate transform: (808.16,187.33) -> (279.17,645.03)
G1 X279.170 Y645.030
; Coordinate transform: (806.31,196.19) -> (278.48,641.73)
G1 X278.478 Y641.725
; Coordinate transform: (803.88,204.89) -> (277.57,638.48)
G1 X277.572 Y638.482
; Coordinate transform: (800.95,213.24) -> (276.48,635.37)
G1 X276.479 Y635.368
; Coordinate transform: (797.61,221.06) -> (275.23,632.45)
G1 X275.234 Y632.452
; Coordinate transform: (793.94,228.19) -> (273.86,629.79)
G1 X273.864 Y629.793
; Coordinate transform: (789.99,234.41) -> (272.39,627.47)
G1 X272.392 Y627.474
; Coordinate transform: (785.79,239.53) -> (270.83,625.56)
G1 X270.828 Y625.564
; Coordinate transform: (781.34,243.49) -> (269.17,624.09)
G1 X269.166 Y624.088
; Coordinate transform: (776.56,246.29) -> (267.39,623.04)
G1 X267.385 Y623.041
; Coordinate transform: (771.35,248.02) -> (265.44,622.40)
G1 X265.442 Y622.397
; Coordinate transform: (765.65,248.74) -> (263.32,622.13)
G1 X263.317 Y622.127
; Coordinate transform: (759.39,248.55) -> (260.98,622.20)
G1 X260.979 Y622.199
; Coordinate transform: (752.47,247.50) -> (258.40,622.59)
G1 X258.398 Y622.592
; Coordinate transform: (744.84,245.60) -> (255.55,623.30)
G1 X255.554 Y623.299
; Coordinate transform: (736.47,242.87) -> (252.43,624.32)
G1 X252.433 Y624.318
; Coordinate transform: (727.42,239.29) -> (249.06,625.65)
G1 X249.059 Y625.652
; Coordinate transform: (717.77,234.81) -> (245.46,627.33)
G1 X245.457 Y627.325
; Coordinate transform: (707.55,229.29) -> (241.64,629.38)
G1 X241.645 Y629.383
; Coordinate transform: (696.76,222.68) -> (237.62,631.85)
G1 X237.621 Y631.847
; Coordinate transform: (685.42,214.89) -> (233.39,634.75)
G1 X233.394 Y634.752
; Coordinate transform: (673.60,205.93) -> (228.99,638.09)
G1 X228.986 Y638.094
; Coordinate transform: (661.44,195.91) -> (224.45,641.83)
G1 X224.449 Y641.831
; Coordinate transform: (649.16,185.09) -> (219.87,645.87)
G1 X219.870 Y645.866
; Coordinate transform: (637.00,173.76) -> (215.33,650.09)
G1 X215.335 Y650.092
; Coordinate transform: (625.13,162.15) -> (210.91,654.42)
G1 X210.907 Y654.421
; Coordinate transform: (613.65,150.44) -> (206.63,658.79)
G1 X206.626 Y658.789
; Coordinate transform: (602.64,138.74) -> (202.52,663.15)
G1 X202.522 Y663.153
; Coordinate transform: (592.17,127.31) -> (198.61,667.41)
G1 X198.615 Y667.415
; Coordinate transform: (582.30,117.01) -> (194.93,671.26)
G1 X194.932 Y671.257
; Coordinate transform: (573.10,109.30) -> (191.50,674.13)
G1 X191.502 Y674.134
; Coordinate transform: (564.58,104.89) -> (188.32,675.78)
G1 X188.324 Y675.777
; Coordinate transform: (556.70,103.62) -> (185.39,676.25)
G1 X185.386 Y676.249
; Coordinate transform: (549.46,105.34) -> (182.69,675.61)
G1 X182.686 Y675.609
; Coordinate transform: (542.88,109.89) -> (180.23,673.91)
G1 X180.230 Y673.913
; Coordinate transform: (537.01,117.11) -> (178.04,671.22)
G1 X178.042 Y671.220
; Coordinate transform: (531.92,126.19) -> (176.15,667.83)
G1 X176.146 Y667.835
; Coordinate transform: (527.58,135.91) -> (174.53,664.21)
G1 X174.526 Y664.207
; Coordinate transform: (523.90,145.57) -> (173.16,660.61)
G1 X173.155 Y660.606
; Coordinate transform: (520.80,155.13) -> (172.00,657.04)
G1 X171.997 Y657.039
; Coordinate transform: (518.18,164.71) -> (171.02,653.47)
G1 X171.019 Y653.466
; Coordinate transform: (515.97,174.40) -> (170.19,649.85)
G1 X170.195 Y649.852
; Coordinate transform: (514.12,184.25) -> (169.51,646.18)
G1 X169.506 Y646.178
; Coordinate transform: (512.62,194.22) -> (168.95,642.46)
G1 X168.947 Y642.462
; Coordinate transform: (511.48,204.20) -> (168.52,638.74)
G1 X168.523 Y638.738
; Coordinate transform: (510.76,214.06) -> (168.25,635.06)
G1 X168.253 Y635.061
; Coordinate transform: (510.52,223.63) -> (168.16,631.49)
G1 X168.165 Y631.494
; Coordinate transform: (510.82,232.79) -> (168.28,628.07)
G1 X168.277 Y628.075
; Coordinate transform: (511.69,241.51) -> (168.60,624.82)
G1 X168.601 Y624.823
; Coordinate transform: (513.12,249.79) -> (169.13,621.74)
G1 X169.132 Y621.737
; Coordinate transform: (515.08,257.64) -> (169.87,618.81)
G1 X169.865 Y618.809
; Coordinate transform: (517.52,265.13) -> (170.77,616.01)
G1 X170.774 Y616.015
; Coordinate transform: (520.37,272.33) -> (171.84,613.33)
G1 X171.838 Y613.329
; Coordinate transform: (523.56,279.38) -> (173.03,610.70)
G1 X173.026 Y610.702
; Coordinate transform: (527.02,286.40) -> (174.32,608.08)
G1 X174.316 Y608.081
; Coordinate transform: (530.70,293.62) -> (175.69,605.39)
G1 X175.689 Y605.389
; Coordinate transform: (534.53,301.26) -> (177.12,602.54)
G1 X177.119 Y602.542
; Coordinate transform: (538.45,309.53) -> (178.58,599.46)
G1 X178.581 Y599.457
; Coordinate transform: (542.38,318.67) -> (180.05,596.05)
G1 X180.046 Y596.047
; Coordinate transform: (546.22,328.89) -> (181.48,592.23)
G1 X181.477 Y592.234
; Coordinate transform: (549.86,340.33) -> (182.84,587.97)
G1 X182.837 Y587.968
; Coordinate transform: (553.24,353.05) -> (184.10,583.22)
G1 X184.095 Y583.225
; Coordinate transform: (556.32,366.98) -> (185.24,578.03)
G1 X185.245 Y578.030
; Coordinate transform: (559.17,381.89) -> (186.31,572.47)
G1 X186.307 Y572.469
; Coordinate transform: (561.90,397.44) -> (187.33,566.67)
G1 X187.326 Y566.672
; Coordinate transform: (564.67,413.25) -> (188.36,560.77)
G1 X188.360 Y560.772
; Coordinate transform: (567.62,429.05) -> (189.46,554.88)
G1 X189.457 Y554.879
; Coordinate transform: (570.81,444.57) -> (190.65,549.09)
G1 X190.649 Y549.093
; Coordinate transform: (574.27,459.57) -> (191.94,543.50)
G1 X191.938 Y543.498
; Coordinate transform: (577.93,473.89) -> (193.30,538.16)
G1 X193.303 Y538.156
; Coordinate transform: (581.76,487.62) -> (194.73,533.04)
G1 X194.732 Y533.039
; Coordinate transform: (585.76,500.88) -> (196.23,528.09)
G1 X196.225 Y528.094
; Coordinate transform: (589.86,513.65) -> (197.75,523.33)
G1 X197.753 Y523.330
; Coordinate transform: (593.93,525.81) -> (199.27,518.79)
G1 X199.272 Y518.794
; Coordinate transform: (597.63,537.28) -> (200.65,514.52)
G1 X200.653 Y514.515
; Coordinate transform: (600.99,548.10) -> (201.90,510.48)
G1 X201.905 Y510.482
; Coordinate transform: (604.16,558.19) -> (203.09,506.72)
G1 X203.087 Y506.718
; Coordinate transform: (607.23,567.51) -> (204.23,503.24)
G1 X204.230 Y503.243
; Coordinate transform: (610.28,575.92) -> (205.37,500.10)
G1 X205.369 Y500.105
; Coordinate transform: (613.43,583.39) -> (206.54,497.32)
G1 X206.545 Y497.320
; Coordinate transform: (616.80,589.93) -> (207.80,494.88)
G1 X207.802 Y494.878
; Coordinate transform: (620.50,595.69) -> (209.18,492.73)
G1 X209.182 Y492.734
; Coordinate transform: (624.63,600.82) -> (210.72,490.82)
G1 X210.722 Y490.819
; Coordinate transform: (629.29,605.51) -> (212.46,489.07)
G1 X212.461 Y489.070
; Coordinate transform: (634.59,609.99) -> (214.44,487.40)
G1 X214.436 Y487.397
; Coordinate transform: (640.59,614.48) -> (216.67,485.72)
G1 X216.674 Y485.723
; Coordinate transform: (647.38,619.20) -> (219.21,483.97)
G1 X219.206 Y483.965
; Coordinate transform: (655.00,624.26) -> (222.05,482.08)
G1 X222.047 Y482.075
; Coordinate transform: (663.46,629.80) -> (225.20,480.01)
G1 X225.204 Y480.012
; Coordinate transform: (672.78,635.89) -> (228.68,477.74)
G1 X228.678 Y477.738
; Coordinate transform: (682.92,642.55) -> (232.46,475.26)
G1 X232.462 Y475.256
; Coordinate transform: (693.81,649.73) -> (236.52,472.58)
G1 X236.523 Y472.579
; Coordinate transform: (705.29,657.35) -> (240.80,469.74)
G1 X240.804 Y469.736
; Coordinate transform: (717.18,665.30) -> (245.24,466.77)
G1 X245.238 Y466.769
; Coordinate transform: (729.30,673.39) -> (249.76,463.75)
G1 X249.757 Y463.752
; Coordinate transform: (741.44,681.49) -> (254.29,460.73)
G1 X254.285 Y460.732
; Coordinate transform: (753.48,689.46) -> (258.78,457.76)
G1 X258.776 Y457.762
; Coordinate transform: (765.34,697.18) -> (263.20,454.88)
G1 X263.197 Y454.881
; Coordinate transform: (776.92,704.54) -> (267.52,452.14)
G1 X267.519 Y452.137
; Coordinate transform: (788.16,711.39) -> (271.71,449.58)
G1 X271.710 Y449.580
; Coordinate transform: (798.96,717.61) -> (275.74,447.26)
G1 X275.737 Y447.260
; Coordinate transform: (809.28,723.12) -> (279.59,445.21)
G1 X279.586 Y445.209
; Coordinate transform: (819.14,727.84) -> (283.27,443.45)
G1 X283.265 Y443.445
; Coordinate transform: (828.61,731.83) -> (286.80,441.96)
G1 X286.797 Y441.960
; Coordinate transform: (837.78,735.17) -> (290.22,440.71)
G1 X290.215 Y440.712
; Coordinate transform: (846.76,738.02) -> (293.57,439.65)
G1 X293.565 Y439.650
; Coordinate transform: (855.69,740.54) -> (296.90,438.71)
G1 X296.895 Y438.709
; Coordinate transform: (864.70,742.93) -> (300.26,437.82)
G1 X300.256 Y437.817
; Coordinate transform: (873.95,745.39) -> (303.70,436.90)
G1 X303.704 Y436.902
; Coordinate transform: (883.54,748.07) -> (307.28,435.90)
G1 X307.282 Y435.900
; Coordinate transform: (893.58,751.14) -> (311.03,434.76)
G1 X311.026 Y434.756
; Coordinate transform: (904.11,754.69) -> (314.95,433.43)
G1 X314.953 Y433.434
; Coordinate transform: (915.12,758.76) -> (319.06,431.92)
G1 X319.058 Y431.915
; Coordinate transform: (926.55,763.35) -> (323.32,430.20)
G1 X323.324 Y430.203
; Coordinate transform: (938.34,768.38) -> (327.72,428.33)
G1 X327.719 Y428.328
; Coordinate transform: (950.33,773.71) -> (332.19,426.34)
G1 X332.193 Y426.341
; Coordinate transform: (962.40,779.20) -> (336.69,424.29)
G1 X336.694 Y424.290
; Coordinate transform: (974.42,784.76) -> (341.18,422.22)
G1 X341.176 Y422.217
; Coordinate transform: (986.29,790.33) -> (345.60,420.14)
G1 X345.605 Y420.141
; Coordinate transform: (997.97,795.88) -> (349.96,418.07)
G1 X349.960 Y418.070
; Coordinate transform: (1009.41,801.40) -> (354.23,416.01)
G1 X354.226 Y416.012
; Coordinate transform: (1020.54,806.86) -> (358.38,413.98)
G1 X358.377 Y413.976
; Coordinate transform: (1031.27,812.21) -> (362.38,411.98)
G1 X362.378 Y411.980
; Coordinate transform: (1041.36,817.44) -> (366.14,410.03)
G1 X366.142 Y410.029
; Coordinate transform: (1050.74,822.26) -> (369.64,408.23)
G1 X369.640 Y408.233
; Coordinate transform: (1059.26,826.49) -> (372.82,406.65)
G1 X372.817 Y406.654
; Coordinate transform: (1066.85,830.02) -> (375.65,405.34)
G1 X375.648 Y405.336
; Coordinate transform: (1073.52,832.81) -> (378.14,404.30)
G1 X378.136 Y404.299
; Coordinate transform: (1079.31,834.84) -> (380.30,403.54)
G1 X380.295 Y403.539
; Coordinate transform: (1084.33,836.17) -> (382.17,403.05)
G1 X382.167 Y403.045
; Coordinate transform: (1088.64,836.82) -> (383.77,402.80)
G1 X383.775 Y402.800
; Coordinate transform: (1092.32,836.84) -> (385.15,402.80)
G1 X385.147 Y402.795
; Coordinate transform: (1095.43,836.23) -> (386.31,403.02)
G1 X386.307 Y403.022
; Coordinate transform: (1098.04,835.01) -> (387.28,403.48)
G1 X387.281 Y403.476
; Coordinate transform: (1100.24,833.18) -> (388.10,404.16)
G1 X388.101 Y404.158
; Coordinate transform: (1102.08,830.71) -> (388.79,405.08)
G1 X388.787 Y405.081
; Coordinate transform: (1103.62,827.53) -> (389.36,406.26)
G1 X389.362 Y406.265
; Coordinate transform: (1104.90,823.58) -> (389.84,407.74)
G1 X389.839 Y407.738
; Coordinate transform: (1105.99,818.75) -> (390.25,409.54)
G1 X390.246 Y409.540
; Coordinate transform: (1106.96,812.93) -> (390.61,411.71)
G1 X390.607 Y411.712
; Coordinate transform: (1107.82,806.05) -> (390.93,414.28)
G1 X390.928 Y414.278
; Coordinate transform: (1108.61,798.01) -> (391.22,417.28)
G1 X391.223 Y417.277
; Coordinate transform: (1109.33,788.87) -> (391.49,420.69)
G1 X391.491 Y420.686
; Coordinate transform: (1109.94,778.68) -> (391.72,424.49)
G1 X391.719 Y424.487
; Coordinate transform: (1110.47,767.52) -> (391.92,428.65)
G1 X391.916 Y428.648
; Coordinate transform: (1110.94,755.48) -> (392.09,433.14)
G1 X392.092 Y433.139
; Coordinate transform: (1111.43,742.64) -> (392.27,437.93)
G1 X392.274 Y437.925
; Coordinate transform: (1112.08,729.15) -> (392.52,442.96)
G1 X392.517 Y442.959
; Coordinate transform: (1113.01,715.14) -> (392.86,448.18)
G1 X392.864 Y448.182
; Coordinate transform: (1114.37,700.79) -> (393.37,453.53)
G1 X393.371 Y453.534
; Coordinate transform: (1116.16,686.22) -> (394.04,458.97)
G1 X394.038 Y458.968
; Coordinate transform: (1118.36,671.54) -> (394.86,464.44)
G1 X394.859 Y464.442
; Coordinate transform: (1120.87,656.87) -> (395.80,469.92)
G1 X395.795 Y469.916
; Coordinate transform: (1123.61,642.32) -> (396.82,475.34)
G1 X396.817 Y475.343
; Coordinate transform: (1126.54,628.03) -> (397.91,480.67)
G1 X397.910 Y480.671
; Coordinate transform: (1129.61,614.18) -> (399.05,485.84)
G1 X399.055 Y485.838
; Coordinate transform: (1132.80,600.95) -> (400.24,490.77)
G1 X400.244 Y490.772
; Coordinate transform: (1136.02,588.55) -> (401.45,495.40)
G1 X401.445 Y495.396
; Coordinate transform: (1139.20,577.19) -> (402.63,499.63)
G1 X402.631 Y499.633
; Coordinate transform: (1142.25,567.09) -> (403.77,503.40)
G1 X403.769 Y503.397
; Coordinate transform: (1145.09,558.47) -> (404.83,506.61)
G1 X404.828 Y506.612
; Coordinate transform: (1147.63,551.48) -> (405.78,509.22)
G1 X405.775 Y509.219
; Coordinate transform: (1149.83,546.19) -> (406.60,511.19)
G1 X406.596 Y511.192
; Coordinate transform: (1151.66,542.62) -> (407.28,512.52)
G1 X407.278 Y512.525
; Coordinate transform: (1153.15,540.74) -> (407.83,513.23)
G1 X407.834 Y513.228
; Coordinate transform: (1154.35,540.48) -> (408.28,513.32)
G1 X408.282 Y513.325
; Coordinate transform: (1155.28,541.77) -> (408.63,512.84)
G1 X408.628 Y512.842
; Coordinate transform: (1156.00,544.57) -> (408.90,511.80)
G1 X408.897 Y511.799
; Coordinate transform: (1156.54,548.79) -> (409.10,510.22)
G1 X409.098 Y510.222
; Coordinate transform: (1156.94,554.42) -> (409.25,508.12)
G1 X409.247 Y508.125
; Coordinate transform: (1157.22,561.41) -> (409.35,505.52)
G1 X409.352 Y505.516
; Coordinate transform: (1157.39,569.73) -> (409.42,502.42)
G1 X409.415 Y502.416
; Coordinate transform: (1157.44,579.29) -> (409.43,498.85)
G1 X409.434 Y498.847
; Coordinate transform: (1157.36,590.03) -> (409.40,494.84)
G1 X409.404 Y494.843
; Coordinate transform: (1157.12,601.83) -> (409.31,490.44)
G1 X409.315 Y490.443
; Coordinate transform: (1156.69,614.52) -> (409.15,485.71)
G1 X409.154 Y485.710
; Coordinate transform: (1156.06,627.82) -> (408.92,480.75)
G1 X408.919 Y480.748
; Coordinate transform: (1155.24,641.44) -> (408.61,475.67)
G1 X408.613 Y475.668
; Coordinate transform: (1154.26,655.09) -> (408.25,470.58)
G1 X408.248 Y470.580
; Coordinate transform: (1153.16,668.57) -> (407.84,465.55)
G1 X407.838 Y465.550
; Coordinate transform: (1152.00,681.83) -> (407.41,460.61)
G1 X407.405 Y460.606
; Coordinate transform: (1150.90,694.81) -> (406.99,455.77)
G1 X406.995 Y455.766
; Coordinate transform: (1150.03,707.40) -> (406.67,451.07)
G1 X406.670 Y451.070
; Coordinate transform: (1149.50,719.39) -> (406.47,446.60)
G1 X406.473 Y446.599
; Coordinate transform: (1149.39,730.50) -> (406.43,442.45)
G1 X406.432 Y442.453
; Coordinate transform: (1149.69,740.57) -> (406.54,438.70)
G1 X406.544 Y438.700
; Coordinate transform: (1150.40,749.52) -> (406.81,435.36)
G1 X406.808 Y435.360
; Coordinate transform: (1151.52,757.42) -> (407.23,432.42)
G1 X407.226 Y432.416
; Coordinate transform: (1153.07,764.39) -> (407.80,429.81)
G1 X407.804 Y429.813
; Coordinate transform: (1155.07,770.62) -> (408.55,427.49)
G1 X408.550 Y427.492
; Coordinate transform: (1157.55,776.28) -> (409.47,425.38)
G1 X409.475 Y425.379
; Coordinate transform: (1160.54,781.59) -> (410.59,423.40)
G1 X410.590 Y423.401
; Coordinate transform: (1164.00,786.61) -> (411.88,421.53)
G1 X411.881 Y421.529
; Coordinate transform: (1167.89,791.44) -> (413.33,419.73)
G1 X413.331 Y419.725
; Coordinate transform: (1172.13,796.21) -> (414.91,417.95)
G1 X414.913 Y417.948
; Coordinate transform: (1176.68,800.97) -> (416.61,416.17)
G1 X416.610 Y416.173
; Coordinate transform: (1181.52,805.76) -> (418.41,414.39)
G1 X418.415 Y414.387
; Coordinate transform: (1186.52,810.69) -> (420.28,412.55)
G1 X420.279 Y412.548
; Coordinate transform: (1191.65,815.78) -> (422.19,410.65)
G1 X422.193 Y410.649
; Coordinate transform: (1196.74,821.03) -> (424.09,408.69)
G1 X424.091 Y408.691
; Coordinate transform: (1201.58,826.52) -> (425.90,406.64)
G1 X425.896 Y406.644
; Coordinate transform: (1206.05,832.30) -> (427.56,404.49)
G1 X427.563 Y404.486
; Coordinate transform: (1210.10,838.48) -> (429.07,402.18)
G1 X429.074 Y402.182
; Coordinate transform: (1213.69,845.16) -> (430.41,399.69)
G1 X430.413 Y399.692
; Coordinate transform: (1216.83,852.46) -> (431.58,396.97)
G1 X431.584 Y396.969
; Coordinate transform: (1219.66,860.47) -> (432.64,393.98)
G1 X432.639 Y393.982
; Coordinate transform: (1222.50,869.15) -> (433.70,390.75)
G1 X433.698 Y390.746
; Coordinate transform: (1225.59,878.45) -> (434.85,387.27)
G1 X434.851 Y387.275
; Coordinate transform: (1229.22,888.30) -> (436.20,383.60)
G1 X436.204 Y383.601
; Coordinate transform: (1233.65,898.42) -> (437.86,379.83)
G1 X437.857 Y379.828
; Coordinate transform: (1239.12,908.53) -> (439.90,376.06)
G1 X439.897 Y376.058
; Coordinate transform: (1245.80,918.40) -> (442.39,372.38)
G1 X442.388 Y372.377
; Coordinate transform: (1253.74,928.03) -> (445.35,368.79)
G1 X445.349 Y368.786
; Coordinate transform: (1262.60,937.43) -> (448.65,365.28)
G1 X448.654 Y365.280
; Coordinate transform: (1271.96,946.68) -> (452.14,361.83)
G1 X452.144 Y361.828
; Coordinate transform: (1281.58,955.78) -> (455.73,358.44)
G1 X455.732 Y358.436
; Coordinate transform: (1291.34,964.67) -> (459.37,355.12)
G1 X459.372 Y355.119
; Coordinate transform: (1301.28,973.40) -> (463.08,351.86)
G1 X463.079 Y351.865
; Coordinate transform: (1311.42,981.97) -> (466.86,348.67)
G1 X466.861 Y348.668
; Coordinate transform: (1321.67,990.34) -> (470.68,345.55)
G1 X470.684 Y345.546
; Coordinate transform: (1332.00,998.54) -> (474.54,342.49)
G1 X474.537 Y342.490
; Coordinate transform: (1342.40,1006.60) -> (478.42,339.48)
G1 X478.415 Y339.482
; Coordinate transform: (1352.73,1014.56) -> (482.27,336.51)
G1 X482.268 Y336.513
; Coordinate transform: (1362.94,1022.40) -> (486.08,333.59)
G1 X486.076 Y333.589
; Coordinate transform: (1373.07,1030.03) -> (489.85,330.74)
G1 X489.854 Y330.744
; Coordinate transform: (1383.43,1037.37) -> (493.72,328.01)
G1 X493.718 Y328.006
; Coordinate transform: (1394.16,1044.25) -> (497.72,325.44)
G1 X497.719 Y325.440
; Coordinate transform: (1405.23,1050.66) -> (501.85,323.05)
G1 X501.848 Y323.050
; Coordinate transform: (1416.47,1056.75) -> (506.04,320.78)
G1 X506.040 Y320.778
; Coordinate transform: (1427.72,1062.67) -> (510.24,318.57)
G1 X510.236 Y318.571
; Coordinate transform: (1438.79,1068.37) -> (514.36,316.44)
G1 X514.364 Y316.445
; Coordinate transform: (1449.53,1073.77) -> (518.37,314.43)
G1 X518.370 Y314.431
; Coordinate transform: (1459.81,1078.73) -> (522.20,312.58)
G1 X522.204 Y312.581
; Coordinate transform: (1469.70,1083.30) -> (525.89,310.88)
G1 X525.892 Y310.877
; Coordinate transform: (1479.40,1087.55) -> (529.51,309.29)
G1 X529.510 Y309.292
; Coordinate transform: (1489.14,1091.59) -> (533.14,307.78)
G1 X533.142 Y307.785
; Coordinate transform: (1498.82,1095.38) -> (536.75,306.37)
G1 X536.753 Y306.371
; Coordinate transform: (1508.38,1098.90) -> (540.32,305.06)
G1 X540.318 Y305.059
; Coordinate transform: (1517.75,1102.18) -> (543.81,303.84)
G1 X543.813 Y303.835
; Coordinate transform: (1526.93,1105.21) -> (547.24,302.71)
G1 X547.236 Y302.705
; Coordinate transform: (1535.93,1107.99) -> (550.59,301.67)
G1 X550.593 Y301.668
; Coordinate transform: (1544.82,1110.47) -> (553.91,300.74)
G1 X553.908 Y300.743
; Coordinate transform: (1553.81,1112.59) -> (557.26,299.95)
G1 X557.261 Y299.953
; Coordinate transform: (1563.17,1114.29) -> (560.75,299.32)
G1 X560.752 Y299.319
; Coordinate transform: (1572.88,1115.59) -> (564.37,298.83)
G1 X564.373 Y298.834
; Coordinate transform: (1582.83,1116.57) -> (568.08,298.47)
G1 X568.084 Y298.468
; Coordinate transform: (1592.83,1117.34) -> (571.81,298.18)
G1 X571.814 Y298.181
; Coordinate transform: (1602.84,1117.94) -> (575.55,297.96)
G1 X575.547 Y297.957
; Coordinate transform: (1613.01,1118.32) -> (579.34,297.82)
G1 X579.340 Y297.816
; Coordinate transform: (1623.56,1118.41) -> (583.27,297.78)
G1 X583.275 Y297.782
; Coordinate transform: (1634.63,1118.15) -> (587.40,297.88)
G1 X587.403 Y297.879
; Coordinate transform: (1646.02,1117.62) -> (591.65,298.08)
G1 X591.651 Y298.077
; Coordinate transform: (1657.43,1116.87) -> (595.91,298.36)
G1 X595.907 Y298.357
; Coordinate transform: (1668.59,1115.90) -> (600.07,298.72)
G1 X600.069 Y298.718
; Coordinate transform: (1679.46,1114.55) -> (604.12,299.22)
G1 X604.123 Y299.222
; Coordinate transform: (1690.19,1112.62) -> (608.12,299.94)
G1 X608.125 Y299.942
; Coordinate transform: (1701.05,1110.04) -> (612.17,300.90)
G1 X612.175 Y300.904
; Coordinate transform: (1712.50,1106.87) -> (616.45,302.09)
G1 X616.445 Y302.086
; Coordinate transform: (1725.69,1103.30) -> (621.36,303.42)
G1 X621.364 Y303.418
; Coordinate transform: (1740.77,1099.40) -> (626.99,304.87)
G1 X626.988 Y304.872
; Coordinate transform: (1756.30,1095.11) -> (632.78,306.47)
G1 X632.780 Y306.472
; Coordinate transform: (1771.43,1090.46) -> (638.42,308.21)
G1 X638.423 Y308.206
; Coordinate transform: (1786.10,1085.58) -> (643.89,310.03)
G1 X643.894 Y310.026
; Coordinate transform: (1800.34,1080.65) -> (649.21,311.86)
G1 X649.205 Y311.865
; Coordinate transform: (1814.12,1075.85) -> (654.34,313.66)
G1 X654.345 Y313.655
; Coordinate transform: (1827.38,1071.43) -> (659.29,315.30)
G1 X659.290 Y315.304
; Coordinate transform: (1840.01,1067.59) -> (664.00,316.74)
G1 X664.000 Y316.736
; Coordinate transform: (1852.18,1064.47) -> (668.54,317.90)
G1 X668.539 Y317.899
; Coordinate transform: (1864.00,1062.13) -> (672.95,318.77)
G1 X672.947 Y318.772
; Coordinate transform: (1874.89,1060.61) -> (677.01,319.34)
G1 X677.009 Y319.339
; Coordinate transform: (1883.34,1059.93) -> (680.16,319.59)
G1 X680.160 Y319.592
; Coordinate transform: (1888.52,1059.92) -> (682.09,319.60)
G1 X682.092 Y319.596
; Coordinate transform: (1890.55,1060.42) -> (682.85,319.41)
G1 X682.849 Y319.410
; Coordinate transform: (1889.59,1061.38) -> (682.49,319.05)
G1 X682.491 Y319.052
; Coordinate transform: (1885.79,1062.80) -> (681.07,318.52)
G1 X681.074 Y318.522
; Coordinate transform: (1879.32,1064.77) -> (678.66,317.79)
G1 X678.661 Y317.787
; Coordinate transform: (1870.39,1067.56) -> (675.33,316.75)
G1 X675.331 Y316.747
; Coordinate transform: (1860.39,1071.22) -> (671.60,315.38)
G1 X671.601 Y315.382
; Coordinate transform: (1850.61,1075.80) -> (667.95,313.67)
G1 X667.954 Y313.674
; Coordinate transform: (1840.98,1081.34) -> (664.36,311.61)
G1 X664.362 Y311.608
; Coordinate transform: (1831.40,1087.88) -> (660.79,309.17)
G1 X660.789 Y309.168
; Coordinate transform: (1821.76,1095.42) -> (657.19,306.36)
G1 X657.194 Y306.356
; Coordinate transform: (1812.30,1103.91) -> (653.67,303.19)
G1 X653.666 Y303.190
; Coordinate transform: (1803.23,1113.31) -> (650.28,299.68)
G1 X650.283 Y299.684
; Coordinate transform: (1794.74,1123.65) -> (647.12,295.83)
G1 X647.117 Y295.828
; Coordinate transform: (1786.97,1134.85) -> (644.22,291.65)
G1 X644.219 Y291.651
; Coordinate transform: (1780.07,1146.81) -> (641.65,287.19)
G1 X641.646 Y287.190
; Coordinate transform: (1774.12,1159.38) -> (639.43,282.50)
G1 X639.426 Y282.502
; Coordinate transform: (1769.15,1172.36) -> (637.57,277.66)
G1 X637.573 Y277.661
; Coordinate transform: (1765.12,1185.52) -> (636.07,272.75)
G1 X636.070 Y272.753
; Coordinate transform: (1761.93,1198.64) -> (634.88,267.86)
G1 X634.880 Y267.860
; Coordinate transform: (1759.41,1211.62) -> (633.94,263.02)
G1 X633.940 Y263.019
; Coordinate transform: (1757.37,1224.41) -> (633.18,258.25)
G1 X633.179 Y258.249
; Coordinate transform: (1755.60,1237.01) -> (632.52,253.55)
G1 X632.519 Y253.550
; Coordinate transform: (1753.87,1249.51) -> (631.87,248.89)
G1 X631.874 Y248.888
; Coordinate transform: (1751.99,1261.97) -> (631.17,244.24)
G1 X631.173 Y244.241
; Coordinate transform: (1749.80,1274.50) -> (630.36,239.57)
G1 X630.356 Y239.568
; Coordinate transform: (1747.14,1287.15) -> (629.36,234.85)
G1 X629.364 Y234.850
; Coordinate transform: (1743.92,1299.95) -> (628.16,230.08)
G1 X628.163 Y230.076
; Coordinate transform: (1740.09,1312.93) -> (626.73,225.24)
G1 X626.735 Y225.235
; Coordinate transform: (1735.71,1326.06) -> (625.10,220.34)
G1 X625.101 Y220.339
; Coordinate transform: (1730.91,1339.29) -> (623.31,215.40)
G1 X623.311 Y215.404
; Coordinate transform: (1725.82,1352.56) -> (621.41,210.46)
G1 X621.413 Y210.455
; Coordinate transform: (1720.60,1365.75) -> (619.47,205.54)
G1 X619.466 Y205.536
; Coordinate transform: (1715.34,1378.75) -> (617.50,200.69)
G1 X617.504 Y200.688
; Coordinate transform: (1710.11,1391.48) -> (615.55,195.94)
G1 X615.554 Y195.940
; Coordinate transform: (1704.92,1403.98) -> (613.62,191.28)
G1 X613.618 Y191.278
; Coordinate transform: (1699.79,1416.31) -> (611.70,186.68)
G1 X611.705 Y186.680
; Coordinate transform: (1694.71,1428.50) -> (609.81,182.13)
G1 X609.810 Y182.133
; Coordinate transform: (1689.71,1440.53) -> (607.95,177.65)
G1 X607.945 Y177.647
; Coordinate transform: (1684.78,1452.37) -> (606.11,173.23)
G1 X606.107 Y173.231
; Coordinate transform: (1679.90,1463.97) -> (604.29,168.90)
G1 X604.287 Y168.905
; Coordinate transform: (1675.04,1475.31) -> (602.47,164.68)
G1 X602.474 Y164.675
; Coordinate transform: (1670.18,1486.39) -> (600.66,160.54)
G1 X600.662 Y160.543
; Coordinate transform: (1665.31,1497.23) -> (598.85,156.50)
G1 X598.845 Y156.500
; Coordinate transform: (1660.44,1507.90) -> (597.03,152.52)
G1 X597.029 Y152.521
; Coordinate transform: (1655.58,1518.46) -> (595.22,148.58)
G1 X595.217 Y148.582
; Coordinate transform: (1650.74,1528.96) -> (593.41,144.67)
G1 X593.412 Y144.666
; Coordinate transform: (1645.95,1539.43) -> (591.63,140.76)
G1 X591.625 Y140.762
; Coordinate transform: (1641.21,1549.87) -> (589.86,136.87)
G1 X589.857 Y136.868
; Coordinate transform: (1636.50,1560.30) -> (588.10,132.98)
G1 X588.101 Y132.978
; Coordinate transform: (1631.82,1570.71) -> (586.36,129.10)
G1 X586.355 Y129.096
; Coordinate transform: (1627.18,1581.12) -> (584.62,125.21)
G1 X584.625 Y125.213
; Coordinate transform: (1622.55,1591.56) -> (582.90,121.32)
G1 X582.898 Y121.320
; Coordinate transform: (1617.92,1601.96) -> (581.17,117.44)
G1 X581.171 Y117.441
; Coordinate transform: (1613.28,1612.29) -> (579.44,113.59)
G1 X579.441 Y113.588
; Coordinate transform: (1608.63,1622.47) -> (577.71,109.79)
G1 X577.706 Y109.792
; Coordinate transform: (1604.00,1632.41) -> (575.98,106.08)
G1 X575.980 Y106.084
; Coordinate transform: (1599.43,1641.99) -> (574.28,102.51)
G1 X574.275 Y102.512
; Coordinate transform: (1594.90,1651.09) -> (572.59,99.12)
G1 X572.586 Y99.118
; Coordinate transform: (1590.47,1659.61) -> (570.93,95.94)
G1 X570.934 Y95.940
; Coordinate transform: (1586.15,1667.53) -> (569.32,92.99)
G1 X569.323 Y92.986
; Coordinate transform: (1581.94,1674.87) -> (567.75,90.25)
G1 X567.752 Y90.249
; Coordinate transform: (1577.82,1681.67) -> (566.22,87.71)
G1 X566.216 Y87.713
; Coordinate transform: (1573.80,1687.98) -> (564.72,85.36)
G1 X564.717 Y85.360
; Coordinate transform: (1569.82,1693.86) -> (563.23,83.17)
G1 X563.232 Y83.167
; Coordinate transform: (1565.82,1699.43) -> (561.74,81.09)
G1 X561.740 Y81.089
; Coordinate transform: (1561.75,1704.86) -> (560.22,79.06)
G1 X560.222 Y79.064
; Coordinate transform: (1557.53,1710.28) -> (558.65,77.04)
G1 X558.649 Y77.043
; Coordinate transform: (1553.08,1715.88) -> (556.99,74.95)
G1 X556.989 Y74.954
; Coordinate transform: (1548.32,1721.84) -> (555.21,72.73)
G1 X555.214 Y72.731
; Coordinate transform: (1543.18,1728.33) -> (553.30,70.31)
G1 X553.297 Y70.311
; Coordinate transform: (1537.61,1735.51) -> (551.22,67.63)
G1 X551.219 Y67.633
; Coordinate transform: (1531.54,1743.46) -> (548.96,64.67)
G1 X548.956 Y64.668
; Coordinate transform: (1524.98,1752.26) -> (546.51,61.39)
G1 X546.509 Y61.386
; Coordinate transform: (1517.95,1761.80) -> (543.89,57.83)
G1 X543.887 Y57.828
; Coordinate transform: (1510.51,1771.91) -> (541.11,54.06)
G1 X541.112 Y54.058
; Coordinate transform: (1502.74,1782.33) -> (538.21,50.17)
G1 X538.215 Y50.171
; Coordinate transform: (1494.65,1792.53) -> (535.20,46.37)
G1 X535.197 Y46.367
; Coordinate transform: (1486.25,1802.10) -> (532.06,42.80)
G1 X532.065 Y42.798
; Coordinate transform: (1477.57,1810.62) -> (528.83,39.62)
G1 X528.827 Y39.621
; Coordinate transform: (1468.68,1818.02) -> (525.51,36.86)
G1 X525.512 Y36.861
; Coordinate transform: (1459.74,1824.19) -> (522.18,34.56)
G1 X522.178 Y34.560
; Coordinate transform: (1450.93,1829.32) -> (518.89,32.65)
G1 X518.892 Y32.646
; Coordinate transform: (1442.36,1833.40) -> (515.70,31.12)
G1 X515.696 Y31.125
; Coordinate transform: (1434.15,1836.44) -> (512.63,29.99)
G1 X512.634 Y29.991
; Coordinate transform: (1426.44,1838.44) -> (509.76,29.25)
G1 X509.758 Y29.245
; Coordinate transform: (1419.36,1839.37) -> (507.12,28.90)
G1 X507.118 Y28.898
; Coordinate transform: (1412.96,1839.16) -> (504.73,28.98)
G1 X504.731 Y28.977
; Coordinate transform: (1407.23,1837.75) -> (502.59,29.50)
G1 X502.594 Y29.502
; Coordinate transform: (1402.13,1835.07) -> (500.69,30.50)
G1 X500.692 Y30.502
; Coordinate transform: (1397.57,1831.12) -> (498.99,31.98)
G1 X498.991 Y31.975
; Coordinate transform: (1393.44,1825.93) -> (497.45,33.91)
G1 X497.451 Y33.911
; Coordinate transform: (1389.72,1819.72) -> (496.06,36.23)
G1 X496.063 Y36.227
; Coordinate transform: (1386.39,1812.69) -> (494.82,38.85)
G1 X494.821 Y38.849
; Coordinate transform: (1383.41,1804.92) -> (493.71,41.75)
G1 X493.710 Y41.746
; Coordinate transform: (1380.68,1796.37) -> (492.69,44.94)
G1 X492.692 Y44.935
; Coordinate transform: (1378.14,1787.05) -> (491.74,48.41)
G1 X491.745 Y48.411
; Coordinate transform: (1375.72,1776.99) -> (490.84,52.16)
G1 X490.842 Y52.163
; Coordinate transform: (1373.41,1766.37) -> (489.98,56.12)
G1 X489.981 Y56.124
; Coordinate transform: (1371.21,1755.40) -> (489.16,60.22)
G1 X489.160 Y60.215
; Coordinate transform: (1369.10,1744.33) -> (488.37,64.34)
G1 X488.373 Y64.344
; Coordinate transform: (1366.97,1733.35) -> (487.58,68.44)
G1 X487.579 Y68.439
; Coordinate transform: (1364.65,1722.62) -> (486.71,72.44)
G1 X486.713 Y72.440
; Coordinate transform: (1362.07,1712.26) -> (485.75,76.30)
G1 X485.751 Y76.304
; Coordinate transform: (1359.28,1702.50) -> (484.71,79.94)
G1 X484.711 Y79.944
; Coordinate transform: (1356.88,1694.03) -> (483.82,83.10)
G1 X483.816 Y83.103
; Coordinate transform: (1355.50,1687.47) -> (483.30,85.55)
G1 X483.301 Y85.550
; Coordinate transform: (1355.60,1683.22) -> (483.34,87.13)
G1 X483.338 Y87.135
; Coordinate transform: (1357.32,1681.33) -> (483.98,87.84)
G1 X483.980 Y87.840
; Coordinate transform: (1360.63,1681.59) -> (485.21,87.74)
G1 X485.214 Y87.743
; Coordinate transform: (1365.44,1683.80) -> (487.01,86.92)
G1 X487.008 Y86.918
; Coordinate transform: (1371.51,1687.48) -> (489.27,85.55)
G1 X489.272 Y85.546
; Coordinate transform: (1378.46,1691.98) -> (491.86,83.87)
G1 X491.864 Y83.868
; Coordinate transform: (1385.99,1696.72) -> (494.67,82.10)
G1 X494.672 Y82.100
; Coordinate transform: (1394.16,1701.51) -> (497.72,80.31)
G1 X497.719 Y80.313
; Coordinate transform: (1403.20,1706.40) -> (501.09,78.49)
G1 X501.091 Y78.490
; Coordinate transform: (1413.45,1711.59) -> (504.91,76.55)
G1 X504.914 Y76.554
; Coordinate transform: (1424.99,1717.22) -> (509.22,74.45)
G1 X509.217 Y74.454
; Coordinate transform: (1437.61,1723.27) -> (513.92,72.20)
G1 X513.924 Y72.198
; Coordinate transform: (1450.84,1729.64) -> (518.86,69.82)
G1 X518.858 Y69.822
; Coordinate transform: (1464.14,1736.25) -> (523.82,67.36)
G1 X523.819 Y67.357
; Coordinate transform: (1477.02,1742.97) -> (528.62,64.85)
G1 X528.622 Y64.851
; Coordinate transform: (1489.07,1749.73) -> (533.12,62.33)
G1 X533.116 Y62.330
; Coordinate transform: (1500.18,1756.55) -> (537.26,59.79)
G1 X537.260 Y59.786
; Coordinate transform: (1510.43,1763.57) -> (541.08,57.17)
G1 X541.083 Y57.168
; Coordinate transform: (1520.06,1770.95) -> (544.67,54.42)
G1 X544.674 Y54.416
; Coordinate transform: (1529.35,1778.77) -> (548.14,51.50)
G1 X548.139 Y51.499
; Coordinate transform: (1538.47,1786.74) -> (551.54,48.53)
G1 X551.540 Y48.527
; Coordinate transform: (1547.52,1794.43) -> (554.92,45.66)
G1 X554.915 Y45.659
; Coordinate transform: (1556.65,1801.93) -> (558.32,42.86)
G1 X558.320 Y42.862
; Coordinate transform: (1565.94,1809.40) -> (561.79,40.08)
G1 X561.785 Y40.076
; Coordinate transform: (1575.32,1816.81) -> (565.28,37.31)
G1 X565.283 Y37.312
; Coordinate transform: (1584.64,1824.11) -> (568.76,34.59)
G1 X568.759 Y34.589
; Coordinate transform: (1593.71,1831.35) -> (572.14,31.89)
G1 X572.142 Y31.889
; Coordinate transform: (1602.42,1838.50) -> (575.39,29.22)
G1 X575.390 Y29.223
; Coordinate transform: (1610.91,1845.41) -> (578.56,26.65)
G1 X578.557 Y26.646
; Coordinate transform: (1619.46,1852.20) -> (581.75,24.11)
G1 X581.746 Y24.113
; Coordinate transform: (1628.06,1858.80) -> (584.95,21.65)
G1 X584.953 Y21.652
; Coordinate transform: (1636.65,1865.06) -> (588.16,19.32)
G1 X588.157 Y19.317
; Coordinate transform: (1645.11,1870.26) -> (591.31,17.38)
G1 X591.312 Y17.378
; Coordinate transform: (1653.35,1873.72) -> (594.38,16.09)
G1 X594.385 Y16.087
; Coordinate transform: (1661.28,1875.06) -> (597.34,15.59)
G1 X597.342 Y15.588
; Coordinate transform: (1668.86,1874.21) -> (600.17,15.90)
G1 X600.169 Y15.905
; Coordinate transform: (1676.12,1871.35) -> (602.88,16.97)
G1 X602.877 Y16.971
; Coordinate transform: (1683.25,1866.80) -> (605.54,18.67)
G1 X605.536 Y18.668
; Coordinate transform: (1690.41,1860.89) -> (608.21,20.87)
G1 X608.207 Y20.872
; Coordinate transform: (1697.76,1854.01) -> (610.95,23.44)
G1 X610.948 Y23.438
; Coordinate transform: (1705.36,1846.54) -> (613.78,26.22)
G1 X613.782 Y26.224
; Coordinate transform: (1713.19,1838.87) -> (616.70,29.08)
G1 X616.702 Y29.085
; Coordinate transform: (1721.31,1831.10) -> (619.73,31.98)
G1 X619.731 Y31.983
; Coordinate transform: (1729.70,1823.17) -> (622.86,34.94)
G1 X622.860 Y34.940
; Coordinate transform: (1738.27,1815.02) -> (626.06,37.98)
G1 X626.056 Y37.980
; Coordinate transform: (1746.83,1806.65) -> (629.25,41.10)
G1 X629.249 Y41.101
; Coordinate transform: (1755.46,1798.13) -> (632.47,44.28)
G1 X632.467 Y44.279
; Coordinate transform: (1764.23,1789.49) -> (635.74,47.50)
G1 X635.738 Y47.501
; Coordinate transform: (1773.03,1781.00) -> (639.02,50.67)
G1 X639.020 Y50.667
; Coordinate transform: (1781.81,1772.79) -> (642.29,53.73)
G1 X642.294 Y53.729
; Coordinate transform: (1790.60,1764.77) -> (645.57,56.72)
G1 X645.573 Y56.720
; Coordinate transform: (1799.53,1756.74) -> (648.90,59.72)
G1 X648.903 Y59.715
; Coordinate transform: (1808.73,1748.58) -> (652.33,62.76)
G1 X652.334 Y62.759
; Coordinate transform: (1818.16,1740.35) -> (655.85,65.83)
G1 X655.851 Y65.828
; Coordinate transform: (1827.68,1732.08) -> (659.40,68.91)
G1 X659.402 Y68.912
; Coordinate transform: (1837.19,1723.69) -> (662.95,72.04)
G1 X662.949 Y72.041
; Coordinate transform: (1846.69,1715.16) -> (666.49,75.22)
G1 X666.492 Y75.223
; Coordinate transform: (1856.09,1706.53) -> (670.00,78.44)
G1 X669.997 Y78.441
; Coordinate transform: (1864.91,1697.61) -> (673.29,81.77)
G1 X673.287 Y81.768
; Coordinate transform: (1872.40,1688.07) -> (676.08,85.33)
G1 X676.080 Y85.326
; Coordinate transform: (1877.62,1677.68) -> (678.03,89.20)
G1 X678.027 Y89.201
; Coordinate transform: (1879.91,1666.61) -> (678.88,93.33)
G1 X678.881 Y93.330
; Coordinate transform: (1879.28,1655.24) -> (678.65,97.57)
G1 X678.646 Y97.570
; Coordinate transform: (1875.81,1643.83) -> (677.35,101.83)
G1 X677.352 Y101.825
; Coordinate transform: (1869.72,1632.35) -> (675.08,106.11)
G1 X675.081 Y106.107
; Coordinate transform: (1862.12,1620.91) -> (672.25,110.37)
G1 X672.246 Y110.373
; Coordinate transform: (1854.45,1609.74) -> (669.39,114.54)
G1 X669.386 Y114.539
; Coordinate transform: (1847.35,1599.01) -> (666.74,118.54)
G1 X666.738 Y118.541
; Coordinate transform: (1841.02,1588.75) -> (664.38,122.37)
G1 X664.377 Y122.368
; Coordinate transform: (1835.41,1578.88) -> (662.28,126.05)
G1 X662.285 Y126.049
; Coordinate transform: (1830.35,1569.29) -> (660.40,129.63)
G1 X660.398 Y129.625
; Coordinate transform: (1825.65,1559.86) -> (658.64,133.14)
G1 X658.645 Y133.142
; Coordinate transform: (1821.09,1550.49) -> (656.94,136.64)
G1 X656.944 Y136.637
; Coordinate transform: (1816.43,1541.07) -> (655.21,140.15)
G1 X655.206 Y140.150
; Coordinate transform: (1811.41,1531.55) -> (653.33,143.70)
G1 X653.334 Y143.700
; Coordinate transform: (1805.87,1521.83) -> (651.27,147.33)
G1 X651.268 Y147.326
; Coordinate transform: (1799.65,1511.83) -> (648.95,151.06)
G1 X648.948 Y151.055
; Coordinate transform: (1792.70,1501.48) -> (646.36,154.92)
G1 X646.356 Y154.915
; Coordinate transform: (1785.09,1490.84) -> (643.52,158.88)
G1 X643.518 Y158.883
; Coordinate transform: (1777.00,1480.04) -> (640.50,162.91)
G1 X640.501 Y162.911
; Coordinate transform: (1768.71,1469.25) -> (637.41,166.94)
G1 X637.409 Y166.935
; Coordinate transform: (1760.49,1458.62) -> (634.34,170.90)
G1 X634.343 Y170.900
; Coordinate transform: (1752.55,1448.24) -> (631.38,174.77)
G1 X631.382 Y174.771
; Coordinate transform: (1745.05,1438.16) -> (628.58,178.53)
G1 X628.585 Y178.531
; Coordinate transform: (1738.13,1428.47) -> (626.00,182.14)
G1 X626.004 Y182.144
; Coordinate transform: (1731.81,1419.24) -> (623.65,185.59)
G1 X623.647 Y185.587
; Coordinate transform: (1726.05,1410.43) -> (621.50,188.87)
G1 X621.499 Y188.873
; Coordinate transform: (1720.71,1401.93) -> (619.51,192.04)
G1 X619.507 Y192.043
; Coordinate transform: (1715.62,1393.60) -> (617.61,195.15)
G1 X617.609 Y195.149
; Coordinate transform: (1710.58,1385.30) -> (615.73,198.24)
G1 X615.729 Y198.245
; Coordinate transform: (1705.42,1376.90) -> (613.80,201.38)
G1 X613.805 Y201.378
; Coordinate transform: (1699.94,1368.31) -> (611.76,204.58)
G1 X611.761 Y204.581
; Coordinate transform: (1693.97,1359.49) -> (609.53,207.87)
G1 X609.534 Y207.871
; Coordinate transform: (1687.42,1350.41) -> (607.09,211.26)
G1 X607.091 Y211.257
; Coordinate transform: (1680.21,1341.09) -> (604.40,214.73)
G1 X604.402 Y214.733
; Coordinate transform: (1672.47,1331.63) -> (601.52,218.26)
G1 X601.516 Y218.261
; Coordinate transform: (1664.75,1322.40) -> (598.64,221.70)
G1 X598.637 Y221.704
; Coordinate transform: (1658.68,1314.25) -> (596.37,224.74)
G1 X596.373 Y224.743
; Coordinate transform: (1655.56,1307.76) -> (595.21,227.16)
G1 X595.209 Y227.164
; Coordinate transform: (1655.29,1302.75) -> (595.11,229.03)
G1 X595.108 Y229.032
; Coordinate transform: (1657.75,1299.08) -> (596.03,230.40)
G1 X596.026 Y230.401
; Coordinate transform: (1662.83,1296.64) -> (597.92,231.31)
G1 X597.921 Y231.311
; Coordinate transform: (1670.42,1295.29) -> (600.75,231.81)
G1 X600.751 Y231.814
; Coordinate transform: (1680.41,1294.92) -> (604.48,231.95)
G1 X604.477 Y231.952
; Coordinate transform: (1691.51,1294.89) -> (608.62,231.96)
G1 X608.617 Y231.963
; Coordinate transform: (1702.56,1294.69) -> (612.74,232.04)
G1 X612.738 Y232.038
; Coordinate transform: (1712.95,1294.08) -> (616.61,232.27)
G1 X616.613 Y232.266
; Coordinate transform: (1722.64,1293.17) -> (620.23,232.60)
G1 X620.227 Y232.605
; Coordinate transform: (1731.70,1292.11) -> (623.61,233.00)
G1 X623.606 Y233.000
; Coordinate transform: (1740.17,1290.97) -> (626.76,233.43)
G1 X626.765 Y233.425
; Coordinate transform: (1748.37,1290.00) -> (629.82,233.79)
G1 X629.823 Y233.787
; Coordinate transform: (1756.45,1289.21) -> (632.84,234.08)
G1 X632.836 Y234.082
; Coordinate transform: (1764.66,1288.61) -> (635.90,234.31)
G1 X635.898 Y234.306
; Coordinate transform: (1773.26,1288.20) -> (639.11,234.46)
G1 X639.106 Y234.459
; Coordinate transform: (1782.52,1287.92) -> (642.56,234.56)
G1 X642.559 Y234.563
; Coordinate transform: (1792.63,1287.69) -> (646.33,234.65)
G1 X646.330 Y234.649
; Coordinate transform: (1803.75,1287.40) -> (650.48,234.76)
G1 X650.477 Y234.757
; Coordinate transform: (1815.98,1286.94) -> (655.04,234.93)
G1 X655.038 Y234.928
; Coordinate transform: (1829.31,1286.22) -> (660.01,235.20)
G1 X660.010 Y235.197
; Coordinate transform: (1843.55,1285.20) -> (665.32,235.58)
G1 X665.321 Y235.577
; Coordinate transform: (1858.47,1283.87) -> (670.88,236.07)
G1 X670.885 Y236.073
; Coordinate transform: (1873.32,1282.30) -> (676.42,236.66)
G1 X676.423 Y236.659
; Coordinate transform: (1885.63,1280.56) -> (681.01,237.31)
G1 X681.014 Y237.308
; Coordinate transform: (1894.40,1278.80) -> (684.29,237.96)
G1 X684.285 Y237.964
; Coordinate transform: (1899.81,1277.04) -> (686.30,238.62)
G1 X686.303 Y238.621
; Coordinate transform: (1902.01,1275.30) -> (687.12,239.27)
G1 X687.123 Y239.270
; Coordinate transform: (1901.18,1273.56) -> (686.81,239.92)
G1 X686.814 Y239.919
; Coordinate transform: (1897.46,1271.81) -> (685.43,240.57)
G1 X685.426 Y240.571
; Coordinate transform: (1891.00,1269.99) -> (683.02,241.25)
G1 X683.017 Y241.250
; Coordinate transform: (1881.94,1268.09) -> (679.64,241.96)
G1 X679.638 Y241.959
; Coordinate transform: (1870.42,1265.95) -> (675.34,242.76)
G1 X675.342 Y242.757
; Coordinate transform: (1857.52,1263.31) -> (670.53,243.74)
G1 X670.531 Y243.741
; Coordinate transform: (1845.07,1260.01) -> (665.89,244.97)
G1 X665.887 Y244.972
; Coordinate transform: (1833.54,1255.91) -> (661.59,246.50)
G1 X661.587 Y246.501
; Coordinate transform: (1823.05,1250.94) -> (657.68,248.35)
G1 X657.675 Y248.355
; Coordinate transform: (1813.71,1245.03) -> (654.19,250.56)
G1 X654.192 Y250.559
; Coordinate transform: (1805.61,1238.14) -> (651.17,253.13)
G1 X651.171 Y253.129
; Coordinate transform: (1798.81,1230.35) -> (648.63,256.03)
G1 X648.635 Y256.034
; Coordinate transform: (1793.30,1221.71) -> (646.58,259.26)
G1 X646.580 Y259.256
; Coordinate transform: (1789.02,1212.37) -> (644.98,262.74)
G1 X644.983 Y262.740
; Coordinate transform: (1785.91,1202.48) -> (643.82,266.43)
G1 X643.824 Y266.428
; Coordinate transform: (1783.93,1192.22) -> (643.09,270.25)
G1 X643.085 Y270.255
; Coordinate transform: (1783.02,1181.82) -> (642.75,274.13)
G1 X642.746 Y274.133
; Coordinate transform: (1783.12,1171.51) -> (642.78,277.98)
G1 X642.783 Y277.978
; Coordinate transform: (1784.20,1161.52) -> (643.19,281.70)
G1 X643.186 Y281.704
; Coordinate transform: (1786.21,1152.07) -> (643.94,285.23)
G1 X643.935 Y285.229
; Coordinate transform: (1789.07,1143.30) -> (645.00,288.50)
G1 X645.002 Y288.499
; Coordinate transform: (1792.71,1135.34) -> (646.36,291.47)
G1 X646.360 Y291.468
; Coordinate transform: (1797.03,1128.22) -> (647.97,294.12)
G1 X647.971 Y294.124
; Coordinate transform: (1801.98,1121.99) -> (649.82,296.45)
G1 X649.817 Y296.447
; Coordinate transform: (1807.52,1116.62) -> (651.88,298.45)
G1 X651.883 Y298.450
; Coordinate transform: (1813.59,1112.13) -> (654.15,300.12)
G1 X654.147 Y300.124
; Coordinate transform: (1820.21,1108.58) -> (656.62,301.45)
G1 X656.616 Y301.448
; Coordinate transform: (1827.35,1106.03) -> (659.28,302.40)
G1 X659.279 Y302.399
; Coordinate transform: (1835.01,1104.60) -> (662.14,302.93)
G1 X662.136 Y302.933
; Coordinate transform: (1843.28,1104.46) -> (665.22,302.98)
G1 X665.220 Y302.985
; Coordinate transform: (1852.33,1105.78) -> (668.60,302.49)
G1 X668.595 Y302.493
; Coordinate transform: (1862.17,1108.69) -> (672.26,301.41)
G1 X672.265 Y301.407
; Coordinate transform: (1872.49,1113.28) -> (676.11,299.70)
G1 X676.114 Y299.695
; Coordinate transform: (1881.75,1119.50) -> (679.57,297.38)
G1 X679.567 Y297.376
; Coordinate transform: (1888.14,1127.08) -> (681.95,294.55)
G1 X681.951 Y294.549
; Coordinate transform: (1891.48,1135.35) -> (683.20,291.46)
G1 X683.196 Y291.464
; Coordinate transform: (1891.86,1144.07) -> (683.34,288.21)
G1 X683.338 Y288.212
; Coordinate transform: (1889.38,1153.10) -> (682.41,284.84)
G1 X682.413 Y284.844
; Coordinate transform: (1884.18,1162.34) -> (680.47,281.40)
G1 X680.474 Y281.398
; Coordinate transform: (1876.40,1171.85) -> (677.57,277.85)
G1 X677.572 Y277.852
; Coordinate transform: (1866.52,1181.81) -> (673.89,274.14)
G1 X673.887 Y274.137
; Coordinate transform: (1856.32,1191.95) -> (670.08,270.36)
G1 X670.083 Y270.355
; Coordinate transform: (1847.03,1201.90) -> (666.62,266.64)
G1 X666.618 Y266.644
; Coordinate transform: (1839.02,1211.30) -> (663.63,263.14)
G1 X663.631 Y263.139
; Coordinate transform: (1832.33,1219.92) -> (661.14,259.92)
G1 X661.136 Y259.924
; Coordinate transform: (1826.93,1227.63) -> (659.12,257.05)
G1 X659.122 Y257.048
; Coordinate transform: (1822.73,1234.44) -> (657.56,254.51)
G1 X657.556 Y254.508
; Coordinate transform: (1819.64,1240.43) -> (656.40,252.27)
G1 X656.403 Y252.275
; Coordinate transform: (1817.55,1245.72) -> (655.62,250.30)
G1 X655.624 Y250.302
; Coordinate transform: (1816.38,1250.43) -> (655.19,248.54)
G1 X655.187 Y248.545
; Coordinate transform: (1816.05,1254.74) -> (655.06,246.94)
G1 X655.064 Y246.938
; Coordinate transform: (1816.51,1258.82) -> (655.24,245.42)
G1 X655.236 Y245.416
; Coordinate transform: (1817.71,1262.82) -> (655.68,243.92)
G1 X655.683 Y243.924
; Coordinate transform: (1819.64,1266.92) -> (656.40,242.39)
G1 X656.403 Y242.395
; Coordinate transform: (1822.32,1271.29) -> (657.40,240.77)
G1 X657.403 Y240.765
; Coordinate transform: (1825.76,1276.13) -> (658.69,238.96)
G1 X658.686 Y238.960
; Coordinate transform: (1830.03,1281.68) -> (660.28,236.89)
G1 X660.278 Y236.890
; Coordinate transform: (1835.19,1288.17) -> (662.20,234.47)
G1 X662.203 Y234.470
; Coordinate transform: (1841.28,1295.84) -> (664.47,231.61)
G1 X664.474 Y231.609
; Coordinate transform: (1848.32,1304.81) -> (667.10,228.26)
G1 X667.100 Y228.264
; Coordinate transform: (1856.19,1315.17) -> (670.03,224.40)
G1 X670.035 Y224.400
; Coordinate transform: (1864.59,1326.76) -> (673.17,220.08)
G1 X673.167 Y220.077
; Coordinate transform: (1872.56,1339.24) -> (676.14,215.42)
G1 X676.140 Y215.423
; Coordinate transform: (1878.76,1352.19) -> (678.45,210.59)
G1 X678.452 Y210.593
; Coordinate transform: (1882.06,1365.19) -> (679.68,205.74)
G1 X679.683 Y205.745
; Coordinate transform: (1882.28,1377.91) -> (679.77,201.00)
G1 X679.765 Y201.001
; Coordinate transform: (1879.58,1390.21) -> (678.76,196.41)
G1 X678.758 Y196.414
; Coordinate transform: (1874.08,1402.05) -> (676.71,192.00)
G1 X676.707 Y191.998
; Coordinate transform: (1866.73,1413.56) -> (673.97,187.71)
G1 X673.966 Y187.705
; Coordinate transform: (1858.50,1424.85) -> (670.90,183.49)
G1 X670.896 Y183.495
; Coordinate transform: (1850.20,1435.97) -> (667.80,179.35)
G1 X667.801 Y179.347
; Coordinate transform: (1841.88,1446.84) -> (664.70,175.29)
G1 X664.698 Y175.293
; Coordinate transform: (1833.55,1457.34) -> (661.59,171.38)
G1 X661.591 Y171.377
; Coordinate transform: (1825.18,1467.29) -> (658.47,167.67)
G1 X658.469 Y167.666
; Coordinate transform: (1816.78,1476.56) -> (655.34,164.21)
G1 X655.337 Y164.209
; Coordinate transform: (1808.29,1485.05) -> (652.17,161.04)
G1 X652.170 Y161.043
; Coordinate transform: (1799.62,1492.78) -> (648.94,158.16)
G1 X648.937 Y158.160
; Coordinate transform: (1790.54,1499.88) -> (645.55,155.51)
G1 X645.550 Y155.512
; Coordinate transform: (1780.84,1506.55) -> (641.93,153.02)
G1 X641.933 Y153.024
; Coordinate transform: (1770.34,1513.03) -> (638.02,150.61)
G1 X638.017 Y150.608
; Coordinate transform: (1758.94,1519.52) -> (633.77,148.19)
G1 X633.765 Y148.187
; Coordinate transform: (1746.75,1526.16) -> (629.22,145.71)
G1 X629.219 Y145.711
; Coordinate transform: (1734.05,1533.01) -> (624.48,143.16)
G1 X624.482 Y143.156
; Coordinate transform: (1721.19,1540.07) -> (619.69,140.52)
G1 X619.686 Y140.523
; Coordinate transform: (1708.53,1547.33) -> (614.96,137.82)
G1 X614.964 Y137.815
; Coordinate transform: (1696.38,1554.78) -> (610.43,135.04)
G1 X610.433 Y135.037
; Coordinate transform: (1684.95,1562.38) -> (606.17,132.20)
G1 X606.170 Y132.202
; Coordinate transform: (1674.40,1570.10) -> (602.24,129.32)
G1 X602.236 Y129.323
; Coordinate transform: (1664.75,1577.94) -> (598.64,126.40)
G1 X598.637 Y126.399
; Coordinate transform: (1655.92,1585.91) -> (595.34,123.43)
G1 X595.343 Y123.427
; Coordinate transform: (1647.86,1594.01) -> (592.34,120.41)
G1 X592.337 Y120.406
; Coordinate transform: (1640.47,1602.18) -> (589.58,117.36)
G1 X589.581 Y117.359
; Coordinate transform: (1633.67,1610.39) -> (587.05,114.30)
G1 X587.045 Y114.297
; Coordinate transform: (1627.37,1618.57) -> (584.70,111.25)
G1 X584.696 Y111.246
; Coordinate transform: (1621.51,1626.65) -> (582.51,108.23)
G1 X582.510 Y108.233
; Coordinate transform: (1616.09,1634.58) -> (580.49,105.28)
G1 X580.489 Y105.275
; Coordinate transform: (1611.09,1642.24) -> (578.62,102.42)
G1 X578.624 Y102.418
; Coordinate transform: (1606.56,1649.54) -> (576.93,99.70)
G1 X576.934 Y99.696
; Coordinate transform: (1602.50,1656.39) -> (575.42,97.14)
G1 X575.420 Y97.141
; Coordinate transform: (1598.95,1662.75) -> (574.10,94.77)
G1 X574.096 Y94.769
; Coordinate transform: (1595.89,1668.65) -> (572.96,92.57)
G1 X572.955 Y92.569
; Coordinate transform: (1593.36,1674.14) -> (572.01,90.52)
G1 X572.011 Y90.521
; Coordinate transform: (1591.34,1679.28) -> (571.26,88.60)
G1 X571.258 Y88.604
; Coordinate transform: (1589.86,1684.13) -> (570.71,86.80)
G1 X570.706 Y86.795
; Coordinate transform: (1588.94,1688.82) -> (570.36,85.05)
G1 X570.363 Y85.046
; Coordinate transform: (1588.60,1693.41) -> (570.24,83.33)
G1 X570.236 Y83.334
; Coordinate transform: (1588.88,1698.03) -> (570.34,81.61)
G1 X570.341 Y81.611
; Coordinate transform: (1589.83,1702.81) -> (570.69,79.83)
G1 X570.695 Y79.829
; Coordinate transform: (1591.51,1707.90) -> (571.32,77.93)
G1 X571.322 Y77.930
; Coordinate transform: (1594.01,1713.43) -> (572.25,75.87)
G1 X572.254 Y75.868
; Coordinate transform: (1597.41,1719.57) -> (573.52,73.58)
G1 X573.522 Y73.578
; Coordinate transform: (1601.79,1726.50) -> (575.16,70.99)
G1 X575.155 Y70.993
; Coordinate transform: (1607.14,1734.41) -> (577.15,68.04)
G1 X577.151 Y68.043
; Coordinate transform: (1613.37,1743.20) -> (579.47,64.77)
G1 X579.474 Y64.765
; Coordinate transform: (1620.23,1752.60) -> (582.03,61.26)
G1 X582.033 Y61.259
; Coordinate transform: (1627.38,1761.89) -> (584.70,57.79)
G1 X584.699 Y57.795
; Coordinate transform: (1634.62,1770.74) -> (587.40,54.49)
G1 X587.400 Y54.494
; Coordinate transform: (1641.93,1779.25) -> (590.13,51.32)
G1 X590.126 Y51.320
; Coordinate transform: (1649.36,1787.66) -> (592.90,48.18)
G1 X592.897 Y48.184
; Coordinate transform: (1656.77,1796.05) -> (595.66,45.05)
G1 X595.660 Y45.054
; Coordinate transform: (1663.92,1804.18) -> (598.33,42.02)
G1 X598.327 Y42.022
; Coordinate transform: (1670.63,1811.73) -> (600.83,39.21)
G1 X600.830 Y39.207
; Coordinate transform: (1677.03,1818.61) -> (603.22,36.64)
G1 X603.216 Y36.641
; Coordinate transform: (1683.27,1824.86) -> (605.54,34.31)
G1 X605.544 Y34.310
; Coordinate transform: (1689.38,1830.61) -> (607.82,32.17)
G1 X607.822 Y32.165
; Coordinate transform: (1695.31,1835.90) -> (610.03,30.19)
G1 X610.034 Y30.192
; Coordinate transform: (1701.12,1840.81) -> (612.20,28.36)
G1 X612.201 Y28.361
; Coordinate transform: (1707.03,1845.48) -> (614.41,26.62)
G1 X614.405 Y26.619
; Coordinate transform: (1713.37,1850.22) -> (616.77,24.85)
G1 X616.770 Y24.852
; Coordinate transform: (1720.55,1855.16) -> (619.45,23.01)
G1 X619.447 Y23.009
; Coordinate transform: (1728.65,1860.32) -> (622.47,21.08)
G1 X622.468 Y21.085
; Coordinate transform: (1737.59,1865.68) -> (625.80,19.09)
G1 X625.802 Y19.086
; Coordinate transform: (1747.02,1870.68) -> (629.32,17.22)
G1 X629.319 Y17.221
; Coordinate transform: (1756.88,1874.85) -> (633.00,15.67)
G1 X632.997 Y15.666
; Coordinate transform: (1767.46,1877.86) -> (636.94,14.54)
G1 X636.943 Y14.543
; Coordinate transform: (1778.76,1879.22) -> (641.16,14.04)
G1 X641.157 Y14.036
; Coordinate transform: (1790.67,1878.64) -> (645.60,14.25)
G1 X645.599 Y14.252
; Coordinate transform: (1802.94,1876.06) -> (650.17,15.21)
G1 X650.175 Y15.215
; Coordinate transform: (1815.36,1871.75) -> (654.81,16.82)
G1 X654.807 Y16.822
; Coordinate transform: (1827.84,1866.03) -> (659.46,18.96)
G1 X659.461 Y18.955
; Coordinate transform: (1840.32,1859.33) -> (664.12,21.45)
G1 X664.116 Y21.454
; Coordinate transform: (1852.66,1852.21) -> (668.72,24.11)
G1 X668.718 Y24.109
; Coordinate transform: (1864.63,1844.84) -> (673.18,26.86)
G1 X673.182 Y26.858
; Coordinate transform: (1875.60,1837.30) -> (677.27,29.67)
G1 X677.274 Y29.670
; Coordinate transform: (1884.26,1829.46) -> (680.50,32.59)
G1 X680.503 Y32.594
; Coordinate transform: (1889.61,1821.39) -> (682.50,35.60)
G1 X682.499 Y35.604
; Coordinate transform: (1891.79,1813.36) -> (683.31,38.60)
G1 X683.312 Y38.599
; Coordinate transform: (1890.95,1805.44) -> (683.00,41.55)
G1 X682.999 Y41.552
; Coordinate transform: (1887.22,1797.78) -> (681.61,44.41)
G1 X681.607 Y44.409
; Coordinate transform: (1880.75,1790.43) -> (679.19,47.15)
G1 X679.194 Y47.150
; Coordinate transform: (1872.08,1783.38) -> (675.96,49.78)
G1 X675.961 Y49.780
; Coordinate transform: (1862.47,1776.54) -> (672.38,52.33)
G1 X672.377 Y52.331
; Coordinate transform: (1852.69,1769.66) -> (668.73,54.90)
G1 X668.729 Y54.897
; Coordinate transform: (1842.96,1762.62) -> (665.10,57.52)
G1 X665.100 Y57.522
; Coordinate transform: (1833.54,1755.55) -> (661.59,60.16)
G1 X661.587 Y60.159
; Coordinate transform: (1824.62,1748.58) -> (658.26,62.76)
G1 X658.261 Y62.759
; Coordinate transform: (1816.11,1741.65) -> (655.09,65.34)
G1 X655.087 Y65.343
; Coordinate transform: (1807.78,1734.57) -> (651.98,67.98)
G1 X651.980 Y67.984
; Coordinate transform: (1799.59,1727.03) -> (648.93,70.80)
G1 X648.926 Y70.796
; Coordinate transform: (1791.49,1718.79) -> (645.90,73.87)
G1 X645.905 Y73.869
; Coordinate transform: (1783.48,1709.72) -> (642.92,77.25)
G1 X642.917 Y77.252
; Coordinate transform: (1775.55,1699.72) -> (639.96,80.98)
G1 X639.960 Y80.981
; Coordinate transform: (1767.68,1688.88) -> (637.02,85.02)
G1 X637.025 Y85.024
; Coordinate transform: (1759.87,1677.65) -> (634.11,89.21)
G1 X634.112 Y89.212
; Coordinate transform: (1752.00,1666.17) -> (631.18,93.49)
G1 X631.177 Y93.494
; Coordinate transform: (1743.86,1654.36) -> (628.14,97.90)
G1 X628.141 Y97.898
; Coordinate transform: (1735.29,1642.31) -> (624.94,102.39)
G1 X624.945 Y102.392
; Coordinate transform: (1726.33,1630.25) -> (621.60,106.89)
G1 X621.603 Y106.890
; Coordinate transform: (1717.17,1618.35) -> (618.19,111.33)
G1 X618.187 Y111.328
; Coordinate transform: (1708.15,1606.82) -> (614.82,115.63)
G1 X614.823 Y115.628
; Coordinate transform: (1699.77,1595.87) -> (611.70,119.71)
G1 X611.697 Y119.712
; Coordinate transform: (1692.25,1585.62) -> (608.89,123.53)
G1 X608.893 Y123.535
; Coordinate transform: (1685.70,1575.99) -> (606.45,127.13)
G1 X606.450 Y127.126
; Coordinate transform: (1680.11,1566.81) -> (604.37,130.55)
G1 X604.365 Y130.550
; Coordinate transform: (1675.31,1557.83) -> (602.57,133.90)
G1 X602.575 Y133.899
; Coordinate transform: (1671.12,1548.86) -> (601.01,137.24)
G1 X601.012 Y137.245
; Coordinate transform: (1667.33,1539.73) -> (599.60,140.65)
G1 X599.599 Y140.650
; Coordinate transform: (1663.70,1530.30) -> (598.24,144.17)
G1 X598.245 Y144.167
; Coordinate transform: (1660.01,1520.50) -> (596.87,147.82)
G1 X596.869 Y147.822
; Coordinate transform: (1656.03,1510.23) -> (595.38,151.65)
G1 X595.384 Y151.652
; Coordinate transform: (1651.54,1499.42) -> (593.71,155.68)
G1 X593.710 Y155.683
; Coordinate transform: (1646.40,1488.07) -> (591.79,159.92)
G1 X591.793 Y159.916
; Coordinate transform: (1640.50,1476.23) -> (589.59,164.33)
G1 X589.592 Y164.332
; Coordinate transform: (1633.82,1464.01) -> (587.10,168.89)
G1 X587.101 Y168.890
; Coordinate transform: (1626.47,1451.57) -> (584.36,173.53)
G1 X584.360 Y173.529
; Coordinate transform: (1618.55,1439.07) -> (581.41,178.19)
G1 X581.406 Y178.191
; Coordinate transform: (1610.37,1426.78) -> (578.36,182.77)
G1 X578.355 Y182.775
; Coordinate transform: (1602.96,1415.38) -> (575.59,187.03)
G1 X575.592 Y187.026
; Coordinate transform: (1598.35,1405.91) -> (573.87,190.56)
G1 X573.873 Y190.558
; Coordinate transform: (1596.58,1398.27) -> (573.21,193.41)
G1 X573.212 Y193.408
; Coordinate transform: (1597.52,1392.30) -> (573.56,195.63)
G1 X573.563 Y195.634
; Coordinate transform: (1601.06,1387.87) -> (574.88,197.29)
G1 X574.883 Y197.286
; Coordinate transform: (1607.08,1384.92) -> (577.13,198.39)
G1 X577.128 Y198.387
; Coordinate transform: (1615.41,1383.43) -> (580.24,198.94)
G1 X580.235 Y198.942
; Coordinate transform: (1625.93,1383.37) -> (584.16,198.96)
G1 X584.159 Y198.965
; Coordinate transform: (1637.96,1384.46) -> (588.65,198.56)
G1 X588.645 Y198.558
; Coordinate transform: (1649.82,1385.91) -> (593.07,198.02)
G1 X593.068 Y198.017
; Coordinate transform: (1660.78,1387.38) -> (597.16,197.47)
G1 X597.156 Y197.469
; Coordinate transform: (1670.62,1388.84) -> (600.83,196.92)
G1 X600.826 Y196.925
; Coordinate transform: (1679.38,1390.33) -> (604.09,196.37)
G1 X604.093 Y196.369
; Coordinate transform: (1687.24,1391.92) -> (607.02,195.78)
G1 X607.024 Y195.776
; Coordinate transform: (1694.41,1393.64) -> (609.70,195.13)
G1 X609.698 Y195.134
; Coordinate transform: (1701.16,1395.56) -> (612.22,194.42)
G1 X612.216 Y194.418
; Coordinate transform: (1707.78,1397.72) -> (614.68,193.61)
G1 X614.685 Y193.613
; Coordinate transform: (1714.54,1400.14) -> (617.21,192.71)
G1 X617.206 Y192.710
; Coordinate transform: (1721.73,1402.86) -> (619.89,191.70)
G1 X619.887 Y191.696
; Coordinate transform: (1729.59,1405.91) -> (622.82,190.56)
G1 X622.819 Y190.558
; Coordinate transform: (1738.35,1409.29) -> (626.09,189.30)
G1 X626.086 Y189.298
; Coordinate transform: (1748.09,1412.93) -> (629.72,187.94)
G1 X629.718 Y187.940
; Coordinate transform: (1758.77,1416.71) -> (633.70,186.53)
G1 X633.702 Y186.530
; Coordinate transform: (1770.20,1420.48) -> (637.96,185.12)
G1 X637.964 Y185.124
; Coordinate transform: (1782.02,1424.05) -> (642.37,183.79)
G1 X642.373 Y183.793
; Coordinate transform: (1793.79,1427.23) -> (646.76,182.61)
G1 X646.762 Y182.607
; Coordinate transform: (1805.16,1429.91) -> (651.00,181.61)
G1 X651.003 Y181.607
; Coordinate transform: (1815.86,1432.06) -> (654.99,180.81)
G1 X654.993 Y180.806
; Coordinate transform: (1825.82,1433.71) -> (658.71,180.19)
G1 X658.708 Y180.190
; Coordinate transform: (1835.14,1435.00) -> (662.18,179.71)
G1 X662.184 Y179.709
; Coordinate transform: (1844.05,1436.05) -> (665.51,179.32)
G1 X665.507 Y179.317
; Coordinate transform: (1852.86,1436.98) -> (668.79,178.97)
G1 X668.793 Y178.971
; Coordinate transform: (1861.71,1437.93) -> (672.09,178.62)
G1 X672.093 Y178.616
; Coordinate transform: (1870.49,1438.99) -> (675.37,178.22)
G1 X675.368 Y178.221
; Coordinate transform: (1878.17,1440.25) -> (678.23,177.75)
G1 X678.232 Y177.751
; Coordinate transform: (1883.71,1441.76) -> (680.30,177.19)
G1 X680.298 Y177.188
; Coordinate transform: (1886.31,1443.57) -> (681.27,176.51)
G1 X681.268 Y176.513
; Coordinate transform: (1885.88,1445.68) -> (681.11,175.73)
G1 X681.108 Y175.726
; Coordinate transform: (1882.58,1448.17) -> (679.88,174.80)
G1 X679.877 Y174.797
; Coordinate transform: (1876.95,1451.13) -> (677.78,173.69)
G1 X677.777 Y173.693
; Coordinate transform: (1869.98,1454.64) -> (675.18,172.38)
G1 X675.178 Y172.384
; Coordinate transform: (1862.59,1458.78) -> (672.42,170.84)
G1 X672.422 Y170.840
; Coordinate transform: (1855.60,1463.64) -> (669.81,169.03)
G1 X669.815 Y169.028
; Coordinate transform: (1849.18,1469.28) -> (667.42,166.92)
G1 X667.420 Y166.924
; Coordinate transform: (1843.27,1475.70) -> (665.22,164.53)
G1 X665.216 Y164.530
; Coordinate transform: (1837.79,1482.89) -> (663.17,161.85)
G1 X663.172 Y161.848
; Coordinate transform: (1832.66,1490.78) -> (661.26,158.91)
G1 X661.259 Y158.906
; Coordinate transform: (1827.80,1499.27) -> (659.45,155.74)
G1 X659.447 Y155.739
; Coordinate transform: (1823.17,1508.32) -> (657.72,152.36)
G1 X657.720 Y152.364
; Coordinate transform: (1818.73,1517.90) -> (656.06,148.79)
G1 X656.064 Y148.791
; Coordinate transform: (1814.36,1528.00) -> (654.43,145.02)
G1 X654.434 Y145.024
; Coordinate transform: (1809.90,1538.63) -> (652.77,141.06)
G1 X652.771 Y141.060
; Coordinate transform: (1805.18,1549.82) -> (651.01,136.89)
G1 X651.010 Y136.887
; Coordinate transform: (1799.98,1561.53) -> (649.07,132.52)
G1 X649.071 Y132.519
; Coordinate transform: (1794.15,1573.68) -> (646.90,127.99)
G1 X646.897 Y127.988
; Coordinate transform: (1787.67,1586.09) -> (644.48,123.36)
G1 X644.480 Y123.360
; Coordinate transform: (1780.61,1598.54) -> (641.85,118.72)
G1 X641.847 Y118.716
; Coordinate transform: (1773.21,1610.76) -> (639.09,114.16)
G1 X639.087 Y114.159
; Coordinate transform: (1765.66,1622.57) -> (636.27,109.75)
G1 X636.271 Y109.754
; Coordinate transform: (1758.07,1633.86) -> (633.44,105.54)
G1 X633.441 Y105.544
; Coordinate transform: (1750.41,1644.55) -> (630.58,101.56)
G1 X630.584 Y101.557
; Coordinate transform: (1742.54,1654.65) -> (627.65,97.79)
G1 X627.649 Y97.790
; Coordinate transform: (1734.19,1664.14) -> (624.53,94.25)
G1 X624.534 Y94.251
; Coordinate transform: (1725.19,1673.03) -> (621.18,90.94)
G1 X621.178 Y90.935
; Coordinate transform: (1715.38,1681.33) -> (617.52,87.84)
G1 X617.519 Y87.840
; Coordinate transform: (1704.80,1689.01) -> (613.57,84.98)
G1 X613.573 Y84.975
; Coordinate transform: (1693.67,1696.00) -> (609.42,82.37)
G1 X609.422 Y82.368
; Coordinate transform: (1682.37,1702.21) -> (605.21,80.05)
G1 X605.208 Y80.052
; Coordinate transform: (1671.32,1707.54) -> (601.09,78.06)
G1 X601.087 Y78.065
; Coordinate transform: (1660.96,1712.03) -> (597.22,76.39)
G1 X597.223 Y76.390
; Coordinate transform: (1651.66,1715.78) -> (593.75,74.99)
G1 X593.755 Y74.991
; Coordinate transform: (1643.63,1718.93) -> (590.76,73.82)
G1 X590.760 Y73.817
; Coordinate transform: (1636.96,1721.69) -> (588.27,72.79)
G1 X588.272 Y72.787
; Coordinate transform: (1631.59,1724.27) -> (586.27,71.83)
G1 X586.269 Y71.825
; Coordinate transform: (1627.41,1726.92) -> (584.71,70.84)
G1 X584.711 Y70.837
; Coordinate transform: (1624.28,1729.87) -> (583.54,69.74)
G1 X583.543 Y69.737
; Coordinate transform: (1622.01,1733.27) -> (582.70,68.47)
G1 X582.697 Y68.468
; Coordinate transform: (1620.40,1737.18) -> (582.10,67.01)
G1 X582.096 Y67.010
; Coordinate transform: (1619.23,1741.67) -> (581.66,65.34)
G1 X581.660 Y65.336
; Coordinate transform: (1618.32,1746.83) -> (581.32,63.41)
G1 X581.320 Y63.411
; Coordinate transform: (1617.46,1752.58) -> (581.00,61.27)
G1 X581.000 Y61.267
; Coordinate transform: (1616.43,1758.82) -> (580.62,58.94)
G1 X580.616 Y58.940
; Coordinate transform: (1615.03,1765.49) -> (580.09,56.45)
G1 X580.093 Y56.452
; Coordinate transform: (1613.11,1772.68) -> (579.38,53.77)
G1 X579.377 Y53.770
; Coordinate transform: (1610.52,1780.50) -> (578.41,50.85)
G1 X578.411 Y50.854
; Coordinate transform: (1607.20,1789.08) -> (577.17,47.65)
G1 X577.173 Y47.654
; Coordinate transform: (1603.13,1798.47) -> (575.66,44.15)
G1 X575.655 Y44.152
; Coordinate transform: (1598.31,1808.42) -> (573.86,40.44)
G1 X573.858 Y40.441
; Coordinate transform: (1592.66,1818.80) -> (571.75,36.57)
G1 X571.750 Y36.570
; Coordinate transform: (1586.22,1829.55) -> (569.35,32.56)
G1 X569.349 Y32.561
; Coordinate transform: (1579.02,1840.75) -> (566.66,28.38)
G1 X566.663 Y28.384
; Coordinate transform: (1571.10,1852.18) -> (563.71,24.12)
G1 X563.710 Y24.121
; Coordinate transform: (1562.63,1863.73) -> (560.55,19.81)
G1 X560.551 Y19.813
; Coordinate transform: (1553.68,1874.91) -> (557.21,15.64)
G1 X557.213 Y15.643
; Coordinate transform: (1544.59,1884.47) -> (553.82,12.08)
G1 X553.823 Y12.078
; Coordinate transform: (1535.55,1891.08) -> (550.45,9.61)
G1 X550.451 Y9.613
; Coordinate transform: (1526.60,1894.45) -> (547.11,8.36)
G1 X547.113 Y8.356
; Coordinate transform: (1517.71,1894.75) -> (543.80,8.24)
G1 X543.798 Y8.244
; Coordinate transform: (1508.78,1892.15) -> (540.47,9.21)
G1 X540.467 Y9.214
; Coordinate transform: (1499.68,1886.81) -> (537.07,11.21)
G1 X537.073 Y11.205
; Coordinate transform: (1490.51,1878.86) -> (533.65,14.17)
G1 X533.653 Y14.170
; Coordinate transform: (1481.45,1868.98) -> (530.27,17.86)
G1 X530.274 Y17.855
; Coordinate transform: (1472.86,1858.37) -> (527.07,21.81)
G1 X527.071 Y21.812
; Coordinate transform: (1464.77,1847.98) -> (524.05,25.69)
G1 X524.053 Y25.687
; Coordinate transform: (1457.32,1838.14) -> (521.28,29.36)
G1 X521.275 Y29.357
; Coordinate transform: (1450.54,1828.50) -> (518.75,32.95)
G1 X518.746 Y32.952
; Coordinate transform: (1444.38,1818.35) -> (516.45,36.74)
G1 X516.449 Y36.738
; Coordinate transform: (1438.75,1807.34) -> (514.35,40.84)
G1 X514.349 Y40.844
; Coordinate transform: (1433.78,1795.73) -> (512.50,45.17)
G1 X512.496 Y45.174
; Coordinate transform: (1429.59,1783.77) -> (510.93,49.63)
G1 X510.933 Y49.634
; Coordinate transform: (1426.24,1771.64) -> (509.68,54.16)
G1 X509.684 Y54.158
; Coordinate transform: (1423.77,1759.60) -> (508.76,58.65)
G1 X508.762 Y58.649
; Coordinate transform: (1422.23,1747.94) -> (508.19,63.00)
G1 X508.188 Y62.997
; Coordinate transform: (1421.65,1736.90) -> (507.97,67.11)
G1 X507.972 Y67.115
; Coordinate transform: (1422.12,1726.57) -> (508.15,70.97)
G1 X508.147 Y70.967
; Coordinate transform: (1423.72,1716.91) -> (508.74,74.57)
G1 X508.744 Y74.570
; Coordinate transform: (1426.54,1707.73) -> (509.80,77.99)
G1 X509.796 Y77.994
; Coordinate transform: (1430.59,1698.74) -> (511.31,81.35)
G1 X511.306 Y81.347
; Coordinate transform: (1435.91,1689.58) -> (513.29,84.76)
G1 X513.290 Y84.763
; Coordinate transform: (1442.47,1679.91) -> (515.74,88.37)
G1 X515.737 Y88.369
; Coordinate transform: (1450.13,1669.41) -> (518.59,92.29)
G1 X518.593 Y92.285
; Coordinate transform: (1458.75,1657.86) -> (521.81,96.59)
G1 X521.808 Y96.593
; Coordinate transform: (1468.04,1645.27) -> (525.27,101.29)
G1 X525.273 Y101.288
; Coordinate transform: (1477.74,1631.82) -> (528.89,106.30)
G1 X528.891 Y106.305
; Coordinate transform: (1487.61,1617.84) -> (532.57,111.52)
G1 X532.572 Y111.518
; Coordinate transform: (1497.44,1603.67) -> (536.24,116.80)
G1 X536.238 Y116.803
; Coordinate transform: (1507.13,1589.61) -> (539.85,122.05)
G1 X539.852 Y122.047
; Coordinate transform: (1516.61,1575.84) -> (543.39,127.18)
G1 X543.387 Y127.182
; Coordinate transform: (1525.89,1562.48) -> (546.85,132.17)
G1 X546.848 Y132.165
; Coordinate transform: (1534.96,1549.54) -> (550.23,136.99)
G1 X550.231 Y136.991
; Coordinate transform: (1543.80,1537.06) -> (553.53,141.65)
G1 X553.528 Y141.646
; Coordinate transform: (1552.41,1525.05) -> (556.74,146.12)
G1 X556.739 Y146.125
; Coordinate transform: (1560.70,1513.48) -> (559.83,150.44)
G1 X559.831 Y150.440
; Coordinate transform: (1568.76,1502.47) -> (562.84,154.55)
G1 X562.837 Y154.546
; Coordinate transform: (1576.24,1492.06) -> (565.63,158.43)
G1 X565.627 Y158.428
; Coordinate transform: (1583.16,1482.29) -> (568.21,162.07)
G1 X568.207 Y162.072
; Coordinate transform: (1589.34,1473.14) -> (570.51,165.48)
G1 X570.512 Y165.485
; Coordinate transform: (1594.85,1464.73) -> (572.57,168.62)
G1 X572.567 Y168.621
; Coordinate transform: (1599.59,1456.96) -> (574.33,171.52)
G1 X574.335 Y171.519
; Coordinate transform: (1603.71,1449.89) -> (575.87,174.16)
G1 X575.872 Y174.156
; Coordinate transform: (1607.31,1443.53) -> (577.21,176.53)
G1 X577.214 Y176.528
; Coordinate transform: (1610.52,1437.87) -> (578.41,178.64)
G1 X578.411 Y178.639
; Coordinate transform: (1613.30,1432.80) -> (579.45,180.53)
G1 X579.448 Y180.530
; Coordinate transform: (1615.76,1428.30) -> (580.37,182.21)
G1 X580.366 Y182.208
; Coordinate transform: (1618.08,1424.35) -> (581.23,183.68)
G1 X581.231 Y183.681
; Coordinate transform: (1620.32,1420.89) -> (582.07,184.97)
G1 X582.066 Y184.971
; Coordinate transform: (1622.47,1417.80) -> (582.87,186.12)
G1 X582.868 Y186.124
; Coordinate transform: (1624.56,1415.04) -> (583.65,187.15)
G1 X583.648 Y187.153
; Coordinate transform: (1626.40,1412.31) -> (584.33,188.17)
G1 X584.334 Y188.171
; Coordinate transform: (1628.09,1409.54) -> (584.96,189.20)
G1 X584.964 Y189.204
; Coordinate transform: (1629.69,1406.72) -> (585.56,190.26)
G1 X585.561 Y190.256
; Coordinate transform: (1631.22,1403.78) -> (586.13,191.35)
G1 X586.131 Y191.353
; Coordinate transform: (1632.75,1400.66) -> (586.70,192.52)
G1 X586.702 Y192.516
; Coordinate transform: (1634.32,1397.29) -> (587.29,193.77)
G1 X587.288 Y193.773
; Coordinate transform: (1635.96,1393.56) -> (587.90,195.16)
G1 X587.899 Y195.164
; Coordinate transform: (1637.63,1389.34) -> (588.52,196.74)
G1 X588.522 Y196.738
; Coordinate transform: (1639.32,1384.51) -> (589.15,198.54)
G1 X589.152 Y198.539
; Coordinate transform: (1641.06,1378.99) -> (589.80,200.60)
G1 X589.801 Y200.598
; Coordinate transform: (1642.87,1372.70) -> (590.48,202.94)
G1 X590.476 Y202.944
; Coordinate transform: (1644.97,1365.73) -> (591.26,205.54)
G1 X591.260 Y205.544
; Coordinate transform: (1647.60,1358.17) -> (592.24,208.36)
G1 X592.240 Y208.363
; Coordinate transform: (1650.92,1350.16) -> (593.48,211.35)
G1 X593.479 Y211.350
; Coordinate transform: (1655.01,1341.84) -> (595.00,214.45)
G1 X595.004 Y214.453
; Coordinate transform: (1659.94,1333.35) -> (596.84,217.62)
G1 X596.843 Y217.620
; Coordinate transform: (1665.82,1324.88) -> (599.04,220.78)
G1 X599.036 Y220.779
; Coordinate transform: (1672.47,1316.39) -> (601.52,223.95)
G1 X601.516 Y223.945
; Coordinate transform: (1679.73,1307.80) -> (604.22,227.15)
G1 X604.223 Y227.149
; Coordinate transform: (1687.37,1298.97) -> (607.07,230.44)
G1 X607.073 Y230.442
; Coordinate transform: (1695.02,1289.75) -> (609.93,233.88)
G1 X609.926 Y233.880
; Coordinate transform: (1702.29,1280.03) -> (612.64,237.51)
G1 X612.637 Y237.506
; Coordinate transform: (1708.76,1269.74) -> (615.05,241.34)
G1 X615.050 Y241.343
; Coordinate transform: (1714.15,1258.90) -> (617.06,245.39)
G1 X617.060 Y245.386
; Coordinate transform: (1718.01,1247.47) -> (618.50,249.65)
G1 X618.500 Y249.649
; Coordinate transform: (1720.36,1235.65) -> (619.38,254.06)
G1 X619.376 Y254.057
; Coordinate transform: (1721.37,1223.65) -> (619.75,258.53)
G1 X619.753 Y258.533
; Coordinate transform: (1721.28,1211.72) -> (619.72,262.98)
G1 X619.720 Y262.982
; Coordinate transform: (1720.52,1200.13) -> (619.44,267.30)
G1 X619.436 Y267.304
; Coordinate transform: (1719.62,1189.11) -> (619.10,271.41)
G1 X619.101 Y271.414
; Coordinate transform: (1719.11,1178.84) -> (618.91,275.24)
G1 X618.910 Y275.245
; Coordinate transform: (1719.42,1169.39) -> (619.03,278.77)
G1 X619.026 Y278.769
; Coordinate transform: (1720.75,1160.68) -> (619.52,282.02)
G1 X619.522 Y282.017
; Coordinate transform: (1723.12,1152.56) -> (620.41,285.05)
G1 X620.406 Y285.046
; Coordinate transform: (1726.40,1144.80) -> (621.63,287.94)
G1 X621.629 Y287.940
; Coordinate transform: (1730.46,1137.18) -> (623.14,290.78)
G1 X623.143 Y290.782
; Coordinate transform: (1735.06,1129.47) -> (624.86,293.66)
G1 X624.859 Y293.657
; Coordinate transform: (1739.78,1121.42) -> (626.62,296.66)
G1 X626.619 Y296.660
; Coordinate transform: (1744.17,1112.75) -> (628.26,299.89)
G1 X628.256 Y299.893
; Coordinate transform: (1747.85,1103.15) -> (629.63,303.47)
G1 X629.629 Y303.473
; Coordinate transform: (1750.77,1092.35) -> (630.72,307.50)
G1 X630.718 Y307.501
; Coordinate transform: (1752.85,1080.10) -> (631.49,312.07)
G1 X631.494 Y312.070
; Coordinate transform: (1754.08,1066.22) -> (631.95,317.25)
G1 X631.952 Y317.247
; Coordinate transform: (1754.59,1050.80) -> (632.14,323.00)
G1 X632.143 Y322.998
; Coordinate transform: (1754.65,1034.23) -> (632.17,329.18)
G1 X632.165 Y329.177
; Coordinate transform: (1754.63,1017.18) -> (632.16,335.54)
G1 X632.158 Y335.536
; Coordinate transform: (1754.92,1000.35) -> (632.27,341.81)
G1 X632.266 Y341.813
; Coordinate transform: (1755.80,984.36) -> (632.59,347.78)
G1 X632.594 Y347.778
; Coordinate transform: (1757.56,969.53) -> (633.25,353.31)
G1 X633.250 Y353.308
; Coordinate transform: (1760.47,955.91) -> (634.34,358.39)
G1 X634.336 Y358.386
; Coordinate transform: (1764.69,943.31) -> (635.91,363.09)
G1 X635.909 Y363.085
; Coordinate transform: (1770.19,931.36) -> (637.96,367.54)
G1 X637.961 Y367.542
; Coordinate transform: (1776.79,919.63) -> (640.42,371.92)
G1 X640.422 Y371.918
; Coordinate transform: (1784.33,907.78) -> (643.23,376.34)
G1 X643.234 Y376.337
; Coordinate transform: (1792.48,895.61) -> (646.27,380.88)
G1 X646.274 Y380.875
; Coordinate transform: (1800.96,883.16) -> (649.44,385.52)
G1 X649.436 Y385.519
; Coordinate transform: (1809.51,870.55) -> (652.63,390.22)
G1 X652.625 Y390.223
; Coordinate transform: (1817.98,857.94) -> (655.78,394.92)
G1 X655.784 Y394.924
; Coordinate transform: (1826.32,845.46) -> (658.89,399.58)
G1 X658.895 Y399.580
; Coordinate transform: (1834.46,833.16) -> (661.93,404.17)
G1 X661.930 Y404.166
; Coordinate transform: (1842.35,821.09) -> (664.87,408.67)
G1 X664.873 Y408.667
; Coordinate transform: (1849.98,809.26) -> (667.72,413.08)
G1 X667.719 Y413.079
; Coordinate transform: (1857.20,797.69) -> (670.41,417.40)
G1 X670.411 Y417.395
; Coordinate transform: (1863.85,786.37) -> (672.89,421.62)
G1 X672.891 Y421.619
; Coordinate transform: (1869.31,775.25) -> (674.93,425.76)
G1 X674.928 Y425.764
; Coordinate transform: (1872.78,764.31) -> (676.22,429.85)
G1 X676.222 Y429.846
; Coordinate transform: (1873.79,753.50) -> (676.60,433.88)
G1 X676.599 Y433.876
; Coordinate transform: (1872.27,742.80) -> (676.03,437.87)
G1 X676.032 Y437.865
; Coordinate transform: (1868.50,732.17) -> (674.63,441.83)
G1 X674.626 Y441.830
; Coordinate transform: (1863.09,721.58) -> (672.61,445.78)
G1 X672.608 Y445.782
; Coordinate transform: (1856.84,711.01) -> (670.28,449.72)
G1 X670.277 Y449.722
; Coordinate transform: (1850.29,700.48) -> (667.83,453.65)
G1 X667.834 Y453.652
; Coordinate transform: (1843.64,689.98) -> (665.35,457.57)
G1 X665.354 Y457.567
; Coordinate transform: (1837.04,679.54) -> (662.89,461.46)
G1 X662.893 Y461.461
; Coordinate transform: (1830.63,669.19) -> (660.50,465.32)
G1 X660.502 Y465.320
; Coordinate transform: (1824.56,658.99) -> (658.24,469.12)
G1 X658.238 Y469.124
; Coordinate transform: (1819.11,648.97) -> (656.21,472.86)
G1 X656.206 Y472.861
; Coordinate transform: (1814.40,639.23) -> (654.45,476.49)
G1 X654.449 Y476.493
; Coordinate transform: (1810.45,629.82) -> (652.98,480.00)
G1 X652.976 Y480.002
; Coordinate transform: (1807.06,620.73) -> (651.71,483.39)
G1 X651.711 Y483.393
; Coordinate transform: (1803.98,611.97) -> (650.56,486.66)
G1 X650.563 Y486.659
; Coordinate transform: (1800.84,603.61) -> (649.39,489.78)
G1 X649.392 Y489.780
; Coordinate transform: (1797.38,595.60) -> (648.10,492.76)
G1 X648.101 Y492.765
; Coordinate transform: (1793.47,587.87) -> (646.64,495.65)
G1 X646.643 Y495.650
; Coordinate transform: (1788.82,580.37) -> (644.91,498.44)
G1 X644.909 Y498.445
; Coordinate transform: (1782.90,573.18) -> (642.70,501.13)
G1 X642.701 Y501.127
; Coordinate transform: (1775.68,566.27) -> (640.01,503.71)
G1 X640.008 Y503.706
; Coordinate transform: (1767.27,559.62) -> (636.87,506.18)
G1 X636.872 Y506.183
; Coordinate transform: (1757.89,553.22) -> (633.37,508.57)
G1 X633.373 Y508.571
; Coordinate transform: (1747.91,546.97) -> (629.65,510.90)
G1 X629.651 Y510.901
; Coordinate transform: (1737.62,540.71) -> (625.81,513.24)
G1 X625.814 Y513.238
; Coordinate transform: (1727.25,534.24) -> (621.95,515.65)
G1 X621.946 Y515.651
; Coordinate transform: (1717.00,527.44) -> (618.12,518.19)
G1 X618.123 Y518.187
; Coordinate transform: (1706.99,520.20) -> (614.39,520.88)
G1 X614.390 Y520.885
; Coordinate transform: (1697.21,512.60) -> (610.74,523.72)
G1 X610.743 Y523.719
; Coordinate transform: (1687.68,504.70) -> (607.19,526.67)
G1 X607.188 Y526.665
; Coordinate transform: (1678.37,496.63) -> (603.72,529.68)
G1 X603.716 Y529.678
; Coordinate transform: (1669.26,488.47) -> (600.32,532.72)
G1 X600.319 Y532.722
; Coordinate transform: (1660.34,480.33) -> (596.99,535.76)
G1 X596.992 Y535.756
; Coordinate transform: (1651.60,472.34) -> (593.73,538.74)
G1 X593.732 Y538.735
; Coordinate transform: (1643.08,464.69) -> (590.55,541.59)
G1 X590.555 Y541.590
; Coordinate transform: (1634.77,457.53) -> (587.46,544.26)
G1 X587.455 Y544.260
; Coordinate transform: (1626.72,450.97) -> (584.45,546.71)
G1 X584.453 Y546.706
; Coordinate transform: (1618.88,445.14) -> (581.53,548.88)
G1 X581.529 Y548.882
; Coordinate transform: (1611.26,440.03) -> (578.69,550.79)
G1 X578.687 Y550.786
; Coordinate transform: (1603.75,435.84) -> (575.89,552.35)
G1 X575.886 Y552.349
; Coordinate transform: (1596.30,432.60) -> (573.11,553.56)
G1 X573.108 Y553.557
; Coordinate transform: (1588.81,430.41) -> (570.31,554.37)
G1 X570.315 Y554.375
; Coordinate transform: (1581.11,429.38) -> (567.44,554.76)
G1 X567.443 Y554.758
; Coordinate transform: (1572.97,429.75) -> (564.41,554.62)
G1 X564.407 Y554.621
; Coordinate transform: (1564.15,431.54) -> (561.12,553.95)
G1 X561.118 Y553.952
; Coordinate transform: (1554.55,434.59) -> (557.54,552.81)
G1 X557.537 Y552.814
; Coordinate transform: (1544.37,438.30) -> (553.74,551.43)
G1 X553.741 Y551.430
; Coordinate transform: (1534.01,441.90) -> (549.88,550.09)
G1 X549.877 Y550.090
; Coordinate transform: (1523.74,444.95) -> (546.05,548.95)
G1 X546.047 Y548.950
; Coordinate transform: (1513.62,447.37) -> (542.27,548.05)
G1 X542.272 Y548.047
; Coordinate transform: (1503.65,449.19) -> (538.55,547.37)
G1 X538.554 Y547.371
; Coordinate transform: (1493.81,450.42) -> (534.88,546.91)
G1 X534.884 Y546.913
; Coordinate transform: (1484.11,451.07) -> (531.27,546.67)
G1 X531.266 Y546.669
; Coordinate transform: (1474.50,451.12) -> (527.68,546.65)
G1 X527.682 Y546.650
; Coordinate transform: (1464.84,450.55) -> (524.08,546.86)
G1 X524.080 Y546.864
; Coordinate transform: (1454.98,449.34) -> (520.40,547.31)
G1 X520.402 Y547.313
; Coordinate transform: (1444.93,447.58) -> (516.65,547.97)
G1 X516.654 Y547.968
; Coordinate transform: (1434.84,445.42) -> (512.89,548.77)
G1 X512.891 Y548.775
; Coordinate transform: (1424.98,443.06) -> (509.21,549.66)
G1 X509.214 Y549.655
; Coordinate transform: (1415.77,440.71) -> (505.78,550.53)
G1 X505.779 Y550.533
; Coordinate transform: (1407.59,438.51) -> (502.73,551.35)
G1 X502.728 Y551.352
; Coordinate transform: (1400.74,436.58) -> (500.17,552.07)
G1 X500.173 Y552.072
; Coordinate transform: (1395.56,435.00) -> (498.24,552.66)
G1 X498.241 Y552.662
; Coordinate transform: (1392.26,433.83) -> (497.01,553.10)
G1 X497.011 Y553.098
; Coordinate transform: (1390.92,433.08) -> (496.51,553.38)
G1 X496.511 Y553.378
; Coordinate transform: (1391.46,432.72) -> (496.71,553.51)
G1 X496.712 Y553.511
; Coordinate transform: (1393.81,432.73) -> (497.59,553.51)
G1 X497.589 Y553.509
; Coordinate transform: (1397.80,433.05) -> (499.08,553.39)
G1 X499.077 Y553.390
; Coordinate transform: (1403.22,433.62) -> (501.10,553.18)
G1 X501.098 Y553.178
; Coordinate transform: (1409.84,434.34) -> (503.57,552.91)
G1 X503.567 Y552.907
; Coordinate transform: (1417.44,435.13) -> (506.40,552.61)
G1 X506.402 Y552.613
; Coordinate transform: (1425.87,435.88) -> (509.55,552.33)
G1 X509.546 Y552.334
; Coordinate transform: (1434.94,436.49) -> (512.93,552.11)
G1 X512.928 Y552.108
; Coordinate transform: (1444.50,436.85) -> (516.49,551.97)
G1 X516.494 Y551.973
; Coordinate transform: (1454.40,436.80) -> (520.19,551.99)
G1 X520.186 Y551.989
; Coordinate transform: (1464.56,436.18) -> (523.98,552.22)
G1 X523.975 Y552.224
; Coordinate transform: (1474.99,434.78) -> (527.87,552.75)
G1 X527.865 Y552.745
; Coordinate transform: (1485.73,432.50) -> (531.87,553.59)
G1 X531.871 Y553.593
; Coordinate transform: (1496.80,429.26) -> (536.00,554.80)
G1 X535.999 Y554.802
; Coordinate transform: (1508.11,425.02) -> (540.22,556.39)
G1 X540.217 Y556.385
; Coordinate transform: (1519.45,419.93) -> (544.45,558.28)
G1 X544.447 Y558.281
; Coordinate transform: (1530.39,415.00) -> (548.53,560.12)
G1 X548.527 Y560.123
; Coordinate transform: (1540.56,411.03) -> (552.32,561.60)
G1 X552.320 Y561.603
; Coordinate transform: (1549.77,408.36) -> (555.75,562.60)
G1 X555.754 Y562.599
; Coordinate transform: (1558.15,406.60) -> (558.88,563.25)
G1 X558.880 Y563.254
; Coordinate transform: (1566.09,405.21) -> (561.84,563.77)
G1 X561.841 Y563.770
; Coordinate transform: (1574.04,403.71) -> (564.81,564.33)
G1 X564.806 Y564.333
; Coordinate transform: (1582.54,401.63) -> (567.98,565.11)
G1 X567.976 Y565.107
; Coordinate transform: (1592.12,398.57) -> (571.55,566.25)
G1 X571.549 Y566.247
; Coordinate transform: (1603.16,394.25) -> (575.67,567.86)
G1 X575.666 Y567.860
; Coordinate transform: (1615.71,388.58) -> (580.35,569.97)
G1 X580.347 Y569.975
; Coordinate transform: (1629.41,381.82) -> (585.46,572.49)
G1 X585.456 Y572.494
; Coordinate transform: (1643.49,374.44) -> (590.71,575.25)
G1 X590.708 Y575.249
; Coordinate transform: (1656.94,366.90) -> (595.72,578.06)
G1 X595.724 Y578.061
; Coordinate transform: (1668.97,359.52) -> (600.21,580.81)
G1 X600.210 Y580.814
; Coordinate transform: (1679.55,352.42) -> (604.16,583.46)
G1 X604.156 Y583.461
; Coordinate transform: (1689.20,345.52) -> (607.76,586.04)
G1 X607.755 Y586.035
; Coordinate transform: (1698.45,338.66) -> (611.21,588.59)
G1 X611.205 Y588.592
; Coordinate transform: (1707.67,331.73) -> (614.64,591.18)
G1 X614.644 Y591.179
; Coordinate transform: (1716.92,324.71) -> (618.09,593.80)
G1 X618.094 Y593.796
; Coordinate transform: (1726.19,317.63) -> (621.55,596.44)
G1 X621.551 Y596.437
; Coordinate transform: (1735.57,310.52) -> (625.05,599.09)
G1 X625.049 Y599.088
; Coordinate transform: (1745.70,303.28) -> (628.83,601.79)
G1 X628.827 Y601.786
; Coordinate transform: (1757.28,295.81) -> (633.15,604.57)
G1 X633.146 Y604.575
; Coordinate transform: (1770.44,288.04) -> (638.05,607.47)
G1 X638.054 Y607.472
; Coordinate transform: (1784.09,280.18) -> (643.14,610.40)
G1 X643.145 Y610.403
; Coordinate transform: (1797.64,272.39) -> (648.20,613.31)
G1 X648.198 Y613.306
; Coordinate transform: (1810.96,264.74) -> (653.17,616.16)
G1 X653.166 Y616.160
; Coordinate transform: (1824.08,257.21) -> (658.06,618.97)
G1 X658.059 Y618.967
; Coordinate transform: (1836.97,249.82) -> (662.87,621.73)
G1 X662.867 Y621.726
; Coordinate transform: (1849.61,242.58) -> (667.58,624.43)
G1 X667.581 Y624.427
; Coordinate transform: (1861.82,235.53) -> (672.13,627.06)
G1 X672.134 Y627.056
; Coordinate transform: (1872.99,228.66) -> (676.30,629.62)
G1 X676.300 Y629.618
; Coordinate transform: (1881.36,221.92) -> (679.42,632.13)
G1 X679.422 Y632.130
; Coordinate transform: (1886.39,215.33) -> (681.30,634.59)
G1 X681.298 Y634.587
; Coordinate transform: (1888.24,208.90) -> (681.99,636.99)
G1 X681.988 Y636.985
; Coordinate transform: (1887.08,202.59) -> (681.56,639.34)
G1 X681.555 Y639.338
; Coordinate transform: (1883.06,196.35) -> (680.06,641.67)
G1 X680.056 Y641.668
; Coordinate transform: (1876.33,190.06) -> (677.55,644.01)
G1 X677.546 Y644.012
; Coordinate transform: (1867.06,183.52) -> (674.09,646.45)
G1 X674.089 Y646.453
; Coordinate transform: (1856.44,176.62) -> (670.13,649.03)
G1 X670.128 Y649.026
; Coordinate transform: (1845.60,169.37) -> (666.09,651.73)
G1 X666.085 Y651.728
; Coordinate transform: (1834.78,161.85) -> (662.05,654.53)
G1 X662.050 Y654.532
; Coordinate transform: (1823.97,154.15) -> (658.02,657.41)
G1 X658.018 Y657.406
; Coordinate transform: (1813.22,146.37) -> (654.01,660.31)
G1 X654.009 Y660.308
; Coordinate transform: (1802.53,138.59) -> (650.02,663.21)
G1 X650.022 Y663.207
; Coordinate transform: (1791.95,131.09) -> (646.08,666.01)
G1 X646.076 Y666.006
; Coordinate transform: (1781.49,124.15) -> (642.18,668.59)
G1 X642.175 Y668.594
; Coordinate transform: (1771.16,118.77) -> (638.32,670.60)
G1 X638.322 Y670.599
; Coordinate transform: (1760.95,115.68) -> (634.51,671.75)
G1 X634.515 Y671.754
; Coordinate transform: (1750.85,115.30) -> (630.75,671.89)
G1 X630.748 Y671.894
; Coordinate transform: (1740.83,117.63) -> (627.01,671.03)
G1 X627.011 Y671.027
; Coordinate transform: (1730.86,122.12) -> (623.29,669.35)
G1 X623.292 Y669.353
; Coordinate transform: (1720.94,128.08) -> (619.59,667.13)
G1 X619.593 Y667.129
; Coordinate transform: (1711.09,134.61) -> (615.92,664.69)
G1 X615.919 Y664.693
; Coordinate transform: (1701.35,141.09) -> (612.29,662.28)
G1 X612.287 Y662.275
; Coordinate transform: (1691.63,147.42) -> (608.66,659.92)
G1 X608.662 Y659.915
; Coordinate transform: (1681.84,153.59) -> (605.01,657.62)
G1 X605.010 Y657.616
; Coordinate transform: (1671.97,159.65) -> (601.33,655.35)
G1 X601.329 Y655.354
; Coordinate transform: (1662.15,165.62) -> (597.67,653.13)
G1 X597.667 Y653.126
; Coordinate transform: (1652.46,171.49) -> (594.05,650.94)
G1 X594.053 Y650.939
; Coordinate transform: (1643.00,177.26) -> (590.52,648.79)
G1 X590.525 Y648.786
; Coordinate transform: (1633.83,182.95) -> (587.10,646.66)
G1 X587.105 Y646.664
; Coordinate transform: (1625.11,188.54) -> (583.85,644.58)
G1 X583.853 Y644.581
; Coordinate transform: (1616.96,193.96) -> (580.81,642.56)
G1 X580.813 Y642.557
; Coordinate transform: (1609.49,199.21) -> (578.03,640.60)
G1 X578.027 Y640.599
; Coordinate transform: (1602.67,204.33) -> (575.48,638.69)
G1 X575.484 Y638.691
; Coordinate transform: (1596.28,209.44) -> (573.10,636.78)
G1 X573.101 Y636.784
; Coordinate transform: (1590.09,214.69) -> (570.79,634.83)
G1 X570.792 Y634.826
; Coordinate transform: (1583.82,220.21) -> (568.45,632.77)
G1 X568.454 Y632.769
; Coordinate transform: (1577.25,226.09) -> (566.00,630.58)
G1 X566.003 Y630.575
; Coordinate transform: (1570.51,232.28) -> (563.49,628.27)
G1 X563.490 Y628.267
; Coordinate transform: (1563.84,238.66) -> (561.00,625.89)
G1 X561.002 Y625.889
; Coordinate transform: (1557.54,245.01) -> (558.65,623.52)
G1 X558.652 Y623.519
; Coordinate transform: (1551.84,251.19) -> (556.53,621.22)
G1 X556.526 Y621.216
; Coordinate transform: (1546.77,257.13) -> (554.64,619.00)
G1 X554.636 Y618.999
; Coordinate transform: (1542.16,262.97) -> (552.92,616.82)
G1 X552.916 Y616.822
; Coordinate transform: (1537.80,268.84) -> (551.29,614.63)
G1 X551.290 Y614.631
; Coordinate transform: (1533.56,274.79) -> (549.71,612.41)
G1 X549.709 Y612.411
; Coordinate transform: (1529.43,280.81) -> (548.17,610.17)
G1 X548.169 Y610.168
; Coordinate transform: (1525.45,286.86) -> (546.68,607.91)
G1 X546.684 Y607.910
; Coordinate transform: (1521.64,292.94) -> (545.26,605.64)
G1 X545.263 Y605.642
; Coordinate transform: (1518.04,299.08) -> (543.92,603.35)
G1 X543.921 Y603.354
; Coordinate transform: (1514.66,305.21) -> (542.66,601.07)
G1 X542.660 Y601.066
; Coordinate transform: (1511.46,311.33) -> (541.47,598.78)
G1 X541.467 Y598.784
; Coordinate transform: (1508.37,317.40) -> (540.31,596.52)
G1 X540.314 Y596.520
; Coordinate transform: (1505.29,323.39) -> (539.17,594.29)
G1 X539.166 Y594.285
; Coordinate transform: (1502.10,329.31) -> (537.98,592.08)
G1 X537.976 Y592.080
; Coordinate transform: (1498.70,335.11) -> (536.71,589.92)
G1 X536.708 Y589.916
; Coordinate transform: (1494.96,340.80) -> (535.31,587.79)
G1 X535.313 Y587.793
; Coordinate transform: (1490.76,346.35) -> (533.75,585.72)
G1 X533.747 Y585.724
; Coordinate transform: (1486.06,351.72) -> (531.99,583.72)
G1 X531.994 Y583.722
; Coordinate transform: (1480.89,356.90) -> (530.07,581.79)
G1 X530.065 Y581.791
; Coordinate transform: (1475.22,361.97) -> (527.95,579.90)
G1 X527.951 Y579.898
; Coordinate transform: (1469.07,367.11) -> (525.66,577.98)
G1 X525.657 Y577.982
; Coordinate transform: (1462.46,372.60) -> (523.19,575.93)
G1 X523.192 Y575.933
; Coordinate transform: (1455.41,378.71) -> (520.56,573.65)
G1 X520.563 Y573.655
; Coordinate transform: (1447.98,385.54) -> (517.79,571.11)
G1 X517.792 Y571.108
; Coordinate transform: (1440.48,392.45) -> (514.99,568.53)
G1 X514.994 Y568.531
; Coordinate transform: (1433.28,398.52) -> (512.31,566.27)
G1 X512.309 Y566.266
; Coordinate transform: (1426.59,403.30) -> (509.81,564.49)
G1 X509.814 Y564.485
; Coordinate transform: (1420.56,406.71) -> (507.57,563.21)
G1 X507.565 Y563.212
; Coordinate transform: (1415.27,408.79) -> (505.59,562.44)
G1 X505.592 Y562.438
; Coordinate transform: (1410.81,409.61) -> (503.93,562.13)
G1 X503.929 Y562.130
; Coordinate transform: (1407.24,409.31) -> (502.60,562.24)
G1 X502.598 Y562.245
; Coordinate transform: (1404.57,407.94) -> (501.60,562.75)
G1 X501.602 Y562.753
; Coordinate transform: (1402.72,405.54) -> (500.91,563.65)
G1 X500.912 Y563.648
; Coordinate transform: (1401.59,402.08) -> (500.49,564.94)
G1 X500.490 Y564.940
; Coordinate transform: (1401.08,397.47) -> (500.30,566.66)
G1 X500.300 Y566.658
; Coordinate transform: (1401.09,391.60) -> (500.30,568.85)
G1 X500.304 Y568.849
; Coordinate transform: (1401.47,384.44) -> (500.45,571.52)
G1 X500.446 Y571.520
; Coordinate transform: (1402.06,376.04) -> (500.67,574.65)
G1 X500.666 Y574.652
; Coordinate transform: (1402.63,366.40) -> (500.88,578.25)
G1 X500.878 Y578.246
; Coordinate transform: (1402.92,355.47) -> (500.99,582.32)
G1 X500.986 Y582.324
; Coordinate transform: (1402.81,343.18) -> (500.95,586.91)
G1 X500.945 Y586.907
; Coordinate transform: (1402.31,329.56) -> (500.76,591.99)
G1 X500.759 Y591.987
; Coordinate transform: (1401.45,314.79) -> (500.44,597.50)
G1 X500.438 Y597.496
; Coordinate transform: (1400.30,299.28) -> (500.01,603.28)
G1 X500.009 Y603.280
; Coordinate transform: (1398.93,283.58) -> (499.50,609.13)
G1 X499.498 Y609.134
; Coordinate transform: (1397.49,268.07) -> (498.96,614.92)
G1 X498.961 Y614.917
; Coordinate transform: (1396.15,252.84) -> (498.46,620.60)
G1 X498.461 Y620.598
; Coordinate transform: (1394.93,237.95) -> (498.01,626.15)
G1 X498.006 Y626.154
; Coordinate transform: (1393.75,223.34) -> (497.57,631.60)
G1 X497.566 Y631.602
; Coordinate transform: (1392.61,208.74) -> (497.14,637.05)
G1 X497.141 Y637.046
; Coordinate transform: (1391.43,194.09) -> (496.70,642.51)
G1 X496.701 Y642.508
; Coordinate transform: (1390.10,179.56) -> (496.21,647.93)
G1 X496.205 Y647.928
; Coordinate transform: (1388.64,165.10) -> (495.66,653.32)
G1 X495.661 Y653.322
; Coordinate transform: (1387.07,150.75) -> (495.08,658.68)
G1 X495.075 Y658.676
; Coordinate transform: (1385.41,136.58) -> (494.46,663.96)
G1 X494.456 Y663.958
; Coordinate transform: (1383.68,122.76) -> (493.81,669.11)
G1 X493.811 Y669.113
; Coordinate transform: (1381.91,110.34) -> (493.15,673.75)
G1 X493.151 Y673.746
; Coordinate transform: (1380.16,100.99) -> (492.50,677.23)
G1 X492.498 Y677.233
; Coordinate transform: (1378.46,95.03) -> (491.86,679.45)
G1 X491.864 Y679.454
; Coordinate transform: (1376.80,92.31) -> (491.24,680.47)
G1 X491.245 Y680.471
; Coordinate transform: (1375.16,92.64) -> (490.63,680.34)
G1 X490.633 Y680.344
; Coordinate transform: (1373.52,95.89) -> (490.02,679.13)
G1 X490.022 Y679.132
; Coordinate transform: (1371.84,101.91) -> (489.40,676.89)
G1 X489.395 Y676.889
; Coordinate transform: (1370.07,110.55) -> (488.73,673.67)
G1 X488.735 Y673.668
; Coordinate transform: (1368.05,121.52) -> (487.98,669.57)
G1 X487.982 Y669.574
; Coordinate transform: (1365.61,133.44) -> (487.07,665.13)
G1 X487.072 Y665.130
; Coordinate transform: (1362.61,145.32) -> (485.95,660.70)
G1 X485.953 Y660.697
; Coordinate transform: (1358.95,157.03) -> (484.59,656.33)
G1 X484.588 Y656.332
; Coordinate transform: (1354.64,168.52) -> (482.98,652.05)
G1 X482.980 Y652.046
; Coordinate transform: (1349.64,179.84) -> (481.12,647.83)
G1 X481.115 Y647.826
; Coordinate transform: (1343.91,190.96) -> (478.98,643.68)
G1 X478.978 Y643.678
; Coordinate transform: (1337.49,201.69) -> (476.58,639.68)
G1 X476.584 Y639.676
; Coordinate transform: (1330.42,212.02) -> (473.95,635.82)
G1 X473.947 Y635.823
; Coordinate transform: (1322.70,222.12) -> (471.07,632.06)
G1 X471.068 Y632.056
; Coordinate transform: (1314.44,232.12) -> (467.99,628.33)
G1 X467.988 Y628.327
; Coordinate transform: (1305.92,242.02) -> (464.81,624.64)
G1 X464.810 Y624.635
; Coordinate transform: (1297.36,251.65) -> (461.62,621.04)
G1 X461.617 Y621.043
; Coordinate transform: (1288.86,260.94) -> (458.45,617.58)
G1 X458.447 Y617.576
; Coordinate transform: (1280.39,269.94) -> (455.29,614.22)
G1 X455.288 Y614.221
; Coordinate transform: (1272.10,278.58) -> (452.20,611.00)
G1 X452.197 Y610.998
; Coordinate transform: (1264.07,286.69) -> (449.20,607.97)
G1 X449.202 Y607.975
; Coordinate transform: (1256.31,294.27) -> (446.31,605.15)
G1 X446.308 Y605.148
; Coordinate transform: (1248.75,301.44) -> (443.49,602.47)
G1 X443.488 Y602.472
; Coordinate transform: (1241.32,308.26) -> (440.72,599.93)
G1 X440.717 Y599.929
; Coordinate transform: (1233.98,314.75) -> (437.98,597.51)
G1 X437.980 Y597.509
; Coordinate transform: (1226.73,320.82) -> (435.28,595.25)
G1 X435.276 Y595.247
; Coordinate transform: (1219.58,326.37) -> (432.61,593.18)
G1 X432.609 Y593.176
; Coordinate transform: (1212.44,331.40) -> (429.95,591.30)
G1 X429.946 Y591.298
; Coordinate transform: (1205.19,335.98) -> (427.24,589.59)
G1 X427.242 Y589.593
; Coordinate transform: (1197.64,340.17) -> (424.43,588.03)
G1 X424.427 Y588.029
; Coordinate transform: (1189.63,344.06) -> (421.44,586.58)
G1 X421.439 Y586.580
; Coordinate transform: (1181.14,347.67) -> (418.27,585.23)
G1 X418.273 Y585.233
; Coordinate transform: (1172.21,351.00) -> (414.94,583.99)
G1 X414.942 Y583.991
; Coordinate transform: (1162.95,353.99) -> (411.49,582.87)
G1 X411.489 Y582.874
; Coordinate transform: (1153.35,356.59) -> (407.91,581.90)
G1 X407.909 Y581.905
; Coordinate transform: (1143.34,358.77) -> (404.18,581.09)
G1 X404.175 Y581.090
; Coordinate transform: (1132.84,360.55) -> (400.26,580.43)
G1 X400.259 Y580.427
; Coordinate transform: (1121.91,362.06) -> (396.18,579.87)
G1 X396.183 Y579.865
; Coordinate transform: (1110.65,363.48) -> (391.98,579.34)
G1 X391.983 Y579.335
; Coordinate transform: (1099.21,365.03) -> (387.72,578.76)
G1 X387.717 Y578.757
; Coordinate transform: (1087.75,366.81) -> (383.44,578.09)
G1 X383.443 Y578.094
; Coordinate transform: (1076.00,368.54) -> (379.06,577.45)
G1 X379.061 Y577.449
; Coordinate transform: (1063.77,369.75) -> (374.50,577.00)
G1 X374.499 Y576.998
; Coordinate transform: (1051.22,369.99) -> (369.82,576.91)
G1 X369.819 Y576.907
; Coordinate transform: (1038.77,368.98) -> (365.18,577.29)
G1 X365.176 Y577.285
; Coordinate transform: (1026.64,366.56) -> (360.65,578.19)
G1 X360.652 Y578.185
; Coordinate transform: (1014.88,362.61) -> (356.27,579.66)
G1 X356.266 Y579.660
; Coordinate transform: (1003.56,357.14) -> (352.04,581.70)
G1 X352.044 Y581.701
; Coordinate transform: (992.80,350.16) -> (348.03,584.30)
G1 X348.032 Y584.304
; Coordinate transform: (982.73,341.72) -> (344.27,587.45)
G1 X344.274 Y587.452
; Coordinate transform: (973.38,332.01) -> (340.79,591.07)
G1 X340.789 Y591.073
; Coordinate transform: (964.74,321.15) -> (337.57,595.12)
G1 X337.567 Y595.123
; Coordinate transform: (956.77,309.27) -> (334.59,599.55)
G1 X334.594 Y599.554
; Coordinate transform: (949.31,296.65) -> (331.81,604.26)
G1 X331.811 Y604.261
; Coordinate transform: (942.14,283.61) -> (329.14,609.13)
G1 X329.136 Y609.125
; Coordinate transform: (935.15,270.39) -> (326.53,614.05)
G1 X326.532 Y614.053
; Coordinate transform: (928.39,257.21) -> (324.01,618.97)
G1 X324.009 Y618.970
; Coordinate transform: (922.03,244.13) -> (321.64,623.85)
G1 X321.636 Y623.848
; Coordinate transform: (916.25,231.19) -> (319.48,628.67)
G1 X319.481 Y628.674
; Coordinate transform: (911.33,218.56) -> (317.65,633.38)
G1 X317.647 Y633.382
; Coordinate transform: (907.54,206.61) -> (316.23,637.84)
G1 X316.235 Y637.840
; Coordinate transform: (905.10,195.61) -> (315.32,641.94)
G1 X315.325 Y641.944
; Coordinate transform: (904.13,185.66) -> (314.96,645.65)
G1 X314.963 Y645.654
; Coordinate transform: (904.70,176.74) -> (315.17,648.98)
G1 X315.173 Y648.982
; Coordinate transform: (906.82,168.71) -> (315.97,651.98)
G1 X315.965 Y651.976
; Coordinate transform: (910.47,161.30) -> (317.33,654.74)
G1 X317.327 Y654.738
; Coordinate transform: (915.58,154.28) -> (319.23,657.36)
G1 X319.230 Y657.355
; Coordinate transform: (921.97,147.42) -> (321.61,659.92)
G1 X321.614 Y659.916
; Coordinate transform: (929.50,140.51) -> (324.42,662.49)
G1 X324.425 Y662.492
; Coordinate transform: (937.99,133.48) -> (327.59,665.12)
G1 X327.590 Y665.115
; Coordinate transform: (947.26,126.29) -> (331.05,667.80)
G1 X331.048 Y667.795
; Coordinate transform: (957.09,119.69) -> (334.71,670.26)
G1 X334.714 Y670.259
; Coordinate transform: (967.26,114.52) -> (338.50,672.18)
G1 X338.504 Y672.185
; Coordinate transform: (977.58,111.66) -> (342.35,673.25)
G1 X342.355 Y673.254
; Coordinate transform: (987.96,111.60) -> (346.23,673.28)
G1 X346.225 Y673.276
; Coordinate transform: (998.35,114.31) -> (350.10,672.26)
G1 X350.102 Y672.264
; Coordinate transform: (1008.76,119.27) -> (353.98,670.41)
G1 X353.983 Y670.415
; Coordinate transform: (1019.19,125.70) -> (357.87,668.02)
G1 X357.873 Y668.017
; Coordinate transform: (1029.63,132.85) -> (361.77,665.35)
G1 X361.767 Y665.350
; Coordinate transform: (1040.08,139.98) -> (365.66,662.69)
G1 X365.664 Y662.690
; Coordinate transform: (1050.50,146.96) -> (369.55,660.09)
G1 X369.550 Y660.088
; Coordinate transform: (1060.85,153.65) -> (373.41,657.59)
G1 X373.410 Y657.591
; Coordinate transform: (1071.11,160.07) -> (377.24,655.20)
G1 X377.237 Y655.197
; Coordinate transform: (1081.25,166.25) -> (381.02,652.89)
G1 X381.019 Y652.895
; Coordinate transform: (1091.27,172.16) -> (384.76,650.69)
G1 X384.756 Y650.689
; Coordinate transform: (1101.09,177.77) -> (388.42,648.59)
G1 X388.418 Y648.595
; Coordinate transform: (1110.70,183.03) -> (392.00,646.64)
G1 X392.002 Y646.636
; Coordinate transform: (1120.12,187.88) -> (395.52,644.83)
G1 X395.515 Y644.827
; Coordinate transform: (1129.44,192.38) -> (398.99,643.15)
G1 X398.991 Y643.148
; Coordinate transform: (1138.76,196.59) -> (402.47,641.58)
G1 X402.467 Y641.577
; Coordinate transform: (1148.04,200.52) -> (405.93,640.11)
G1 X405.928 Y640.113
; Coordinate transform: (1157.25,204.14) -> (409.36,638.76)
G1 X409.363 Y638.760
; Coordinate transform: (1166.37,207.43) -> (412.76,637.53)
G1 X412.764 Y637.534
; Coordinate transform: (1175.42,210.36) -> (416.14,636.44)
G1 X416.140 Y636.440
; Coordinate transform: (1184.47,212.95) -> (419.51,635.47)
G1 X419.515 Y635.475
; Coordinate transform: (1193.69,215.22) -> (422.95,634.63)
G1 X422.953 Y634.628
; Coordinate transform: (1203.09,217.17) -> (426.46,633.90)
G1 X426.459 Y633.904
; Coordinate transform: (1212.60,218.74) -> (430.01,633.32)
G1 X430.006 Y633.318
; Coordinate transform: (1222.05,219.85) -> (433.53,632.90)
G1 X433.530 Y632.901
; Coordinate transform: (1231.32,220.44) -> (436.99,632.68)
G1 X436.988 Y632.684
; Coordinate transform: (1240.37,220.39) -> (440.36,632.70)
G1 X440.363 Y632.700
; Coordinate transform: (1249.09,219.64) -> (443.62,632.98)
G1 X443.615 Y632.981
; Coordinate transform: (1257.42,218.13) -> (446.72,633.54)
G1 X446.722 Y633.545
; Coordinate transform: (1265.29,215.86) -> (449.66,634.39)
G1 X449.657 Y634.390
; Coordinate transform: (1272.74,212.89) -> (452.44,635.50)
G1 X452.435 Y635.498
; Coordinate transform: (1279.83,209.23) -> (455.08,636.86)
G1 X455.080 Y636.863
; Coordinate transform: (1286.62,204.89) -> (457.61,638.48)
G1 X457.612 Y638.483
; Coordinate transform: (1293.15,199.83) -> (460.05,640.37)
G1 X460.047 Y640.368
; Coordinate transform: (1299.31,194.11) -> (462.34,642.50)
G1 X462.345 Y642.502
; Coordinate transform: (1304.96,187.75) -> (464.45,644.87)
G1 X464.452 Y644.873
; Coordinate transform: (1309.96,180.79) -> (466.32,647.47)
G1 X466.317 Y647.468
; Coordinate transform: (1314.24,173.25) -> (467.91,650.28)
G1 X467.913 Y650.284
; Coordinate transform: (1317.73,165.09) -> (469.21,653.32)
G1 X469.215 Y653.324
; Coordinate transform: (1320.35,156.33) -> (470.19,656.59)
G1 X470.192 Y656.594
; Coordinate transform: (1322.03,146.98) -> (470.82,660.08)
G1 X470.818 Y660.081
; Coordinate transform: (1322.69,137.08) -> (471.06,663.77)
G1 X471.064 Y663.770
; Coordinate transform: (1322.26,126.89) -> (470.90,667.57)
G1 X470.904 Y667.570
; Coordinate transform: (1320.73,117.09) -> (470.33,671.23)
G1 X470.333 Y671.225
; Coordinate transform: (1318.09,108.79) -> (469.35,674.32)
G1 X469.349 Y674.323
; Coordinate transform: (1314.44,103.20) -> (467.99,676.41)
G1 X467.988 Y676.406
; Coordinate transform: (1310.00,100.66) -> (466.33,677.35)
G1 X466.332 Y677.354
; Coordinate transform: (1304.86,101.02) -> (464.41,677.22)
G1 X464.415 Y677.219
; Coordinate transform: (1299.01,104.14) -> (462.23,676.06)
G1 X462.233 Y676.058
; Coordinate transform: (1292.40,109.83) -> (459.77,673.94)
G1 X459.768 Y673.936
; Coordinate transform: (1284.76,117.73) -> (456.92,670.99)
G1 X456.918 Y670.989
; Coordinate transform: (1276.03,126.61) -> (453.66,667.68)
G1 X453.662 Y667.675
; Coordinate transform: (1266.29,135.42) -> (450.03,664.39)
G1 X450.030 Y664.393
; Coordinate transform: (1255.68,143.46) -> (446.07,661.39)
G1 X446.073 Y661.393
; Coordinate transform: (1244.38,150.58) -> (441.86,658.74)
G1 X441.858 Y658.738
; Coordinate transform: (1232.67,156.69) -> (437.49,656.46)
G1 X437.491 Y656.458
; Coordinate transform: (1220.78,161.70) -> (433.06,654.59)
G1 X433.057 Y654.589
; Coordinate transform: (1208.84,165.50) -> (428.60,653.17)
G1 X428.604 Y653.173
; Coordinate transform: (1196.98,168.04) -> (424.18,652.23)
G1 X424.180 Y652.226
; Coordinate transform: (1185.28,169.31) -> (419.82,651.75)
G1 X419.817 Y651.750
; Coordinate transform: (1173.77,169.35) -> (415.52,651.74)
G1 X415.524 Y651.738
; Coordinate transform: (1162.44,168.24) -> (411.30,652.15)
G1 X411.299 Y652.153
; Coordinate transform: (1151.33,166.09) -> (407.16,652.95)
G1 X407.155 Y652.953
; Coordinate transform: (1140.45,162.98) -> (403.10,654.11)
G1 X403.097 Y654.114
; Coordinate transform: (1129.75,158.92) -> (399.11,655.63)
G1 X399.107 Y655.627
; Coordinate transform: (1119.15,153.94) -> (395.15,657.48)
G1 X395.154 Y657.483
; Coordinate transform: (1108.67,148.13) -> (391.25,659.65)
G1 X391.245 Y659.652
; Coordinate transform: (1098.36,141.51) -> (387.40,662.12)
G1 X387.400 Y662.120
; Coordinate transform: (1088.32,134.25) -> (383.66,664.83)
G1 X383.655 Y664.827
; Coordinate transform: (1078.60,126.53) -> (380.03,667.71)
G1 X380.030 Y667.706
; Coordinate transform: (1069.22,119.08) -> (376.53,670.48)
G1 X376.532 Y670.484
; Coordinate transform: (1060.23,112.81) -> (373.18,672.82)
G1 X373.179 Y672.822
; Coordinate transform: (1051.66,108.72) -> (369.98,674.35)
G1 X369.983 Y674.350
; Coordinate transform: (1043.47,107.43) -> (366.93,674.83)
G1 X366.929 Y674.828
; Coordinate transform: (1035.60,109.11) -> (363.99,674.20)
G1 X363.993 Y674.205
; Coordinate transform: (1027.94,113.39) -> (361.14,672.61)
G1 X361.137 Y672.608
; Coordinate transform: (1020.32,119.58) -> (358.29,670.30)
G1 X358.295 Y670.300
; Coordinate transform: (1012.64,126.89) -> (355.43,667.57)
G1 X355.430 Y667.574
; Coordinate transform: (1004.80,134.74) -> (352.51,664.64)
G1 X352.506 Y664.644
; Coordinate transform: (996.77,142.82) -> (349.51,661.63)
G1 X349.513 Y661.631
; Coordinate transform: (988.61,151.26) -> (346.47,658.48)
G1 X346.466 Y658.483
; Coordinate transform: (980.42,160.22) -> (343.41,655.14)
G1 X343.414 Y655.141
; Coordinate transform: (972.37,169.94) -> (340.41,651.52)
G1 X340.412 Y651.519
; Coordinate transform: (964.65,180.64) -> (337.53,647.53)
G1 X337.533 Y647.525
; Coordinate transform: (957.48,192.44) -> (334.86,643.12)
G1 X334.860 Y643.123
; Coordinate transform: (951.14,205.12) -> (332.49,638.40)
G1 X332.495 Y638.397
; Coordinate transform: (945.84,218.18) -> (330.52,633.53)
G1 X330.516 Y633.525
; Coordinate transform: (941.57,231.22) -> (328.92,628.66)
G1 X328.925 Y628.663
; Coordinate transform: (938.21,243.89) -> (327.67,623.94)
G1 X327.671 Y623.936
; Coordinate transform: (935.51,256.11) -> (326.67,619.38)
G1 X326.666 Y619.380
; Coordinate transform: (933.20,267.96) -> (325.80,614.96)
G1 X325.801 Y614.961
; Coordinate transform: (930.97,279.52) -> (324.97,610.65)
G1 X324.971 Y610.648
; Coordinate transform: (928.64,290.75) -> (324.10,606.46)
G1 X324.102 Y606.461
; Coordinate transform: (926.20,301.28) -> (323.19,602.53)
G1 X323.192 Y602.533
; Coordinate transform: (923.71,310.76) -> (322.26,599.00)
G1 X322.262 Y598.996
; Coordinate transform: (921.15,319.10) -> (321.31,595.89)
G1 X321.310 Y595.886
; Coordinate transform: (918.43,326.60) -> (320.29,593.09)
G1 X320.294 Y593.091
; Coordinate transform: (915.42,333.63) -> (319.17,590.47)
G1 X319.173 Y590.467
; Coordinate transform: (912.03,340.60) -> (317.91,587.87)
G1 X317.908 Y587.870
; Coordinate transform: (908.26,347.67) -> (316.50,585.23)
G1 X316.502 Y585.230
; Coordinate transform: (904.23,354.87) -> (315.00,582.55)
G1 X314.999 Y582.547
; Coordinate transform: (900.09,362.10) -> (313.45,579.85)
G1 X313.455 Y579.850
; Coordinate transform: (895.90,369.27) -> (311.89,577.18)
G1 X311.891 Y577.176
; Coordinate transform: (891.56,376.33) -> (310.27,574.54)
G1 X310.273 Y574.541
; Coordinate transform: (886.85,383.31) -> (308.52,571.94)
G1 X308.518 Y571.938
; Coordinate transform: (881.50,390.29) -> (306.52,569.34)
G1 X306.522 Y569.338
; Coordinate transform: (875.16,397.40) -> (304.16,566.69)
G1 X304.158 Y566.686
; Coordinate transform: (867.59,404.83) -> (301.33,563.91)
G1 X301.332 Y563.912
; Coordinate transform: (858.71,412.63) -> (298.02,561.01)
G1 X298.020 Y561.005
; Coordinate transform: (848.73,420.41) -> (294.30,558.10)
G1 X294.300 Y558.104
; Coordinate transform: (837.97,427.56) -> (290.29,555.43)
G1 X290.287 Y555.435
; Coordinate transform: (826.58,433.87) -> (286.04,553.09)
G1 X286.040 Y553.085
; Coordinate transform: (814.77,439.21) -> (281.63,551.09)
G1 X281.633 Y551.092
; Coordinate transform: (802.74,443.45) -> (277.15,549.51)
G1 X277.148 Y549.510
; Coordinate transform: (790.62,446.52) -> (272.63,548.37)
G1 X272.627 Y548.367
; Coordinate transform: (778.49,448.42) -> (268.10,547.66)
G1 X268.103 Y547.657
; Coordinate transform: (766.38,449.28) -> (263.59,547.34)
G1 X263.588 Y547.336
; Coordinate transform: (754.18,449.26) -> (259.04,547.34)
G1 X259.038 Y547.342
; Coordinate transform: (741.75,448.58) -> (254.40,547.60)
G1 X254.402 Y547.598
; Coordinate transform: (729.03,447.46) -> (249.66,548.02)
G1 X249.658 Y548.015
; Coordinate transform: (716.05,446.12) -> (244.82,548.52)
G1 X244.816 Y548.516
; Coordinate transform: (702.83,444.67) -> (239.88,549.06)
G1 X239.884 Y549.055
; Coordinate transform: (689.26,443.12) -> (234.83,549.63)
G1 X234.826 Y549.633
; Coordinate transform: (675.28,441.49) -> (229.61,550.24)
G1 X229.610 Y550.240
; Coordinate transform: (660.97,439.92) -> (224.27,550.83)
G1 X224.273 Y550.827
; Coordinate transform: (646.56,438.54) -> (218.90,551.34)
G1 X218.900 Y551.342
; Coordinate transform: (632.30,437.38) -> (213.58,551.77)
G1 X213.583 Y551.773
; Coordinate transform: (618.42,436.38) -> (208.41,552.15)
G1 X208.406 Y552.149
; Coordinate transform: (605.05,435.45) -> (203.42,552.49)
G1 X203.420 Y552.495
; Coordinate transform: (592.32,434.38) -> (198.67,552.89)
G1 X198.672 Y552.891
; Coordinate transform: (580.38,433.26) -> (194.22,553.31)
G1 X194.216 Y553.310
; Coordinate transform: (568.84,432.18) -> (189.91,553.72)
G1 X189.914 Y553.715
; Coordinate transform: (557.70,431.15) -> (185.76,554.10)
G1 X185.760 Y554.096
; Coordinate transform: (546.86,430.20) -> (181.72,554.45)
G1 X181.718 Y554.451
; Coordinate transform: (536.24,429.32) -> (177.76,554.78)
G1 X177.757 Y554.778
; Coordinate transform: (525.79,428.51) -> (173.86,555.08)
G1 X173.857 Y555.081
; Coordinate transform: (515.47,427.76) -> (170.01,555.36)
G1 X170.008 Y555.363
; Coordinate transform: (505.27,427.05) -> (166.21,555.63)
G1 X166.207 Y555.628
; Coordinate transform: (495.16,426.37) -> (162.44,555.88)
G1 X162.436 Y555.882
; Coordinate transform: (485.06,425.71) -> (158.67,556.13)
G1 X158.667 Y556.127
; Coordinate transform: (474.86,425.08) -> (154.86,556.36)
G1 X154.865 Y556.360
; Coordinate transform: (464.49,424.48) -> (151.00,556.59)
G1 X150.997 Y556.586
; Coordinate transform: (453.89,423.89) -> (147.04,556.80)
G1 X147.045 Y556.805
; Coordinate transform: (443.07,423.30) -> (143.01,557.02)
G1 X143.008 Y557.025
; Coordinate transform: (432.10,422.67) -> (138.92,557.26)
G1 X138.916 Y557.260
; Coordinate transform: (421.05,421.97) -> (134.79,557.52)
G1 X134.794 Y557.521
; Coordinate transform: (409.93,421.18) -> (130.65,557.82)
G1 X130.647 Y557.815
; Coordinate transform: (398.70,420.31) -> (126.46,558.14)
G1 X126.460 Y558.142
; Coordinate transform: (387.27,419.39) -> (122.20,558.48)
G1 X122.199 Y558.483
; Coordinate transform: (375.58,418.50) -> (117.84,558.82)
G1 X117.837 Y558.815
; Coordinate transform: (363.57,417.71) -> (113.36,559.11)
G1 X113.358 Y559.111
; Coordinate transform: (351.24,417.05) -> (108.76,559.35)
G1 X108.758 Y559.355
; Coordinate transform: (338.62,416.55) -> (104.05,559.54)
G1 X104.051 Y559.543
; Coordinate transform: (325.84,416.13) -> (99.29,559.70)
G1 X99.286 Y559.700
; Coordinate transform: (313.10,415.69) -> (94.53,559.86)
G1 X94.535 Y559.863
; Coordinate transform: (300.61,415.14) -> (89.88,560.07)
G1 X89.876 Y560.068
; Coordinate transform: (288.56,414.40) -> (85.38,560.34)
G1 X85.382 Y560.343
; Coordinate transform: (277.07,413.44) -> (81.10,560.70)
G1 X81.097 Y560.703
; Coordinate transform: (266.17,412.26) -> (77.03,561.14)
G1 X77.034 Y561.144
; Coordinate transform: (255.83,410.92) -> (73.17,561.64)
G1 X73.175 Y561.643
; Coordinate transform: (245.98,409.46) -> (69.50,562.19)
G1 X69.502 Y562.185
; Coordinate transform: (236.53,407.93) -> (65.98,562.76)
G1 X65.979 Y562.759
; Coordinate transform: (227.66,406.62) -> (62.67,563.25)
G1 X62.670 Y563.248
; Coordinate transform: (219.38,405.54) -> (59.58,563.65)
G1 X59.583 Y563.650
; Coordinate transform: (211.75,404.78) -> (56.74,563.93)
G1 X56.737 Y563.933
; Coordinate transform: (204.80,404.40) -> (54.14,564.08)
G1 X54.143 Y564.076
; Coordinate transform: (198.52,404.44) -> (51.80,564.06)
G1 X51.802 Y564.059
; Coordinate transform: (192.87,404.93) -> (49.70,563.88)
G1 X49.696 Y563.876
; Coordinate transform: (187.80,405.90) -> (47.81,563.52)
G1 X47.805 Y563.516
; Coordinate transform: (183.23,407.36) -> (46.10,562.97)
G1 X46.099 Y562.972
; Coordinate transform: (179.04,409.33) -> (44.54,562.24)
G1 X44.535 Y562.237
; Coordinate transform: (175.12,411.85) -> (43.07,561.30)
G1 X43.074 Y561.295
; Coordinate transform: (171.36,414.96) -> (41.67,560.14)
G1 X41.672 Y560.137
; Coordinate transform: (167.62,418.68) -> (40.28,558.75)
G1 X40.279 Y558.750
; Coordinate transform: (163.78,423.06) -> (38.84,557.11)
G1 X38.845 Y557.114
; Coordinate transform: (159.68,428.20) -> (37.32,555.20)
G1 X37.317 Y555.199
; Coordinate transform: (155.21,434.15) -> (35.65,552.98)
G1 X35.648 Y552.980
; Coordinate transform: (150.20,440.99) -> (33.78,550.43)
G1 X33.781 Y550.427
; Coordinate transform: (144.49,448.83) -> (31.65,547.51)
G1 X31.653 Y547.505
; Coordinate transform: (137.98,457.68) -> (29.22,544.21)
G1 X29.224 Y544.205
; Coordinate transform: (130.70,467.54) -> (26.51,540.53)
G1 X26.507 Y540.527
; Coordinate transform: (122.85,478.37) -> (23.58,536.49)
G1 X23.582 Y536.489
; Coordinate transform: (115.62,490.01) -> (20.89,532.14)
G1 X20.886 Y532.144
; Coordinate transform: (110.21,502.34) -> (18.87,527.55)
G1 X18.868 Y527.548
; Coordinate transform: (107.80,515.13) -> (17.97,522.78)
G1 X17.966 Y522.778
; Coordinate transform: (108.31,528.10) -> (18.16,517.94)
G1 X18.158 Y517.941
; Coordinate transform: (111.63,541.17) -> (19.40,513.07)
G1 X19.397 Y513.067
; Coordinate transform: (117.60,554.41) -> (21.62,508.13)
G1 X21.621 Y508.126
; Coordinate transform: (125.25,567.86) -> (24.48,503.11)
G1 X24.475 Y503.111
; Coordinate transform: (133.46,581.43) -> (27.54,498.05)
G1 X27.538 Y498.050
; Coordinate transform: (141.24,595.06) -> (30.44,492.97)
G1 X30.438 Y492.966
; Coordinate transform: (148.43,608.70) -> (33.12,487.88)
G1 X33.119 Y487.882
; Coordinate transform: (154.96,622.28) -> (35.56,482.82)
G1 X35.557 Y482.815
; Coordinate transform: (160.90,635.77) -> (37.77,477.78)
G1 X37.772 Y477.783
; Coordinate transform: (166.29,649.09) -> (39.78,472.82)
G1 X39.781 Y472.816
; Coordinate transform: (171.12,662.08) -> (41.59,467.97)
G1 X41.585 Y467.971
; Coordinate transform: (175.40,674.53) -> (43.18,463.33)
G1 X43.181 Y463.329
; Coordinate transform: (179.13,686.20) -> (44.57,458.98)
G1 X44.570 Y458.975
; Coordinate transform: (182.34,696.92) -> (45.77,454.98)
G1 X45.769 Y454.978
; Coordinate transform: (185.14,706.59) -> (46.81,451.37)
G1 X46.812 Y451.373
; Coordinate transform: (187.65,715.22) -> (47.75,448.15)
G1 X47.749 Y448.152
; Coordinate transform: (190.06,722.97) -> (48.65,445.26)
G1 X48.645 Y445.263
; Coordinate transform: (192.53,730.03) -> (49.57,442.63)
G1 X49.568 Y442.628
; Coordinate transform: (195.22,736.66) -> (50.57,440.16)
G1 X50.572 Y440.158
; Coordinate transform: (198.24,743.06) -> (51.70,437.77)
G1 X51.699 Y437.771
; Coordinate transform: (201.69,749.47) -> (52.98,435.38)
G1 X52.984 Y435.381
; Coordinate transform: (205.65,756.07) -> (54.46,432.92)
G1 X54.461 Y432.919
; Coordinate transform: (210.20,763.01) -> (56.16,430.33)
G1 X56.157 Y430.331
; Coordinate transform: (215.37,770.40) -> (58.09,427.57)
G1 X58.087 Y427.573
; Coordinate transform: (221.20,778.25) -> (60.26,424.64)
G1 X60.261 Y424.645
; Coordinate transform: (227.71,786.53) -> (62.69,421.56)
G1 X62.688 Y421.558
; Coordinate transform: (234.88,795.14) -> (65.36,418.35)
G1 X65.362 Y418.347
; Coordinate transform: (242.72,803.94) -> (68.29,415.07)
G1 X68.285 Y415.066
; Coordinate transform: (251.11,812.73) -> (71.42,411.79)
G1 X71.415 Y411.786
; Coordinate transform: (259.95,821.33) -> (74.71,408.58)
G1 X74.711 Y408.580
; Coordinate transform: (269.16,829.57) -> (78.15,405.51)
G1 X78.146 Y405.506
; Coordinate transform: (278.71,837.38) -> (81.71,402.59)
G1 X81.710 Y402.595
; Coordinate transform: (288.64,844.67) -> (85.41,399.87)
G1 X85.412 Y399.872
; Coordinate transform: (298.90,851.43) -> (89.24,397.35)
G1 X89.238 Y397.353
; Coordinate transform: (309.45,857.60) -> (93.17,395.05)
G1 X93.174 Y395.051
; Coordinate transform: (320.28,863.17) -> (97.21,392.97)
G1 X97.214 Y392.974
; Coordinate transform: (331.37,868.15) -> (101.35,391.12)
G1 X101.349 Y391.119
; Coordinate transform: (342.64,872.55) -> (105.55,389.48)
G1 X105.551 Y389.478
; Coordinate transform: (354.00,876.40) -> (109.79,388.04)
G1 X109.790 Y388.039
; Coordinate transform: (365.37,879.76) -> (114.03,386.79)
G1 X114.030 Y386.786
; Coordinate transform: (376.61,882.71) -> (118.22,385.69)
G1 X118.222 Y385.689
; Coordinate transform: (387.55,885.35) -> (122.30,384.70)
G1 X122.301 Y384.702
; Coordinate transform: (398.12,887.84) -> (126.24,383.77)
G1 X126.245 Y383.774
; Coordinate transform: (408.05,890.34) -> (129.95,382.84)
G1 X129.945 Y382.842
; Coordinate transform: (417.14,893.00) -> (133.34,381.85)
G1 X133.338 Y381.849
; Coordinate transform: (425.28,895.97) -> (136.37,380.74)
G1 X136.371 Y380.743
; Coordinate transform: (432.35,899.33) -> (139.01,379.49)
G1 X139.011 Y379.490
; Coordinate transform: (438.36,903.13) -> (141.25,378.07)
G1 X141.251 Y378.070
; Coordinate transform: (443.29,907.46) -> (143.09,376.46)
G1 X143.088 Y376.458
; Coordinate transform: (447.15,912.33) -> (144.53,374.64)
G1 X144.529 Y374.642
; Coordinate transform: (449.97,917.76) -> (145.58,372.62)
G1 X145.582 Y372.615
; Coordinate transform: (451.79,923.80) -> (146.26,370.36)
G1 X146.260 Y370.361
; Coordinate transform: (452.63,930.52) -> (146.57,367.85)
G1 X146.574 Y367.855
; Coordinate transform: (452.56,937.91) -> (146.55,365.10)
G1 X146.547 Y365.101
; Coordinate transform: (451.65,945.97) -> (146.21,362.09)
G1 X146.206 Y362.093
; Coordinate transform: (450.01,954.62) -> (145.59,358.87)
G1 X145.595 Y358.867
; Coordinate transform: (447.77,963.76) -> (144.76,355.46)
G1 X144.762 Y355.459
; Coordinate transform: (445.12,973.27) -> (143.77,351.91)
G1 X143.771 Y351.911
; Coordinate transform: (442.22,983.01) -> (142.69,348.28)
G1 X142.690 Y348.280
; Coordinate transform: (439.26,992.81) -> (141.59,344.62)
G1 X141.587 Y344.624
; Coordinate transform: (436.35,1002.55) -> (140.50,340.99)
G1 X140.500 Y340.993
; Coordinate transform: (433.47,1012.20) -> (139.43,337.39)
G1 X139.427 Y337.394
; Coordinate transform: (430.57,1021.77) -> (138.35,333.82)
G1 X138.347 Y333.824
; Coordinate transform: (427.52,1031.36) -> (137.21,330.25)
G1 X137.208 Y330.248
; Coordinate transform: (424.15,1041.08) -> (135.95,326.62)
G1 X135.952 Y326.623
; Coordinate transform: (420.28,1051.11) -> (134.51,322.88)
G1 X134.509 Y322.882
; Coordinate transform: (415.74,1061.62) -> (132.81,318.96)
G1 X132.814 Y318.962
; Coordinate transform: (410.38,1072.69) -> (130.82,314.83)
G1 X130.818 Y314.834
; Coordinate transform: (404.16,1084.35) -> (128.49,310.48)
G1 X128.495 Y310.485
; Coordinate transform: (397.13,1096.49) -> (125.88,305.96)
G1 X125.876 Y305.957
; Coordinate transform: (389.45,1108.98) -> (123.01,301.30)
G1 X123.011 Y301.299
; Coordinate transform: (381.33,1121.62) -> (119.98,296.59)
G1 X119.982 Y296.585
; Coordinate transform: (372.96,1134.21) -> (116.86,291.89)
G1 X116.858 Y291.890
; Coordinate transform: (364.46,1146.63) -> (113.69,287.26)
G1 X113.689 Y287.257
; Coordinate transform: (355.89,1158.85) -> (110.49,282.70)
G1 X110.495 Y282.700
; Coordinate transform: (347.32,1170.83) -> (107.30,278.23)
G1 X107.298 Y278.232
; Coordinate transform: (338.78,1182.55) -> (104.11,273.86)
G1 X104.114 Y273.861
; Coordinate transform: (330.31,1194.02) -> (100.95,269.58)
G1 X100.954 Y269.583
; Coordinate transform: (321.92,1205.21) -> (97.83,265.41)
G1 X97.826 Y265.410
; Coordinate transform: (313.63,1216.15) -> (94.73,261.33)
G1 X94.732 Y261.330
; Coordinate transform: (305.43,1226.87) -> (91.67,257.33)
G1 X91.673 Y257.332
; Coordinate transform: (297.32,1237.39) -> (88.65,253.41)
G1 X88.652 Y253.408
; Coordinate transform: (289.32,1247.72) -> (85.67,249.56)
G1 X85.666 Y249.556
; Coordinate transform: (281.41,1257.85) -> (82.72,245.78)
G1 X82.717 Y245.778
; Coordinate transform: (273.59,1267.81) -> (79.80,242.06)
G1 X79.798 Y242.063
; Coordinate transform: (265.83,1277.61) -> (76.91,238.41)
G1 X76.906 Y238.408
; Coordinate transform: (258.13,1287.28) -> (74.04,234.80)
G1 X74.036 Y234.802
; Coordinate transform: (250.50,1296.82) -> (71.19,231.24)
G1 X71.187 Y231.244
; Coordinate transform: (242.90,1306.23) -> (68.35,227.73)
G1 X68.353 Y227.734
; Coordinate transform: (235.34,1315.52) -> (65.53,224.27)
G1 X65.534 Y224.269
; Coordinate transform: (227.80,1324.72) -> (62.72,220.84)
G1 X62.722 Y220.838
; Coordinate transform: (220.27,1333.81) -> (59.92,217.45)
G1 X59.915 Y217.448
; Coordinate transform: (212.76,1342.81) -> (57.11,214.09)
G1 X57.112 Y214.092
; Coordinate transform: (205.27,1351.71) -> (54.32,210.77)
G1 X54.318 Y210.772
; Coordinate transform: (197.80,1360.52) -> (51.54,207.49)
G1 X51.535 Y207.487
; Coordinate transform: (190.38,1369.24) -> (48.77,204.23)
G1 X48.766 Y204.234
; Coordinate transform: (182.98,1377.88) -> (46.01,201.01)
G1 X46.006 Y201.012
; Coordinate transform: (175.59,1386.43) -> (43.25,197.82)
G1 X43.251 Y197.823
; Coordinate transform: (168.18,1394.88) -> (40.48,194.67)
G1 X40.485 Y194.672
; Coordinate transform: (160.62,1403.27) -> (37.67,191.54)
G1 X37.666 Y191.543
; Coordinate transform: (152.76,1411.60) -> (34.73,188.44)
G1 X34.735 Y188.436
; Coordinate transform: (144.55,1419.88) -> (31.68,185.35)
G1 X31.675 Y185.348
; Coordinate transform: (136.12,1428.11) -> (28.53,182.28)
G1 X28.531 Y182.279
; Coordinate transform: (128.04,1436.13) -> (25.52,179.29)
G1 X25.515 Y179.288
; Coordinate transform: (121.32,1443.76) -> (23.01,176.44)
G1 X23.012 Y176.442
; Coordinate transform: (117.15,1450.90) -> (21.45,173.78)
G1 X21.455 Y173.779
; Coordinate transform: (116.11,1457.58) -> (21.07,171.29)
G1 X21.068 Y171.288
; Coordinate transform: (118.06,1463.89) -> (21.79,168.93)
G1 X21.792 Y168.934
; Coordinate transform: (122.83,1469.92) -> (23.57,166.69)
G1 X23.573 Y166.686
; Coordinate transform: (129.70,1475.72) -> (26.13,164.52)
G1 X26.135 Y164.522
; Coordinate transform: (137.77,1481.34) -> (29.14,162.43)
G1 X29.144 Y162.426
; Coordinate transform: (146.67,1486.83) -> (32.46,160.38)
G1 X32.463 Y160.379
; Coordinate transform: (156.28,1492.27) -> (36.05,158.35)
G1 X36.047 Y158.350
; Coordinate transform: (166.38,1497.71) -> (39.82,156.32)
G1 X39.817 Y156.321
; Coordinate transform: (176.69,1503.17) -> (43.66,154.28)
G1 X43.662 Y154.285
; Coordinate transform: (186.88,1508.63) -> (47.46,152.25)
G1 X47.461 Y152.249
; Coordinate transform: (196.69,1514.01) -> (51.12,150.24)
G1 X51.119 Y150.242
; Coordinate transform: (206.15,1519.24) -> (54.65,148.29)
G1 X54.649 Y148.292
; Coordinate transform: (215.15,1524.02) -> (58.00,146.51)
G1 X58.004 Y146.509
; Coordinate transform: (223.78,1528.24) -> (61.22,144.93)
G1 X61.223 Y144.935
; Coordinate transform: (232.12,1531.80) -> (64.33,143.61)
G1 X64.334 Y143.607
; Coordinate transform: (240.28,1534.63) -> (67.38,142.55)
G1 X67.377 Y142.552
; Coordinate transform: (248.31,1536.72) -> (70.37,141.77)
G1 X70.371 Y141.772
; Coordinate transform: (256.28,1538.08) -> (73.34,141.27)
G1 X73.344 Y141.265
; Coordinate transform: (264.23,1538.77) -> (76.31,141.01)
G1 X76.308 Y141.008
; Coordinate transform: (272.21,1538.87) -> (79.28,140.97)
G1 X79.285 Y140.970
; Coordinate transform: (280.26,1538.44) -> (82.29,141.13)
G1 X82.289 Y141.131
; Coordinate transform: (288.43,1537.53) -> (85.33,141.47)
G1 X85.333 Y141.470
; Coordinate transform: (296.72,1536.21) -> (88.42,141.96)
G1 X88.425 Y141.963
; Coordinate transform: (305.14,1534.52) -> (91.57,142.59)
G1 X91.567 Y142.593
; Coordinate transform: (313.71,1532.51) -> (94.76,143.34)
G1 X94.762 Y143.342
; Coordinate transform: (322.38,1530.23) -> (98.00,144.19)
G1 X97.997 Y144.193
; Coordinate transform: (331.15,1527.71) -> (101.27,145.13)
G1 X101.268 Y145.133
; Coordinate transform: (340.00,1524.98) -> (104.57,146.15)
G1 X104.567 Y146.151
; Coordinate transform: (348.91,1522.05) -> (107.89,147.24)
G1 X107.891 Y147.244
; Coordinate transform: (357.89,1518.95) -> (111.24,148.40)
G1 X111.241 Y148.400
; Coordinate transform: (366.95,1515.72) -> (114.62,149.60)
G1 X114.617 Y149.604
; Coordinate transform: (376.10,1512.36) -> (118.03,150.86)
G1 X118.031 Y150.857
; Coordinate transform: (385.37,1508.90) -> (121.49,152.15)
G1 X121.487 Y152.148
; Coordinate transform: (394.76,1505.34) -> (124.99,153.48)
G1 X124.990 Y153.476
; Coordinate transform: (404.28,1501.74) -> (128.54,154.82)
G1 X128.540 Y154.818
; Coordinate transform: (413.91,1498.08) -> (132.13,156.18)
G1 X132.132 Y156.183
; Coordinate transform: (423.64,1494.39) -> (135.76,157.56)
G1 X135.761 Y157.559
; Coordinate transform: (433.46,1490.68) -> (139.42,158.94)
G1 X139.424 Y158.943
; Coordinate transform: (443.34,1487.00) -> (143.11,160.32)
G1 X143.109 Y160.316
; Coordinate transform: (453.25,1483.39) -> (146.81,161.66)
G1 X146.805 Y161.662
; Coordinate transform: (463.18,1479.89) -> (150.51,162.97)
G1 X150.509 Y162.967
; Coordinate transform: (473.12,1476.52) -> (154.21,164.22)
G1 X154.215 Y164.224
; Coordinate transform: (483.07,1473.31) -> (157.93,165.42)
G1 X157.925 Y165.421
; Coordinate transform: (493.05,1470.28) -> (161.65,166.55)
G1 X161.647 Y166.551
; Coordinate transform: (503.06,1467.42) -> (165.38,167.62)
G1 X165.381 Y167.618
; Coordinate transform: (513.13,1464.72) -> (169.14,168.62)
G1 X169.136 Y168.625
; Coordinate transform: (523.29,1462.18) -> (172.93,169.57)
G1 X172.928 Y169.572
; Coordinate transform: (533.61,1459.79) -> (176.77,170.46)
G1 X176.774 Y170.464
; Coordinate transform: (544.12,1457.51) -> (180.69,171.31)
G1 X180.695 Y171.314
; Coordinate transform: (554.91,1455.31) -> (184.72,172.13)
G1 X184.719 Y172.134
; Coordinate transform: (566.01,1453.15) -> (188.86,172.94)
G1 X188.858 Y172.940
; Coordinate transform: (577.39,1450.98) -> (193.10,173.75)
G1 X193.103 Y173.749
; Coordinate transform: (589.03,1448.77) -> (197.44,174.57)
G1 X197.443 Y174.574
; Coordinate transform: (600.87,1446.48) -> (201.86,175.43)
G1 X201.860 Y175.428
; Coordinate transform: (612.83,1444.11) -> (206.32,176.31)
G1 X206.319 Y176.311
; Coordinate transform: (624.80,1441.66) -> (210.78,177.23)
G1 X210.784 Y177.225
; Coordinate transform: (636.73,1439.13) -> (215.23,178.17)
G1 X215.232 Y178.169
; Coordinate transform: (648.58,1436.59) -> (219.65,179.12)
G1 X219.652 Y179.116
; Coordinate transform: (660.28,1434.13) -> (224.02,180.03)
G1 X224.017 Y180.034
; Coordinate transform: (671.67,1431.90) -> (228.26,180.87)
G1 X228.264 Y180.865
; Coordinate transform: (682.47,1430.09) -> (232.29,181.54)
G1 X232.291 Y181.540
; Coordinate transform: (692.43,1428.84) -> (236.01,182.01)
G1 X236.008 Y182.006
; Coordinate transform: (701.39,1428.21) -> (239.35,182.24)
G1 X239.348 Y182.241
; Coordinate transform: (709.23,1428.26) -> (242.27,182.22)
G1 X242.273 Y182.223
; Coordinate transform: (715.98,1428.95) -> (244.79,181.97)
G1 X244.791 Y181.965
; Coordinate transform: (721.71,1430.27) -> (246.93,181.47)
G1 X246.926 Y181.473
; Coordinate transform: (726.54,1432.17) -> (248.73,180.76)
G1 X248.730 Y180.765
; Coordinate transform: (730.64,1434.63) -> (250.26,179.85)
G1 X250.257 Y179.847
; Coordinate transform: (734.11,1437.66) -> (251.55,178.72)
G1 X251.552 Y178.717
; Coordinate transform: (737.08,1441.22) -> (252.66,177.39)
G1 X252.660 Y177.389
; Coordinate transform: (739.63,1445.33) -> (253.61,175.86)
G1 X253.612 Y175.856
; Coordinate transform: (741.82,1450.00) -> (254.43,174.11)
G1 X254.427 Y174.115
; Coordinate transform: (743.66,1455.30) -> (255.12,172.14)
G1 X255.115 Y172.138
; Coordinate transform: (745.20,1461.23) -> (255.69,169.93)
G1 X255.686 Y169.927
; Coordinate transform: (746.40,1467.83) -> (256.14,167.47)
G1 X256.137 Y167.465
; Coordinate transform: (747.30,1475.11) -> (256.47,164.75)
G1 X256.470 Y164.750
; Coordinate transform: (747.89,1483.00) -> (256.69,161.81)
G1 X256.692 Y161.807
; Coordinate transform: (748.25,1491.38) -> (256.83,158.68)
G1 X256.827 Y158.682
; Coordinate transform: (748.48,1500.02) -> (256.91,155.46)
G1 X256.912 Y155.460
; Coordinate transform: (748.70,1508.57) -> (256.99,152.27)
G1 X256.993 Y152.271
; Coordinate transform: (749.08,1516.74) -> (257.14,149.22)
G1 X257.136 Y149.224
; Coordinate transform: (749.69,1524.27) -> (257.36,146.42)
G1 X257.363 Y146.416
; Coordinate transform: (750.64,1531.00) -> (257.72,143.91)
G1 X257.717 Y143.906
; Coordinate transform: (752.04,1536.93) -> (258.24,141.69)
G1 X258.238 Y141.694
; Coordinate transform: (754.01,1542.09) -> (258.97,139.77)
G1 X258.972 Y139.770
; Coordinate transform: (756.68,1546.59) -> (259.97,138.09)
G1 X259.970 Y138.091
; Coordinate transform: (760.24,1550.51) -> (261.30,136.63)
G1 X261.296 Y136.629
; Coordinate transform: (764.92,1553.94) -> (263.04,135.35)
G1 X263.042 Y135.350
; Coordinate transform: (770.92,1556.99) -> (265.28,134.21)
G1 X265.279 Y134.213
; Coordinate transform: (778.39,1559.70) -> (268.07,133.20)
G1 X268.067 Y133.202
; Coordinate transform: (787.51,1562.09) -> (271.47,132.31)
G1 X271.467 Y132.311
; Coordinate transform: (798.29,1564.10) -> (275.49,131.56)
G1 X275.489 Y131.561
; Coordinate transform: (810.64,1565.67) -> (280.10,130.98)
G1 X280.095 Y130.975
; Coordinate transform: (824.34,1566.74) -> (285.20,130.58)
G1 X285.203 Y130.576
; Coordinate transform: (839.00,1567.32) -> (290.67,130.36)
G1 X290.673 Y130.360
; Coordinate transform: (854.19,1567.49) -> (296.34,130.30)
G1 X296.337 Y130.297
; Coordinate transform: (869.55,1567.37) -> (302.07,130.34)
G1 X302.066 Y130.341
; Coordinate transform: (884.88,1567.12) -> (307.78,130.43)
G1 X307.783 Y130.435
; Coordinate transform: (899.97,1566.95) -> (313.41,130.50)
G1 X313.409 Y130.498
; Coordinate transform: (914.60,1567.01) -> (318.87,130.48)
G1 X318.867 Y130.476
; Coordinate transform: (928.63,1567.45) -> (324.10,130.31)
G1 X324.097 Y130.311
; Coordinate transform: (941.95,1568.39) -> (329.07,129.96)
G1 X329.066 Y129.961
; Coordinate transform: (954.58,1569.92) -> (333.78,129.39)
G1 X333.777 Y129.390
; Coordinate transform: (966.64,1572.08) -> (338.28,128.58)
G1 X338.276 Y128.585
; Coordinate transform: (978.32,1574.71) -> (342.63,127.60)
G1 X342.631 Y127.604
; Coordinate transform: (989.69,1577.45) -> (346.87,126.58)
G1 X346.870 Y126.582
; Coordinate transform: (1000.67,1580.01) -> (350.97,125.63)
G1 X350.966 Y125.627
; Coordinate transform: (1011.18,1582.28) -> (354.89,124.78)
G1 X354.886 Y124.781
; Coordinate transform: (1021.18,1584.26) -> (358.62,124.04)
G1 X358.615 Y124.042
; Coordinate transform: (1030.49,1586.06) -> (362.09,123.37)
G1 X362.088 Y123.371
; Coordinate transform: (1038.99,1587.70) -> (365.26,122.76)
G1 X365.258 Y122.759
; Coordinate transform: (1046.63,1589.21) -> (368.11,122.20)
G1 X368.107 Y122.196
; Coordinate transform: (1053.38,1590.53) -> (370.62,121.70)
G1 X370.624 Y121.704
; Coordinate transform: (1059.24,1591.62) -> (372.81,121.30)
G1 X372.810 Y121.297
; Coordinate transform: (1064.21,1592.46) -> (374.66,120.98)
G1 X374.664 Y120.984
; Coordinate transform: (1068.33,1593.05) -> (376.20,120.76)
G1 X376.200 Y120.764
; Coordinate transform: (1071.63,1593.39) -> (377.43,120.64)
G1 X377.431 Y120.637
; Coordinate transform: (1074.21,1593.50) -> (378.39,120.60)
G1 X378.393 Y120.596
; Coordinate transform: (1076.17,1593.41) -> (379.12,120.63)
G1 X379.124 Y120.630
; Coordinate transform: (1077.60,1593.13) -> (379.66,120.73)
G1 X379.657 Y120.734
M400 ; Wait for drawing to complete
; === STOP BRUSH SEQUENCE ===
; STOP BRUSH A
G4 P50 ; Short delay before stepper command
G1 U0.000 F200.0 ; Close Brush A flow
M400 ; Wait for stepper motion to complete
M106 P2 S0 ; Brush A air off
; Z already at 84.000mm, above safe threshold of 10.000mm, no need to raise
; === END STOP BRUSH SEQUENCE ===
; === PATH END ===


; Path 3/49 (id: path3)
; WIDTH: requested=117.176mm, actual=1863.507mm, compensation=0.800
; Z HEIGHT: 84.000mm (min=4.0, max=84.0)
; PAINT FLOW: 0.500 (baseline=0.1, max=0.5)
; PAINT FLOW COMPONENTS: base=0.100, width=0.300, opacity=0.100
; FEEDRATE: 475.6 mm/min (z_factor=0.0259, speed_factor=0.765)
; WARNING: Requested stroke width 117.2mm exceeds machine capability.
; H.Airbrush cannot draw strokes wider than 6.6mm at 1mm/s minimum speed.
; Stroke width has been reduced to 6.6mm.
; ===== STROKE PARAMETERS =====
; Color: black
; Width: 117.18mm
; Opacity: 0.25
; Brush: brush_a (index 0)
T0 ; Select Brush A (Black)
; ===== AIRBRUSH SETTINGS =====
; Z-height: 84.00mm
; Paint flow: 0.50
; Feedrate: 475.6mm/min (includes Z scaling)
; Using brush: brush_a (tool 0)
; Path with Brush A (black) at Z=84.000mm
; Using: Air=P2, Flow=A axis
; Drawing Z height: 84.000mm, Travel Z height: 10.000mm
; Machine Z range: 0-84mm (Safe range: 5-80mm)
; === START BRUSH SEQUENCE ===
; START BRUSH A
; Z already at 84.000mm, above safe threshold of 10.000mm, no need to raise
T0 ; Select Tool 0 (Brush A)
G4 P500 ; Wait for tool change to complete
; === END BRUSH SEQUENCE ===
; Coordinate transform: (1836.47,494.18) -> (662.68,530.59)
G0 X662.680 Y530.589 F24000
M400 ; Wait for XY movement to complete
G1 Z84.000 F1200
M400 ; Wait for Z movement to complete
; === ACTIVATE BRUSH AT POSITION ===
; AIR ON FIRST - Important to prevent dripping
M106 P2 S1 ; Brush A air on
; PAINT ON AFTER AIR
G4 P50 ; Short delay before stepper command
G1 U2.400 F200.0 ; Set Brush A flow to 2.400mm
M400 ; Wait for stepper motion to complete
; === BRUSH ACTIVATED ===
G1 F475.56460435427675
; Coordinate transform: (1836.72,493.86) -> (662.77,530.71)
G1 X662.773 Y530.709
; Coordinate transform: (1837.10,493.38) -> (662.91,530.89)
G1 X662.915 Y530.889
; Coordinate transform: (1837.61,492.74) -> (663.11,531.13)
G1 X663.105 Y531.126
; Coordinate transform: (1838.24,491.96) -> (663.34,531.42)
G1 X663.340 Y531.417
; Coordinate transform: (1838.98,491.05) -> (663.62,531.76)
G1 X663.616 Y531.759
; Coordinate transform: (1839.82,489.98) -> (663.93,532.16)
G1 X663.929 Y532.156
; Coordinate transform: (1840.76,488.77) -> (664.28,532.61)
G1 X664.280 Y532.609
; Coordinate transform: (1841.82,487.38) -> (664.68,533.13)
G1 X664.675 Y533.127
; Coordinate transform: (1842.99,485.79) -> (665.11,533.72)
G1 X665.112 Y533.718
; Coordinate transform: (1844.30,483.98) -> (665.60,534.39)
G1 X665.600 Y534.394
; Coordinate transform: (1845.76,481.90) -> (666.14,535.17)
G1 X666.145 Y535.171
; Coordinate transform: (1847.40,479.50) -> (666.76,536.07)
G1 X666.756 Y536.067
; Coordinate transform: (1849.22,476.72) -> (667.44,537.10)
G1 X667.435 Y537.102
; Coordinate transform: (1851.22,473.48) -> (668.18,538.31)
G1 X668.181 Y538.310
; Coordinate transform: (1853.42,469.69) -> (669.00,539.73)
G1 X669.002 Y539.726
; Coordinate transform: (1855.81,465.19) -> (669.89,541.40)
G1 X669.893 Y541.401
; Coordinate transform: (1858.43,459.90) -> (670.87,543.37)
G1 X670.870 Y543.374
; Coordinate transform: (1861.26,453.70) -> (671.93,545.69)
G1 X671.926 Y545.688
; Coordinate transform: (1864.14,446.45) -> (673.00,548.39)
G1 X673.000 Y548.392
; Coordinate transform: (1866.57,438.16) -> (673.91,551.48)
G1 X673.906 Y551.482
; Coordinate transform: (1868.12,428.83) -> (674.48,554.96)
G1 X674.484 Y554.962
; Coordinate transform: (1868.47,418.57) -> (674.61,558.79)
G1 X674.615 Y558.791
; Coordinate transform: (1867.46,407.51) -> (674.24,562.91)
G1 X674.238 Y562.914
; Coordinate transform: (1865.16,395.83) -> (673.38,567.27)
G1 X673.380 Y567.270
; Coordinate transform: (1861.87,383.71) -> (672.15,571.79)
G1 X672.153 Y571.791
; Coordinate transform: (1858.06,371.33) -> (670.73,576.41)
G1 X670.732 Y576.407
; Coordinate transform: (1854.04,358.87) -> (669.23,581.06)
G1 X669.233 Y581.055
; Coordinate transform: (1849.94,346.49) -> (667.70,585.67)
G1 X667.704 Y585.671
; Coordinate transform: (1845.93,334.35) -> (666.21,590.20)
G1 X666.208 Y590.198
; Coordinate transform: (1842.18,322.59) -> (664.81,594.59)
G1 X664.810 Y594.587
; Coordinate transform: (1838.80,311.31) -> (663.55,598.79)
G1 X663.549 Y598.791
; Coordinate transform: (1835.80,300.63) -> (662.43,602.77)
G1 X662.430 Y602.774
; Coordinate transform: (1833.19,290.58) -> (661.46,606.52)
G1 X661.457 Y606.523
; Coordinate transform: (1830.92,281.13) -> (660.61,610.05)
G1 X660.610 Y610.050
; Coordinate transform: (1828.94,272.19) -> (659.87,613.38)
G1 X659.872 Y613.383
; Coordinate transform: (1827.17,263.56) -> (659.21,616.60)
G1 X659.212 Y616.602
; Coordinate transform: (1825.42,255.16) -> (658.56,619.73)
G1 X658.559 Y619.734
; Coordinate transform: (1823.56,246.87) -> (657.87,622.83)
G1 X657.865 Y622.826
; Coordinate transform: (1821.42,238.56) -> (657.07,625.93)
G1 X657.067 Y625.926
; Coordinate transform: (1818.88,230.12) -> (656.12,629.07)
G1 X656.120 Y629.071
; Coordinate transform: (1815.80,221.50) -> (654.97,632.29)
G1 X654.971 Y632.288
; Coordinate transform: (1812.10,212.63) -> (653.59,635.59)
G1 X653.591 Y635.594
; Coordinate transform: (1807.78,203.58) -> (651.98,638.97)
G1 X651.980 Y638.971
; Coordinate transform: (1802.83,194.42) -> (650.13,642.39)
G1 X650.134 Y642.388
; Coordinate transform: (1797.33,185.30) -> (648.08,645.79)
G1 X648.083 Y645.789
; Coordinate transform: (1791.39,176.37) -> (645.87,649.12)
G1 X645.867 Y649.120
; Coordinate transform: (1785.11,167.75) -> (643.53,652.33)
G1 X643.525 Y652.332
; Coordinate transform: (1778.63,159.52) -> (641.11,655.40)
G1 X641.108 Y655.403
; Coordinate transform: (1772.07,151.68) -> (638.66,658.33)
G1 X638.662 Y658.326
; Coordinate transform: (1765.51,144.19) -> (636.22,661.12)
G1 X636.215 Y661.122
; Coordinate transform: (1759.03,136.97) -> (633.80,663.81)
G1 X633.799 Y663.811
; Coordinate transform: (1752.62,130.06) -> (631.41,666.39)
G1 X631.408 Y666.389
; Coordinate transform: (1746.26,123.62) -> (629.04,668.79)
G1 X629.036 Y668.793
; Coordinate transform: (1739.89,118.37) -> (626.66,670.75)
G1 X626.660 Y670.749
; Coordinate transform: (1733.42,114.84) -> (624.25,672.07)
G1 X624.247 Y672.066
; Coordinate transform: (1726.75,113.50) -> (621.76,672.57)
G1 X621.760 Y672.565
; Coordinate transform: (1719.79,114.49) -> (619.16,672.20)
G1 X619.164 Y672.196
; Coordinate transform: (1712.43,117.53) -> (616.42,671.06)
G1 X616.419 Y671.064
; Coordinate transform: (1704.61,121.98) -> (613.50,669.40)
G1 X613.502 Y669.403
; Coordinate transform: (1696.28,127.29) -> (610.40,667.42)
G1 X610.396 Y667.423
; Coordinate transform: (1687.40,132.81) -> (607.08,665.37)
G1 X607.084 Y665.366
; Coordinate transform: (1677.92,138.01) -> (603.55,663.43)
G1 X603.548 Y663.425
; Coordinate transform: (1667.90,142.90) -> (599.81,661.60)
G1 X599.811 Y661.601
; Coordinate transform: (1657.47,147.41) -> (595.92,659.92)
G1 X595.921 Y659.919
; Coordinate transform: (1646.76,151.38) -> (591.93,658.44)
G1 X591.927 Y658.439
; Coordinate transform: (1635.95,154.72) -> (587.90,657.19)
G1 X587.896 Y657.194
; Coordinate transform: (1625.17,157.33) -> (583.88,656.22)
G1 X583.875 Y656.221
; Coordinate transform: (1614.47,159.10) -> (579.88,655.56)
G1 X579.885 Y655.558
; Coordinate transform: (1603.91,159.93) -> (575.95,655.25)
G1 X575.946 Y655.249
; Coordinate transform: (1593.52,159.69) -> (572.07,655.34)
G1 X572.071 Y655.340
; Coordinate transform: (1583.27,158.31) -> (568.25,655.86)
G1 X568.248 Y655.855
; Coordinate transform: (1572.98,155.85) -> (564.41,656.77)
G1 X564.411 Y656.770
; Coordinate transform: (1562.43,152.57) -> (560.48,658.00)
G1 X560.476 Y657.996
; Coordinate transform: (1551.48,148.69) -> (556.39,659.44)
G1 X556.392 Y659.441
; Coordinate transform: (1540.04,144.48) -> (552.13,661.01)
G1 X552.126 Y661.011
; Coordinate transform: (1528.25,140.14) -> (547.73,662.63)
G1 X547.729 Y662.632
; Coordinate transform: (1516.46,135.74) -> (543.33,664.27)
G1 X543.331 Y664.271
; Coordinate transform: (1504.99,131.30) -> (539.05,665.93)
G1 X539.054 Y665.928
; Coordinate transform: (1494.15,126.85) -> (535.01,667.59)
G1 X535.011 Y667.588
; Coordinate transform: (1484.09,122.86) -> (531.26,669.08)
G1 X531.259 Y669.076
; Coordinate transform: (1474.76,119.73) -> (527.78,670.24)
G1 X527.779 Y670.243
; Coordinate transform: (1466.12,117.74) -> (524.56,670.99)
G1 X524.557 Y670.986
; Coordinate transform: (1458.14,117.06) -> (521.58,671.24)
G1 X521.581 Y671.239
; Coordinate transform: (1450.87,117.73) -> (518.87,670.99)
G1 X518.869 Y670.987
; Coordinate transform: (1444.35,119.66) -> (516.44,670.27)
G1 X516.438 Y670.270
; Coordinate transform: (1438.62,122.63) -> (514.30,669.16)
G1 X514.301 Y669.162
; Coordinate transform: (1433.66,126.39) -> (512.45,667.76)
G1 X512.451 Y667.758
; Coordinate transform: (1429.46,130.66) -> (510.88,666.17)
G1 X510.885 Y666.168
; Coordinate transform: (1425.99,135.11) -> (509.59,664.51)
G1 X509.590 Y664.508
; Coordinate transform: (1423.24,139.71) -> (508.56,662.79)
G1 X508.565 Y662.792
; Coordinate transform: (1421.21,144.53) -> (507.81,660.99)
G1 X507.808 Y660.993
; Coordinate transform: (1419.88,149.66) -> (507.31,659.08)
G1 X507.312 Y659.080
; Coordinate transform: (1419.27,155.17) -> (507.08,657.03)
G1 X507.084 Y657.026
; Coordinate transform: (1419.37,161.14) -> (507.12,654.80)
G1 X507.121 Y654.798
; Coordinate transform: (1420.19,167.70) -> (507.43,652.35)
G1 X507.427 Y652.354
; Coordinate transform: (1421.75,174.84) -> (508.01,649.69)
G1 X508.009 Y649.688
; Coordinate transform: (1424.10,182.62) -> (508.89,646.79)
G1 X508.886 Y646.786
; Coordinate transform: (1427.23,191.09) -> (510.05,643.63)
G1 X510.053 Y643.628
; Coordinate transform: (1431.16,200.26) -> (511.52,640.21)
G1 X511.519 Y640.207
; Coordinate transform: (1435.88,209.99) -> (513.28,636.58)
G1 X513.279 Y636.581
; Coordinate transform: (1441.41,220.01) -> (515.34,632.84)
G1 X515.341 Y632.841
; Coordinate transform: (1447.69,230.03) -> (517.68,629.11)
G1 X517.683 Y629.106
; Coordinate transform: (1454.53,239.91) -> (520.23,625.42)
G1 X520.234 Y625.421
; Coordinate transform: (1461.61,249.51) -> (522.87,621.84)
G1 X522.875 Y621.841
; Coordinate transform: (1468.54,258.72) -> (525.46,618.40)
G1 X525.460 Y618.404
; Coordinate transform: (1475.04,267.26) -> (527.88,615.22)
G1 X527.884 Y615.221
; Coordinate transform: (1480.97,274.90) -> (530.10,612.37)
G1 X530.095 Y612.371
; Coordinate transform: (1486.31,281.52) -> (532.09,609.90)
G1 X532.087 Y609.902
; Coordinate transform: (1491.12,287.19) -> (533.88,607.79)
G1 X533.881 Y607.789
; Coordinate transform: (1495.53,292.04) -> (535.53,605.98)
G1 X535.526 Y605.978
; Coordinate transform: (1499.70,296.26) -> (537.08,604.41)
G1 X537.081 Y604.405
; Coordinate transform: (1503.84,299.97) -> (538.62,603.02)
G1 X538.625 Y603.021
; Coordinate transform: (1508.16,303.30) -> (540.24,601.78)
G1 X540.236 Y601.779
; Coordinate transform: (1512.95,306.36) -> (542.02,600.64)
G1 X542.022 Y600.640
; Coordinate transform: (1518.47,309.28) -> (544.08,599.55)
G1 X544.081 Y599.549
; Coordinate transform: (1525.04,312.21) -> (546.53,598.46)
G1 X546.531 Y598.458
; Coordinate transform: (1532.99,315.24) -> (549.50,597.33)
G1 X549.496 Y597.327
; Coordinate transform: (1542.54,318.48) -> (553.06,596.12)
G1 X553.058 Y596.119
; Coordinate transform: (1553.89,321.96) -> (557.29,594.82)
G1 X557.291 Y594.820
; Coordinate transform: (1567.17,325.61) -> (562.24,593.46)
G1 X562.244 Y593.458
; Coordinate transform: (1582.40,329.12) -> (567.92,592.15)
G1 X567.924 Y592.150
; Coordinate transform: (1599.25,332.12) -> (574.21,591.03)
G1 X574.208 Y591.032
; Coordinate transform: (1616.88,334.40) -> (580.78,590.18)
G1 X580.783 Y590.182
; Coordinate transform: (1634.24,335.94) -> (587.26,589.61)
G1 X587.258 Y589.606
; Coordinate transform: (1650.33,336.89) -> (593.26,589.25)
G1 X593.259 Y589.253
; Coordinate transform: (1664.44,337.41) -> (598.52,589.06)
G1 X598.521 Y589.058
; Coordinate transform: (1676.65,337.57) -> (603.07,589.00)
G1 X603.075 Y588.998
; Coordinate transform: (1687.58,337.41) -> (607.15,589.06)
G1 X607.151 Y589.057
; Coordinate transform: (1697.88,337.00) -> (610.99,589.21)
G1 X610.993 Y589.212
; Coordinate transform: (1708.07,336.44) -> (614.79,589.42)
G1 X614.793 Y589.422
; Coordinate transform: (1718.40,335.88) -> (618.65,589.63)
G1 X618.646 Y589.628
; Coordinate transform: (1729.01,335.48) -> (622.60,589.78)
G1 X622.603 Y589.778
; Coordinate transform: (1740.01,335.36) -> (626.71,589.82)
G1 X626.705 Y589.822
; Coordinate transform: (1752.08,335.56) -> (631.21,589.75)
G1 X631.207 Y589.750
; Coordinate transform: (1765.81,336.09) -> (636.33,589.55)
G1 X636.327 Y589.550
; Coordinate transform: (1780.95,337.08) -> (641.97,589.18)
G1 X641.974 Y589.180
; Coordinate transform: (1796.43,338.69) -> (647.75,588.58)
G1 X647.747 Y588.583
; Coordinate transform: (1811.43,340.96) -> (653.34,587.73)
G1 X653.341 Y587.734
; Coordinate transform: (1825.75,343.84) -> (658.68,586.66)
G1 X658.682 Y586.660
; Coordinate transform: (1839.47,347.16) -> (663.80,585.42)
G1 X663.799 Y585.423
; Coordinate transform: (1852.83,350.68) -> (668.78,584.11)
G1 X668.782 Y584.108
; Coordinate transform: (1865.90,354.21) -> (673.66,582.79)
G1 X673.656 Y582.792
; Coordinate transform: (1877.81,357.56) -> (678.10,581.54)
G1 X678.098 Y581.543
; Coordinate transform: (1886.77,360.66) -> (681.44,580.39)
G1 X681.440 Y580.388
; Coordinate transform: (1892.36,363.51) -> (683.52,579.32)
G1 X683.524 Y579.323
; Coordinate transform: (1894.74,366.16) -> (684.41,578.34)
G1 X684.412 Y578.335
; Coordinate transform: (1894.07,368.62) -> (684.16,577.42)
G1 X684.162 Y577.417
; Coordinate transform: (1890.50,370.93) -> (682.83,576.56)
G1 X682.831 Y576.556
; Coordinate transform: (1884.18,373.12) -> (680.47,575.74)
G1 X680.474 Y575.739
; Coordinate transform: (1875.25,375.25) -> (677.14,574.95)
G1 X677.143 Y574.946
; Coordinate transform: (1864.43,377.40) -> (673.11,574.14)
G1 X673.108 Y574.142
; Coordinate transform: (1853.07,379.70) -> (668.87,573.28)
G1 X668.871 Y573.284
; Coordinate transform: (1841.52,382.28) -> (664.56,572.32)
G1 X664.563 Y572.324
; Coordinate transform: (1829.50,385.24) -> (660.08,571.22)
G1 X660.081 Y571.222
; Coordinate transform: (1816.67,388.62) -> (655.30,569.96)
G1 X655.296 Y569.958
; Coordinate transform: (1803.10,392.49) -> (650.23,568.52)
G1 X650.235 Y568.517
; Coordinate transform: (1789.16,396.78) -> (645.04,566.91)
G1 X645.036 Y566.915
; Coordinate transform: (1775.76,401.37) -> (640.04,565.21)
G1 X640.038 Y565.205
; Coordinate transform: (1763.79,406.11) -> (635.57,563.44)
G1 X635.574 Y563.435
; Coordinate transform: (1753.27,411.08) -> (631.65,561.58)
G1 X631.650 Y561.583
; Coordinate transform: (1743.78,416.37) -> (628.11,559.61)
G1 X628.111 Y559.611
; Coordinate transform: (1734.83,422.01) -> (624.77,557.51)
G1 X624.773 Y557.506
; Coordinate transform: (1726.20,428.02) -> (621.55,555.26)
G1 X621.555 Y555.264
; Coordinate transform: (1717.56,434.43) -> (618.33,552.87)
G1 X618.332 Y552.873
; Coordinate transform: (1708.58,441.36) -> (614.98,550.29)
G1 X614.983 Y550.291
; Coordinate transform: (1699.16,448.84) -> (611.47,547.50)
G1 X611.470 Y547.501
; Coordinate transform: (1689.49,456.77) -> (607.86,544.54)
G1 X607.863 Y544.542
; Coordinate transform: (1679.89,464.92) -> (604.28,541.50)
G1 X604.283 Y541.505
; Coordinate transform: (1670.59,473.12) -> (600.81,538.44)
G1 X600.815 Y538.443
; Coordinate transform: (1661.69,481.43) -> (597.50,535.35)
G1 X597.495 Y535.345
; Coordinate transform: (1653.14,489.90) -> (594.31,532.19)
G1 X594.307 Y532.186
; Coordinate transform: (1644.91,498.31) -> (591.24,529.05)
G1 X591.237 Y529.048
; Coordinate transform: (1637.02,506.48) -> (588.29,526.00)
G1 X588.295 Y526.004
; Coordinate transform: (1629.32,514.73) -> (585.42,522.93)
G1 X585.423 Y522.927
; Coordinate transform: (1621.70,523.36) -> (582.58,519.71)
G1 X582.581 Y519.708
; Coordinate transform: (1614.26,532.02) -> (579.81,516.48)
G1 X579.806 Y516.479
; Coordinate transform: (1607.27,540.08) -> (577.20,513.47)
G1 X577.199 Y513.473
; Coordinate transform: (1600.86,547.06) -> (574.81,510.87)
G1 X574.809 Y510.869
; Coordinate transform: (1595.12,552.59) -> (572.67,508.81)
G1 X572.668 Y508.806
; Coordinate transform: (1590.07,556.47) -> (570.78,507.36)
G1 X570.784 Y507.358
; Coordinate transform: (1585.75,558.70) -> (569.17,506.53)
G1 X569.173 Y506.527
; Coordinate transform: (1582.10,559.55) -> (567.81,506.21)
G1 X567.812 Y506.212
; Coordinate transform: (1579.06,559.20) -> (566.68,506.34)
G1 X566.678 Y506.343
; Coordinate transform: (1576.60,557.76) -> (565.76,506.88)
G1 X565.761 Y506.880
; Coordinate transform: (1574.70,555.23) -> (565.05,507.82)
G1 X565.052 Y507.822
; Coordinate transform: (1573.37,551.57) -> (564.56,509.19)
G1 X564.556 Y509.186
; Coordinate transform: (1572.58,546.77) -> (564.26,510.98)
G1 X564.262 Y510.975
; Coordinate transform: (1572.33,540.74) -> (564.17,513.23)
G1 X564.168 Y513.225
; Coordinate transform: (1572.57,533.36) -> (564.26,515.98)
G1 X564.258 Y515.977
; Coordinate transform: (1573.08,524.84) -> (564.45,519.16)
G1 X564.448 Y519.155
; Coordinate transform: (1573.60,515.39) -> (564.64,522.68)
G1 X564.642 Y522.681
; Coordinate transform: (1573.85,505.20) -> (564.74,526.48)
G1 X564.735 Y526.479
; Coordinate transform: (1573.76,494.37) -> (564.70,530.52)
G1 X564.702 Y530.518
; Coordinate transform: (1573.43,482.96) -> (564.58,534.77)
G1 X564.579 Y534.775
; Coordinate transform: (1573.12,471.15) -> (564.46,539.18)
G1 X564.463 Y539.180
; Coordinate transform: (1573.00,459.39) -> (564.42,543.57)
G1 X564.418 Y543.566
; Coordinate transform: (1573.04,448.31) -> (564.43,547.70)
G1 X564.433 Y547.698
; Coordinate transform: (1573.01,438.57) -> (564.42,551.33)
G1 X564.422 Y551.329
; Coordinate transform: (1572.70,430.76) -> (564.31,554.24)
G1 X564.306 Y554.244
; Coordinate transform: (1572.10,424.81) -> (564.08,556.46)
G1 X564.083 Y556.462
; Coordinate transform: (1571.18,420.68) -> (563.74,558.00)
G1 X563.739 Y558.004
; Coordinate transform: (1570.05,417.89) -> (563.32,559.04)
G1 X563.318 Y559.043
; Coordinate transform: (1568.74,416.14) -> (562.83,559.70)
G1 X562.829 Y559.696
; Coordinate transform: (1567.24,415.25) -> (562.27,560.03)
G1 X562.270 Y560.028
; Coordinate transform: (1565.44,415.15) -> (561.60,560.06)
G1 X561.599 Y560.065
M400 ; Wait for drawing to complete
; === STOP BRUSH SEQUENCE ===
; STOP BRUSH A
G4 P50 ; Short delay before stepper command
G1 U0.000 F200.0 ; Close Brush A flow
M400 ; Wait for stepper motion to complete
M106 P2 S0 ; Brush A air off
; Z already at 84.000mm, above safe threshold of 10.000mm, no need to raise
; === END STOP BRUSH SEQUENCE ===
; === PATH END ===


; Path 4/49 (id: path4)
; WIDTH: requested=117.176mm, actual=1863.507mm, compensation=0.800
; Z HEIGHT: 84.000mm (min=4.0, max=84.0)
; PAINT FLOW: 0.500 (baseline=0.1, max=0.5)
; PAINT FLOW COMPONENTS: base=0.100, width=0.300, opacity=0.100
; FEEDRATE: 475.6 mm/min (z_factor=0.0259, speed_factor=0.765)
; WARNING: Requested stroke width 117.2mm exceeds machine capability.
; H.Airbrush cannot draw strokes wider than 6.6mm at 1mm/s minimum speed.
; Stroke width has been reduced to 6.6mm.
; ===== STROKE PARAMETERS =====
; Color: black
; Width: 117.18mm
; Opacity: 0.25
; Brush: brush_a (index 0)
T0 ; Select Brush A (Black)
; ===== AIRBRUSH SETTINGS =====
; Z-height: 84.00mm
; Paint flow: 0.50
; Feedrate: 475.6mm/min (includes Z scaling)
; Using brush: brush_a (tool 0)
; Path with Brush A (black) at Z=84.000mm
; Using: Air=P2, Flow=A axis
; Drawing Z height: 84.000mm, Travel Z height: 10.000mm
; Machine Z range: 0-84mm (Safe range: 5-80mm)
; === START BRUSH SEQUENCE ===
; START BRUSH A
; Z already at 84.000mm, above safe threshold of 10.000mm, no need to raise
T0 ; Select Tool 0 (Brush A)
G4 P500 ; Wait for tool change to complete
; === END BRUSH SEQUENCE ===
; Coordinate transform: (952.86,1010.60) -> (333.13,337.99)
G0 X333.133 Y337.990 F24000
M400 ; Wait for XY movement to complete
G1 Z84.000 F1200
M400 ; Wait for Z movement to complete
; === ACTIVATE BRUSH AT POSITION ===
; AIR ON FIRST - Important to prevent dripping
M106 P2 S1 ; Brush A air on
; PAINT ON AFTER AIR
G4 P50 ; Short delay before stepper command
G1 U2.400 F200.0 ; Set Brush A flow to 2.400mm
M400 ; Wait for stepper motion to complete
; === BRUSH ACTIVATED ===
G1 F475.56460435427675
; Coordinate transform: (954.36,1010.49) -> (333.70,338.03)
G1 X333.696 Y338.031
; Coordinate transform: (956.48,1010.33) -> (334.48,338.09)
G1 X334.485 Y338.091
; Coordinate transform: (959.07,1010.09) -> (335.45,338.18)
G1 X335.452 Y338.180
; Coordinate transform: (962.01,1009.77) -> (336.55,338.30)
G1 X336.547 Y338.300
; Coordinate transform: (965.15,1009.35) -> (337.72,338.46)
G1 X337.721 Y338.456
; Coordinate transform: (968.39,1008.80) -> (338.93,338.66)
G1 X338.926 Y338.662
; Coordinate transform: (971.66,1008.08) -> (340.15,338.93)
G1 X340.147 Y338.930
; Coordinate transform: (975.00,1007.19) -> (341.39,339.26)
G1 X341.392 Y339.262
; Coordinate transform: (978.43,1006.06) -> (342.67,339.68)
G1 X342.674 Y339.683
; Coordinate transform: (982.02,1004.66) -> (344.01,340.21)
G1 X344.010 Y340.206
; Coordinate transform: (985.80,1002.95) -> (345.42,340.84)
G1 X345.421 Y340.843
; Coordinate transform: (989.80,1000.86) -> (346.91,341.62)
G1 X346.914 Y341.623
; Coordinate transform: (994.04,998.35) -> (348.49,342.56)
G1 X348.495 Y342.558
; Coordinate transform: (998.53,995.34) -> (350.17,343.68)
G1 X350.169 Y343.682
; Coordinate transform: (1003.15,991.82) -> (351.89,344.99)
G1 X351.891 Y344.995
; Coordinate transform: (1007.64,987.93) -> (353.57,346.45)
G1 X353.566 Y346.446
; Coordinate transform: (1011.68,983.79) -> (355.07,347.99)
G1 X355.072 Y347.990
; Coordinate transform: (1014.97,979.51) -> (356.30,349.59)
G1 X356.299 Y349.586
; Coordinate transform: (1017.29,975.20) -> (357.16,351.19)
G1 X357.165 Y351.194
; Coordinate transform: (1018.59,970.95) -> (357.65,352.78)
G1 X357.649 Y352.779
; Coordinate transform: (1018.87,966.78) -> (357.75,354.33)
G1 X357.754 Y354.335
; Coordinate transform: (1018.19,962.68) -> (357.50,355.86)
G1 X357.500 Y355.860
; Coordinate transform: (1016.70,958.59) -> (356.94,357.39)
G1 X356.945 Y357.389
; Coordinate transform: (1014.54,954.39) -> (356.14,358.95)
G1 X356.139 Y358.953
; Coordinate transform: (1011.85,950.04) -> (355.14,360.58)
G1 X355.136 Y360.578
; Coordinate transform: (1008.72,945.42) -> (353.97,362.30)
G1 X353.968 Y362.300
; Coordinate transform: (1005.29,940.33) -> (352.69,364.20)
G1 X352.689 Y364.198
; Coordinate transform: (1001.70,934.46) -> (351.35,366.39)
G1 X351.350 Y366.387
; Coordinate transform: (998.00,927.51) -> (349.97,368.98)
G1 X349.970 Y368.980
; Coordinate transform: (994.10,919.24) -> (348.51,372.06)
G1 X348.514 Y372.064
; Coordinate transform: (989.80,909.47) -> (346.91,375.71)
G1 X346.913 Y375.706
; Coordinate transform: (984.86,898.31) -> (345.07,379.87)
G1 X345.068 Y379.868
; Coordinate transform: (979.12,886.01) -> (342.93,384.46)
G1 X342.929 Y384.458
; Coordinate transform: (972.65,873.03) -> (340.52,389.30)
G1 X340.518 Y389.298
; Coordinate transform: (965.66,859.97) -> (337.91,394.17)
G1 X337.909 Y394.167
; Coordinate transform: (958.35,847.30) -> (335.18,398.89)
G1 X335.183 Y398.893
; Coordinate transform: (950.84,835.29) -> (332.38,403.37)
G1 X332.383 Y403.371
; Coordinate transform: (943.18,824.10) -> (329.53,407.54)
G1 X329.527 Y407.544
; Coordinate transform: (935.41,813.82) -> (326.63,411.38)
G1 X326.628 Y411.381
; Coordinate transform: (927.57,804.48) -> (323.70,414.86)
G1 X323.703 Y414.864
; Coordinate transform: (919.74,796.15) -> (320.78,417.97)
G1 X320.784 Y417.971
; Coordinate transform: (912.03,788.85) -> (317.91,420.69)
G1 X317.909 Y420.691
; Coordinate transform: (904.55,782.62) -> (315.12,423.02)
G1 X315.119 Y423.017
; Coordinate transform: (897.38,777.43) -> (312.44,424.95)
G1 X312.442 Y424.952
; Coordinate transform: (890.55,773.28) -> (309.90,426.50)
G1 X309.897 Y426.499
; Coordinate transform: (884.07,770.12) -> (307.48,427.68)
G1 X307.481 Y427.680
; Coordinate transform: (877.92,767.86) -> (305.19,428.52)
G1 X305.186 Y428.520
; Coordinate transform: (872.01,766.45) -> (302.98,429.05)
G1 X302.982 Y429.046
; Coordinate transform: (866.26,765.81) -> (300.84,429.29)
G1 X300.836 Y429.286
; Coordinate transform: (860.56,765.88) -> (298.71,429.26)
G1 X298.711 Y429.260
; Coordinate transform: (854.82,766.62) -> (296.57,428.98)
G1 X296.571 Y428.983
; Coordinate transform: (848.96,768.01) -> (294.39,428.46)
G1 X294.386 Y428.465
; Coordinate transform: (842.89,770.04) -> (292.12,427.71)
G1 X292.123 Y427.707
; Coordinate transform: (836.59,772.69) -> (289.77,426.72)
G1 X289.772 Y426.719
; Coordinate transform: (830.03,775.94) -> (287.33,425.51)
G1 X287.326 Y425.509
; Coordinate transform: (823.26,779.72) -> (284.80,424.10)
G1 X284.801 Y424.098
; Coordinate transform: (816.38,783.93) -> (282.24,422.53)
G1 X282.236 Y422.529
; Coordinate transform: (809.53,788.42) -> (279.68,420.85)
G1 X279.678 Y420.851
; Coordinate transform: (802.81,793.08) -> (277.17,419.12)
G1 X277.173 Y419.117
; Coordinate transform: (796.32,797.75) -> (274.75,417.37)
G1 X274.752 Y417.371
; Coordinate transform: (790.08,802.40) -> (272.43,415.64)
G1 X272.427 Y415.639
; Coordinate transform: (784.09,806.99) -> (270.19,413.93)
G1 X270.190 Y413.929
; Coordinate transform: (778.19,811.57) -> (267.99,412.22)
G1 X267.991 Y412.221
; Coordinate transform: (772.22,816.24) -> (265.77,410.48)
G1 X265.765 Y410.477
; Coordinate transform: (765.96,821.19) -> (263.43,408.63)
G1 X263.429 Y408.632
; Coordinate transform: (759.10,826.60) -> (260.87,406.61)
G1 X260.873 Y406.613
; Coordinate transform: (751.37,832.68) -> (257.99,404.34)
G1 X257.990 Y404.344
; Coordinate transform: (742.51,839.66) -> (254.69,401.74)
G1 X254.686 Y401.742
; Coordinate transform: (732.47,847.56) -> (250.94,398.79)
G1 X250.939 Y398.795
; Coordinate transform: (721.41,856.25) -> (246.81,395.56)
G1 X246.815 Y395.555
; Coordinate transform: (709.86,865.32) -> (242.51,392.17)
G1 X242.508 Y392.172
; Coordinate transform: (698.34,874.32) -> (238.21,388.82)
G1 X238.211 Y388.816
; Coordinate transform: (687.26,882.75) -> (234.08,385.67)
G1 X234.079 Y385.674
; Coordinate transform: (676.88,890.31) -> (230.21,382.85)
G1 X230.206 Y382.852
; Coordinate transform: (667.24,896.92) -> (226.61,380.39)
G1 X226.613 Y380.388
; Coordinate transform: (658.24,902.55) -> (223.25,378.29)
G1 X223.254 Y378.288
; Coordinate transform: (649.62,907.21) -> (220.04,376.55)
G1 X220.041 Y376.549
; Coordinate transform: (641.13,910.99) -> (216.87,375.14)
G1 X216.873 Y375.142
; Coordinate transform: (632.48,913.97) -> (213.65,374.03)
G1 X213.650 Y374.028
; Coordinate transform: (623.44,916.26) -> (210.28,373.17)
G1 X210.277 Y373.173
; Coordinate transform: (613.88,917.93) -> (206.71,372.55)
G1 X206.712 Y372.553
; Coordinate transform: (603.76,918.98) -> (202.94,372.16)
G1 X202.939 Y372.159
; Coordinate transform: (593.35,919.42) -> (199.05,372.00)
G1 X199.053 Y371.995
; Coordinate transform: (582.95,919.20) -> (195.18,372.08)
G1 X195.177 Y372.077
; Coordinate transform: (572.90,918.26) -> (191.43,372.43)
G1 X191.429 Y372.429
; Coordinate transform: (563.43,916.50) -> (187.90,373.08)
G1 X187.896 Y373.085
; Coordinate transform: (554.68,913.84) -> (184.63,374.08)
G1 X184.633 Y374.076
; Coordinate transform: (546.75,910.21) -> (181.67,375.43)
G1 X181.674 Y375.431
; Coordinate transform: (539.67,905.54) -> (179.04,377.17)
G1 X179.037 Y377.172
; Coordinate transform: (533.49,899.82) -> (176.73,379.31)
G1 X176.731 Y379.306
; Coordinate transform: (528.21,893.06) -> (174.76,381.83)
G1 X174.759 Y381.829
; Coordinate transform: (523.86,885.23) -> (173.14,384.75)
G1 X173.138 Y384.748
; Coordinate transform: (520.45,876.34) -> (171.87,388.06)
G1 X171.866 Y388.063
; Coordinate transform: (517.97,866.34) -> (170.94,391.79)
G1 X170.941 Y391.794
; Coordinate transform: (516.41,855.12) -> (170.36,395.98)
G1 X170.362 Y395.979
; Coordinate transform: (515.79,842.70) -> (170.13,400.61)
G1 X170.128 Y400.609
; Coordinate transform: (516.06,829.27) -> (170.23,405.62)
G1 X170.231 Y405.619
; Coordinate transform: (517.13,815.10) -> (170.63,410.90)
G1 X170.628 Y410.901
; Coordinate transform: (518.79,800.46) -> (171.25,416.36)
G1 X171.249 Y416.363
; Coordinate transform: (520.86,785.55) -> (172.02,421.92)
G1 X172.019 Y421.925
; Coordinate transform: (523.14,770.59) -> (172.87,427.50)
G1 X172.871 Y427.504
; Coordinate transform: (525.46,755.85) -> (173.73,433.00)
G1 X173.733 Y433.001
; Coordinate transform: (527.58,741.61) -> (174.53,438.31)
G1 X174.527 Y438.311
; Coordinate transform: (529.39,728.11) -> (175.20,443.35)
G1 X175.203 Y443.346
; Coordinate transform: (530.87,715.49) -> (175.75,448.05)
G1 X175.752 Y448.051
; Coordinate transform: (532.00,703.81) -> (176.18,452.41)
G1 X176.176 Y452.409
; Coordinate transform: (532.79,693.05) -> (176.47,456.42)
G1 X176.470 Y456.420
; Coordinate transform: (533.21,683.18) -> (176.62,460.10)
G1 X176.624 Y460.102
; Coordinate transform: (533.20,674.07) -> (176.62,463.50)
G1 X176.623 Y463.500
; Coordinate transform: (532.74,665.57) -> (176.45,466.67)
G1 X176.452 Y466.670
; Coordinate transform: (531.75,657.46) -> (176.08,469.70)
G1 X176.082 Y469.696
; Coordinate transform: (530.14,649.49) -> (175.48,472.67)
G1 X175.482 Y472.668
; Coordinate transform: (527.82,641.38) -> (174.61,475.69)
G1 X174.615 Y475.691
; Coordinate transform: (524.66,632.86) -> (173.44,478.87)
G1 X173.438 Y478.871
; Coordinate transform: (520.63,623.65) -> (171.94,482.30)
G1 X171.935 Y482.302
; Coordinate transform: (515.72,613.61) -> (170.10,486.05)
G1 X170.103 Y486.047
; Coordinate transform: (509.96,602.65) -> (167.96,490.14)
G1 X167.956 Y490.136
; Coordinate transform: (503.49,590.88) -> (165.54,494.53)
G1 X165.542 Y494.526
; Coordinate transform: (496.51,578.53) -> (162.94,499.13)
G1 X162.938 Y499.132
; Coordinate transform: (489.23,565.87) -> (160.22,503.85)
G1 X160.224 Y503.853
; Coordinate transform: (481.90,553.17) -> (157.49,508.59)
G1 X157.489 Y508.592
; Coordinate transform: (474.68,540.63) -> (154.80,513.27)
G1 X154.797 Y513.265
; Coordinate transform: (467.69,528.44) -> (152.19,517.81)
G1 X152.190 Y517.813
; Coordinate transform: (460.98,516.69) -> (149.69,522.19)
G1 X149.685 Y522.195
; Coordinate transform: (454.42,505.49) -> (147.24,526.37)
G1 X147.239 Y526.374
; Coordinate transform: (448.08,494.99) -> (144.88,530.29)
G1 X144.877 Y530.287
; Coordinate transform: (441.92,485.26) -> (142.58,533.92)
G1 X142.579 Y533.918
; Coordinate transform: (435.85,476.35) -> (140.31,537.24)
G1 X140.314 Y537.239
; Coordinate transform: (429.81,468.31) -> (138.06,540.24)
G1 X138.060 Y540.238
; Coordinate transform: (423.73,461.14) -> (135.80,542.91)
G1 X135.796 Y542.914
; Coordinate transform: (417.56,454.74) -> (133.49,545.30)
G1 X133.494 Y545.301
; Coordinate transform: (411.20,449.03) -> (131.12,547.43)
G1 X131.121 Y547.430
; Coordinate transform: (404.54,443.89) -> (128.64,549.35)
G1 X128.639 Y549.346
; Coordinate transform: (397.49,439.21) -> (126.01,551.09)
G1 X126.007 Y551.090
; Coordinate transform: (389.90,434.92) -> (123.18,552.69)
G1 X123.180 Y552.690
; Coordinate transform: (381.74,430.93) -> (120.14,554.18)
G1 X120.136 Y554.180
; Coordinate transform: (372.94,427.17) -> (116.85,555.58)
G1 X116.852 Y555.584
; Coordinate transform: (363.50,423.59) -> (113.33,556.92)
G1 X113.334 Y556.917
; Coordinate transform: (353.46,420.18) -> (109.59,558.19)
G1 X109.587 Y558.190
; Coordinate transform: (342.87,416.88) -> (105.64,559.42)
G1 X105.639 Y559.420
; Coordinate transform: (331.90,413.62) -> (101.55,560.64)
G1 X101.545 Y560.636
; Coordinate transform: (320.69,410.28) -> (97.37,561.88)
G1 X97.367 Y561.880
; Coordinate transform: (309.47,406.75) -> (93.18,563.20)
G1 X93.182 Y563.200
; Coordinate transform: (298.49,402.89) -> (89.09,564.64)
G1 X89.085 Y564.637
; Coordinate transform: (287.97,398.58) -> (85.16,566.24)
G1 X85.164 Y566.243
; Coordinate transform: (278.12,393.68) -> (81.49,568.07)
G1 X81.490 Y568.073
; Coordinate transform: (269.11,388.02) -> (78.13,570.18)
G1 X78.127 Y570.182
; Coordinate transform: (261.02,381.55) -> (75.11,572.60)
G1 X75.113 Y572.598
; Coordinate transform: (253.99,374.13) -> (72.49,575.36)
G1 X72.489 Y575.363
; Coordinate transform: (248.08,365.81) -> (70.28,578.47)
G1 X70.285 Y578.466
; Coordinate transform: (243.37,356.58) -> (68.53,581.91)
G1 X68.531 Y581.908
; Coordinate transform: (239.93,346.59) -> (67.25,585.63)
G1 X67.246 Y585.635
; Coordinate transform: (237.77,336.00) -> (66.44,589.59)
G1 X66.440 Y589.586
; Coordinate transform: (236.89,325.00) -> (66.11,593.69)
G1 X66.113 Y593.687
; Coordinate transform: (237.22,313.81) -> (66.24,597.86)
G1 X66.236 Y597.860
; Coordinate transform: (238.60,302.60) -> (66.75,602.04)
G1 X66.752 Y602.042
; Coordinate transform: (240.80,291.51) -> (67.57,606.18)
G1 X67.571 Y606.176
; Coordinate transform: (243.54,280.69) -> (68.59,610.21)
G1 X68.592 Y610.213
; Coordinate transform: (246.50,270.23) -> (69.69,614.11)
G1 X69.694 Y614.112
; Coordinate transform: (249.43,260.16) -> (70.79,617.87)
G1 X70.788 Y617.867
; Coordinate transform: (252.05,250.51) -> (71.77,621.47)
G1 X71.765 Y621.466
; Coordinate transform: (254.22,241.22) -> (72.58,624.93)
G1 X72.577 Y624.932
; Coordinate transform: (255.87,232.20) -> (73.19,628.30)
G1 X73.191 Y628.297
; Coordinate transform: (256.94,223.33) -> (73.59,631.60)
G1 X73.590 Y631.603
; Coordinate transform: (257.41,214.51) -> (73.77,634.89)
G1 X73.766 Y634.892
; Coordinate transform: (257.30,205.65) -> (73.72,638.20)
G1 X73.723 Y638.199
; Coordinate transform: (256.60,196.65) -> (73.46,641.55)
G1 X73.464 Y641.554
; Coordinate transform: (255.38,187.53) -> (73.01,644.96)
G1 X73.007 Y644.957
; Coordinate transform: (253.70,178.29) -> (72.38,648.40)
G1 X72.382 Y648.403
; Coordinate transform: (251.69,168.97) -> (71.63,651.88)
G1 X71.631 Y651.877
; Coordinate transform: (249.47,159.59) -> (70.80,655.38)
G1 X70.803 Y655.377
; Coordinate transform: (247.20,150.10) -> (69.96,658.92)
G1 X69.957 Y658.917
; Coordinate transform: (245.03,140.38) -> (69.15,662.54)
G1 X69.148 Y662.540
; Coordinate transform: (243.09,130.40) -> (68.43,666.26)
G1 X68.426 Y666.262
; Coordinate transform: (241.48,120.31) -> (67.83,670.03)
G1 X67.826 Y670.027
; Coordinate transform: (240.26,111.27) -> (67.37,673.40)
G1 X67.368 Y673.400
; Coordinate transform: (239.43,104.64) -> (67.06,675.87)
G1 X67.058 Y675.870
; Coordinate transform: (238.96,101.26) -> (66.88,677.13)
G1 X66.883 Y677.131
; Coordinate transform: (238.79,100.97) -> (66.82,677.24)
G1 X66.821 Y677.241
; Coordinate transform: (238.90,103.60) -> (66.86,676.26)
G1 X66.862 Y676.258
; Coordinate transform: (239.29,109.02) -> (67.01,674.24)
G1 X67.008 Y674.237
; Coordinate transform: (239.99,116.63) -> (67.27,671.40)
G1 X67.269 Y671.399
; Coordinate transform: (240.97,125.09) -> (67.63,668.25)
G1 X67.634 Y668.245
; Coordinate transform: (242.17,133.54) -> (68.08,665.09)
G1 X68.082 Y665.094
; Coordinate transform: (243.53,141.42) -> (68.59,662.15)
G1 X68.590 Y662.153
; Coordinate transform: (245.00,148.97) -> (69.14,659.34)
G1 X69.138 Y659.339
; Coordinate transform: (246.49,156.38) -> (69.69,656.57)
G1 X69.692 Y656.572
; Coordinate transform: (247.90,163.91) -> (70.22,653.76)
G1 X70.220 Y653.764
; Coordinate transform: (249.15,171.74) -> (70.68,650.85)
G1 X70.683 Y650.845
; Coordinate transform: (250.10,179.94) -> (71.04,647.79)
G1 X71.038 Y647.789
; Coordinate transform: (250.64,188.53) -> (71.24,644.58)
G1 X71.240 Y644.582
; Coordinate transform: (250.63,197.54) -> (71.24,641.22)
G1 X71.236 Y641.224
; Coordinate transform: (249.94,206.93) -> (70.98,637.72)
G1 X70.980 Y637.720
; Coordinate transform: (248.44,216.72) -> (70.42,634.07)
G1 X70.418 Y634.071
; Coordinate transform: (246.01,226.91) -> (69.51,630.27)
G1 X69.512 Y630.270
; Coordinate transform: (242.62,237.51) -> (68.25,626.32)
G1 X68.249 Y626.316
; Coordinate transform: (238.30,248.48) -> (66.64,622.22)
G1 X66.639 Y622.224
; Coordinate transform: (233.13,259.72) -> (64.71,618.03)
G1 X64.711 Y618.033
; Coordinate transform: (227.33,271.06) -> (62.55,613.80)
G1 X62.547 Y613.804
; Coordinate transform: (221.23,282.28) -> (60.27,609.62)
G1 X60.273 Y609.619
; Coordinate transform: (215.11,293.17) -> (57.99,605.56)
G1 X57.988 Y605.558
; Coordinate transform: (209.14,303.62) -> (55.76,601.66)
G1 X55.763 Y601.659
; Coordinate transform: (203.30,313.60) -> (53.58,597.94)
G1 X53.583 Y597.937
; Coordinate transform: (197.57,323.03) -> (51.45,594.42)
G1 X51.447 Y594.420
; Coordinate transform: (191.94,331.97) -> (49.35,591.09)
G1 X49.350 Y591.086
; Coordinate transform: (186.33,340.41) -> (47.25,587.94)
G1 X47.255 Y587.939
; Coordinate transform: (180.60,348.33) -> (45.12,584.98)
G1 X45.117 Y584.984
; Coordinate transform: (174.62,355.72) -> (42.89,582.23)
G1 X42.889 Y582.231
; Coordinate transform: (168.25,362.54) -> (40.51,579.69)
G1 X40.515 Y579.687
; Coordinate transform: (161.33,368.79) -> (37.93,577.36)
G1 X37.931 Y577.357
; Coordinate transform: (153.59,374.46) -> (35.05,575.24)
G1 X35.046 Y575.240
; Coordinate transform: (144.76,379.59) -> (31.75,573.33)
G1 X31.754 Y573.328
; Coordinate transform: (134.51,384.19) -> (27.93,571.61)
G1 X27.929 Y571.611
; Coordinate transform: (122.70,388.33) -> (23.53,570.07)
G1 X23.527 Y570.067
; Coordinate transform: (110.46,392.08) -> (18.96,568.67)
G1 X18.961 Y568.669
; Coordinate transform: (99.82,395.52) -> (14.99,567.39)
G1 X14.991 Y567.386
; Coordinate transform: (92.39,398.73) -> (12.22,566.19)
G1 X12.219 Y566.189
; Coordinate transform: (88.24,401.78) -> (10.67,565.05)
G1 X10.673 Y565.052
M400 ; Wait for drawing to complete
; === STOP BRUSH SEQUENCE ===
; STOP BRUSH A
G4 P50 ; Short delay before stepper command
G1 U0.000 F200.0 ; Close Brush A flow
M400 ; Wait for stepper motion to complete
M106 P2 S0 ; Brush A air off
; Z already at 84.000mm, above safe threshold of 10.000mm, no need to raise
; === END STOP BRUSH SEQUENCE ===
; === PATH END ===


; Path 5/49 (id: path5)
; WIDTH: requested=117.176mm, actual=1863.507mm, compensation=0.800
; Z HEIGHT: 84.000mm (min=4.0, max=84.0)
; PAINT FLOW: 0.500 (baseline=0.1, max=0.5)
; PAINT FLOW COMPONENTS: base=0.100, width=0.300, opacity=0.100
; FEEDRATE: 475.6 mm/min (z_factor=0.0259, speed_factor=0.765)
; WARNING: Requested stroke width 117.2mm exceeds machine capability.
; H.Airbrush cannot draw strokes wider than 6.6mm at 1mm/s minimum speed.
; Stroke width has been reduced to 6.6mm.
; ===== STROKE PARAMETERS =====
; Color: black
; Width: 117.18mm
; Opacity: 0.25
; Brush: brush_a (index 0)
T0 ; Select Brush A (Black)
; ===== AIRBRUSH SETTINGS =====
; Z-height: 84.00mm
; Paint flow: 0.50
; Feedrate: 475.6mm/min (includes Z scaling)
; Using brush: brush_a (tool 0)
; Path with Brush A (black) at Z=84.000mm
; Using: Air=P2, Flow=A axis
; Drawing Z height: 84.000mm, Travel Z height: 10.000mm
; Machine Z range: 0-84mm (Safe range: 5-80mm)
; === START BRUSH SEQUENCE ===
; START BRUSH A
; Z already at 84.000mm, above safe threshold of 10.000mm, no need to raise
T0 ; Select Tool 0 (Brush A)
G4 P500 ; Wait for tool change to complete
; === END BRUSH SEQUENCE ===
; Coordinate transform: (203.05,1129.60) -> (53.49,293.61)
G0 X53.492 Y293.609 F24000
M400 ; Wait for XY movement to complete
G1 Z84.000 F1200
M400 ; Wait for Z movement to complete
; === ACTIVATE BRUSH AT POSITION ===
; AIR ON FIRST - Important to prevent dripping
M106 P2 S1 ; Brush A air on
; PAINT ON AFTER AIR
G4 P50 ; Short delay before stepper command
G1 U2.400 F200.0 ; Set Brush A flow to 2.400mm
M400 ; Wait for stepper motion to complete
; === BRUSH ACTIVATED ===
G1 F475.56460435427675
; Coordinate transform: (202.71,1129.50) -> (53.37,293.65)
G1 X53.365 Y293.646
; Coordinate transform: (202.22,1129.34) -> (53.18,293.71)
G1 X53.180 Y293.706
; Coordinate transform: (201.57,1129.12) -> (52.94,293.79)
G1 X52.940 Y293.788
; Coordinate transform: (200.79,1128.85) -> (52.65,293.89)
G1 X52.648 Y293.889
; Coordinate transform: (199.88,1128.52) -> (52.31,294.01)
G1 X52.308 Y294.012
; Coordinate transform: (198.84,1128.13) -> (51.92,294.16)
G1 X51.923 Y294.157
; Coordinate transform: (197.69,1127.69) -> (51.49,294.32)
G1 X51.494 Y294.321
; Coordinate transform: (196.42,1127.21) -> (51.02,294.50)
G1 X51.020 Y294.500
; Coordinate transform: (194.99,1126.66) -> (50.49,294.71)
G1 X50.486 Y294.705
; Coordinate transform: (193.36,1126.04) -> (49.88,294.94)
G1 X49.877 Y294.937
; Coordinate transform: (191.47,1125.33) -> (49.17,295.20)
G1 X49.171 Y295.201
; Coordinate transform: (189.23,1124.51) -> (48.34,295.51)
G1 X48.339 Y295.507
; Coordinate transform: (186.58,1123.53) -> (47.35,295.87)
G1 X47.349 Y295.873
; Coordinate transform: (183.42,1122.38) -> (46.17,296.30)
G1 X46.170 Y296.302
; Coordinate transform: (179.62,1121.00) -> (44.76,296.82)
G1 X44.755 Y296.816
; Coordinate transform: (175.05,1119.34) -> (43.05,297.44)
G1 X43.047 Y297.435
; Coordinate transform: (169.50,1117.34) -> (40.98,298.18)
G1 X40.978 Y298.181
; Coordinate transform: (162.82,1114.96) -> (38.49,299.07)
G1 X38.489 Y299.069
; Coordinate transform: (154.82,1112.14) -> (35.50,300.12)
G1 X35.504 Y300.121
; Coordinate transform: (145.49,1108.86) -> (32.03,301.34)
G1 X32.026 Y301.344
; Coordinate transform: (134.97,1105.19) -> (28.10,302.71)
G1 X28.101 Y302.713
; Coordinate transform: (123.82,1101.18) -> (23.94,304.21)
G1 X23.943 Y304.208
; Coordinate transform: (113.59,1096.93) -> (20.13,305.79)
G1 X20.128 Y305.793
; Coordinate transform: (106.18,1092.57) -> (17.36,307.42)
G1 X17.363 Y307.419
; Coordinate transform: (102.06,1088.21) -> (15.83,309.05)
G1 X15.825 Y309.045
; Coordinate transform: (101.06,1083.89) -> (15.45,310.66)
G1 X15.455 Y310.657
; Coordinate transform: (103.04,1079.55) -> (16.19,312.28)
G1 X16.192 Y312.275
; Coordinate transform: (107.83,1075.13) -> (17.98,313.92)
G1 X17.979 Y313.924
; Coordinate transform: (115.27,1070.45) -> (20.75,315.67)
G1 X20.755 Y315.669
; Coordinate transform: (124.92,1065.17) -> (24.35,317.64)
G1 X24.353 Y317.638
; Coordinate transform: (135.36,1059.14) -> (28.24,319.89)
G1 X28.245 Y319.887
; Coordinate transform: (145.68,1052.25) -> (32.10,322.46)
G1 X32.096 Y322.457
; Coordinate transform: (155.85,1044.51) -> (35.89,325.34)
G1 X35.889 Y325.343
; Coordinate transform: (165.91,1036.02) -> (39.64,328.51)
G1 X39.640 Y328.510
; Coordinate transform: (175.88,1026.95) -> (43.36,331.89)
G1 X43.360 Y331.892
; Coordinate transform: (185.71,1017.50) -> (47.02,335.42)
G1 X47.025 Y335.417
; Coordinate transform: (195.35,1007.88) -> (50.62,339.00)
G1 X50.618 Y339.005
; Coordinate transform: (204.77,998.24) -> (54.13,342.60)
G1 X54.133 Y342.600
; Coordinate transform: (213.98,988.70) -> (57.57,346.16)
G1 X57.567 Y346.159
; Coordinate transform: (222.96,979.32) -> (60.92,349.66)
G1 X60.916 Y349.656
; Coordinate transform: (231.69,970.16) -> (64.17,353.07)
G1 X64.171 Y353.074
; Coordinate transform: (240.11,961.26) -> (67.31,356.39)
G1 X67.315 Y356.393
; Coordinate transform: (248.19,952.63) -> (70.33,359.61)
G1 X70.326 Y359.610
; Coordinate transform: (255.69,944.50) -> (73.12,362.64)
G1 X73.124 Y362.641
; Coordinate transform: (262.61,936.98) -> (75.70,365.45)
G1 X75.704 Y365.447
; Coordinate transform: (268.86,930.14) -> (78.04,368.00)
G1 X78.036 Y367.997
; Coordinate transform: (274.43,924.05) -> (80.11,370.27)
G1 X80.111 Y370.268
; Coordinate transform: (279.30,918.73) -> (81.93,372.25)
G1 X81.929 Y372.253
; Coordinate transform: (283.54,914.14) -> (83.51,373.96)
G1 X83.511 Y373.964
; Coordinate transform: (287.22,910.21) -> (84.88,375.43)
G1 X84.884 Y375.429
; Coordinate transform: (290.43,906.86) -> (86.08,376.68)
G1 X86.081 Y376.681
; Coordinate transform: (293.27,903.98) -> (87.14,377.75)
G1 X87.141 Y377.754
; Coordinate transform: (295.86,901.49) -> (88.10,378.68)
G1 X88.105 Y378.682
; Coordinate transform: (298.27,899.31) -> (89.00,379.50)
G1 X89.004 Y379.497
; Coordinate transform: (300.65,897.39) -> (89.89,380.21)
G1 X89.890 Y380.211
; Coordinate transform: (303.09,895.57) -> (90.80,380.89)
G1 X90.800 Y380.891
; Coordinate transform: (305.64,893.74) -> (91.75,381.57)
G1 X91.752 Y381.573
; Coordinate transform: (308.41,891.82) -> (92.78,382.29)
G1 X92.784 Y382.290
; Coordinate transform: (311.50,889.70) -> (93.94,383.08)
G1 X93.940 Y383.080
; Coordinate transform: (315.03,887.29) -> (95.25,383.98)
G1 X95.254 Y383.980
; Coordinate transform: (319.09,884.45) -> (96.77,385.04)
G1 X96.769 Y385.037
; Coordinate transform: (323.83,881.05) -> (98.54,386.31)
G1 X98.536 Y386.306
; Coordinate transform: (329.37,876.91) -> (100.60,387.85)
G1 X100.603 Y387.851
; Coordinate transform: (335.76,871.88) -> (102.99,389.73)
G1 X102.988 Y389.726
; Coordinate transform: (343.05,865.83) -> (105.70,391.98)
G1 X105.705 Y391.981
; Coordinate transform: (351.11,858.66) -> (108.71,394.66)
G1 X108.709 Y394.658
; Coordinate transform: (359.74,850.36) -> (111.93,397.75)
G1 X111.929 Y397.751
; Coordinate transform: (368.58,841.03) -> (115.23,401.23)
G1 X115.226 Y401.233
; Coordinate transform: (377.24,830.92) -> (118.45,405.00)
G1 X118.454 Y405.001
; Coordinate transform: (385.35,820.36) -> (121.48,408.94)
G1 X121.479 Y408.941
; Coordinate transform: (392.66,809.63) -> (124.21,412.94)
G1 X124.207 Y412.941
; Coordinate transform: (399.11,798.98) -> (126.61,416.91)
G1 X126.612 Y416.913
; Coordinate transform: (404.75,788.54) -> (128.72,420.81)
G1 X128.716 Y420.807
; Coordinate transform: (409.71,778.38) -> (130.57,424.60)
G1 X130.566 Y424.596
; Coordinate transform: (414.18,768.54) -> (132.23,428.27)
G1 X132.231 Y428.269
; Coordinate transform: (418.30,759.04) -> (133.77,431.81)
G1 X133.769 Y431.809
; Coordinate transform: (422.39,750.08) -> (135.29,435.15)
G1 X135.294 Y435.150
; Coordinate transform: (426.53,741.77) -> (136.84,438.25)
G1 X136.838 Y438.250
; Coordinate transform: (430.86,734.23) -> (138.45,441.06)
G1 X138.454 Y441.063
; Coordinate transform: (435.50,727.54) -> (140.19,443.56)
G1 X140.185 Y443.556
; Coordinate transform: (440.56,721.72) -> (142.07,445.73)
G1 X142.073 Y445.728
; Coordinate transform: (446.13,716.73) -> (144.15,447.59)
G1 X144.149 Y447.591
; Coordinate transform: (452.23,712.51) -> (146.42,449.16)
G1 X146.424 Y449.164
; Coordinate transform: (458.89,708.97) -> (148.91,450.48)
G1 X148.908 Y450.484
; Coordinate transform: (466.08,706.04) -> (151.59,451.58)
G1 X151.591 Y451.577
; Coordinate transform: (473.76,703.66) -> (154.46,452.46)
G1 X154.455 Y452.464
; Coordinate transform: (481.83,701.82) -> (157.46,453.15)
G1 X157.464 Y453.149
; Coordinate transform: (490.17,700.53) -> (160.58,453.63)
G1 X160.575 Y453.630
; Coordinate transform: (498.64,699.84) -> (163.73,453.89)
G1 X163.734 Y453.891
; Coordinate transform: (507.11,699.78) -> (166.89,453.91)
G1 X166.891 Y453.911
; Coordinate transform: (515.49,700.45) -> (170.02,453.66)
G1 X170.018 Y453.663
; Coordinate transform: (523.78,701.92) -> (173.11,453.11)
G1 X173.110 Y453.114
; Coordinate transform: (532.05,704.26) -> (176.19,452.24)
G1 X176.193 Y452.239
; Coordinate transform: (540.41,707.53) -> (179.31,451.02)
G1 X179.309 Y451.020
; Coordinate transform: (548.97,711.73) -> (182.50,449.45)
G1 X182.504 Y449.455
; Coordinate transform: (557.92,716.81) -> (185.84,447.56)
G1 X185.841 Y447.560
; Coordinate transform: (567.40,722.70) -> (189.38,445.36)
G1 X189.378 Y445.362
; Coordinate transform: (577.58,729.28) -> (193.17,442.91)
G1 X193.172 Y442.909
; Coordinate transform: (588.51,736.44) -> (197.25,440.24)
G1 X197.252 Y440.239
; Coordinate transform: (600.25,743.99) -> (201.63,437.42)
G1 X201.627 Y437.422
; Coordinate transform: (612.77,751.73) -> (206.30,434.54)
G1 X206.296 Y434.537
; Coordinate transform: (626.06,759.49) -> (211.25,431.64)
G1 X211.254 Y431.644
; Coordinate transform: (640.05,767.11) -> (216.47,428.80)
G1 X216.473 Y428.801
; Coordinate transform: (654.59,774.44) -> (221.90,426.07)
G1 X221.896 Y426.067
; Coordinate transform: (669.44,781.33) -> (227.43,423.50)
G1 X227.433 Y423.496
; Coordinate transform: (684.18,787.57) -> (232.93,421.17)
G1 X232.930 Y421.168
; Coordinate transform: (698.24,792.91) -> (238.17,419.18)
G1 X238.172 Y419.177
; Coordinate transform: (710.95,797.10) -> (242.91,417.61)
G1 X242.912 Y417.615
; Coordinate transform: (721.76,799.96) -> (246.95,416.55)
G1 X246.946 Y416.548
; Coordinate transform: (730.37,801.43) -> (250.16,416.00)
G1 X250.156 Y415.999
; Coordinate transform: (736.70,801.51) -> (252.52,415.97)
G1 X252.516 Y415.972
; Coordinate transform: (740.89,800.20) -> (254.08,416.46)
G1 X254.082 Y416.460
; Coordinate transform: (743.17,797.48) -> (254.93,417.47)
G1 X254.930 Y417.473
; Coordinate transform: (743.67,793.25) -> (255.12,419.05)
G1 X255.117 Y419.051
; Coordinate transform: (742.52,787.30) -> (254.69,421.27)
G1 X254.689 Y421.272
; Coordinate transform: (739.84,779.48) -> (253.69,424.19)
G1 X253.690 Y424.188
; Coordinate transform: (735.79,769.70) -> (252.18,427.83)
G1 X252.179 Y427.833
; Coordinate transform: (730.59,758.13) -> (250.24,432.15)
G1 X250.237 Y432.151
; Coordinate transform: (724.56,745.16) -> (247.99,436.99)
G1 X247.990 Y436.985
; Coordinate transform: (718.10,731.48) -> (245.58,442.09)
G1 X245.582 Y442.088
; Coordinate transform: (711.51,717.67) -> (243.12,447.24)
G1 X243.122 Y447.237
; Coordinate transform: (704.99,704.12) -> (240.69,452.29)
G1 X240.690 Y452.292
; Coordinate transform: (698.67,691.11) -> (238.33,457.15)
G1 X238.334 Y457.145
; Coordinate transform: (692.79,678.88) -> (236.14,461.71)
G1 X236.143 Y461.706
; Coordinate transform: (687.36,667.48) -> (234.12,465.96)
G1 X234.118 Y465.956
; Coordinate transform: (682.53,657.05) -> (232.31,469.85)
G1 X232.315 Y469.846
; Coordinate transform: (678.43,647.63) -> (230.79,473.36)
G1 X230.788 Y473.360
; Coordinate transform: (675.18,639.05) -> (229.57,476.56)
G1 X229.574 Y476.561
; Coordinate transform: (672.83,631.12) -> (228.70,479.52)
G1 X228.695 Y479.519
; Coordinate transform: (671.42,623.62) -> (228.17,482.32)
G1 X228.171 Y482.316
; Coordinate transform: (670.99,616.29) -> (228.01,485.05)
G1 X228.011 Y485.051
; Coordinate transform: (671.58,608.82) -> (228.23,487.83)
G1 X228.230 Y487.834
; Coordinate transform: (673.20,600.90) -> (228.84,490.79)
G1 X228.836 Y490.788
; Coordinate transform: (675.92,592.18) -> (229.85,494.04)
G1 X229.850 Y494.042
; Coordinate transform: (679.74,582.61) -> (231.27,497.61)
G1 X231.274 Y497.612
; Coordinate transform: (684.68,572.31) -> (233.12,501.45)
G1 X233.117 Y501.452
; Coordinate transform: (690.73,561.71) -> (235.37,505.41)
G1 X235.372 Y505.406
; Coordinate transform: (697.75,551.19) -> (237.99,509.33)
G1 X237.990 Y509.330
; Coordinate transform: (705.38,540.99) -> (240.84,513.13)
G1 X240.835 Y513.134
; Coordinate transform: (713.28,531.14) -> (243.78,516.80)
G1 X243.785 Y516.804
; Coordinate transform: (721.46,521.74) -> (246.83,520.31)
G1 X246.833 Y520.310
; Coordinate transform: (729.80,513.06) -> (249.94,523.55)
G1 X249.944 Y523.548
; Coordinate transform: (738.25,505.55) -> (253.10,526.35)
G1 X253.097 Y526.350
; Coordinate transform: (746.51,499.43) -> (256.18,528.63)
G1 X256.175 Y528.632
; Coordinate transform: (754.37,494.97) -> (259.11,530.30)
G1 X259.107 Y530.296
; Coordinate transform: (761.67,491.99) -> (261.83,531.41)
G1 X261.832 Y531.406
; Coordinate transform: (768.40,490.31) -> (264.34,532.03)
G1 X264.342 Y532.035
; Coordinate transform: (774.69,489.66) -> (266.69,532.28)
G1 X266.687 Y532.275
; Coordinate transform: (780.68,489.91) -> (268.92,532.18)
G1 X268.920 Y532.183
; Coordinate transform: (786.53,490.98) -> (271.10,531.79)
G1 X271.101 Y531.785
; Coordinate transform: (792.41,492.83) -> (273.30,531.09)
G1 X273.295 Y531.093
; Coordinate transform: (798.46,495.52) -> (275.55,530.09)
G1 X275.551 Y530.090
; Coordinate transform: (804.71,499.16) -> (277.88,528.73)
G1 X277.883 Y528.734
; Coordinate transform: (811.24,503.86) -> (280.32,526.98)
G1 X280.316 Y526.982
; Coordinate transform: (817.81,509.74) -> (282.77,524.79)
G1 X282.769 Y524.788
; Coordinate transform: (824.11,517.04) -> (285.12,522.07)
G1 X285.119 Y522.065
; Coordinate transform: (829.95,525.99) -> (287.29,518.73)
G1 X287.294 Y518.727
; Coordinate transform: (835.14,536.97) -> (289.23,514.63)
G1 X289.232 Y514.633
; Coordinate transform: (839.68,550.03) -> (290.93,509.76)
G1 X290.926 Y509.761
; Coordinate transform: (844.01,564.89) -> (292.54,504.22)
G1 X292.540 Y504.219
; Coordinate transform: (848.46,581.02) -> (294.20,498.20)
G1 X294.197 Y498.201
; Coordinate transform: (853.08,597.87) -> (295.92,491.92)
G1 X295.921 Y491.921
; Coordinate transform: (857.70,614.91) -> (297.65,485.56)
G1 X297.647 Y485.564
; Coordinate transform: (862.16,631.65) -> (299.31,479.32)
G1 X299.309 Y479.321
; Coordinate transform: (866.31,647.71) -> (300.86,473.33)
G1 X300.855 Y473.331
; Coordinate transform: (870.13,662.61) -> (302.28,467.77)
G1 X302.282 Y467.775
; Coordinate transform: (873.61,676.02) -> (303.58,462.77)
G1 X303.580 Y462.772
; Coordinate transform: (876.81,687.68) -> (304.77,458.42)
G1 X304.771 Y458.423
; Coordinate transform: (879.85,697.42) -> (305.91,454.79)
G1 X305.906 Y454.790
; Coordinate transform: (882.93,705.21) -> (307.06,451.89)
G1 X307.055 Y451.888
; Coordinate transform: (886.24,711.11) -> (308.29,449.69)
G1 X308.289 Y449.685
; Coordinate transform: (889.97,715.31) -> (309.68,448.12)
G1 X309.680 Y448.120
; Coordinate transform: (894.31,717.98) -> (311.30,447.13)
G1 X311.297 Y447.125
; Coordinate transform: (899.43,719.29) -> (313.21,446.63)
G1 X313.210 Y446.635
; Coordinate transform: (905.50,719.45) -> (315.47,446.57)
G1 X315.473 Y446.574
; Coordinate transform: (912.67,718.63) -> (318.15,446.88)
G1 X318.148 Y446.881
; Coordinate transform: (921.07,716.98) -> (321.28,447.50)
G1 X321.279 Y447.496
; Coordinate transform: (930.80,714.67) -> (324.91,448.36)
G1 X324.907 Y448.357
; Coordinate transform: (941.84,711.88) -> (329.02,449.40)
G1 X329.025 Y449.397
; Coordinate transform: (954.09,708.84) -> (333.59,450.53)
G1 X333.594 Y450.532
; Coordinate transform: (967.31,705.79) -> (338.53,451.67)
G1 X338.526 Y451.671
; Coordinate transform: (981.15,702.99) -> (343.69,452.71)
G1 X343.688 Y452.714
; Coordinate transform: (995.23,700.70) -> (348.94,453.57)
G1 X348.936 Y453.568
; Coordinate transform: (1009.15,699.07) -> (354.13,454.17)
G1 X354.129 Y454.175
; Coordinate transform: (1022.62,698.15) -> (359.15,454.52)
G1 X359.152 Y454.519
; Coordinate transform: (1035.44,697.86) -> (363.93,454.63)
G1 X363.934 Y454.628
; Coordinate transform: (1047.47,698.03) -> (368.42,454.56)
G1 X368.420 Y454.563
; Coordinate transform: (1058.62,698.47) -> (372.58,454.40)
G1 X372.579 Y454.398
; Coordinate transform: (1068.85,698.97) -> (376.39,454.21)
G1 X376.394 Y454.214
; Coordinate transform: (1078.19,699.33) -> (379.88,454.08)
G1 X379.877 Y454.081
; Coordinate transform: (1086.68,699.38) -> (383.04,454.06)
G1 X383.044 Y454.061
; Coordinate transform: (1094.44,699.00) -> (385.94,454.20)
G1 X385.938 Y454.200
; Coordinate transform: (1101.60,698.11) -> (388.61,454.53)
G1 X388.608 Y454.535
; Coordinate transform: (1108.31,696.63) -> (391.11,455.09)
G1 X391.111 Y455.087
; Coordinate transform: (1114.75,694.54) -> (393.51,455.87)
G1 X393.513 Y455.866
; Coordinate transform: (1121.11,691.83) -> (395.88,456.88)
G1 X395.885 Y456.877
; Coordinate transform: (1127.54,688.52) -> (398.28,458.11)
G1 X398.283 Y458.109
; Coordinate transform: (1134.24,684.66) -> (400.78,459.55)
G1 X400.781 Y459.552
; Coordinate transform: (1141.24,680.30) -> (403.39,461.17)
G1 X403.392 Y461.175
; Coordinate transform: (1148.59,675.55) -> (406.13,462.95)
G1 X406.133 Y462.948
; Coordinate transform: (1156.24,670.47) -> (408.99,464.84)
G1 X408.986 Y464.843
; Coordinate transform: (1164.16,665.15) -> (411.94,466.83)
G1 X411.940 Y466.827
; Coordinate transform: (1172.26,659.64) -> (414.96,468.88)
G1 X414.961 Y468.880
; Coordinate transform: (1180.52,653.99) -> (418.04,470.99)
G1 X418.042 Y470.991
; Coordinate transform: (1188.88,648.28) -> (421.16,473.12)
G1 X421.160 Y473.117
; Coordinate transform: (1197.29,642.62) -> (424.30,475.23)
G1 X424.296 Y475.229
; Coordinate transform: (1205.69,637.05) -> (427.43,477.31)
G1 X427.429 Y477.308
; Coordinate transform: (1214.02,631.63) -> (430.54,479.33)
G1 X430.536 Y479.326
; Coordinate transform: (1222.16,626.46) -> (433.57,481.26)
G1 X433.571 Y481.257
; Coordinate transform: (1230.06,621.60) -> (436.52,483.07)
G1 X436.518 Y483.069
; Coordinate transform: (1237.65,617.14) -> (439.35,484.73)
G1 X439.348 Y484.730
; Coordinate transform: (1245.02,613.01) -> (442.10,486.27)
G1 X442.097 Y486.273
; Coordinate transform: (1252.20,609.13) -> (444.77,487.72)
G1 X444.775 Y487.720
; Coordinate transform: (1259.35,605.47) -> (447.44,489.08)
G1 X447.442 Y489.083
; Coordinate transform: (1266.68,602.02) -> (450.18,490.37)
G1 X450.175 Y490.372
; Coordinate transform: (1274.24,598.76) -> (452.99,491.59)
G1 X452.995 Y491.587
; Coordinate transform: (1282.04,595.78) -> (455.90,492.70)
G1 X455.904 Y492.700
; Coordinate transform: (1290.08,593.13) -> (458.90,493.68)
G1 X458.902 Y493.685
; Coordinate transform: (1298.44,590.89) -> (462.02,494.52)
G1 X462.020 Y494.521
; Coordinate transform: (1307.24,589.02) -> (465.30,495.22)
G1 X465.302 Y495.220
; Coordinate transform: (1316.58,587.47) -> (468.79,495.80)
G1 X468.786 Y495.798
; Coordinate transform: (1326.45,586.19) -> (472.47,496.27)
G1 X472.467 Y496.274
; Coordinate transform: (1336.78,585.17) -> (476.32,496.65)
G1 X476.319 Y496.654
; Coordinate transform: (1347.51,584.43) -> (480.32,496.93)
G1 X480.321 Y496.931
; Coordinate transform: (1358.61,584.05) -> (484.46,497.07)
G1 X484.461 Y497.074
; Coordinate transform: (1370.10,584.18) -> (488.75,497.03)
G1 X488.746 Y497.026
; Coordinate transform: (1382.00,584.98) -> (493.18,496.73)
G1 X493.184 Y496.727
; Coordinate transform: (1394.35,586.57) -> (497.79,496.13)
G1 X497.790 Y496.133
; Coordinate transform: (1407.15,589.00) -> (502.56,495.23)
G1 X502.564 Y495.227
; Coordinate transform: (1420.24,592.28) -> (507.45,494.00)
G1 X507.446 Y494.002
; Coordinate transform: (1433.36,596.50) -> (512.34,492.43)
G1 X512.339 Y492.432
; Coordinate transform: (1446.40,601.69) -> (517.20,490.49)
G1 X517.202 Y490.495
; Coordinate transform: (1459.12,607.78) -> (521.95,488.22)
G1 X521.946 Y488.222
; Coordinate transform: (1471.14,614.70) -> (526.43,485.64)
G1 X526.429 Y485.644
; Coordinate transform: (1482.24,622.48) -> (530.57,482.74)
G1 X530.569 Y482.741
; Coordinate transform: (1492.26,631.10) -> (534.31,479.53)
G1 X534.306 Y479.525
; Coordinate transform: (1501.05,640.73) -> (537.58,475.93)
G1 X537.584 Y475.934
; Coordinate transform: (1508.75,651.75) -> (540.46,471.82)
G1 X540.456 Y471.824
; Coordinate transform: (1515.58,664.46) -> (543.00,467.08)
G1 X543.003 Y467.084
; Coordinate transform: (1521.68,678.76) -> (545.28,461.75)
G1 X545.278 Y461.752
; Coordinate transform: (1527.07,694.09) -> (547.29,456.03)
G1 X547.288 Y456.034
; Coordinate transform: (1531.81,709.28) -> (549.06,450.37)
G1 X549.056 Y450.368
; Coordinate transform: (1535.94,723.64) -> (550.60,445.01)
G1 X550.597 Y445.011
; Coordinate transform: (1539.56,737.04) -> (551.95,440.01)
G1 X551.947 Y440.014
; Coordinate transform: (1542.73,749.67) -> (553.13,435.31)
G1 X553.129 Y435.306
; Coordinate transform: (1545.39,761.80) -> (554.12,430.78)
G1 X554.121 Y430.781
; Coordinate transform: (1547.17,773.37) -> (554.78,426.47)
G1 X554.785 Y426.465
; Coordinate transform: (1547.29,784.39) -> (554.83,422.35)
G1 X554.830 Y422.355
; Coordinate transform: (1545.10,795.36) -> (554.01,418.26)
G1 X554.013 Y418.264
; Coordinate transform: (1540.56,806.70) -> (552.32,414.04)
G1 X552.320 Y414.037
; Coordinate transform: (1534.32,818.34) -> (549.99,409.70)
G1 X549.992 Y409.696
; Coordinate transform: (1527.06,829.62) -> (547.28,405.49)
G1 X547.285 Y405.488
; Coordinate transform: (1519.86,839.88) -> (544.60,401.66)
G1 X544.599 Y401.662
; Coordinate transform: (1513.53,849.00) -> (542.24,398.26)
G1 X542.239 Y398.261
; Coordinate transform: (1507.94,857.89) -> (540.15,394.94)
G1 X540.154 Y394.944
; Coordinate transform: (1502.67,867.74) -> (538.19,391.27)
G1 X538.188 Y391.271
; Coordinate transform: (1497.07,878.52) -> (536.10,387.25)
G1 X536.100 Y387.251
; Coordinate transform: (1491.50,888.76) -> (534.02,383.43)
G1 X534.023 Y383.429
; Coordinate transform: (1486.07,897.37) -> (532.00,380.22)
G1 X531.997 Y380.220
; Coordinate transform: (1480.51,904.33) -> (529.92,377.62)
G1 X529.924 Y377.625
; Coordinate transform: (1474.42,910.00) -> (527.65,375.51)
G1 X527.652 Y375.509
; Coordinate transform: (1467.71,914.60) -> (525.15,373.80)
G1 X525.150 Y373.796
; Coordinate transform: (1460.34,918.28) -> (522.40,372.42)
G1 X522.401 Y372.420
; Coordinate transform: (1452.29,921.21) -> (519.40,371.33)
G1 X519.399 Y371.328
; Coordinate transform: (1443.56,923.51) -> (516.14,370.47)
G1 X516.143 Y370.471
; Coordinate transform: (1434.39,925.16) -> (512.72,369.86)
G1 X512.723 Y369.856
; Coordinate transform: (1425.08,926.07) -> (509.25,369.52)
G1 X509.251 Y369.516
; Coordinate transform: (1415.73,926.16) -> (505.76,369.48)
G1 X505.764 Y369.481
; Coordinate transform: (1406.40,925.43) -> (502.28,369.76)
G1 X502.284 Y369.756
; Coordinate transform: (1397.11,923.91) -> (498.82,370.32)
G1 X498.820 Y370.322
; Coordinate transform: (1388.00,921.71) -> (495.42,371.14)
G1 X495.422 Y371.143
; Coordinate transform: (1379.19,918.89) -> (492.14,372.19)
G1 X492.136 Y372.195
; Coordinate transform: (1370.78,915.45) -> (489.00,373.48)
G1 X489.000 Y373.477
; Coordinate transform: (1362.72,911.35) -> (485.99,375.01)
G1 X485.994 Y375.007
; Coordinate transform: (1354.96,906.51) -> (483.10,376.81)
G1 X483.100 Y376.810
; Coordinate transform: (1347.46,900.98) -> (480.30,378.87)
G1 X480.302 Y378.873
; Coordinate transform: (1340.30,894.89) -> (477.63,381.15)
G1 X477.632 Y381.146
; Coordinate transform: (1333.58,888.35) -> (475.13,383.58)
G1 X475.126 Y383.582
; Coordinate transform: (1327.39,881.59) -> (472.82,386.11)
G1 X472.817 Y386.106
; Coordinate transform: (1321.80,874.78) -> (470.73,388.65)
G1 X470.732 Y388.645
; Coordinate transform: (1316.89,868.10) -> (468.90,391.13)
G1 X468.901 Y391.135
; Coordinate transform: (1312.72,861.71) -> (467.35,393.52)
G1 X467.346 Y393.520
; Coordinate transform: (1309.34,855.71) -> (466.09,395.76)
G1 X466.085 Y395.758
; Coordinate transform: (1306.75,850.17) -> (465.12,397.82)
G1 X465.120 Y397.822
; Coordinate transform: (1304.89,845.14) -> (464.43,399.70)
G1 X464.426 Y399.697
; Coordinate transform: (1303.72,840.48) -> (463.99,401.44)
G1 X463.989 Y401.436
; Coordinate transform: (1303.16,836.03) -> (463.78,403.10)
G1 X463.781 Y403.098
; Coordinate transform: (1303.17,831.61) -> (463.78,404.74)
G1 X463.784 Y404.744
; Coordinate transform: (1303.83,826.90) -> (464.03,406.50)
G1 X464.030 Y406.500
; Coordinate transform: (1305.25,821.48) -> (464.56,408.52)
G1 X464.560 Y408.524
; Coordinate transform: (1307.65,814.78) -> (465.46,411.02)
G1 X465.455 Y411.022
; Coordinate transform: (1311.39,806.47) -> (466.85,414.12)
G1 X466.850 Y414.123
; Coordinate transform: (1316.84,796.34) -> (468.88,417.90)
G1 X468.883 Y417.898
; Coordinate transform: (1324.09,785.25) -> (471.59,422.04)
G1 X471.587 Y422.036
; Coordinate transform: (1332.34,774.20) -> (474.66,426.16)
G1 X474.663 Y426.158
; Coordinate transform: (1340.74,763.49) -> (477.80,430.15)
G1 X477.796 Y430.151
; Coordinate transform: (1349.07,752.10) -> (480.90,434.40)
G1 X480.903 Y434.400
; Coordinate transform: (1357.41,739.38) -> (484.01,439.14)
G1 X484.013 Y439.144
; Coordinate transform: (1365.99,725.54) -> (487.21,444.30)
G1 X487.213 Y444.304
; Coordinate transform: (1375.07,711.43) -> (490.60,449.57)
G1 X490.600 Y449.567
; Coordinate transform: (1384.77,697.71) -> (494.22,454.68)
G1 X494.217 Y454.682
; Coordinate transform: (1394.93,684.78) -> (498.01,459.50)
G1 X498.006 Y459.505
; Coordinate transform: (1405.16,673.09) -> (501.82,463.87)
G1 X501.822 Y463.867
; Coordinate transform: (1415.20,662.82) -> (505.57,467.69)
G1 X505.566 Y467.695
; Coordinate transform: (1425.03,653.99) -> (509.23,470.99)
G1 X509.232 Y470.987
; Coordinate transform: (1434.54,646.64) -> (512.78,473.73)
G1 X512.779 Y473.731
; Coordinate transform: (1443.58,640.71) -> (516.15,475.94)
G1 X516.151 Y475.941
; Coordinate transform: (1452.03,636.14) -> (519.30,477.65)
G1 X519.302 Y477.646
; Coordinate transform: (1459.80,632.89) -> (522.20,478.86)
G1 X522.200 Y478.859
; Coordinate transform: (1466.88,630.93) -> (524.84,479.59)
G1 X524.840 Y479.587
; Coordinate transform: (1473.25,630.23) -> (527.22,479.85)
G1 X527.216 Y479.849
; Coordinate transform: (1478.87,630.69) -> (529.31,479.68)
G1 X529.312 Y479.679
; Coordinate transform: (1483.74,632.24) -> (531.13,479.10)
G1 X531.128 Y479.102
; Coordinate transform: (1487.95,634.83) -> (532.70,478.13)
G1 X532.699 Y478.133
; Coordinate transform: (1491.60,638.53) -> (534.06,476.75)
G1 X534.060 Y476.754
; Coordinate transform: (1494.79,643.49) -> (535.25,474.90)
G1 X535.250 Y474.905
; Coordinate transform: (1497.61,650.02) -> (536.30,472.47)
G1 X536.301 Y472.469
; Coordinate transform: (1500.19,658.37) -> (537.26,469.36)
G1 X537.263 Y469.356
; Coordinate transform: (1502.65,668.79) -> (538.18,465.47)
G1 X538.181 Y465.469
; Coordinate transform: (1504.98,681.24) -> (539.05,460.82)
G1 X539.050 Y460.824
; Coordinate transform: (1507.11,695.05) -> (539.84,455.68)
G1 X539.844 Y455.677
; Coordinate transform: (1508.89,709.19) -> (540.51,450.40)
G1 X540.508 Y450.403
; Coordinate transform: (1510.14,722.97) -> (540.97,445.26)
G1 X540.974 Y445.262
; Coordinate transform: (1510.69,736.06) -> (541.18,440.38)
G1 X541.179 Y440.381
; Coordinate transform: (1510.47,748.43) -> (541.10,435.77)
G1 X541.097 Y435.768
; Coordinate transform: (1509.51,760.34) -> (540.74,431.33)
G1 X540.739 Y431.325
; Coordinate transform: (1507.88,772.15) -> (540.13,426.92)
G1 X540.131 Y426.919
; Coordinate transform: (1505.48,784.34) -> (539.24,422.38)
G1 X539.236 Y422.376
; Coordinate transform: (1502.18,797.12) -> (538.01,417.61)
G1 X538.006 Y417.609
; Coordinate transform: (1498.01,810.24) -> (536.45,412.71)
G1 X536.450 Y412.714
; Coordinate transform: (1493.01,822.78) -> (534.59,408.04)
G1 X534.586 Y408.037
; Coordinate transform: (1486.77,833.62) -> (532.26,403.99)
G1 X532.258 Y403.994
; Coordinate transform: (1478.86,842.90) -> (529.31,400.53)
G1 X529.308 Y400.533
; Coordinate transform: (1469.40,851.44) -> (525.78,397.35)
G1 X525.780 Y397.351
; Coordinate transform: (1459.35,859.07) -> (522.03,394.50)
G1 X522.032 Y394.503
; Coordinate transform: (1449.31,865.19) -> (518.29,392.22)
G1 X518.288 Y392.222
; Coordinate transform: (1439.28,869.57) -> (514.55,390.59)
G1 X514.547 Y390.586
; Coordinate transform: (1429.27,872.46) -> (510.81,389.51)
G1 X510.814 Y389.511
; Coordinate transform: (1419.40,874.00) -> (507.13,388.93)
G1 X507.133 Y388.934
; Coordinate transform: (1409.77,874.32) -> (503.54,388.82)
G1 X503.541 Y388.817
; Coordinate transform: (1400.57,873.47) -> (500.11,389.13)
G1 X500.110 Y389.134
; Coordinate transform: (1391.98,871.52) -> (496.91,389.86)
G1 X496.906 Y389.860
; Coordinate transform: (1384.23,868.57) -> (494.02,390.96)
G1 X494.016 Y390.962
; Coordinate transform: (1377.57,864.80) -> (491.53,392.36)
G1 X491.532 Y392.365
; Coordinate transform: (1372.27,860.43) -> (489.56,394.00)
G1 X489.555 Y393.997
; Coordinate transform: (1368.47,855.63) -> (488.14,395.79)
G1 X488.138 Y395.786
; Coordinate transform: (1366.27,850.50) -> (487.32,397.70)
G1 X487.318 Y397.698
; Coordinate transform: (1365.72,845.06) -> (487.11,399.73)
G1 X487.113 Y399.727
; Coordinate transform: (1366.83,839.09) -> (487.53,401.95)
G1 X487.527 Y401.955
; Coordinate transform: (1369.55,832.28) -> (488.54,404.49)
G1 X488.541 Y404.494
; Coordinate transform: (1373.75,824.43) -> (490.11,407.42)
G1 X490.107 Y407.424
; Coordinate transform: (1379.11,815.57) -> (492.11,410.73)
G1 X492.106 Y410.729
; Coordinate transform: (1385.16,806.20) -> (494.36,414.22)
G1 X494.363 Y414.224
; Coordinate transform: (1391.48,797.02) -> (496.72,417.65)
G1 X496.720 Y417.645
; Coordinate transform: (1397.94,788.16) -> (499.13,420.95)
G1 X499.129 Y420.949
; Coordinate transform: (1404.82,779.48) -> (501.69,424.19)
G1 X501.695 Y424.186
; Coordinate transform: (1412.39,770.78) -> (504.52,427.43)
G1 X504.518 Y427.430
; Coordinate transform: (1420.72,761.85) -> (507.62,430.76)
G1 X507.625 Y430.763
; Coordinate transform: (1429.95,752.46) -> (511.07,434.27)
G1 X511.067 Y434.265
; Coordinate transform: (1439.56,742.36) -> (514.65,438.03)
G1 X514.651 Y438.032
; Coordinate transform: (1449.02,731.64) -> (518.18,442.03)
G1 X518.179 Y442.028
; Coordinate transform: (1457.81,720.65) -> (521.46,446.13)
G1 X521.458 Y446.126
; Coordinate transform: (1465.57,709.87) -> (524.35,450.15)
G1 X524.352 Y450.147
; Coordinate transform: (1472.17,699.69) -> (526.81,453.94)
G1 X526.813 Y453.944
; Coordinate transform: (1477.70,690.44) -> (528.88,457.40)
G1 X528.876 Y457.396
; Coordinate transform: (1482.33,682.44) -> (530.60,460.38)
G1 X530.603 Y460.379
; Coordinate transform: (1486.25,676.13) -> (532.06,462.73)
G1 X532.065 Y462.732
; Coordinate transform: (1489.64,671.84) -> (533.33,464.33)
G1 X533.329 Y464.332
; Coordinate transform: (1492.66,669.59) -> (534.46,465.17)
G1 X534.455 Y465.170
; Coordinate transform: (1495.45,669.24) -> (535.50,465.30)
G1 X535.496 Y465.300
; Coordinate transform: (1498.17,670.69) -> (536.51,464.76)
G1 X536.510 Y464.761
; Coordinate transform: (1500.93,673.86) -> (537.54,463.58)
G1 X537.539 Y463.579
; Coordinate transform: (1503.90,678.74) -> (538.65,461.76)
G1 X538.647 Y461.759
; Coordinate transform: (1507.19,684.97) -> (539.87,459.43)
G1 X539.874 Y459.435
; Coordinate transform: (1510.93,692.15) -> (541.27,456.76)
G1 X541.269 Y456.756
; Coordinate transform: (1515.20,699.94) -> (542.86,453.85)
G1 X542.862 Y453.853
; Coordinate transform: (1520.04,708.00) -> (544.67,450.85)
G1 X544.667 Y450.847
; Coordinate transform: (1525.49,716.07) -> (546.70,447.84)
G1 X546.699 Y447.838
; Coordinate transform: (1531.56,723.95) -> (548.96,444.90)
G1 X548.963 Y444.897
; Coordinate transform: (1538.32,731.55) -> (551.48,442.06)
G1 X551.484 Y442.061
; Coordinate transform: (1545.91,738.84) -> (554.31,439.35)
G1 X554.315 Y439.346
; Coordinate transform: (1554.39,745.87) -> (557.48,436.72)
G1 X557.478 Y436.721
; Coordinate transform: (1563.85,752.70) -> (561.01,434.17)
G1 X561.006 Y434.174
; Coordinate transform: (1574.24,759.00) -> (564.88,431.83)
G1 X564.881 Y431.826
; Coordinate transform: (1585.63,764.53) -> (569.13,429.76)
G1 X569.129 Y429.763
; Coordinate transform: (1598.01,769.30) -> (573.75,427.98)
G1 X573.746 Y427.982
; Coordinate transform: (1611.10,773.65) -> (578.63,426.36)
G1 X578.628 Y426.363
; Coordinate transform: (1624.36,778.31) -> (583.57,424.62)
G1 X583.573 Y424.625
; Coordinate transform: (1637.46,783.73) -> (588.46,422.60)
G1 X588.459 Y422.604
; Coordinate transform: (1650.20,790.01) -> (593.21,420.26)
G1 X593.210 Y420.261
; Coordinate transform: (1662.43,797.22) -> (597.77,417.57)
G1 X597.771 Y417.572
; Coordinate transform: (1674.18,805.31) -> (602.15,414.56)
G1 X602.154 Y414.555
; Coordinate transform: (1685.37,814.22) -> (606.33,411.23)
G1 X606.327 Y411.231
; Coordinate transform: (1695.79,823.58) -> (610.21,407.74)
G1 X610.213 Y407.739
; Coordinate transform: (1705.31,833.10) -> (613.76,404.19)
G1 X613.764 Y404.190
; Coordinate transform: (1713.94,842.59) -> (616.98,400.65)
G1 X616.982 Y400.651
; Coordinate transform: (1721.57,851.93) -> (619.83,397.17)
G1 X619.828 Y397.168
; Coordinate transform: (1728.17,860.73) -> (622.29,393.88)
G1 X622.289 Y393.883
; Coordinate transform: (1733.81,868.44) -> (624.39,391.01)
G1 X624.393 Y391.010
; Coordinate transform: (1739.17,875.08) -> (626.39,388.53)
G1 X626.392 Y388.533
; Coordinate transform: (1745.09,880.95) -> (628.60,386.34)
G1 X628.600 Y386.344
; Coordinate transform: (1752.47,886.37) -> (631.35,384.32)
G1 X631.352 Y384.323
; Coordinate transform: (1762.13,891.54) -> (634.95,382.39)
G1 X634.955 Y382.392
; Coordinate transform: (1774.22,896.47) -> (639.46,380.56)
G1 X639.464 Y380.555
; Coordinate transform: (1787.76,900.96) -> (644.51,378.88)
G1 X644.514 Y378.880
; Coordinate transform: (1801.73,904.90) -> (649.72,377.41)
G1 X649.724 Y377.410
; Coordinate transform: (1816.10,908.40) -> (655.08,376.11)
G1 X655.083 Y376.105
; Coordinate transform: (1830.95,911.60) -> (660.62,374.91)
G1 X660.621 Y374.914
; Coordinate transform: (1846.32,914.55) -> (666.35,373.81)
G1 X666.354 Y373.813
; Coordinate transform: (1862.13,917.25) -> (672.25,372.80)
G1 X672.250 Y372.804
; Coordinate transform: (1877.38,919.66) -> (677.94,371.91)
G1 X677.938 Y371.905
; Coordinate transform: (1889.36,921.74) -> (682.41,371.13)
G1 X682.406 Y371.130
; Coordinate transform: (1897.82,923.59) -> (685.56,370.44)
G1 X685.561 Y370.442
; Coordinate transform: (1902.94,925.22) -> (687.47,369.83)
G1 X687.470 Y369.834
; Coordinate transform: (1904.86,926.65) -> (688.19,369.30)
G1 X688.186 Y369.300
; Coordinate transform: (1903.77,927.90) -> (687.78,368.83)
G1 X687.780 Y368.834
; Coordinate transform: (1899.80,928.99) -> (686.30,368.43)
G1 X686.299 Y368.428
; Coordinate transform: (1893.10,929.92) -> (683.80,368.08)
G1 X683.800 Y368.079
; Coordinate transform: (1883.81,930.73) -> (680.34,367.78)
G1 X680.336 Y367.779
; Coordinate transform: (1872.06,931.39) -> (675.95,367.53)
G1 X675.953 Y367.533
; Coordinate transform: (1858.78,931.89) -> (671.00,367.34)
G1 X671.001 Y367.343
; Coordinate transform: (1845.94,932.29) -> (666.21,367.20)
G1 X666.212 Y367.195
; Coordinate transform: (1833.96,932.64) -> (661.74,367.07)
G1 X661.744 Y367.065
; Coordinate transform: (1822.84,933.02) -> (657.60,366.92)
G1 X657.597 Y366.925
; Coordinate transform: (1812.47,933.51) -> (653.73,366.74)
G1 X653.729 Y366.741
; Coordinate transform: (1802.74,934.20) -> (650.10,366.49)
G1 X650.100 Y366.486
; Coordinate transform: (1793.58,935.16) -> (646.68,366.12)
G1 X646.684 Y366.124
; Coordinate transform: (1784.86,936.52) -> (643.43,365.62)
G1 X643.432 Y365.617
; Coordinate transform: (1776.51,938.40) -> (640.32,364.92)
G1 X640.318 Y364.919
; Coordinate transform: (1768.60,940.95) -> (637.37,363.97)
G1 X637.368 Y363.966
; Coordinate transform: (1761.38,944.38) -> (634.68,362.69)
G1 X634.675 Y362.688
; Coordinate transform: (1755.26,948.90) -> (632.39,361.00)
G1 X632.393 Y361.000
; Coordinate transform: (1750.35,954.72) -> (630.56,358.83)
G1 X630.561 Y358.830
; Coordinate transform: (1746.57,961.96) -> (629.15,356.13)
G1 X629.152 Y356.130
; Coordinate transform: (1743.90,970.69) -> (628.16,352.88)
G1 X628.156 Y352.875
; Coordinate transform: (1742.39,980.91) -> (627.59,349.06)
G1 X627.593 Y349.064
; Coordinate transform: (1742.08,992.50) -> (627.48,344.74)
G1 X627.477 Y344.740
; Coordinate transform: (1743.01,1005.13) -> (627.82,340.03)
G1 X627.824 Y340.030
; Coordinate transform: (1745.22,1018.33) -> (628.65,335.11)
G1 X628.648 Y335.107
; Coordinate transform: (1748.38,1031.50) -> (629.83,330.20)
G1 X629.827 Y330.196
; Coordinate transform: (1751.98,1043.99) -> (631.17,325.54)
G1 X631.169 Y325.537
; Coordinate transform: (1755.43,1055.19) -> (632.46,321.36)
G1 X632.456 Y321.360
; Coordinate transform: (1758.24,1064.67) -> (633.50,317.82)
G1 X633.504 Y317.825
; Coordinate transform: (1760.12,1072.26) -> (634.21,314.99)
G1 X634.205 Y314.994
; Coordinate transform: (1761.08,1077.99) -> (634.56,312.86)
G1 X634.563 Y312.857
; Coordinate transform: (1761.14,1081.99) -> (634.59,311.37)
G1 X634.586 Y311.365
; Coordinate transform: (1760.32,1084.41) -> (634.28,310.46)
G1 X634.280 Y310.463
; Coordinate transform: (1758.63,1085.37) -> (633.65,310.10)
G1 X633.649 Y310.105
; Coordinate transform: (1756.07,1084.99) -> (632.69,310.25)
G1 X632.695 Y310.246
; Coordinate transform: (1752.66,1083.33) -> (631.42,310.87)
G1 X631.423 Y310.865
; Coordinate transform: (1748.51,1080.42) -> (629.88,311.95)
G1 X629.875 Y311.951
; Coordinate transform: (1743.77,1076.28) -> (628.11,313.49)
G1 X628.107 Y313.495
; Coordinate transform: (1738.62,1070.96) -> (626.19,315.48)
G1 X626.187 Y315.479
; Coordinate transform: (1733.47,1064.48) -> (624.27,317.90)
G1 X624.266 Y317.896
; Coordinate transform: (1728.68,1056.96) -> (622.48,320.70)
G1 X622.479 Y320.700
; Coordinate transform: (1724.54,1048.55) -> (620.94,323.84)
G1 X620.935 Y323.837
; Coordinate transform: (1720.74,1039.41) -> (619.52,327.25)
G1 X619.518 Y327.245
; Coordinate transform: (1716.94,1029.72) -> (618.10,330.86)
G1 X618.101 Y330.859
; Coordinate transform: (1712.75,1019.73) -> (616.54,334.59)
G1 X616.538 Y334.585
; Coordinate transform: (1707.80,1009.67) -> (614.69,338.34)
G1 X614.692 Y338.337
; Coordinate transform: (1702.00,999.83) -> (612.53,342.01)
G1 X612.529 Y342.008
; Coordinate transform: (1695.26,990.50) -> (610.02,345.49)
G1 X610.015 Y345.487
; Coordinate transform: (1687.44,981.79) -> (607.10,348.74)
G1 X607.099 Y348.736
; Coordinate transform: (1678.11,973.55) -> (603.62,351.81)
G1 X603.619 Y351.809
; Coordinate transform: (1666.84,965.33) -> (599.42,354.88)
G1 X599.416 Y354.875
; Coordinate transform: (1653.69,956.52) -> (594.51,358.16)
G1 X594.512 Y358.159
; Coordinate transform: (1639.78,946.65) -> (589.32,361.84)
G1 X589.324 Y361.842
; Coordinate transform: (1625.95,935.59) -> (584.17,365.96)
G1 X584.166 Y365.965
; Coordinate transform: (1612.50,923.92) -> (579.15,370.32)
G1 X579.150 Y370.319
; Coordinate transform: (1599.40,913.33) -> (574.26,374.27)
G1 X574.264 Y374.266
; Coordinate transform: (1586.30,905.48) -> (569.38,377.19)
G1 X569.378 Y377.194
; Coordinate transform: (1573.12,900.87) -> (564.46,378.92)
G1 X564.463 Y378.915
; Coordinate transform: (1560.08,899.36) -> (559.60,379.48)
G1 X559.600 Y379.476
; Coordinate transform: (1547.52,900.58) -> (554.92,379.02)
G1 X554.915 Y379.023
; Coordinate transform: (1536.07,902.83) -> (550.65,378.18)
G1 X550.645 Y378.183
; Coordinate transform: (1526.20,904.43) -> (546.96,377.59)
G1 X546.964 Y377.586
; Coordinate transform: (1517.82,904.64) -> (543.84,377.51)
G1 X543.839 Y377.508
; Coordinate transform: (1510.73,903.42) -> (541.19,377.96)
G1 X541.194 Y377.961
; Coordinate transform: (1504.79,900.91) -> (538.98,378.90)
G1 X538.979 Y378.899
; Coordinate transform: (1499.83,897.19) -> (537.13,380.29)
G1 X537.129 Y380.287
; Coordinate transform: (1495.71,892.24) -> (535.59,382.13)
G1 X535.593 Y382.134
; Coordinate transform: (1492.32,886.02) -> (534.33,384.45)
G1 X534.328 Y384.453
; Coordinate transform: (1489.43,879.00) -> (533.25,387.07)
G1 X533.251 Y387.070
; Coordinate transform: (1486.84,871.47) -> (532.28,389.88)
G1 X532.285 Y389.881
; Coordinate transform: (1483.88,863.70) -> (531.18,392.78)
G1 X531.181 Y392.777
; Coordinate transform: (1480.00,855.71) -> (529.73,395.76)
G1 X529.734 Y395.757
; Coordinate transform: (1474.79,847.12) -> (527.79,398.96)
G1 X527.790 Y398.962
; Coordinate transform: (1468.48,837.84) -> (525.44,402.42)
G1 X525.437 Y402.422
; Coordinate transform: (1461.80,828.03) -> (522.95,406.08)
G1 X522.946 Y406.079
; Coordinate transform: (1455.27,818.03) -> (520.51,409.81)
G1 X520.510 Y409.810
; Coordinate transform: (1448.99,808.14) -> (518.17,413.50)
G1 X518.168 Y413.497
; Coordinate transform: (1443.10,798.59) -> (515.97,417.06)
G1 X515.972 Y417.062
; Coordinate transform: (1437.57,789.68) -> (513.91,420.38)
G1 X513.909 Y420.384
; Coordinate transform: (1432.26,781.04) -> (511.93,423.60)
G1 X511.929 Y423.604
; Coordinate transform: (1427.46,772.55) -> (510.14,426.77)
G1 X510.139 Y426.771
; Coordinate transform: (1423.43,763.98) -> (508.64,429.97)
G1 X508.636 Y429.969
; Coordinate transform: (1420.19,754.98) -> (507.43,433.33)
G1 X507.427 Y433.326
; Coordinate transform: (1417.51,745.03) -> (506.43,437.04)
G1 X506.428 Y437.036
; Coordinate transform: (1414.99,733.63) -> (505.49,441.29)
G1 X505.488 Y441.286
; Coordinate transform: (1412.30,720.73) -> (504.48,446.10)
G1 X504.485 Y446.100
; Coordinate transform: (1409.18,706.96) -> (503.32,451.23)
G1 X503.321 Y451.234
; Coordinate transform: (1405.52,693.22) -> (501.96,456.36)
G1 X501.956 Y456.359
; Coordinate transform: (1401.31,680.30) -> (500.39,461.18)
G1 X500.386 Y461.178
; Coordinate transform: (1396.49,668.38) -> (498.59,465.62)
G1 X498.588 Y465.621
; Coordinate transform: (1391.04,657.45) -> (496.56,469.70)
G1 X496.556 Y469.699
; Coordinate transform: (1385.19,647.63) -> (494.37,473.36)
G1 X494.374 Y473.360
; Coordinate transform: (1379.36,639.24) -> (492.20,476.49)
G1 X492.200 Y476.489
; Coordinate transform: (1373.76,632.35) -> (490.11,479.06)
G1 X490.111 Y479.060
; Coordinate transform: (1368.51,626.90) -> (488.15,481.09)
G1 X488.153 Y481.090
; Coordinate transform: (1363.72,622.73) -> (486.37,482.65)
G1 X486.367 Y482.646
; Coordinate transform: (1359.46,619.65) -> (484.78,483.80)
G1 X484.778 Y483.797
; Coordinate transform: (1355.72,617.47) -> (483.38,484.61)
G1 X483.383 Y484.610
; Coordinate transform: (1352.46,616.04) -> (482.17,485.14)
G1 X482.167 Y485.144
; Coordinate transform: (1349.62,615.23) -> (481.11,485.45)
G1 X481.108 Y485.445
; Coordinate transform: (1347.16,614.95) -> (480.19,485.55)
G1 X480.191 Y485.548
; Coordinate transform: (1344.99,615.15) -> (479.38,485.47)
G1 X479.381 Y485.473
; Coordinate transform: (1343.02,615.80) -> (478.65,485.23)
G1 X478.647 Y485.233
; Coordinate transform: (1341.14,616.89) -> (477.95,484.83)
G1 X477.945 Y484.826
M400 ; Wait for drawing to complete
; === STOP BRUSH SEQUENCE ===
; STOP BRUSH A
G4 P50 ; Short delay before stepper command
G1 U0.000 F200.0 ; Close Brush A flow
M400 ; Wait for stepper motion to complete
M106 P2 S0 ; Brush A air off
; Z already at 84.000mm, above safe threshold of 10.000mm, no need to raise
; === END STOP BRUSH SEQUENCE ===
; === PATH END ===


; Path 6/49 (id: path6)
; WIDTH: requested=117.176mm, actual=1863.507mm, compensation=0.800
; Z HEIGHT: 84.000mm (min=4.0, max=84.0)
; PAINT FLOW: 0.500 (baseline=0.1, max=0.5)
; PAINT FLOW COMPONENTS: base=0.100, width=0.300, opacity=0.100
; FEEDRATE: 475.6 mm/min (z_factor=0.0259, speed_factor=0.765)
; WARNING: Requested stroke width 117.2mm exceeds machine capability.
; H.Airbrush cannot draw strokes wider than 6.6mm at 1mm/s minimum speed.
; Stroke width has been reduced to 6.6mm.
; ===== STROKE PARAMETERS =====
; Color: black
; Width: 117.18mm
; Opacity: 0.25
; Brush: brush_a (index 0)
T0 ; Select Brush A (Black)
; ===== AIRBRUSH SETTINGS =====
; Z-height: 84.00mm
; Paint flow: 0.50
; Feedrate: 475.6mm/min (includes Z scaling)
; Using brush: brush_a (tool 0)
; Path with Brush A (black) at Z=84.000mm
; Using: Air=P2, Flow=A axis
; Drawing Z height: 84.000mm, Travel Z height: 10.000mm
; Machine Z range: 0-84mm (Safe range: 5-80mm)
; === START BRUSH SEQUENCE ===
; START BRUSH A
; Z already at 84.000mm, above safe threshold of 10.000mm, no need to raise
T0 ; Select Tool 0 (Brush A)
G4 P500 ; Wait for tool change to complete
; === END BRUSH SEQUENCE ===
; Coordinate transform: (858.50,1113.17) -> (297.94,299.74)
G0 X297.944 Y299.736 F24000
M400 ; Wait for XY movement to complete
G1 Z84.000 F1200
M400 ; Wait for Z movement to complete
; === ACTIVATE BRUSH AT POSITION ===
; AIR ON FIRST - Important to prevent dripping
M106 P2 S1 ; Brush A air on
; PAINT ON AFTER AIR
G4 P50 ; Short delay before stepper command
G1 U2.400 F200.0 ; Set Brush A flow to 2.400mm
M400 ; Wait for stepper motion to complete
; === BRUSH ACTIVATED ===
G1 F475.56460435427675
; Coordinate transform: (858.14,1113.19) -> (297.81,299.73)
G1 X297.811 Y299.729
; Coordinate transform: (857.62,1113.22) -> (297.62,299.72)
G1 X297.617 Y299.718
; Coordinate transform: (856.95,1113.26) -> (297.36,299.70)
G1 X297.364 Y299.703
; Coordinate transform: (856.12,1113.31) -> (297.06,299.68)
G1 X297.056 Y299.684
; Coordinate transform: (855.15,1113.37) -> (296.70,299.66)
G1 X296.696 Y299.662
; Coordinate transform: (854.05,1113.44) -> (296.28,299.64)
G1 X296.285 Y299.636
; Coordinate transform: (852.82,1113.52) -> (295.83,299.61)
G1 X295.826 Y299.606
; Coordinate transform: (851.47,1113.60) -> (295.32,299.58)
G1 X295.322 Y299.576
; Coordinate transform: (850.00,1113.69) -> (294.77,299.54)
G1 X294.772 Y299.543
; Coordinate transform: (848.35,1113.80) -> (294.16,299.50)
G1 X294.159 Y299.502
; Coordinate transform: (846.50,1113.92) -> (293.47,299.46)
G1 X293.468 Y299.457
; Coordinate transform: (844.40,1114.06) -> (292.68,299.40)
G1 X292.683 Y299.405
; Coordinate transform: (841.98,1114.23) -> (291.78,299.34)
G1 X291.781 Y299.341
; Coordinate transform: (839.16,1114.45) -> (290.73,299.26)
G1 X290.731 Y299.259
; Coordinate transform: (835.84,1114.70) -> (289.49,299.17)
G1 X289.493 Y299.166
; Coordinate transform: (831.89,1114.99) -> (288.02,299.06)
G1 X288.020 Y299.058
; Coordinate transform: (827.20,1115.33) -> (286.27,298.93)
G1 X286.269 Y298.931
; Coordinate transform: (821.65,1115.72) -> (284.20,298.79)
G1 X284.201 Y298.785
; Coordinate transform: (815.09,1116.19) -> (281.75,298.61)
G1 X281.755 Y298.610
; Coordinate transform: (807.48,1116.75) -> (278.92,298.40)
G1 X278.917 Y298.401
; Coordinate transform: (798.81,1117.41) -> (275.68,298.16)
G1 X275.680 Y298.155
; Coordinate transform: (789.21,1118.16) -> (272.10,297.88)
G1 X272.103 Y297.875
; Coordinate transform: (778.94,1119.01) -> (268.27,297.56)
G1 X268.272 Y297.558
; Coordinate transform: (768.37,1119.93) -> (264.33,297.22)
G1 X264.330 Y297.215
; Coordinate transform: (757.93,1120.90) -> (260.43,296.85)
G1 X260.435 Y296.854
; Coordinate transform: (747.90,1121.96) -> (256.70,296.46)
G1 X256.696 Y296.458
; Coordinate transform: (738.63,1123.02) -> (253.24,296.06)
G1 X253.239 Y296.063
; Coordinate transform: (730.22,1124.06) -> (250.10,295.68)
G1 X250.102 Y295.675
; Coordinate transform: (722.68,1125.11) -> (247.29,295.28)
G1 X247.290 Y295.283
; Coordinate transform: (715.90,1126.17) -> (244.76,294.89)
G1 X244.760 Y294.888
; Coordinate transform: (709.72,1127.24) -> (242.46,294.49)
G1 X242.455 Y294.489
; Coordinate transform: (704.00,1128.37) -> (240.32,294.07)
G1 X240.321 Y294.068
; Coordinate transform: (698.43,1129.57) -> (238.24,293.62)
G1 X238.245 Y293.620
; Coordinate transform: (692.88,1130.78) -> (236.18,293.17)
G1 X236.176 Y293.169
; Coordinate transform: (687.17,1132.01) -> (234.05,292.71)
G1 X234.047 Y292.710
; Coordinate transform: (681.11,1133.24) -> (231.79,292.25)
G1 X231.786 Y292.251
; Coordinate transform: (674.54,1134.46) -> (229.33,291.80)
G1 X229.335 Y291.796
; Coordinate transform: (667.26,1135.66) -> (226.62,291.35)
G1 X226.621 Y291.349
; Coordinate transform: (659.18,1136.83) -> (223.61,290.91)
G1 X223.608 Y290.912
; Coordinate transform: (650.18,1137.94) -> (220.25,290.50)
G1 X220.249 Y290.498
; Coordinate transform: (640.25,1139.02) -> (216.55,290.10)
G1 X216.548 Y290.096
; Coordinate transform: (629.45,1140.08) -> (212.52,289.70)
G1 X212.519 Y289.700
; Coordinate transform: (617.86,1141.20) -> (208.20,289.28)
G1 X208.197 Y289.283
; Coordinate transform: (605.70,1142.46) -> (203.66,288.81)
G1 X203.659 Y288.813
; Coordinate transform: (593.22,1143.98) -> (199.01,288.25)
G1 X199.006 Y288.246
; Coordinate transform: (580.71,1145.79) -> (194.34,287.57)
G1 X194.339 Y287.571
; Coordinate transform: (568.41,1147.87) -> (189.75,286.80)
G1 X189.753 Y286.795
; Coordinate transform: (556.53,1150.10) -> (185.32,285.96)
G1 X185.322 Y285.963
; Coordinate transform: (545.20,1152.40) -> (181.10,285.11)
G1 X181.096 Y285.106
; Coordinate transform: (534.39,1154.76) -> (177.06,284.23)
G1 X177.064 Y284.225
; Coordinate transform: (523.97,1157.11) -> (173.18,283.35)
G1 X173.178 Y283.349
; Coordinate transform: (513.75,1159.48) -> (169.37,282.47)
G1 X169.369 Y282.465
; Coordinate transform: (503.50,1161.97) -> (165.54,281.54)
G1 X165.543 Y281.536
; Coordinate transform: (492.97,1164.74) -> (161.62,280.50)
G1 X161.617 Y280.503
; Coordinate transform: (481.97,1167.92) -> (157.51,279.32)
G1 X157.515 Y279.317
; Coordinate transform: (470.35,1171.61) -> (153.18,277.94)
G1 X153.183 Y277.941
; Coordinate transform: (458.11,1175.85) -> (148.62,276.36)
G1 X148.617 Y276.360
; Coordinate transform: (445.39,1180.63) -> (143.87,274.58)
G1 X143.872 Y274.577
; Coordinate transform: (432.41,1185.87) -> (139.03,272.62)
G1 X139.033 Y272.623
; Coordinate transform: (419.46,1191.47) -> (134.20,270.53)
G1 X134.203 Y270.534
; Coordinate transform: (406.79,1197.35) -> (129.48,268.34)
G1 X129.476 Y268.341
; Coordinate transform: (394.55,1203.45) -> (124.91,266.07)
G1 X124.913 Y266.066
; Coordinate transform: (382.83,1209.76) -> (120.54,263.71)
G1 X120.542 Y263.713
; Coordinate transform: (371.64,1216.30) -> (116.37,261.27)
G1 X116.367 Y261.274
; Coordinate transform: (360.96,1223.07) -> (112.38,258.75)
G1 X112.385 Y258.749
; Coordinate transform: (350.79,1230.09) -> (108.59,256.13)
G1 X108.591 Y256.131
; Coordinate transform: (341.13,1237.38) -> (104.99,253.41)
G1 X104.988 Y253.412
; Coordinate transform: (331.96,1244.91) -> (101.57,250.60)
G1 X101.568 Y250.604
; Coordinate transform: (323.29,1252.69) -> (98.33,247.70)
G1 X98.334 Y247.702
; Coordinate transform: (315.12,1260.69) -> (95.29,244.72)
G1 X95.290 Y244.718
; Coordinate transform: (307.45,1268.93) -> (92.43,241.65)
G1 X92.428 Y241.645
; Coordinate transform: (300.25,1277.43) -> (89.74,238.48)
G1 X89.742 Y238.475
; Coordinate transform: (293.50,1286.19) -> (87.23,235.21)
G1 X87.227 Y235.208
; Coordinate transform: (287.22,1295.27) -> (84.88,231.82)
G1 X84.884 Y231.822
; Coordinate transform: (281.40,1304.64) -> (82.71,228.33)
G1 X82.714 Y228.327
; Coordinate transform: (276.06,1314.36) -> (80.72,224.70)
G1 X80.720 Y224.702
; Coordinate transform: (271.19,1324.42) -> (78.90,220.95)
G1 X78.904 Y220.950
; Coordinate transform: (266.80,1334.83) -> (77.27,217.07)
G1 X77.267 Y217.068
; Coordinate transform: (262.90,1345.63) -> (75.81,213.04)
G1 X75.814 Y213.040
; Coordinate transform: (259.50,1356.83) -> (74.55,208.86)
G1 X74.546 Y208.863
; Coordinate transform: (256.59,1368.42) -> (73.46,204.54)
G1 X73.460 Y204.540
; Coordinate transform: (254.15,1380.37) -> (72.55,200.08)
G1 X72.550 Y200.083
; Coordinate transform: (252.17,1392.65) -> (71.81,195.50)
G1 X71.810 Y195.504
; Coordinate transform: (250.59,1405.20) -> (71.22,190.82)
G1 X71.223 Y190.823
; Coordinate transform: (249.39,1417.89) -> (70.77,186.09)
G1 X70.775 Y186.090
; Coordinate transform: (248.51,1430.56) -> (70.44,181.36)
G1 X70.445 Y181.365
; Coordinate transform: (247.90,1442.98) -> (70.22,176.73)
G1 X70.217 Y176.733
; Coordinate transform: (247.51,1454.91) -> (70.07,172.28)
G1 X70.072 Y172.284
; Coordinate transform: (247.30,1466.08) -> (70.00,168.12)
G1 X69.996 Y168.118
; Coordinate transform: (247.24,1476.26) -> (69.97,164.32)
G1 X69.972 Y164.321
; Coordinate transform: (247.27,1485.25) -> (69.98,160.97)
G1 X69.983 Y160.968
; Coordinate transform: (247.33,1492.96) -> (70.01,158.09)
G1 X70.006 Y158.093
; Coordinate transform: (247.37,1499.36) -> (70.02,155.71)
G1 X70.019 Y155.706
; Coordinate transform: (247.32,1504.52) -> (70.00,153.78)
G1 X70.002 Y153.781
; Coordinate transform: (247.15,1508.54) -> (69.94,152.28)
G1 X69.938 Y152.282
; Coordinate transform: (246.81,1511.52) -> (69.81,151.17)
G1 X69.813 Y151.171
; Coordinate transform: (246.29,1513.60) -> (69.62,150.40)
G1 X69.617 Y150.395
; Coordinate transform: (245.54,1514.86) -> (69.34,149.93)
G1 X69.339 Y149.925
; Coordinate transform: (244.56,1515.42) -> (68.97,149.72)
G1 X68.971 Y149.716
; Coordinate transform: (243.30,1515.33) -> (68.50,149.75)
G1 X68.502 Y149.750
; Coordinate transform: (241.74,1514.63) -> (67.92,150.01)
G1 X67.920 Y150.011
; Coordinate transform: (239.83,1513.34) -> (67.21,150.49)
G1 X67.209 Y150.492
; Coordinate transform: (237.53,1511.44) -> (66.35,151.20)
G1 X66.349 Y151.201
; Coordinate transform: (234.75,1508.88) -> (65.32,152.16)
G1 X65.316 Y152.155
; Coordinate transform: (231.42,1505.59) -> (64.07,153.38)
G1 X64.072 Y153.382
; Coordinate transform: (227.44,1501.49) -> (62.59,154.91)
G1 X62.589 Y154.911
; Coordinate transform: (222.74,1496.51) -> (60.83,156.77)
G1 X60.835 Y156.769
; Coordinate transform: (217.20,1490.50) -> (58.77,159.01)
G1 X58.769 Y159.010
; Coordinate transform: (210.76,1483.41) -> (56.37,161.65)
G1 X56.367 Y161.654
; Coordinate transform: (203.46,1475.24) -> (53.64,164.70)
G1 X53.643 Y164.701
; Coordinate transform: (195.41,1466.07) -> (50.64,168.12)
G1 X50.642 Y168.121
; Coordinate transform: (186.88,1456.11) -> (47.46,171.84)
G1 X47.461 Y171.836
; Coordinate transform: (178.14,1445.67) -> (44.20,175.73)
G1 X44.202 Y175.730
; Coordinate transform: (169.39,1435.00) -> (40.94,179.71)
G1 X40.937 Y179.709
; Coordinate transform: (160.66,1424.24) -> (37.68,183.72)
G1 X37.681 Y183.722
; Coordinate transform: (151.74,1413.37) -> (34.36,187.78)
G1 X34.356 Y187.776
; Coordinate transform: (142.43,1402.27) -> (30.88,191.92)
G1 X30.884 Y191.916
; Coordinate transform: (132.63,1390.80) -> (27.23,196.19)
G1 X27.229 Y196.194
; Coordinate transform: (122.54,1378.86) -> (23.47,200.65)
G1 X23.466 Y200.647
; Coordinate transform: (113.69,1366.51) -> (20.16,205.25)
G1 X20.163 Y205.253
; Coordinate transform: (107.71,1353.90) -> (17.94,209.96)
G1 X17.936 Y209.956
; Coordinate transform: (104.91,1341.36) -> (16.89,214.63)
G1 X16.891 Y214.632
; Coordinate transform: (105.15,1329.03) -> (16.98,219.23)
G1 X16.981 Y219.231
; Coordinate transform: (108.29,1316.95) -> (18.15,223.74)
G1 X18.150 Y223.736
; Coordinate transform: (114.17,1305.07) -> (20.34,228.17)
G1 X20.342 Y228.167
; Coordinate transform: (122.63,1293.24) -> (23.50,232.58)
G1 X23.499 Y232.579
; Coordinate transform: (132.24,1281.46) -> (27.08,236.97)
G1 X27.082 Y236.972
; Coordinate transform: (141.52,1269.74) -> (30.54,241.34)
G1 X30.544 Y241.343
; Coordinate transform: (150.31,1258.10) -> (33.82,245.68)
G1 X33.824 Y245.684
; Coordinate transform: (158.58,1246.57) -> (36.91,249.98)
G1 X36.905 Y249.985
; Coordinate transform: (166.40,1235.21) -> (39.82,254.22)
G1 X39.823 Y254.221
; Coordinate transform: (173.80,1224.17) -> (42.58,258.34)
G1 X42.583 Y258.339
; Coordinate transform: (180.76,1213.51) -> (45.18,262.31)
G1 X45.180 Y262.314
; Coordinate transform: (187.35,1203.57) -> (47.64,266.02)
G1 X47.638 Y266.022
; Coordinate transform: (193.64,1194.59) -> (49.98,269.37)
G1 X49.984 Y269.371
; Coordinate transform: (199.75,1186.82) -> (52.26,272.27)
G1 X52.262 Y272.269
; Coordinate transform: (205.85,1180.41) -> (54.54,274.66)
G1 X54.536 Y274.659
; Coordinate transform: (212.19,1175.40) -> (56.90,276.53)
G1 X56.901 Y276.528
; Coordinate transform: (218.99,1171.69) -> (59.44,277.91)
G1 X59.438 Y277.911
; Coordinate transform: (226.52,1169.15) -> (62.24,278.86)
G1 X62.243 Y278.859
; Coordinate transform: (234.87,1167.53) -> (65.36,279.46)
G1 X65.360 Y279.463
; Coordinate transform: (244.18,1166.56) -> (68.83,279.82)
G1 X68.830 Y279.825
; Coordinate transform: (254.33,1165.98) -> (72.62,280.04)
G1 X72.617 Y280.041
; Coordinate transform: (265.16,1165.52) -> (76.66,280.21)
G1 X76.655 Y280.212
; Coordinate transform: (276.38,1164.92) -> (80.84,280.44)
G1 X80.839 Y280.436
; Coordinate transform: (287.64,1163.99) -> (85.04,280.78)
G1 X85.041 Y280.783
; Coordinate transform: (298.65,1162.58) -> (89.15,281.31)
G1 X89.147 Y281.309
; Coordinate transform: (309.20,1160.59) -> (93.08,282.05)
G1 X93.082 Y282.051
; Coordinate transform: (319.17,1157.96) -> (96.80,283.03)
G1 X96.799 Y283.032
; Coordinate transform: (328.53,1154.69) -> (100.29,284.25)
G1 X100.289 Y284.251
; Coordinate transform: (337.30,1150.83) -> (103.56,285.69)
G1 X103.559 Y285.691
; Coordinate transform: (345.51,1146.41) -> (106.62,287.34)
G1 X106.622 Y287.340
; Coordinate transform: (353.21,1141.48) -> (109.50,289.18)
G1 X109.496 Y289.178
; Coordinate transform: (360.45,1136.11) -> (112.20,291.18)
G1 X112.195 Y291.181
; Coordinate transform: (367.26,1130.37) -> (114.73,293.32)
G1 X114.734 Y293.322
; Coordinate transform: (373.67,1124.30) -> (117.12,295.59)
G1 X117.123 Y295.586
; Coordinate transform: (379.67,1117.99) -> (119.36,297.94)
G1 X119.361 Y297.939
; Coordinate transform: (385.24,1111.57) -> (121.44,300.33)
G1 X121.440 Y300.333
; Coordinate transform: (390.34,1105.14) -> (123.34,302.73)
G1 X123.343 Y302.731
; Coordinate transform: (394.92,1098.84) -> (125.05,305.08)
G1 X125.049 Y305.081
; Coordinate transform: (398.90,1092.75) -> (126.54,307.35)
G1 X126.535 Y307.352
; Coordinate transform: (402.25,1086.94) -> (127.78,309.52)
G1 X127.784 Y309.519
; Coordinate transform: (404.93,1081.44) -> (128.78,311.57)
G1 X128.784 Y311.570
; Coordinate transform: (406.93,1076.25) -> (129.53,313.51)
G1 X129.528 Y313.506
; Coordinate transform: (408.24,1071.35) -> (130.02,315.33)
G1 X130.016 Y315.333
; Coordinate transform: (408.83,1066.71) -> (130.24,317.06)
G1 X130.239 Y317.064
; Coordinate transform: (408.69,1062.26) -> (130.19,318.72)
G1 X130.186 Y318.723
; Coordinate transform: (407.76,1057.91) -> (129.84,320.35)
G1 X129.840 Y320.346
; Coordinate transform: (405.97,1053.57) -> (129.17,321.96)
G1 X129.171 Y321.964
; Coordinate transform: (403.18,1049.11) -> (128.13,323.63)
G1 X128.130 Y323.628
; Coordinate transform: (399.24,1044.44) -> (126.66,325.37)
G1 X126.660 Y325.370
; Coordinate transform: (393.92,1039.45) -> (124.68,327.23)
G1 X124.678 Y327.231
; Coordinate transform: (386.99,1034.04) -> (122.09,329.25)
G1 X122.091 Y329.248
; Coordinate transform: (378.30,1028.24) -> (118.85,331.41)
G1 X118.850 Y331.411
; Coordinate transform: (367.76,1022.14) -> (114.92,333.69)
G1 X114.919 Y333.686
; Coordinate transform: (355.46,1015.92) -> (110.33,336.01)
G1 X110.332 Y336.006
; Coordinate transform: (341.71,1009.88) -> (105.21,338.26)
G1 X105.206 Y338.259
; Coordinate transform: (326.94,1004.28) -> (99.70,340.35)
G1 X99.696 Y340.347
; Coordinate transform: (311.60,999.39) -> (93.98,342.17)
G1 X93.976 Y342.170
; Coordinate transform: (296.15,995.44) -> (88.21,343.64)
G1 X88.213 Y343.643
; Coordinate transform: (280.98,992.56) -> (82.56,344.72)
G1 X82.555 Y344.719
; Coordinate transform: (266.31,990.78) -> (77.09,345.38)
G1 X77.086 Y345.383
; Coordinate transform: (252.23,990.01) -> (71.83,345.67)
G1 X71.832 Y345.669
; Coordinate transform: (238.66,990.06) -> (66.77,345.65)
G1 X66.772 Y345.650
; Coordinate transform: (225.48,990.68) -> (61.86,345.42)
G1 X61.857 Y345.421
; Coordinate transform: (212.53,991.59) -> (57.03,345.08)
G1 X57.029 Y345.079
; Coordinate transform: (199.67,992.58) -> (52.23,344.71)
G1 X52.230 Y344.711
; Coordinate transform: (186.74,993.44) -> (47.41,344.39)
G1 X47.408 Y344.390
; Coordinate transform: (173.68,994.02) -> (42.54,344.17)
G1 X42.537 Y344.173
; Coordinate transform: (160.47,994.20) -> (37.61,344.11)
G1 X37.613 Y344.106
; Coordinate transform: (147.08,993.85) -> (32.62,344.24)
G1 X32.617 Y344.238
; Coordinate transform: (133.39,992.84) -> (27.51,344.62)
G1 X27.512 Y344.616
; Coordinate transform: (119.71,991.12) -> (22.41,345.25)
G1 X22.409 Y345.254
; Coordinate transform: (107.89,988.80) -> (18.00,346.12)
G1 X18.003 Y346.120
; Coordinate transform: (99.56,986.13) -> (14.90,347.12)
G1 X14.896 Y347.117
; Coordinate transform: (94.56,983.29) -> (13.03,348.18)
G1 X13.031 Y348.176
; Coordinate transform: (92.73,980.32) -> (12.35,349.28)
G1 X12.347 Y349.284
; Coordinate transform: (93.90,977.23) -> (12.79,350.44)
G1 X12.785 Y350.438
; Coordinate transform: (97.93,974.00) -> (14.29,351.64)
G1 X14.288 Y351.641
; Coordinate transform: (104.67,970.59) -> (16.80,352.91)
G1 X16.802 Y352.913
; Coordinate transform: (113.97,966.89) -> (20.27,354.29)
G1 X20.269 Y354.290
; Coordinate transform: (125.60,962.51) -> (24.60,355.93)
G1 X24.605 Y355.926
; Coordinate transform: (137.76,957.29) -> (29.14,357.87)
G1 X29.141 Y357.873
; Coordinate transform: (149.44,951.15) -> (33.50,360.16)
G1 X33.497 Y360.163
; Coordinate transform: (160.46,944.05) -> (37.61,362.81)
G1 X37.607 Y362.811
; Coordinate transform: (170.88,936.04) -> (41.49,365.80)
G1 X41.493 Y365.797
; Coordinate transform: (180.75,927.21) -> (45.17,369.09)
G1 X45.173 Y369.092
; Coordinate transform: (189.99,917.76) -> (48.62,372.61)
G1 X48.621 Y372.615
; Coordinate transform: (198.43,907.97) -> (51.77,376.27)
G1 X51.767 Y376.266
; Coordinate transform: (205.76,898.11) -> (54.50,379.94)
G1 X54.503 Y379.945
; Coordinate transform: (211.81,888.41) -> (56.76,383.56)
G1 X56.757 Y383.562
; Coordinate transform: (216.42,879.03) -> (58.48,387.06)
G1 X58.478 Y387.059
; Coordinate transform: (219.56,870.08) -> (59.65,390.40)
G1 X59.649 Y390.399
; Coordinate transform: (221.31,861.60) -> (60.30,393.56)
G1 X60.302 Y393.559
; Coordinate transform: (221.80,853.62) -> (60.49,396.54)
G1 X60.485 Y396.538
; Coordinate transform: (221.21,846.09) -> (60.26,399.34)
G1 X60.265 Y399.343
; Coordinate transform: (219.72,839.03) -> (59.71,401.98)
G1 X59.709 Y401.977
; Coordinate transform: (217.50,832.43) -> (58.88,404.44)
G1 X58.880 Y404.438
; Coordinate transform: (214.66,826.29) -> (57.82,406.73)
G1 X57.821 Y406.728
; Coordinate transform: (211.28,820.60) -> (56.56,408.85)
G1 X56.563 Y408.850
; Coordinate transform: (207.40,815.38) -> (55.12,410.80)
G1 X55.115 Y410.798
; Coordinate transform: (203.01,810.66) -> (53.48,412.56)
G1 X53.476 Y412.558
; Coordinate transform: (198.07,806.49) -> (51.63,414.12)
G1 X51.634 Y414.115
; Coordinate transform: (192.53,802.91) -> (49.57,415.45)
G1 X49.567 Y415.450
; Coordinate transform: (186.27,800.00) -> (47.23,416.54)
G1 X47.234 Y416.536
; Coordinate transform: (179.23,797.82) -> (44.61,417.35)
G1 X44.607 Y417.346
; Coordinate transform: (171.29,796.49) -> (41.65,417.84)
G1 X41.648 Y417.844
; Coordinate transform: (162.38,796.10) -> (38.32,417.99)
G1 X38.322 Y417.990
; Coordinate transform: (152.39,796.76) -> (34.60,417.74)
G1 X34.597 Y417.741
; Coordinate transform: (141.29,798.58) -> (30.46,417.06)
G1 X30.459 Y417.064
; Coordinate transform: (129.22,801.61) -> (25.95,415.93)
G1 X25.955 Y415.933
; Coordinate transform: (116.83,805.88) -> (21.34,414.34)
G1 X21.337 Y414.341
; Coordinate transform: (106.08,811.32) -> (17.33,412.31)
G1 X17.328 Y412.312
; Coordinate transform: (98.63,817.49) -> (14.55,410.01)
G1 X14.547 Y410.013
; Coordinate transform: (94.38,824.07) -> (12.96,407.56)
G1 X12.963 Y407.558
; Coordinate transform: (93.20,830.97) -> (12.52,404.98)
G1 X12.524 Y404.983
; Coordinate transform: (94.95,838.14) -> (13.18,402.31)
G1 X13.176 Y402.310
; Coordinate transform: (99.48,845.54) -> (14.86,399.55)
G1 X14.864 Y399.548
; Coordinate transform: (106.65,853.18) -> (17.54,396.70)
G1 X17.537 Y396.700
; Coordinate transform: (116.30,861.15) -> (21.14,393.73)
G1 X21.136 Y393.727
; Coordinate transform: (127.77,869.75) -> (25.42,390.52)
G1 X25.416 Y390.520
; Coordinate transform: (139.20,878.76) -> (29.68,387.16)
G1 X29.679 Y387.161
; Coordinate transform: (149.69,887.86) -> (33.59,383.77)
G1 X33.590 Y383.768
; Coordinate transform: (159.00,896.76) -> (37.06,380.45)
G1 X37.064 Y380.449
; Coordinate transform: (167.20,905.27) -> (40.12,377.27)
G1 X40.123 Y377.275
; Coordinate transform: (174.44,913.33) -> (42.82,374.27)
G1 X42.822 Y374.268
; Coordinate transform: (180.94,920.94) -> (45.25,371.43)
G1 X45.246 Y371.428
; Coordinate transform: (186.87,928.13) -> (47.46,368.75)
G1 X47.456 Y368.746
; Coordinate transform: (192.33,934.89) -> (49.49,366.22)
G1 X49.492 Y366.225
; Coordinate transform: (197.38,941.19) -> (51.38,363.88)
G1 X51.378 Y363.877
; Coordinate transform: (202.05,947.04) -> (53.12,361.69)
G1 X53.120 Y361.694
; Coordinate transform: (206.34,952.50) -> (54.72,359.66)
G1 X54.719 Y359.659
; Coordinate transform: (210.49,957.85) -> (56.27,357.66)
G1 X56.266 Y357.663
; Coordinate transform: (214.53,963.12) -> (57.77,355.70)
G1 X57.773 Y355.699
; Coordinate transform: (218.58,968.46) -> (59.28,353.71)
G1 X59.285 Y353.707
; Coordinate transform: (222.78,974.03) -> (60.85,351.63)
G1 X60.850 Y351.627
; Coordinate transform: (227.23,980.04) -> (62.51,349.39)
G1 X62.510 Y349.388
; Coordinate transform: (232.05,986.68) -> (64.31,346.91)
G1 X64.307 Y346.911
; Coordinate transform: (237.36,994.17) -> (66.29,344.12)
G1 X66.289 Y344.117
; Coordinate transform: (243.28,1002.73) -> (68.49,340.93)
G1 X68.494 Y340.925
; Coordinate transform: (249.83,1012.48) -> (70.94,337.29)
G1 X70.939 Y337.289
; Coordinate transform: (257.04,1023.48) -> (73.63,333.19)
G1 X73.626 Y333.187
; Coordinate transform: (264.74,1035.58) -> (76.50,328.67)
G1 X76.498 Y328.674
; Coordinate transform: (272.73,1048.48) -> (79.48,323.86)
G1 X79.480 Y323.863
; Coordinate transform: (280.77,1061.75) -> (82.48,318.91)
G1 X82.477 Y318.914
; Coordinate transform: (288.62,1074.95) -> (85.40,313.99)
G1 X85.404 Y313.991
; Coordinate transform: (296.05,1087.67) -> (88.18,309.25)
G1 X88.177 Y309.247
; Coordinate transform: (302.84,1099.59) -> (90.71,304.80)
G1 X90.707 Y304.801
; Coordinate transform: (308.76,1110.45) -> (92.92,300.75)
G1 X92.917 Y300.751
; Coordinate transform: (313.68,1120.11) -> (94.75,297.15)
G1 X94.751 Y297.148
; Coordinate transform: (317.52,1128.63) -> (96.18,293.97)
G1 X96.183 Y293.971
; Coordinate transform: (320.31,1136.13) -> (97.22,291.17)
G1 X97.224 Y291.173
; Coordinate transform: (322.15,1142.83) -> (97.91,288.67)
G1 X97.910 Y288.675
; Coordinate transform: (323.15,1148.95) -> (98.28,286.39)
G1 X98.282 Y286.392
; Coordinate transform: (323.42,1154.69) -> (98.38,284.25)
G1 X98.383 Y284.251
; Coordinate transform: (323.08,1160.26) -> (98.26,282.17)
G1 X98.256 Y282.174
; Coordinate transform: (322.19,1165.83) -> (97.93,280.10)
G1 X97.926 Y280.097
; Coordinate transform: (320.82,1171.56) -> (97.41,277.96)
G1 X97.415 Y277.960
; Coordinate transform: (319.00,1177.62) -> (96.74,275.70)
G1 X96.735 Y275.700
; Coordinate transform: (316.74,1184.12) -> (95.89,273.28)
G1 X95.893 Y273.275
; Coordinate transform: (314.04,1191.14) -> (94.88,270.66)
G1 X94.884 Y270.657
; Coordinate transform: (310.86,1198.74) -> (93.70,267.82)
G1 X93.698 Y267.823
; Coordinate transform: (307.15,1206.92) -> (92.32,264.77)
G1 X92.316 Y264.772
; Coordinate transform: (302.87,1215.61) -> (90.72,261.53)
G1 X90.720 Y261.531
; Coordinate transform: (298.02,1224.75) -> (88.91,258.12)
G1 X88.911 Y258.122
; Coordinate transform: (292.60,1234.17) -> (86.89,254.61)
G1 X86.888 Y254.609
; Coordinate transform: (286.58,1243.71) -> (84.65,251.05)
G1 X84.645 Y251.051
; Coordinate transform: (280.00,1253.21) -> (82.19,247.51)
G1 X82.192 Y247.508
; Coordinate transform: (272.85,1262.53) -> (79.52,244.03)
G1 X79.522 Y244.032
; Coordinate transform: (265.11,1271.60) -> (76.64,240.65)
G1 X76.636 Y240.650
; Coordinate transform: (256.75,1280.32) -> (73.52,237.40)
G1 X73.518 Y237.397
; Coordinate transform: (247.75,1288.65) -> (70.16,234.29)
G1 X70.164 Y234.291
; Coordinate transform: (238.06,1296.54) -> (66.55,231.35)
G1 X66.548 Y231.348
; Coordinate transform: (227.67,1303.96) -> (62.67,228.58)
G1 X62.675 Y228.581
; Coordinate transform: (216.61,1310.90) -> (58.55,225.99)
G1 X58.550 Y225.993
; Coordinate transform: (204.95,1317.33) -> (54.20,223.59)
G1 X54.200 Y223.594
; Coordinate transform: (192.79,1323.24) -> (49.66,221.39)
G1 X49.664 Y221.390
; Coordinate transform: (180.31,1328.58) -> (45.01,219.40)
G1 X45.010 Y219.399
; Coordinate transform: (167.69,1333.33) -> (40.30,217.63)
G1 X40.304 Y217.627
; Coordinate transform: (155.04,1337.46) -> (35.59,216.09)
G1 X35.587 Y216.087
; Coordinate transform: (142.34,1340.98) -> (30.85,214.77)
G1 X30.848 Y214.774
; Coordinate transform: (129.51,1343.96) -> (26.07,213.66)
G1 X26.065 Y213.663
; Coordinate transform: (117.06,1346.48) -> (21.42,212.72)
G1 X21.422 Y212.723
; Coordinate transform: (106.81,1348.65) -> (17.60,211.91)
G1 X17.597 Y211.914
; Coordinate transform: (99.99,1350.58) -> (15.06,211.19)
G1 X15.056 Y211.194
; Coordinate transform: (96.45,1352.35) -> (13.73,210.53)
G1 X13.734 Y210.534
; Coordinate transform: (96.01,1353.99) -> (13.57,209.92)
G1 X13.570 Y209.922
; Coordinate transform: (98.52,1355.53) -> (14.51,209.35)
G1 X14.507 Y209.348
; Coordinate transform: (103.84,1356.99) -> (16.49,208.80)
G1 X16.490 Y208.803
; Coordinate transform: (111.82,1358.37) -> (19.47,208.29)
G1 X19.466 Y208.288
; Coordinate transform: (122.18,1359.67) -> (23.33,207.80)
G1 X23.331 Y207.804
; Coordinate transform: (133.23,1360.89) -> (27.45,207.35)
G1 X27.451 Y207.349
; Coordinate transform: (143.64,1361.89) -> (31.33,206.98)
G1 X31.334 Y206.976
; Coordinate transform: (153.49,1362.66) -> (35.01,206.69)
G1 X35.010 Y206.688
; Coordinate transform: (163.08,1363.29) -> (38.58,206.45)
G1 X38.585 Y206.454
; Coordinate transform: (172.70,1363.82) -> (42.17,206.26)
G1 X42.171 Y206.256
; Coordinate transform: (182.50,1364.30) -> (45.83,206.08)
G1 X45.827 Y206.077
; Coordinate transform: (192.56,1364.85) -> (49.58,205.87)
G1 X49.580 Y205.872
; Coordinate transform: (202.92,1365.61) -> (53.44,205.59)
G1 X53.442 Y205.588
; Coordinate transform: (213.56,1366.74) -> (57.41,205.17)
G1 X57.409 Y205.167
; Coordinate transform: (224.47,1368.36) -> (61.48,204.56)
G1 X61.480 Y204.563
; Coordinate transform: (235.68,1370.58) -> (65.66,203.73)
G1 X65.662 Y203.735
; Coordinate transform: (247.27,1373.46) -> (69.98,202.66)
G1 X69.983 Y202.661
; Coordinate transform: (259.37,1376.99) -> (74.50,201.34)
G1 X74.497 Y201.344
; Coordinate transform: (272.16,1381.12) -> (79.27,199.80)
G1 X79.266 Y199.804
; Coordinate transform: (285.74,1385.72) -> (84.33,198.09)
G1 X84.330 Y198.088
; Coordinate transform: (300.09,1390.67) -> (89.68,196.24)
G1 X89.683 Y196.242
; Coordinate transform: (315.03,1395.79) -> (95.25,194.33)
G1 X95.254 Y194.333
; Coordinate transform: (330.23,1400.91) -> (100.92,192.42)
G1 X100.922 Y192.423
; Coordinate transform: (345.35,1405.86) -> (106.56,190.58)
G1 X106.564 Y190.577
; Coordinate transform: (360.16,1410.55) -> (112.09,188.83)
G1 X112.087 Y188.828
; Coordinate transform: (374.47,1414.83) -> (117.42,187.23)
G1 X117.423 Y187.232
; Coordinate transform: (388.15,1418.55) -> (122.52,185.84)
G1 X122.524 Y185.844
; Coordinate transform: (401.15,1421.59) -> (127.37,184.71)
G1 X127.372 Y184.710
; Coordinate transform: (413.48,1423.83) -> (131.97,183.87)
G1 X131.971 Y183.875
; Coordinate transform: (425.12,1425.15) -> (136.31,183.38)
G1 X136.314 Y183.383
; Coordinate transform: (436.02,1425.47) -> (140.38,183.26)
G1 X140.379 Y183.263
; Coordinate transform: (446.13,1424.77) -> (144.15,183.52)
G1 X144.148 Y183.524
; Coordinate transform: (455.44,1423.08) -> (147.62,184.15)
G1 X147.620 Y184.155
; Coordinate transform: (463.99,1420.46) -> (150.81,185.13)
G1 X150.809 Y185.132
; Coordinate transform: (471.89,1416.96) -> (153.76,186.44)
G1 X153.756 Y186.437
; Coordinate transform: (479.27,1412.66) -> (156.51,188.04)
G1 X156.509 Y188.041
; Coordinate transform: (486.29,1407.63) -> (159.12,189.92)
G1 X159.125 Y189.917
; Coordinate transform: (493.08,1401.97) -> (161.66,192.03)
G1 X161.658 Y192.028
; Coordinate transform: (499.75,1395.79) -> (164.15,194.33)
G1 X164.147 Y194.333
; Coordinate transform: (506.44,1389.26) -> (166.64,196.77)
G1 X166.643 Y196.768
; Coordinate transform: (513.28,1382.57) -> (169.19,199.26)
G1 X169.194 Y199.263
; Coordinate transform: (520.39,1375.95) -> (171.85,201.73)
G1 X171.846 Y201.732
; Coordinate transform: (527.97,1369.65) -> (174.67,204.08)
G1 X174.673 Y204.082
; Coordinate transform: (536.24,1363.91) -> (177.76,206.22)
G1 X177.756 Y206.222
; Coordinate transform: (545.53,1358.95) -> (181.22,208.07)
G1 X181.220 Y208.072
; Coordinate transform: (556.13,1354.94) -> (185.18,209.57)
G1 X185.175 Y209.568
; Coordinate transform: (568.30,1352.04) -> (189.71,210.65)
G1 X189.714 Y210.649
; Coordinate transform: (581.68,1350.19) -> (194.70,211.34)
G1 X194.705 Y211.339
; Coordinate transform: (595.52,1349.16) -> (199.86,211.72)
G1 X199.864 Y211.723
; Coordinate transform: (609.09,1348.67) -> (204.93,211.91)
G1 X204.926 Y211.906
; Coordinate transform: (622.01,1348.56) -> (209.75,211.95)
G1 X209.746 Y211.947
; Coordinate transform: (634.08,1348.77) -> (214.24,211.87)
G1 X214.244 Y211.869
; Coordinate transform: (645.12,1349.26) -> (218.36,211.69)
G1 X218.362 Y211.686
; Coordinate transform: (655.03,1349.99) -> (222.06,211.41)
G1 X222.061 Y211.414
; Coordinate transform: (663.76,1350.91) -> (225.31,211.07)
G1 X225.315 Y211.071
; Coordinate transform: (671.28,1351.96) -> (228.12,210.68)
G1 X228.120 Y210.679
; Coordinate transform: (677.62,1353.06) -> (230.48,210.27)
G1 X230.485 Y210.269
; Coordinate transform: (682.86,1354.15) -> (232.44,209.86)
G1 X232.437 Y209.862
; Coordinate transform: (687.08,1355.15) -> (234.01,209.49)
G1 X234.013 Y209.489
; Coordinate transform: (690.40,1355.98) -> (235.25,209.18)
G1 X235.249 Y209.180
; Coordinate transform: (692.91,1356.60) -> (236.19,208.95)
G1 X236.187 Y208.949
; Coordinate transform: (694.73,1356.96) -> (236.87,208.81)
G1 X236.865 Y208.814
; Coordinate transform: (695.95,1357.06) -> (237.32,208.78)
G1 X237.319 Y208.777
; Coordinate transform: (696.64,1356.88) -> (237.58,208.84)
G1 X237.577 Y208.844
; Coordinate transform: (696.86,1356.43) -> (237.66,209.01)
G1 X237.660 Y209.012
; Coordinate transform: (696.66,1355.75) -> (237.59,209.27)
G1 X237.585 Y209.266
; Coordinate transform: (696.05,1354.85) -> (237.36,209.60)
G1 X237.358 Y209.601
; Coordinate transform: (695.02,1353.77) -> (236.97,210.00)
G1 X236.974 Y210.004
; Coordinate transform: (693.56,1352.54) -> (236.43,210.46)
G1 X236.428 Y210.463
; Coordinate transform: (691.60,1351.18) -> (235.70,210.97)
G1 X235.699 Y210.970
; Coordinate transform: (689.07,1349.73) -> (234.76,211.51)
G1 X234.755 Y211.511
; Coordinate transform: (685.84,1348.18) -> (233.55,212.09)
G1 X233.551 Y212.089
; Coordinate transform: (681.78,1346.58) -> (232.03,212.69)
G1 X232.035 Y212.686
; Coordinate transform: (676.69,1344.97) -> (230.14,213.29)
G1 X230.137 Y213.286
; Coordinate transform: (670.32,1343.46) -> (227.76,213.85)
G1 X227.762 Y213.849
; Coordinate transform: (662.42,1342.12) -> (224.82,214.35)
G1 X224.816 Y214.349
; Coordinate transform: (652.76,1341.03) -> (221.21,214.76)
G1 X221.212 Y214.755
; Coordinate transform: (641.23,1340.26) -> (216.91,215.04)
G1 X216.912 Y215.043
; Coordinate transform: (627.90,1339.93) -> (211.94,215.17)
G1 X211.940 Y215.166
; Coordinate transform: (613.11,1340.14) -> (206.42,215.09)
G1 X206.424 Y215.087
; Coordinate transform: (597.42,1341.03) -> (200.57,214.76)
G1 X200.574 Y214.755
; Coordinate transform: (581.62,1342.76) -> (194.68,214.11)
G1 X194.681 Y214.110
; Coordinate transform: (566.74,1345.54) -> (189.13,213.07)
G1 X189.129 Y213.073
; Coordinate transform: (553.53,1349.44) -> (184.20,211.62)
G1 X184.204 Y211.619
; Coordinate transform: (542.05,1354.29) -> (179.92,209.81)
G1 X179.923 Y209.810
; Coordinate transform: (531.83,1359.78) -> (176.11,207.76)
G1 X176.112 Y207.763
; Coordinate transform: (522.33,1365.66) -> (172.57,205.57)
G1 X172.568 Y205.570
; Coordinate transform: (513.11,1371.70) -> (169.13,203.32)
G1 X169.130 Y203.317
; Coordinate transform: (503.83,1377.69) -> (165.67,201.08)
G1 X165.667 Y201.083
; Coordinate transform: (494.26,1383.43) -> (162.10,198.94)
G1 X162.101 Y198.942
; Coordinate transform: (484.20,1388.71) -> (158.35,196.97)
G1 X158.349 Y196.973
; Coordinate transform: (473.43,1393.35) -> (154.33,195.24)
G1 X154.330 Y195.243
; Coordinate transform: (461.77,1397.20) -> (149.98,193.81)
G1 X149.981 Y193.807
; Coordinate transform: (449.13,1400.14) -> (145.27,192.71)
G1 X145.269 Y192.710
; Coordinate transform: (435.58,1402.11) -> (140.21,191.98)
G1 X140.215 Y191.976
; Coordinate transform: (421.32,1403.10) -> (134.89,191.61)
G1 X134.894 Y191.606
; Coordinate transform: (406.59,1403.18) -> (129.40,191.58)
G1 X129.402 Y191.576
; Coordinate transform: (391.60,1402.46) -> (123.81,191.84)
G1 X123.810 Y191.845
; Coordinate transform: (376.45,1401.07) -> (118.16,192.36)
G1 X118.160 Y192.363
; Coordinate transform: (361.32,1399.14) -> (112.52,193.08)
G1 X112.517 Y193.083
; Coordinate transform: (346.39,1396.85) -> (106.95,193.94)
G1 X106.952 Y193.937
; Coordinate transform: (331.89,1394.35) -> (101.54,194.87)
G1 X101.545 Y194.870
; Coordinate transform: (318.07,1391.80) -> (96.39,195.82)
G1 X96.387 Y195.821
; Coordinate transform: (305.16,1389.37) -> (91.57,196.73)
G1 X91.573 Y196.727
; Coordinate transform: (293.38,1387.19) -> (87.18,197.54)
G1 X87.179 Y197.540
; Coordinate transform: (282.84,1385.41) -> (83.25,198.20)
G1 X83.250 Y198.204
; Coordinate transform: (273.51,1384.12) -> (79.77,198.68)
G1 X79.770 Y198.685
; Coordinate transform: (265.26,1383.38) -> (76.69,198.96)
G1 X76.693 Y198.961
; Coordinate transform: (257.91,1383.25) -> (73.95,199.01)
G1 X73.953 Y199.009
; Coordinate transform: (251.28,1383.75) -> (71.48,198.82)
G1 X71.479 Y198.823
; Coordinate transform: (245.17,1384.93) -> (69.20,198.38)
G1 X69.200 Y198.383
; Coordinate transform: (239.42,1386.82) -> (67.06,197.68)
G1 X67.057 Y197.678
; Coordinate transform: (233.90,1389.47) -> (65.00,196.69)
G1 X64.998 Y196.690
; Coordinate transform: (228.46,1392.94) -> (62.97,195.40)
G1 X62.969 Y195.395
; Coordinate transform: (223.06,1397.29) -> (60.95,193.77)
G1 X60.953 Y193.773
; Coordinate transform: (217.63,1402.49) -> (58.93,191.83)
G1 X58.930 Y191.834
; Coordinate transform: (212.17,1408.54) -> (56.89,189.58)
G1 X56.892 Y189.577
; Coordinate transform: (206.69,1415.40) -> (54.85,187.02)
G1 X54.850 Y187.019
; Coordinate transform: (201.22,1422.89) -> (52.81,184.23)
G1 X52.809 Y184.226
; Coordinate transform: (195.77,1430.86) -> (50.78,181.25)
G1 X50.777 Y181.253
; Coordinate transform: (190.32,1439.07) -> (48.74,178.19)
G1 X48.745 Y178.191
; Coordinate transform: (184.77,1447.38) -> (46.67,175.09)
G1 X46.674 Y175.092
; Coordinate transform: (178.88,1455.70) -> (44.48,171.99)
G1 X44.479 Y171.989
; Coordinate transform: (172.34,1464.12) -> (42.04,168.85)
G1 X42.039 Y168.849
; Coordinate transform: (164.87,1472.77) -> (39.25,165.62)
G1 X39.250 Y165.623
; Coordinate transform: (156.44,1481.79) -> (36.11,162.26)
G1 X36.107 Y162.259
; Coordinate transform: (147.37,1491.22) -> (32.73,158.74)
G1 X32.726 Y158.742
; Coordinate transform: (138.14,1501.04) -> (29.28,155.08)
G1 X29.284 Y155.079
; Coordinate transform: (129.10,1511.27) -> (25.91,151.26)
G1 X25.912 Y151.264
; Coordinate transform: (120.76,1522.04) -> (22.80,147.25)
G1 X22.802 Y147.247
; Coordinate transform: (113.96,1533.36) -> (20.26,143.03)
G1 X20.264 Y143.025
; Coordinate transform: (109.41,1544.89) -> (18.57,138.73)
G1 X18.569 Y138.725
; Coordinate transform: (107.65,1556.38) -> (17.91,134.44)
G1 X17.912 Y134.440
; Coordinate transform: (108.77,1567.69) -> (18.33,130.22)
G1 X18.329 Y130.222
; Coordinate transform: (112.42,1578.73) -> (19.69,126.10)
G1 X19.693 Y126.105
; Coordinate transform: (117.82,1589.21) -> (21.71,122.20)
G1 X21.706 Y122.196
; Coordinate transform: (123.97,1598.87) -> (24.00,118.59)
G1 X23.997 Y118.593
; Coordinate transform: (130.29,1607.59) -> (26.36,115.34)
G1 X26.357 Y115.341
; Coordinate transform: (136.31,1615.53) -> (28.60,112.38)
G1 X28.600 Y112.380
; Coordinate transform: (141.99,1622.73) -> (30.72,109.69)
G1 X30.719 Y109.695
; Coordinate transform: (147.52,1629.25) -> (32.78,107.26)
G1 X32.781 Y107.263
; Coordinate transform: (153.18,1635.21) -> (34.89,105.04)
G1 X34.894 Y105.040
; Coordinate transform: (159.39,1640.74) -> (37.21,102.98)
G1 X37.208 Y102.978
; Coordinate transform: (166.57,1646.00) -> (39.89,101.02)
G1 X39.885 Y101.016
; Coordinate transform: (174.94,1651.05) -> (43.01,99.13)
G1 X43.008 Y99.133
; Coordinate transform: (184.68,1655.94) -> (46.64,97.31)
G1 X46.639 Y97.309
; Coordinate transform: (195.79,1660.70) -> (50.78,95.53)
G1 X50.783 Y95.534
; Coordinate transform: (208.22,1665.29) -> (55.42,93.82)
G1 X55.418 Y93.822
; Coordinate transform: (221.75,1669.65) -> (60.47,92.20)
G1 X60.467 Y92.196
; Coordinate transform: (236.03,1673.70) -> (65.79,90.69)
G1 X65.792 Y90.685
; Coordinate transform: (250.91,1677.34) -> (71.34,89.33)
G1 X71.339 Y89.328
; Coordinate transform: (266.23,1680.52) -> (77.05,88.14)
G1 X77.053 Y88.142
; Coordinate transform: (281.71,1683.31) -> (82.83,87.10)
G1 X82.828 Y87.101
; Coordinate transform: (297.01,1685.91) -> (88.54,86.13)
G1 X88.536 Y86.132
; Coordinate transform: (311.82,1688.67) -> (94.06,85.10)
G1 X94.059 Y85.102
; Coordinate transform: (326.01,1691.79) -> (99.35,83.94)
G1 X99.352 Y83.939
; Coordinate transform: (339.63,1695.35) -> (104.43,82.61)
G1 X104.429 Y82.611
; Coordinate transform: (352.79,1699.32) -> (109.34,81.13)
G1 X109.338 Y81.130
; Coordinate transform: (365.66,1703.70) -> (114.14,79.50)
G1 X114.137 Y79.497
; Coordinate transform: (378.31,1708.47) -> (118.85,77.72)
G1 X118.853 Y77.718
; Coordinate transform: (390.75,1713.69) -> (123.49,75.77)
G1 X123.494 Y75.771
; Coordinate transform: (402.99,1719.42) -> (128.06,73.63)
G1 X128.061 Y73.634
; Coordinate transform: (415.02,1725.60) -> (132.55,71.33)
G1 X132.546 Y71.329
; Coordinate transform: (426.80,1732.18) -> (136.94,68.87)
G1 X136.938 Y68.875
; Coordinate transform: (438.26,1739.04) -> (141.21,66.32)
G1 X141.212 Y66.317
; Coordinate transform: (449.31,1746.01) -> (145.33,63.72)
G1 X145.335 Y63.717
; Coordinate transform: (459.85,1752.84) -> (149.26,61.17)
G1 X149.264 Y61.170
; Coordinate transform: (469.72,1759.21) -> (152.95,58.79)
G1 X152.946 Y58.794
; Coordinate transform: (478.91,1764.91) -> (156.37,56.67)
G1 X156.375 Y56.668
; Coordinate transform: (487.38,1769.72) -> (159.53,54.87)
G1 X159.532 Y54.874
; Coordinate transform: (495.09,1773.47) -> (162.41,53.48)
G1 X162.410 Y53.476
; Coordinate transform: (502.08,1776.06) -> (165.01,52.51)
G1 X165.015 Y52.510
; Coordinate transform: (508.36,1777.47) -> (167.36,51.98)
G1 X167.357 Y51.984
; Coordinate transform: (514.00,1777.70) -> (169.46,51.90)
G1 X169.462 Y51.898
; Coordinate transform: (519.08,1776.77) -> (171.35,52.25)
G1 X171.354 Y52.245
; Coordinate transform: (523.65,1774.67) -> (173.06,53.03)
G1 X173.062 Y53.028
; Coordinate transform: (527.82,1771.41) -> (174.61,54.24)
G1 X174.615 Y54.244
; Coordinate transform: (531.65,1766.99) -> (176.05,55.89)
G1 X176.046 Y55.893
; Coordinate transform: (535.22,1761.45) -> (177.37,57.96)
G1 X177.375 Y57.959
; Coordinate transform: (538.56,1754.88) -> (178.62,60.41)
G1 X178.622 Y60.409
; Coordinate transform: (541.73,1747.40) -> (179.80,63.20)
G1 X179.803 Y63.199
; Coordinate transform: (544.70,1739.24) -> (180.91,66.24)
G1 X180.910 Y66.242
; Coordinate transform: (547.40,1730.68) -> (181.92,69.43)
G1 X181.917 Y69.434
; Coordinate transform: (549.75,1721.97) -> (182.79,72.68)
G1 X182.795 Y72.683
; Coordinate transform: (551.69,1713.31) -> (183.52,75.91)
G1 X183.518 Y75.913
; Coordinate transform: (553.16,1704.87) -> (184.07,79.06)
G1 X184.068 Y79.060
; Coordinate transform: (554.11,1696.66) -> (184.42,82.12)
G1 X184.419 Y82.122
; Coordinate transform: (554.45,1688.62) -> (184.55,85.12)
G1 X184.549 Y85.121
; Coordinate transform: (554.15,1680.54) -> (184.43,88.13)
G1 X184.435 Y88.134
; Coordinate transform: (553.17,1672.18) -> (184.07,91.25)
G1 X184.070 Y91.252
; Coordinate transform: (551.54,1663.30) -> (183.46,94.56)
G1 X183.461 Y94.564
; Coordinate transform: (549.29,1653.73) -> (182.62,98.13)
G1 X182.622 Y98.133
; Coordinate transform: (546.45,1643.32) -> (181.56,102.02)
G1 X181.564 Y102.016
; Coordinate transform: (543.01,1631.89) -> (180.28,106.28)
G1 X180.281 Y106.278
; Coordinate transform: (538.98,1619.32) -> (178.78,110.97)
G1 X178.776 Y110.966
; Coordinate transform: (534.42,1605.72) -> (177.08,116.04)
G1 X177.077 Y116.039
; Coordinate transform: (529.49,1591.51) -> (175.24,121.34)
G1 X175.236 Y121.338
; Coordinate transform: (524.29,1577.15) -> (173.30,126.69)
G1 X173.299 Y126.694
; Coordinate transform: (518.89,1562.90) -> (171.29,132.01)
G1 X171.286 Y132.008
; Coordinate transform: (513.37,1549.02) -> (169.23,137.19)
G1 X169.225 Y137.185
; Coordinate transform: (507.82,1535.86) -> (167.16,142.09)
G1 X167.158 Y142.093
; Coordinate transform: (502.44,1523.85) -> (165.15,146.57)
G1 X165.150 Y146.572
; Coordinate transform: (497.40,1513.41) -> (163.27,150.47)
G1 X163.269 Y150.466
; Coordinate transform: (492.82,1504.77) -> (161.56,153.69)
G1 X161.563 Y153.688
; Coordinate transform: (488.75,1497.97) -> (160.05,156.22)
G1 X160.046 Y156.224
; Coordinate transform: (485.16,1492.89) -> (158.70,158.12)
G1 X158.704 Y158.119
; Coordinate transform: (481.96,1489.36) -> (157.51,159.44)
G1 X157.510 Y159.435
; Coordinate transform: (479.06,1487.20) -> (156.43,160.24)
G1 X156.429 Y160.241
; Coordinate transform: (476.37,1486.25) -> (155.43,160.60)
G1 X155.428 Y160.595
; Coordinate transform: (473.81,1486.41) -> (154.47,160.54)
G1 X154.473 Y160.536
; Coordinate transform: (471.30,1487.61) -> (153.54,160.09)
G1 X153.535 Y160.088
; Coordinate transform: (468.74,1489.85) -> (152.58,159.25)
G1 X152.582 Y159.253
; Coordinate transform: (466.07,1493.18) -> (151.59,158.01)
G1 X151.586 Y158.011
; Coordinate transform: (463.23,1497.70) -> (150.53,156.32)
G1 X150.527 Y156.325
; Coordinate transform: (460.17,1503.55) -> (149.38,154.14)
G1 X149.383 Y154.143
; Coordinate transform: (456.83,1510.93) -> (148.14,151.39)
G1 X148.141 Y151.391
; Coordinate transform: (453.22,1520.13) -> (146.79,147.96)
G1 X146.794 Y147.960
; Coordinate transform: (449.34,1531.32) -> (145.34,143.79)
G1 X145.345 Y143.786
; Coordinate transform: (445.24,1544.49) -> (143.82,138.87)
G1 X143.816 Y138.874
; Coordinate transform: (441.00,1559.34) -> (142.24,133.34)
G1 X142.236 Y133.336
; Coordinate transform: (436.68,1575.28) -> (140.62,127.39)
G1 X140.624 Y127.391
; Coordinate transform: (432.29,1591.56) -> (138.99,121.32)
G1 X138.986 Y121.320
; Coordinate transform: (427.80,1607.53) -> (137.31,115.36)
G1 X137.313 Y115.364
; Coordinate transform: (423.20,1622.70) -> (135.60,109.71)
G1 X135.596 Y109.706
; Coordinate transform: (418.48,1636.78) -> (133.84,104.45)
G1 X133.838 Y104.455
; Coordinate transform: (413.69,1649.64) -> (132.05,99.66)
G1 X132.052 Y99.659
; Coordinate transform: (408.88,1661.31) -> (130.26,95.31)
G1 X130.255 Y95.306
; Coordinate transform: (404.08,1671.98) -> (128.47,91.33)
G1 X128.468 Y91.327
; Coordinate transform: (399.37,1681.93) -> (126.71,87.62)
G1 X126.709 Y87.616
; Coordinate transform: (394.73,1691.49) -> (124.98,84.05)
G1 X124.981 Y84.050
; Coordinate transform: (390.20,1700.93) -> (123.29,80.53)
G1 X123.289 Y80.530
; Coordinate transform: (385.75,1710.56) -> (121.63,76.94)
G1 X121.629 Y76.938
; Coordinate transform: (381.32,1720.65) -> (119.98,73.18)
G1 X119.979 Y73.175
; Coordinate transform: (376.81,1731.42) -> (118.29,69.16)
G1 X118.294 Y69.158
; Coordinate transform: (372.00,1743.07) -> (116.50,64.81)
G1 X116.500 Y64.814
; Coordinate transform: (366.65,1755.65) -> (114.51,60.12)
G1 X114.507 Y60.122
; Coordinate transform: (360.83,1768.70) -> (112.34,55.25)
G1 X112.336 Y55.255
; Coordinate transform: (354.93,1781.36) -> (110.14,50.53)
G1 X110.135 Y50.533
; Coordinate transform: (349.24,1792.94) -> (108.01,46.21)
G1 X108.012 Y46.214
; Coordinate transform: (343.85,1803.06) -> (106.00,42.44)
G1 X106.002 Y42.440
; Coordinate transform: (338.77,1811.68) -> (104.11,39.23)
G1 X104.111 Y39.225
; Coordinate transform: (333.97,1819.03) -> (102.32,36.48)
G1 X102.319 Y36.484
; Coordinate transform: (329.38,1825.39) -> (100.61,34.11)
G1 X100.606 Y34.112
; Coordinate transform: (324.92,1831.12) -> (98.94,31.98)
G1 X98.941 Y31.975
; Coordinate transform: (320.49,1836.57) -> (97.29,29.94)
G1 X97.293 Y29.942
; Coordinate transform: (316.05,1842.11) -> (95.64,27.88)
G1 X95.637 Y27.876
; Coordinate transform: (311.54,1848.09) -> (93.95,25.65)
G1 X93.954 Y25.646
; Coordinate transform: (306.89,1854.78) -> (92.22,23.15)
G1 X92.220 Y23.151
; Coordinate transform: (302.06,1862.31) -> (90.42,20.34)
G1 X90.417 Y20.343
; Coordinate transform: (297.03,1870.42) -> (88.54,17.32)
G1 X88.543 Y17.318
; Coordinate transform: (291.91,1878.00) -> (86.63,14.49)
G1 X86.633 Y14.491
; Coordinate transform: (286.87,1883.83) -> (84.75,12.32)
G1 X84.751 Y12.317
; Coordinate transform: (282.12,1886.96) -> (82.98,11.15)
G1 X82.982 Y11.149
; Coordinate transform: (277.81,1887.01) -> (81.37,11.13)
G1 X81.372 Y11.131
; Coordinate transform: (273.94,1884.13) -> (79.93,12.20)
G1 X79.929 Y12.205
; Coordinate transform: (270.43,1878.76) -> (78.62,14.21)
G1 X78.620 Y14.208
; Coordinate transform: (267.18,1871.58) -> (77.41,16.89)
G1 X77.410 Y16.885
; Coordinate transform: (264.04,1863.32) -> (76.24,19.97)
G1 X76.237 Y19.966
; Coordinate transform: (260.72,1854.69) -> (75.00,23.18)
G1 X75.000 Y23.185
; Coordinate transform: (256.96,1846.00) -> (73.60,26.43)
G1 X73.598 Y26.426
; Coordinate transform: (252.58,1837.25) -> (71.96,29.69)
G1 X71.963 Y29.689
; Coordinate transform: (247.56,1828.28) -> (70.09,33.03)
G1 X70.093 Y33.034
; Coordinate transform: (241.94,1818.94) -> (67.99,36.52)
G1 X67.994 Y36.518
; Coordinate transform: (235.83,1809.10) -> (65.72,40.19)
G1 X65.716 Y40.187
; Coordinate transform: (229.43,1798.74) -> (63.33,44.05)
G1 X63.330 Y44.051
; Coordinate transform: (223.00,1787.91) -> (60.93,48.09)
G1 X60.933 Y48.090
; Coordinate transform: (216.85,1776.71) -> (58.64,52.27)
G1 X58.640 Y52.267
; Coordinate transform: (211.27,1765.34) -> (56.56,56.51)
G1 X56.556 Y56.508
; Coordinate transform: (206.46,1753.99) -> (54.76,60.74)
G1 X54.764 Y60.741
; Coordinate transform: (202.63,1742.84) -> (53.33,64.90)
G1 X53.335 Y64.899
; Coordinate transform: (199.93,1732.04) -> (52.33,68.93)
G1 X52.327 Y68.927
; Coordinate transform: (198.40,1721.69) -> (51.76,72.79)
G1 X51.757 Y72.787
; Coordinate transform: (198.06,1711.86) -> (51.63,76.45)
G1 X51.629 Y76.453
; Coordinate transform: (198.90,1702.60) -> (51.95,79.91)
G1 X51.945 Y79.907
; Coordinate transform: (200.91,1693.88) -> (52.69,83.16)
G1 X52.695 Y83.159
; Coordinate transform: (204.06,1685.59) -> (53.87,86.25)
G1 X53.868 Y86.251
; Coordinate transform: (208.34,1677.52) -> (55.46,89.26)
G1 X55.463 Y89.261
; Coordinate transform: (213.74,1669.43) -> (57.48,92.28)
G1 X57.478 Y92.278
; Coordinate transform: (220.24,1661.08) -> (59.90,95.39)
G1 X59.903 Y95.392
; Coordinate transform: (227.90,1652.15) -> (62.76,98.72)
G1 X62.758 Y98.722
; Coordinate transform: (236.79,1642.41) -> (66.08,102.35)
G1 X66.076 Y102.355
; Coordinate transform: (246.80,1632.00) -> (69.81,106.24)
G1 X69.808 Y106.237
; Coordinate transform: (257.26,1621.59) -> (73.71,110.12)
G1 X73.711 Y110.120
; Coordinate transform: (267.79,1611.81) -> (77.64,113.77)
G1 X77.637 Y113.767
; Coordinate transform: (278.53,1602.98) -> (81.64,117.06)
G1 X81.642 Y117.060
; Coordinate transform: (289.74,1595.37) -> (85.82,119.90)
G1 X85.821 Y119.899
; Coordinate transform: (301.45,1589.21) -> (90.19,122.20)
G1 X90.189 Y122.196
; Coordinate transform: (313.66,1584.61) -> (94.74,123.91)
G1 X94.745 Y123.912
; Coordinate transform: (326.34,1581.59) -> (99.47,125.04)
G1 X99.472 Y125.038
; Coordinate transform: (339.39,1580.10) -> (104.34,125.59)
G1 X104.339 Y125.594
; Coordinate transform: (352.66,1580.00) -> (109.29,125.63)
G1 X109.291 Y125.631
; Coordinate transform: (365.98,1581.13) -> (114.26,125.21)
G1 X114.257 Y125.210
; Coordinate transform: (379.11,1583.23) -> (119.15,124.43)
G1 X119.153 Y124.426
; Coordinate transform: (391.83,1586.01) -> (123.90,123.39)
G1 X123.899 Y123.389
; Coordinate transform: (404.03,1589.18) -> (128.45,122.21)
G1 X128.449 Y122.207
; Coordinate transform: (415.68,1592.53) -> (132.79,120.96)
G1 X132.791 Y120.958
; Coordinate transform: (426.83,1595.86) -> (136.95,119.72)
G1 X136.950 Y119.716
; Coordinate transform: (437.63,1599.05) -> (140.98,118.53)
G1 X140.981 Y118.526
; Coordinate transform: (448.27,1602.04) -> (144.95,117.41)
G1 X144.947 Y117.411
; Coordinate transform: (458.82,1604.82) -> (148.88,116.37)
G1 X148.881 Y116.374
; Coordinate transform: (469.29,1607.39) -> (152.79,115.42)
G1 X152.788 Y115.416
; Coordinate transform: (479.62,1609.73) -> (156.64,114.54)
G1 X156.641 Y114.543
; Coordinate transform: (489.66,1611.78) -> (160.38,113.78)
G1 X160.382 Y113.779
; Coordinate transform: (499.26,1613.47) -> (163.97,113.15)
G1 X163.965 Y113.148
; Coordinate transform: (508.36,1614.71) -> (167.36,112.69)
G1 X167.357 Y112.686
; Coordinate transform: (516.91,1615.38) -> (170.55,112.44)
G1 X170.548 Y112.436
; Coordinate transform: (524.97,1615.34) -> (173.55,112.45)
G1 X173.553 Y112.451
; Coordinate transform: (532.62,1614.45) -> (176.41,112.78)
G1 X176.407 Y112.783
; Coordinate transform: (540.00,1612.61) -> (179.16,113.47)
G1 X179.158 Y113.469
; Coordinate transform: (547.25,1609.72) -> (181.86,114.55)
G1 X181.863 Y114.547
; Coordinate transform: (554.52,1605.73) -> (184.57,116.03)
G1 X184.574 Y116.035
; Coordinate transform: (561.95,1600.63) -> (187.34,117.94)
G1 X187.345 Y117.937
; Coordinate transform: (569.62,1594.47) -> (190.21,120.23)
G1 X190.206 Y120.234
; Coordinate transform: (577.57,1587.30) -> (193.17,122.91)
G1 X193.169 Y122.908
; Coordinate transform: (585.70,1579.23) -> (196.20,125.92)
G1 X196.202 Y125.918
; Coordinate transform: (593.88,1570.39) -> (199.25,129.22)
G1 X199.251 Y129.215
; Coordinate transform: (601.90,1560.96) -> (202.24,132.73)
G1 X202.244 Y132.732
; Coordinate transform: (609.62,1551.10) -> (205.12,136.41)
G1 X205.123 Y136.409
; Coordinate transform: (616.95,1540.94) -> (207.86,140.20)
G1 X207.855 Y140.198
; Coordinate transform: (623.85,1530.63) -> (210.43,144.04)
G1 X210.432 Y144.044
; Coordinate transform: (630.36,1520.27) -> (212.86,147.91)
G1 X212.858 Y147.907
; Coordinate transform: (636.49,1509.99) -> (215.14,151.74)
G1 X215.143 Y151.741
; Coordinate transform: (642.16,1499.90) -> (217.26,155.50)
G1 X217.258 Y155.504
; Coordinate transform: (647.36,1490.05) -> (219.20,159.18)
G1 X219.198 Y159.178
; Coordinate transform: (652.09,1480.51) -> (220.96,162.74)
G1 X220.963 Y162.736
; Coordinate transform: (656.34,1471.32) -> (222.55,166.16)
G1 X222.548 Y166.163
; Coordinate transform: (660.10,1462.55) -> (223.95,169.43)
G1 X223.950 Y169.434
; Coordinate transform: (663.33,1454.28) -> (225.16,172.52)
G1 X225.155 Y172.519
; Coordinate transform: (665.93,1446.62) -> (226.12,175.38)
G1 X226.124 Y175.375
; Coordinate transform: (667.79,1439.71) -> (226.82,177.95)
G1 X226.817 Y177.952
; Coordinate transform: (668.78,1433.66) -> (227.19,180.21)
G1 X227.188 Y180.209
; Coordinate transform: (668.84,1428.54) -> (227.21,182.12)
G1 X227.210 Y182.118
; Coordinate transform: (667.91,1424.37) -> (226.86,183.67)
G1 X226.864 Y183.674
; Coordinate transform: (665.97,1421.13) -> (226.14,184.88)
G1 X226.140 Y184.882
; Coordinate transform: (662.98,1418.74) -> (225.02,185.77)
G1 X225.024 Y185.773
; Coordinate transform: (658.90,1417.14) -> (223.50,186.37)
G1 X223.504 Y186.370
; Coordinate transform: (653.69,1416.22) -> (221.56,186.71)
G1 X221.558 Y186.713
; Coordinate transform: (647.29,1415.83) -> (219.17,186.86)
G1 X219.172 Y186.859
; Coordinate transform: (639.65,1415.80) -> (216.32,186.87)
G1 X216.322 Y186.870
; Coordinate transform: (630.73,1415.97) -> (212.99,186.81)
G1 X212.995 Y186.806
; Coordinate transform: (620.51,1416.14) -> (209.19,186.74)
G1 X209.186 Y186.743
; Coordinate transform: (609.17,1416.19) -> (204.96,186.72)
G1 X204.956 Y186.724
; Coordinate transform: (596.97,1416.00) -> (200.41,186.80)
G1 X200.405 Y186.795
; Coordinate transform: (584.31,1415.49) -> (195.69,186.99)
G1 X195.685 Y186.985
; Coordinate transform: (571.69,1414.62) -> (190.98,187.31)
G1 X190.978 Y187.310
; Coordinate transform: (559.62,1413.42) -> (186.47,187.76)
G1 X186.475 Y187.757
; Coordinate transform: (548.53,1411.99) -> (182.34,188.29)
G1 X182.338 Y188.291
; Coordinate transform: (538.64,1410.48) -> (178.65,188.85)
G1 X178.652 Y188.854
; Coordinate transform: (530.01,1409.01) -> (175.43,189.40)
G1 X175.433 Y189.402
; Coordinate transform: (522.53,1407.68) -> (172.64,189.90)
G1 X172.642 Y189.898
; Coordinate transform: (516.01,1406.48) -> (170.21,190.35)
G1 X170.210 Y190.346
; Coordinate transform: (510.22,1405.40) -> (168.05,190.75)
G1 X168.052 Y190.748
; Coordinate transform: (504.92,1404.39) -> (166.07,191.13)
G1 X166.073 Y191.125
; Coordinate transform: (499.77,1403.27) -> (164.15,191.54)
G1 X164.154 Y191.543
; Coordinate transform: (494.55,1402.03) -> (162.21,192.01)
G1 X162.208 Y192.005
; Coordinate transform: (488.99,1400.54) -> (160.13,192.56)
G1 X160.133 Y192.561
; Coordinate transform: (482.78,1398.63) -> (157.82,193.27)
G1 X157.818 Y193.273
; Coordinate transform: (475.60,1396.11) -> (155.14,194.21)
G1 X155.138 Y194.213
; Coordinate transform: (467.11,1392.72) -> (151.97,195.48)
G1 X151.972 Y195.478
; Coordinate transform: (456.98,1388.17) -> (148.20,197.17)
G1 X148.196 Y197.174
; Coordinate transform: (445.18,1382.20) -> (143.79,199.40)
G1 X143.794 Y199.401
; Coordinate transform: (431.96,1374.66) -> (138.86,202.21)
G1 X138.864 Y202.213
; Coordinate transform: (417.77,1365.51) -> (133.57,205.63)
G1 X133.572 Y205.626
; Coordinate transform: (403.13,1354.88) -> (128.11,209.59)
G1 X128.112 Y209.590
; Coordinate transform: (388.59,1343.14) -> (122.69,213.97)
G1 X122.690 Y213.969
; Coordinate transform: (374.54,1330.75) -> (117.45,218.59)
G1 X117.448 Y218.589
; Coordinate transform: (361.24,1318.19) -> (112.49,223.27)
G1 X112.490 Y223.274
; Coordinate transform: (349.00,1306.00) -> (107.92,227.82)
G1 X107.923 Y227.820
; Coordinate transform: (338.12,1294.63) -> (103.87,232.06)
G1 X103.867 Y232.060
; Coordinate transform: (328.89,1284.41) -> (100.42,235.87)
G1 X100.424 Y235.872
; Coordinate transform: (321.36,1275.49) -> (97.62,239.20)
G1 X97.616 Y239.199
; Coordinate transform: (315.42,1267.81) -> (95.40,242.06)
G1 X95.401 Y242.063
; Coordinate transform: (310.74,1261.19) -> (93.66,244.53)
G1 X93.656 Y244.532
; Coordinate transform: (307.00,1255.41) -> (92.26,246.69)
G1 X92.261 Y246.688
; Coordinate transform: (303.87,1250.27) -> (91.09,248.60)
G1 X91.093 Y248.605
; Coordinate transform: (301.03,1245.56) -> (90.03,250.36)
G1 X90.033 Y250.361
; Coordinate transform: (298.14,1241.12) -> (88.96,252.02)
G1 X88.958 Y252.017
; Coordinate transform: (294.98,1236.78) -> (87.78,253.64)
G1 X87.777 Y253.636
; Coordinate transform: (291.24,1232.43) -> (86.38,255.26)
G1 X86.382 Y255.258
; Coordinate transform: (286.62,1227.90) -> (84.66,256.95)
G1 X84.660 Y256.948
; Coordinate transform: (280.86,1223.08) -> (82.51,258.75)
G1 X82.512 Y258.745
; Coordinate transform: (273.66,1217.91) -> (79.83,260.67)
G1 X79.826 Y260.673
; Coordinate transform: (264.87,1212.38) -> (76.55,262.74)
G1 X76.549 Y262.736
; Coordinate transform: (254.50,1206.60) -> (72.68,264.89)
G1 X72.680 Y264.891
; Coordinate transform: (242.85,1200.83) -> (68.34,267.04)
G1 X68.336 Y267.043
; Coordinate transform: (230.38,1195.41) -> (63.69,269.06)
G1 X63.685 Y269.065
; Coordinate transform: (217.55,1190.69) -> (58.90,270.83)
G1 X58.898 Y270.825
; Coordinate transform: (204.58,1186.96) -> (54.06,272.22)
G1 X54.063 Y272.216
; Coordinate transform: (191.40,1184.39) -> (49.15,273.17)
G1 X49.146 Y273.175
; Coordinate transform: (177.69,1183.02) -> (44.03,273.69)
G1 X44.033 Y273.686
; Coordinate transform: (163.08,1182.71) -> (38.58,273.80)
G1 X38.584 Y273.801
; Coordinate transform: (147.28,1183.28) -> (32.69,273.59)
G1 X32.692 Y273.589
; Coordinate transform: (130.25,1184.44) -> (26.34,273.16)
G1 X26.342 Y273.156
; Coordinate transform: (113.07,1186.01) -> (19.93,272.57)
G1 X19.933 Y272.571
; Coordinate transform: (99.01,1187.79) -> (14.69,271.91)
G1 X14.689 Y271.907
; Coordinate transform: (88.58,1189.61) -> (10.80,271.23)
G1 X10.799 Y271.228
; Coordinate transform: (81.60,1191.43) -> (8.20,270.55)
G1 X8.195 Y270.549
; Coordinate transform: (77.89,1193.24) -> (6.81,269.87)
G1 X6.814 Y269.874
M400 ; Wait for drawing to complete
; === STOP BRUSH SEQUENCE ===
; STOP BRUSH A
G4 P50 ; Short delay before stepper command
G1 U0.000 F200.0 ; Close Brush A flow
M400 ; Wait for stepper motion to complete
M106 P2 S0 ; Brush A air off
; Z already at 84.000mm, above safe threshold of 10.000mm, no need to raise
; === END STOP BRUSH SEQUENCE ===
; === PATH END ===


; Path 7/49 (id: path7)
; WIDTH: requested=117.176mm, actual=1863.507mm, compensation=0.800
; Z HEIGHT: 84.000mm (min=4.0, max=84.0)
; PAINT FLOW: 0.500 (baseline=0.1, max=0.5)
; PAINT FLOW COMPONENTS: base=0.100, width=0.300, opacity=0.100
; FEEDRATE: 475.6 mm/min (z_factor=0.0259, speed_factor=0.765)
; WARNING: Requested stroke width 117.2mm exceeds machine capability.
; H.Airbrush cannot draw strokes wider than 6.6mm at 1mm/s minimum speed.
; Stroke width has been reduced to 6.6mm.
; ===== STROKE PARAMETERS =====
; Color: black
; Width: 117.18mm
; Opacity: 0.25
; Brush: brush_a (index 0)
T0 ; Select Brush A (Black)
; ===== AIRBRUSH SETTINGS =====
; Z-height: 84.00mm
; Paint flow: 0.50
; Feedrate: 475.6mm/min (includes Z scaling)
; Using brush: brush_a (tool 0)
; Path with Brush A (black) at Z=84.000mm
; Using: Air=P2, Flow=A axis
; Drawing Z height: 84.000mm, Travel Z height: 10.000mm
; Machine Z range: 0-84mm (Safe range: 5-80mm)
; === START BRUSH SEQUENCE ===
; START BRUSH A
; Z already at 84.000mm, above safe threshold of 10.000mm, no need to raise
T0 ; Select Tool 0 (Brush A)
G4 P500 ; Wait for tool change to complete
; === END BRUSH SEQUENCE ===
; Coordinate transform: (878.55,926.22) -> (305.42,369.46)
G0 X305.422 Y369.458 F24000
M400 ; Wait for XY movement to complete
G1 Z84.000 F1200
M400 ; Wait for Z movement to complete
; === ACTIVATE BRUSH AT POSITION ===
; AIR ON FIRST - Important to prevent dripping
M106 P2 S1 ; Brush A air on
; PAINT ON AFTER AIR
G4 P50 ; Short delay before stepper command
G1 U2.400 F200.0 ; Set Brush A flow to 2.400mm
M400 ; Wait for stepper motion to complete
; === BRUSH ACTIVATED ===
G1 F475.56460435427675
; Coordinate transform: (877.97,925.86) -> (305.21,369.59)
G1 X305.206 Y369.595
; Coordinate transform: (877.11,925.35) -> (304.89,369.79)
G1 X304.886 Y369.786
; Coordinate transform: (875.99,924.70) -> (304.47,370.03)
G1 X304.465 Y370.029
; Coordinate transform: (874.61,923.93) -> (303.95,370.31)
G1 X303.952 Y370.314
; Coordinate transform: (873.01,923.06) -> (303.35,370.64)
G1 X303.355 Y370.637
; Coordinate transform: (871.18,922.10) -> (302.67,371.00)
G1 X302.674 Y370.996
; Coordinate transform: (869.12,921.05) -> (301.91,371.39)
G1 X301.906 Y371.387
; Coordinate transform: (866.82,919.92) -> (301.05,371.81)
G1 X301.046 Y371.811
; Coordinate transform: (864.23,918.69) -> (300.08,372.27)
G1 X300.081 Y372.269
; Coordinate transform: (861.34,917.37) -> (299.00,372.76)
G1 X299.001 Y372.760
; Coordinate transform: (858.09,915.95) -> (297.79,373.29)
G1 X297.792 Y373.291
; Coordinate transform: (854.47,914.41) -> (296.44,373.87)
G1 X296.440 Y373.866
; Coordinate transform: (850.39,912.73) -> (294.92,374.49)
G1 X294.918 Y374.491
; Coordinate transform: (845.77,910.91) -> (293.19,375.17)
G1 X293.194 Y375.170
; Coordinate transform: (840.56,908.92) -> (291.25,375.91)
G1 X291.254 Y375.910
; Coordinate transform: (834.73,906.78) -> (289.08,376.71)
G1 X289.079 Y376.711
; Coordinate transform: (828.22,904.53) -> (286.65,377.55)
G1 X286.651 Y377.551
; Coordinate transform: (821.11,902.29) -> (284.00,378.38)
G1 X284.000 Y378.383
; Coordinate transform: (813.48,900.24) -> (281.15,379.15)
G1 X281.152 Y379.149
; Coordinate transform: (805.48,898.57) -> (278.17,379.77)
G1 X278.168 Y379.771
; Coordinate transform: (797.25,897.53) -> (275.10,380.16)
G1 X275.099 Y380.161
; Coordinate transform: (788.97,897.32) -> (272.01,380.24)
G1 X272.010 Y380.239
; Coordinate transform: (780.76,898.15) -> (268.95,379.93)
G1 X268.950 Y379.930
; Coordinate transform: (772.74,900.09) -> (265.96,379.20)
G1 X265.960 Y379.204
; Coordinate transform: (765.04,903.12) -> (263.09,378.07)
G1 X263.089 Y378.074
; Coordinate transform: (757.83,907.06) -> (260.40,376.61)
G1 X260.399 Y376.605
; Coordinate transform: (751.29,911.67) -> (257.96,374.89)
G1 X257.958 Y374.887
; Coordinate transform: (745.58,916.72) -> (255.83,373.00)
G1 X255.830 Y373.004
; Coordinate transform: (740.84,922.03) -> (254.06,371.02)
G1 X254.061 Y371.024
; Coordinate transform: (737.10,927.49) -> (252.67,368.99)
G1 X252.665 Y368.988
; Coordinate transform: (734.34,933.07) -> (251.64,366.91)
G1 X251.636 Y366.906
; Coordinate transform: (732.52,938.79) -> (250.96,364.77)
G1 X250.959 Y364.771
; Coordinate transform: (731.61,944.69) -> (250.62,362.57)
G1 X250.621 Y362.571
; Coordinate transform: (731.60,950.72) -> (250.62,360.32)
G1 X250.617 Y360.323
; Coordinate transform: (732.47,956.87) -> (250.94,358.03)
G1 X250.941 Y358.029
; Coordinate transform: (734.22,963.15) -> (251.59,355.68)
G1 X251.593 Y355.685
; Coordinate transform: (736.91,969.60) -> (252.60,353.28)
G1 X252.596 Y353.283
; Coordinate transform: (740.62,976.28) -> (253.98,350.79)
G1 X253.979 Y350.790
; Coordinate transform: (745.45,983.33) -> (255.78,348.16)
G1 X255.780 Y348.161
; Coordinate transform: (751.48,990.85) -> (258.03,345.36)
G1 X258.030 Y345.356
; Coordinate transform: (758.80,998.85) -> (260.76,342.37)
G1 X260.759 Y342.374
; Coordinate transform: (767.49,1007.32) -> (264.00,339.21)
G1 X264.002 Y339.214
; Coordinate transform: (777.52,1016.17) -> (267.74,335.91)
G1 X267.741 Y335.913
; Coordinate transform: (788.66,1025.22) -> (271.89,332.54)
G1 X271.895 Y332.538
; Coordinate transform: (800.50,1034.13) -> (276.31,329.21)
G1 X276.313 Y329.215
; Coordinate transform: (812.64,1042.41) -> (280.84,326.13)
G1 X280.839 Y326.127
; Coordinate transform: (824.71,1049.60) -> (285.34,323.45)
G1 X285.341 Y323.445
; Coordinate transform: (836.46,1055.37) -> (289.72,321.29)
G1 X289.722 Y321.293
; Coordinate transform: (847.76,1059.50) -> (293.94,319.75)
G1 X293.937 Y319.753
; Coordinate transform: (858.63,1062.11) -> (297.99,318.78)
G1 X297.992 Y318.779
; Coordinate transform: (869.19,1063.53) -> (301.93,318.25)
G1 X301.929 Y318.250
; Coordinate transform: (879.58,1064.19) -> (305.80,318.00)
G1 X305.805 Y318.004
; Coordinate transform: (889.96,1064.60) -> (309.67,317.85)
G1 X309.675 Y317.851
; Coordinate transform: (900.54,1065.27) -> (313.62,317.60)
G1 X313.624 Y317.601
; Coordinate transform: (911.58,1066.59) -> (317.74,317.11)
G1 X317.740 Y317.109
; Coordinate transform: (923.20,1068.73) -> (322.07,316.31)
G1 X322.075 Y316.310
; Coordinate transform: (935.29,1071.65) -> (326.58,315.22)
G1 X326.584 Y315.221
; Coordinate transform: (947.46,1075.21) -> (331.12,313.89)
G1 X331.121 Y313.894
; Coordinate transform: (959.33,1079.22) -> (335.55,312.40)
G1 X335.547 Y312.398
; Coordinate transform: (970.62,1083.41) -> (339.76,310.84)
G1 X339.759 Y310.836
; Coordinate transform: (981.11,1087.40) -> (343.67,309.35)
G1 X343.670 Y309.347
; Coordinate transform: (990.54,1090.74) -> (347.19,308.10)
G1 X347.187 Y308.102
; Coordinate transform: (998.77,1093.05) -> (350.26,307.24)
G1 X350.258 Y307.240
; Coordinate transform: (1005.78,1094.08) -> (352.87,306.86)
G1 X352.872 Y306.856
; Coordinate transform: (1011.66,1093.76) -> (355.06,306.98)
G1 X355.065 Y306.975
; Coordinate transform: (1016.52,1092.08) -> (356.88,307.60)
G1 X356.877 Y307.602
; Coordinate transform: (1020.40,1089.18) -> (358.32,308.68)
G1 X358.324 Y308.684
; Coordinate transform: (1023.34,1085.20) -> (359.42,310.17)
G1 X359.421 Y310.168
; Coordinate transform: (1025.32,1080.22) -> (360.16,312.03)
G1 X360.159 Y312.025
; Coordinate transform: (1026.30,1074.37) -> (360.52,314.21)
G1 X360.525 Y314.207
; Coordinate transform: (1026.28,1067.78) -> (360.52,316.66)
G1 X360.517 Y316.665
; Coordinate transform: (1025.22,1060.55) -> (360.12,319.36)
G1 X360.122 Y319.361
; Coordinate transform: (1023.19,1052.79) -> (359.37,322.26)
G1 X359.365 Y322.255
; Coordinate transform: (1020.33,1044.67) -> (358.30,325.28)
G1 X358.298 Y325.284
; Coordinate transform: (1016.95,1036.42) -> (357.04,328.36)
G1 X357.038 Y328.361
; Coordinate transform: (1013.37,1028.27) -> (355.70,331.40)
G1 X355.703 Y331.400
; Coordinate transform: (1009.85,1020.39) -> (354.39,334.34)
G1 X354.390 Y334.339
; Coordinate transform: (1006.70,1012.89) -> (353.22,337.14)
G1 X353.215 Y337.136
; Coordinate transform: (1003.84,1005.63) -> (352.15,339.84)
G1 X352.148 Y339.844
; Coordinate transform: (1001.02,998.57) -> (351.10,342.48)
G1 X351.097 Y342.476
; Coordinate transform: (998.10,991.49) -> (350.01,345.12)
G1 X350.008 Y345.119
; Coordinate transform: (994.96,984.24) -> (348.84,347.82)
G1 X348.836 Y347.821
; Coordinate transform: (991.47,976.75) -> (347.53,350.62)
G1 X347.535 Y350.615
; Coordinate transform: (987.57,969.27) -> (346.08,353.40)
G1 X346.081 Y353.403
; Coordinate transform: (983.33,962.33) -> (344.50,355.99)
G1 X344.498 Y355.991
; Coordinate transform: (978.88,956.06) -> (342.84,358.33)
G1 X342.838 Y358.330
; Coordinate transform: (974.28,950.28) -> (341.12,360.49)
G1 X341.123 Y360.487
; Coordinate transform: (969.36,944.45) -> (339.29,362.66)
G1 X339.288 Y362.662
; Coordinate transform: (963.69,937.64) -> (337.18,365.20)
G1 X337.176 Y365.202
; Coordinate transform: (956.75,928.78) -> (334.59,368.51)
G1 X334.587 Y368.505
; Coordinate transform: (948.41,918.01) -> (331.48,372.52)
G1 X331.477 Y372.520
; Coordinate transform: (938.86,905.73) -> (327.91,377.10)
G1 X327.912 Y377.103
; Coordinate transform: (928.90,892.75) -> (324.20,381.94)
G1 X324.201 Y381.942
; Coordinate transform: (919.17,879.51) -> (320.57,386.88)
G1 X320.570 Y386.881
; Coordinate transform: (909.85,866.20) -> (317.10,391.85)
G1 X317.095 Y391.845
; Coordinate transform: (900.94,853.03) -> (313.77,396.76)
G1 X313.770 Y396.756
; Coordinate transform: (892.36,840.38) -> (310.57,401.48)
G1 X310.570 Y401.476
; Coordinate transform: (884.12,828.77) -> (307.50,405.80)
G1 X307.498 Y405.803
; Coordinate transform: (876.34,818.76) -> (304.60,409.54)
G1 X304.596 Y409.536
; Coordinate transform: (869.14,810.77) -> (301.91,412.52)
G1 X301.913 Y412.517
; Coordinate transform: (862.65,804.97) -> (299.49,414.68)
G1 X299.491 Y414.681
; Coordinate transform: (856.90,801.39) -> (297.35,416.02)
G1 X297.347 Y416.017
; Coordinate transform: (851.90,799.83) -> (295.48,416.60)
G1 X295.483 Y416.596
; Coordinate transform: (847.63,800.14) -> (293.89,416.48)
G1 X293.888 Y416.483
; Coordinate transform: (844.07,802.15) -> (292.56,415.73)
G1 X292.562 Y415.733
; Coordinate transform: (841.28,805.77) -> (291.52,414.38)
G1 X291.520 Y414.383
; Coordinate transform: (839.32,811.00) -> (290.79,412.43)
G1 X290.789 Y412.433
; Coordinate transform: (838.24,817.81) -> (290.39,409.89)
G1 X290.388 Y409.892
; Coordinate transform: (838.12,826.26) -> (290.34,406.74)
G1 X290.342 Y406.741
; Coordinate transform: (838.93,836.23) -> (290.65,403.02)
G1 X290.646 Y403.021
; Coordinate transform: (840.60,847.51) -> (291.27,398.81)
G1 X291.268 Y398.813
; Coordinate transform: (842.93,859.56) -> (292.14,394.32)
G1 X292.135 Y394.320
; Coordinate transform: (845.68,871.72) -> (293.16,389.79)
G1 X293.161 Y389.787
; Coordinate transform: (848.63,883.46) -> (294.26,385.41)
G1 X294.263 Y385.408
; Coordinate transform: (851.63,894.54) -> (295.38,381.28)
G1 X295.380 Y381.276
; Coordinate transform: (854.63,904.98) -> (296.50,377.38)
G1 X296.502 Y377.383
; Coordinate transform: (857.58,915.18) -> (297.60,373.58)
G1 X297.600 Y373.577
; Coordinate transform: (860.47,925.64) -> (298.68,369.68)
G1 X298.677 Y369.676
; Coordinate transform: (863.30,936.85) -> (299.73,365.50)
G1 X299.732 Y365.496
; Coordinate transform: (866.00,949.20) -> (300.74,360.89)
G1 X300.742 Y360.890
; Coordinate transform: (868.39,962.70) -> (301.63,355.86)
G1 X301.631 Y355.856
; Coordinate transform: (870.04,976.89) -> (302.25,350.56)
G1 X302.249 Y350.562
; Coordinate transform: (870.38,991.02) -> (302.37,345.29)
G1 X302.374 Y345.291
; Coordinate transform: (868.91,1004.49) -> (301.82,340.27)
G1 X301.825 Y340.269
; Coordinate transform: (865.51,1017.11) -> (300.56,335.56)
G1 X300.559 Y335.562
; Coordinate transform: (860.44,1028.86) -> (298.67,331.18)
G1 X298.668 Y331.180
; Coordinate transform: (854.16,1039.65) -> (296.32,327.16)
G1 X296.325 Y327.156
; Coordinate transform: (847.17,1049.26) -> (293.72,323.57)
G1 X293.717 Y323.572
; Coordinate transform: (839.77,1057.47) -> (290.96,320.51)
G1 X290.958 Y320.510
; Coordinate transform: (832.06,1064.24) -> (288.08,317.99)
G1 X288.082 Y317.985
; Coordinate transform: (823.95,1069.62) -> (285.06,315.98)
G1 X285.058 Y315.979
; Coordinate transform: (815.28,1073.78) -> (281.82,314.43)
G1 X281.824 Y314.427
; Coordinate transform: (805.89,1076.92) -> (278.32,313.26)
G1 X278.323 Y313.256
; Coordinate transform: (795.67,1079.27) -> (274.51,312.38)
G1 X274.512 Y312.380
; Coordinate transform: (784.73,1080.97) -> (270.43,311.75)
G1 X270.431 Y311.746
; Coordinate transform: (773.31,1082.15) -> (266.17,311.31)
G1 X266.172 Y311.305
; Coordinate transform: (761.79,1082.86) -> (261.87,311.04)
G1 X261.874 Y311.041
; Coordinate transform: (750.61,1083.13) -> (257.71,310.94)
G1 X257.706 Y310.940
; Coordinate transform: (740.16,1082.95) -> (253.81,311.01)
G1 X253.808 Y311.007
; Coordinate transform: (730.64,1082.30) -> (250.26,311.25)
G1 X250.259 Y311.250
; Coordinate transform: (722.15,1081.19) -> (247.09,311.66)
G1 X247.091 Y311.663
; Coordinate transform: (714.57,1079.66) -> (244.26,312.23)
G1 X244.265 Y312.234
; Coordinate transform: (707.74,1077.73) -> (241.72,312.95)
G1 X241.717 Y312.954
; Coordinate transform: (701.43,1075.46) -> (239.36,313.80)
G1 X239.362 Y313.801
; Coordinate transform: (695.39,1072.89) -> (237.11,314.76)
G1 X237.111 Y314.759
; Coordinate transform: (689.39,1070.11) -> (234.87,315.80)
G1 X234.873 Y315.796
; Coordinate transform: (683.19,1067.21) -> (232.56,316.88)
G1 X232.560 Y316.877
; Coordinate transform: (676.57,1064.30) -> (230.09,317.96)
G1 X230.093 Y317.963
; Coordinate transform: (669.33,1061.49) -> (227.39,319.01)
G1 X227.391 Y319.011
; Coordinate transform: (661.26,1058.86) -> (224.38,319.99)
G1 X224.381 Y319.992
; Coordinate transform: (652.18,1056.49) -> (220.99,320.88)
G1 X220.994 Y320.875
; Coordinate transform: (642.03,1054.43) -> (217.21,321.64)
G1 X217.210 Y321.644
; Coordinate transform: (630.84,1052.71) -> (213.04,322.29)
G1 X213.036 Y322.285
; Coordinate transform: (618.81,1051.42) -> (208.55,322.77)
G1 X208.549 Y322.766
; Coordinate transform: (606.28,1050.59) -> (203.88,323.08)
G1 X203.878 Y323.076
; Coordinate transform: (593.61,1050.26) -> (199.15,323.20)
G1 X199.150 Y323.199
; Coordinate transform: (581.00,1050.43) -> (194.45,323.14)
G1 X194.448 Y323.136
; Coordinate transform: (568.50,1051.12) -> (189.79,322.88)
G1 X189.786 Y322.878
; Coordinate transform: (556.04,1052.32) -> (185.14,322.43)
G1 X185.139 Y322.431
; Coordinate transform: (543.47,1054.00) -> (180.45,321.80)
G1 X180.452 Y321.804
; Coordinate transform: (530.69,1056.10) -> (175.68,321.02)
G1 X175.684 Y321.021
; Coordinate transform: (517.80,1058.51) -> (170.88,320.12)
G1 X170.879 Y320.122
; Coordinate transform: (505.16,1061.11) -> (166.16,319.15)
G1 X166.163 Y319.152
; Coordinate transform: (493.19,1063.76) -> (161.70,318.16)
G1 X161.701 Y318.164
; Coordinate transform: (482.29,1066.42) -> (157.64,317.17)
G1 X157.636 Y317.172
; Coordinate transform: (472.72,1069.14) -> (154.06,316.16)
G1 X154.065 Y316.158
; Coordinate transform: (464.60,1072.05) -> (151.04,315.07)
G1 X151.037 Y315.072
; Coordinate transform: (457.93,1075.29) -> (148.55,313.86)
G1 X148.549 Y313.864
; Coordinate transform: (452.60,1079.06) -> (146.56,312.46)
G1 X146.563 Y312.458
; Coordinate transform: (448.48,1083.53) -> (145.03,310.79)
G1 X145.026 Y310.791
; Coordinate transform: (445.38,1088.90) -> (143.87,308.79)
G1 X143.868 Y308.788
; Coordinate transform: (443.11,1095.32) -> (143.02,306.39)
G1 X143.022 Y306.394
; Coordinate transform: (441.50,1102.95) -> (142.42,303.55)
G1 X142.424 Y303.548
; Coordinate transform: (440.41,1111.92) -> (142.01,300.20)
G1 X142.014 Y300.203
; Coordinate transform: (439.65,1122.26) -> (141.73,296.35)
G1 X141.733 Y296.346
; Coordinate transform: (439.09,1133.86) -> (141.52,292.02)
G1 X141.522 Y292.020
; Coordinate transform: (438.57,1146.50) -> (141.33,287.31)
G1 X141.331 Y287.306
; Coordinate transform: (438.02,1159.92) -> (141.12,282.30)
G1 X141.123 Y282.301
; Coordinate transform: (437.36,1173.94) -> (140.88,277.07)
G1 X140.878 Y277.072
; Coordinate transform: (436.65,1188.52) -> (140.61,271.63)
G1 X140.613 Y271.634
; Coordinate transform: (435.99,1203.66) -> (140.37,265.99)
G1 X140.365 Y265.988
; Coordinate transform: (435.53,1219.41) -> (140.19,260.11)
G1 X140.194 Y260.114
; Coordinate transform: (435.39,1235.75) -> (140.15,254.02)
G1 X140.145 Y254.020
; Coordinate transform: (435.65,1252.50) -> (140.24,247.77)
G1 X140.240 Y247.773
; Coordinate transform: (436.28,1269.36) -> (140.48,241.48)
G1 X140.476 Y241.485
; Coordinate transform: (437.23,1285.95) -> (140.83,235.30)
G1 X140.830 Y235.298
; Coordinate transform: (438.37,1301.84) -> (141.25,229.37)
G1 X141.254 Y229.371
; Coordinate transform: (439.48,1316.50) -> (141.67,223.90)
G1 X141.669 Y223.904
; Coordinate transform: (440.29,1329.44) -> (141.97,219.08)
G1 X141.969 Y219.078
; Coordinate transform: (440.48,1340.25) -> (142.04,215.05)
G1 X142.041 Y215.046
; Coordinate transform: (439.83,1348.77) -> (141.80,211.87)
G1 X141.798 Y211.869
; Coordinate transform: (438.17,1355.01) -> (141.18,209.54)
G1 X141.179 Y209.542
; Coordinate transform: (435.44,1359.14) -> (140.16,208.00)
G1 X140.162 Y208.001
; Coordinate transform: (431.63,1361.35) -> (138.74,207.18)
G1 X138.742 Y207.177
; Coordinate transform: (426.76,1361.83) -> (136.93,207.00)
G1 X136.926 Y206.998
; Coordinate transform: (420.86,1360.75) -> (134.72,207.40)
G1 X134.724 Y207.401
; Coordinate transform: (414.00,1358.30) -> (132.17,208.31)
G1 X132.165 Y208.315
; Coordinate transform: (406.27,1354.63) -> (129.28,209.68)
G1 X129.284 Y209.683
; Coordinate transform: (397.79,1349.90) -> (126.12,211.45)
G1 X126.120 Y211.447
; Coordinate transform: (388.65,1344.25) -> (122.71,213.55)
G1 X122.713 Y213.555
; Coordinate transform: (379.02,1337.85) -> (119.12,215.94)
G1 X119.120 Y215.941
; Coordinate transform: (369.08,1330.91) -> (115.41,218.53)
G1 X115.415 Y218.530
; Coordinate transform: (359.13,1323.72) -> (111.70,221.21)
G1 X111.703 Y221.211
; Coordinate transform: (349.53,1316.65) -> (108.12,223.85)
G1 X108.123 Y223.848
; Coordinate transform: (340.65,1310.10) -> (104.81,226.29)
G1 X104.808 Y226.291
; Coordinate transform: (332.79,1304.41) -> (101.88,228.41)
G1 X101.880 Y228.413
; Coordinate transform: (326.16,1299.84) -> (99.41,230.12)
G1 X99.405 Y230.117
; Coordinate transform: (320.79,1296.57) -> (97.40,231.34)
G1 X97.404 Y231.337
; Coordinate transform: (316.66,1294.66) -> (95.86,232.05)
G1 X95.862 Y232.049
; Coordinate transform: (313.63,1294.09) -> (94.73,232.26)
G1 X94.731 Y232.262
; Coordinate transform: (311.56,1294.83) -> (93.96,231.99)
G1 X93.960 Y231.986
; Coordinate transform: (310.33,1296.85) -> (93.50,231.23)
G1 X93.502 Y231.233
; Coordinate transform: (309.85,1300.12) -> (93.32,230.01)
G1 X93.323 Y230.013
; Coordinate transform: (310.05,1304.65) -> (93.40,228.32)
G1 X93.396 Y228.323
; Coordinate transform: (310.88,1310.41) -> (93.71,226.18)
G1 X93.705 Y226.175
; Coordinate transform: (312.32,1317.34) -> (94.24,223.59)
G1 X94.244 Y223.591
; Coordinate transform: (314.35,1325.40) -> (95.00,220.58)
G1 X95.001 Y220.585
; Coordinate transform: (316.96,1334.44) -> (95.97,217.21)
G1 X95.974 Y217.213
; Coordinate transform: (320.11,1344.29) -> (97.15,213.54)
G1 X97.151 Y213.540
; Coordinate transform: (323.77,1354.74) -> (98.51,209.64)
G1 X98.514 Y209.642
; Coordinate transform: (327.83,1365.59) -> (100.03,205.60)
G1 X100.029 Y205.596
; Coordinate transform: (332.17,1376.73) -> (101.65,201.44)
G1 X101.646 Y201.441
; Coordinate transform: (336.63,1388.17) -> (103.31,197.17)
G1 X103.312 Y197.174
; Coordinate transform: (341.06,1400.06) -> (104.96,192.74)
G1 X104.963 Y192.740
; Coordinate transform: (345.26,1412.59) -> (106.53,188.07)
G1 X106.529 Y188.067
; Coordinate transform: (349.05,1425.88) -> (107.94,183.11)
G1 X107.944 Y183.110
; Coordinate transform: (352.28,1439.88) -> (109.15,177.89)
G1 X109.148 Y177.889
; Coordinate transform: (354.80,1454.23) -> (110.09,172.54)
G1 X110.086 Y172.537
; Coordinate transform: (356.50,1468.33) -> (110.72,167.28)
G1 X110.721 Y167.279
; Coordinate transform: (357.37,1481.52) -> (111.04,162.36)
G1 X111.045 Y162.359
; Coordinate transform: (357.48,1493.39) -> (111.09,157.93)
G1 X111.087 Y157.932
; Coordinate transform: (356.99,1503.91) -> (110.91,154.01)
G1 X110.905 Y154.009
; Coordinate transform: (356.12,1513.32) -> (110.58,150.50)
G1 X110.581 Y150.499
; Coordinate transform: (355.06,1521.99) -> (110.19,147.27)
G1 X110.186 Y147.266
; Coordinate transform: (353.92,1530.33) -> (109.76,144.16)
G1 X109.758 Y144.156
; Coordinate transform: (352.90,1538.68) -> (109.38,141.04)
G1 X109.379 Y141.041
; Coordinate transform: (352.15,1547.44) -> (109.10,137.77)
G1 X109.098 Y137.774
; Coordinate transform: (351.72,1556.95) -> (108.94,134.23)
G1 X108.938 Y134.227
; Coordinate transform: (351.64,1567.49) -> (108.91,130.30)
G1 X108.910 Y130.297
; Coordinate transform: (351.90,1579.27) -> (109.01,125.90)
G1 X109.007 Y125.903
; Coordinate transform: (352.37,1592.24) -> (109.18,121.07)
G1 X109.180 Y121.066
; Coordinate transform: (352.86,1606.15) -> (109.36,115.88)
G1 X109.362 Y115.878
; Coordinate transform: (353.18,1620.55) -> (109.48,110.51)
G1 X109.484 Y110.508
; Coordinate transform: (353.19,1634.87) -> (109.49,105.17)
G1 X109.485 Y105.167
; Coordinate transform: (352.77,1648.52) -> (109.33,100.08)
G1 X109.330 Y100.076
; Coordinate transform: (351.89,1661.15) -> (109.00,95.37)
G1 X109.001 Y95.366
; Coordinate transform: (350.52,1672.69) -> (108.49,91.06)
G1 X108.490 Y91.062
; Coordinate transform: (348.64,1683.32) -> (107.79,87.10)
G1 X107.790 Y87.097
; Coordinate transform: (346.21,1693.43) -> (106.88,83.33)
G1 X106.882 Y83.327
; Coordinate transform: (343.08,1703.57) -> (105.71,79.55)
G1 X105.715 Y79.545
; Coordinate transform: (339.06,1714.23) -> (104.22,75.57)
G1 X104.216 Y75.569
; Coordinate transform: (333.98,1725.83) -> (102.32,71.24)
G1 X102.322 Y71.243
; Coordinate transform: (328.06,1738.22) -> (100.11,66.62)
G1 X100.113 Y66.622
; Coordinate transform: (321.67,1750.84) -> (97.73,61.92)
G1 X97.733 Y61.916
; Coordinate transform: (315.08,1763.03) -> (95.27,57.37)
G1 X95.273 Y57.369
; Coordinate transform: (308.44,1774.12) -> (92.80,53.23)
G1 X92.798 Y53.233
; Coordinate transform: (301.88,1783.55) -> (90.35,49.72)
G1 X90.349 Y49.716
; Coordinate transform: (295.55,1790.91) -> (87.99,46.97)
G1 X87.989 Y46.971
; Coordinate transform: (289.56,1796.09) -> (85.75,45.04)
G1 X85.754 Y45.040
; Coordinate transform: (283.92,1799.17) -> (83.65,43.89)
G1 X83.653 Y43.891
; Coordinate transform: (278.62,1800.28) -> (81.68,43.48)
G1 X81.676 Y43.477
; Coordinate transform: (273.59,1799.55) -> (79.80,43.75)
G1 X79.800 Y43.749
; Coordinate transform: (268.76,1797.15) -> (78.00,44.64)
G1 X77.999 Y44.644
; Coordinate transform: (264.07,1793.20) -> (76.25,46.12)
G1 X76.251 Y46.117
; Coordinate transform: (259.51,1787.72) -> (74.55,48.16)
G1 X74.547 Y48.161
; Coordinate transform: (255.10,1780.71) -> (72.91,50.78)
G1 X72.906 Y50.776
; Coordinate transform: (250.96,1772.32) -> (71.36,53.90)
G1 X71.360 Y53.905
; Coordinate transform: (247.25,1762.62) -> (69.98,57.52)
G1 X69.976 Y57.522
; Coordinate transform: (244.18,1752.01) -> (68.83,61.48)
G1 X68.829 Y61.479
; Coordinate transform: (241.94,1740.93) -> (67.99,65.61)
G1 X67.994 Y65.612
; Coordinate transform: (240.68,1729.81) -> (67.53,69.76)
G1 X67.527 Y69.759
; Coordinate transform: (240.49,1719.03) -> (67.45,73.78)
G1 X67.453 Y73.779
; Coordinate transform: (241.37,1708.83) -> (67.78,77.58)
G1 X67.783 Y77.583
; Coordinate transform: (243.33,1699.24) -> (68.51,81.16)
G1 X68.515 Y81.160
; Coordinate transform: (246.38,1690.16) -> (69.65,84.55)
G1 X69.650 Y84.546
; Coordinate transform: (250.55,1681.27) -> (71.21,87.86)
G1 X71.208 Y87.862
; Coordinate transform: (255.90,1672.18) -> (73.20,91.25)
G1 X73.201 Y91.252
; Coordinate transform: (262.30,1662.58) -> (75.59,94.83)
G1 X75.590 Y94.833
; Coordinate transform: (269.42,1652.51) -> (78.24,98.59)
G1 X78.243 Y98.588
; Coordinate transform: (276.71,1642.22) -> (80.97,102.43)
G1 X80.965 Y102.426
; Coordinate transform: (283.94,1631.98) -> (83.66,106.24)
G1 X83.659 Y106.245
; Coordinate transform: (291.14,1621.92) -> (86.35,110.00)
G1 X86.346 Y109.997
; Coordinate transform: (298.39,1612.31) -> (89.05,113.58)
G1 X89.051 Y113.581
; Coordinate transform: (305.59,1603.50) -> (91.73,116.87)
G1 X91.734 Y116.867
; Coordinate transform: (312.63,1595.81) -> (94.36,119.73)
G1 X94.359 Y119.735
; Coordinate transform: (319.46,1589.43) -> (96.91,122.11)
G1 X96.909 Y122.114
; Coordinate transform: (326.12,1584.38) -> (99.39,124.00)
G1 X99.389 Y123.997
; Coordinate transform: (332.65,1580.67) -> (101.83,125.38)
G1 X101.826 Y125.381
; Coordinate transform: (339.18,1578.24) -> (104.26,126.29)
G1 X104.263 Y126.287
; Coordinate transform: (345.85,1577.01) -> (106.75,126.75)
G1 X106.750 Y126.746
; Coordinate transform: (352.83,1576.91) -> (109.35,126.78)
G1 X109.352 Y126.783
; Coordinate transform: (360.30,1577.86) -> (112.14,126.43)
G1 X112.140 Y126.429
; Coordinate transform: (368.42,1579.79) -> (115.17,125.71)
G1 X115.166 Y125.709
; Coordinate transform: (377.29,1582.59) -> (118.47,124.66)
G1 X118.474 Y124.665
; Coordinate transform: (386.93,1586.09) -> (122.07,123.36)
G1 X122.072 Y123.360
; Coordinate transform: (397.26,1590.11) -> (125.92,121.86)
G1 X125.923 Y121.860
; Coordinate transform: (408.13,1594.44) -> (129.98,120.25)
G1 X129.975 Y120.246
; Coordinate transform: (419.31,1598.88) -> (134.15,118.59)
G1 X134.146 Y118.590
; Coordinate transform: (430.65,1603.28) -> (138.38,116.95)
G1 X138.376 Y116.949
; Coordinate transform: (442.05,1607.55) -> (142.63,115.36)
G1 X142.628 Y115.356
; Coordinate transform: (453.45,1611.70) -> (146.88,113.81)
G1 X146.880 Y113.808
; Coordinate transform: (464.77,1615.72) -> (151.10,112.31)
G1 X151.103 Y112.309
; Coordinate transform: (475.81,1619.65) -> (155.22,110.84)
G1 X155.217 Y110.843
; Coordinate transform: (486.33,1623.56) -> (159.14,109.39)
G1 X159.142 Y109.385
; Coordinate transform: (496.12,1627.38) -> (162.79,107.96)
G1 X162.794 Y107.960
; Coordinate transform: (505.05,1631.12) -> (166.12,106.57)
G1 X166.123 Y106.566
; Coordinate transform: (513.07,1634.78) -> (169.11,105.20)
G1 X169.113 Y105.201
; Coordinate transform: (520.17,1638.37) -> (171.76,103.86)
G1 X171.763 Y103.862
; Coordinate transform: (526.47,1641.95) -> (174.11,102.53)
G1 X174.111 Y102.527
; Coordinate transform: (532.07,1645.57) -> (176.20,101.18)
G1 X176.199 Y101.176
; Coordinate transform: (537.13,1649.29) -> (178.09,99.79)
G1 X178.087 Y99.789
; Coordinate transform: (541.82,1653.18) -> (179.84,98.34)
G1 X179.836 Y98.338
; Coordinate transform: (546.31,1657.33) -> (181.51,96.79)
G1 X181.510 Y96.791
; Coordinate transform: (550.72,1661.79) -> (183.16,95.13)
G1 X183.158 Y95.127
; Coordinate transform: (555.19,1666.58) -> (184.82,93.34)
G1 X184.823 Y93.341
; Coordinate transform: (559.80,1671.72) -> (186.54,91.42)
G1 X186.542 Y91.424
M400 ; Wait for drawing to complete
; === STOP BRUSH SEQUENCE ===
; STOP BRUSH A
G4 P50 ; Short delay before stepper command
G1 U0.000 F200.0 ; Close Brush A flow
M400 ; Wait for stepper motion to complete
M106 P2 S0 ; Brush A air off
; Z already at 84.000mm, above safe threshold of 10.000mm, no need to raise
; === END STOP BRUSH SEQUENCE ===
; === PATH END ===


; Path 8/49 (id: path8)
; WIDTH: requested=117.176mm, actual=1863.507mm, compensation=0.800
; Z HEIGHT: 84.000mm (min=4.0, max=84.0)
; PAINT FLOW: 0.500 (baseline=0.1, max=0.5)
; PAINT FLOW COMPONENTS: base=0.100, width=0.300, opacity=0.100
; FEEDRATE: 475.6 mm/min (z_factor=0.0259, speed_factor=0.765)
; WARNING: Requested stroke width 117.2mm exceeds machine capability.
; H.Airbrush cannot draw strokes wider than 6.6mm at 1mm/s minimum speed.
; Stroke width has been reduced to 6.6mm.
; ===== STROKE PARAMETERS =====
; Color: black
; Width: 117.18mm
; Opacity: 0.25
; Brush: brush_a (index 0)
T0 ; Select Brush A (Black)
; ===== AIRBRUSH SETTINGS =====
; Z-height: 84.00mm
; Paint flow: 0.50
; Feedrate: 475.6mm/min (includes Z scaling)
; Using brush: brush_a (tool 0)
; Path with Brush A (black) at Z=84.000mm
; Using: Air=P2, Flow=A axis
; Drawing Z height: 84.000mm, Travel Z height: 10.000mm
; Machine Z range: 0-84mm (Safe range: 5-80mm)
; === START BRUSH SEQUENCE ===
; START BRUSH A
; Z already at 84.000mm, above safe threshold of 10.000mm, no need to raise
T0 ; Select Tool 0 (Brush A)
G4 P500 ; Wait for tool change to complete
; === END BRUSH SEQUENCE ===
; Coordinate transform: (1157.19,1055.62) -> (409.34,321.20)
G0 X409.341 Y321.200 F24000
M400 ; Wait for XY movement to complete
G1 Z84.000 F1200
M400 ; Wait for Z movement to complete
; === ACTIVATE BRUSH AT POSITION ===
; AIR ON FIRST - Important to prevent dripping
M106 P2 S1 ; Brush A air on
; PAINT ON AFTER AIR
G4 P50 ; Short delay before stepper command
G1 U2.400 F200.0 ; Set Brush A flow to 2.400mm
M400 ; Wait for stepper motion to complete
; === BRUSH ACTIVATED ===
G1 F475.56460435427675
; Coordinate transform: (1157.29,1057.51) -> (409.38,320.50)
G1 X409.378 Y320.495
; Coordinate transform: (1157.33,1059.98) -> (409.39,319.57)
G1 X409.393 Y319.574
; Coordinate transform: (1157.23,1062.72) -> (409.36,318.55)
G1 X409.356 Y318.552
; Coordinate transform: (1156.91,1065.42) -> (409.24,317.54)
G1 X409.236 Y317.545
; Coordinate transform: (1156.36,1067.82) -> (409.03,316.65)
G1 X409.031 Y316.650
; Coordinate transform: (1155.59,1069.67) -> (408.74,315.96)
G1 X408.744 Y315.960
; Coordinate transform: (1154.71,1070.84) -> (408.42,315.52)
G1 X408.416 Y315.524
; Coordinate transform: (1153.88,1071.26) -> (408.11,315.37)
G1 X408.106 Y315.367
; Coordinate transform: (1153.23,1070.93) -> (407.86,315.49)
G1 X407.864 Y315.490
; Coordinate transform: (1152.86,1069.93) -> (407.73,315.86)
G1 X407.726 Y315.863
; Coordinate transform: (1152.81,1068.32) -> (407.71,316.46)
G1 X407.707 Y316.463
; Coordinate transform: (1153.08,1066.30) -> (407.81,317.22)
G1 X407.808 Y317.217
; Coordinate transform: (1153.68,1064.05) -> (408.03,318.06)
G1 X408.032 Y318.056
; Coordinate transform: (1154.57,1061.79) -> (408.36,318.90)
G1 X408.364 Y318.899
; Coordinate transform: (1155.68,1059.69) -> (408.78,319.68)
G1 X408.778 Y319.682
; Coordinate transform: (1156.92,1057.87) -> (409.24,320.36)
G1 X409.240 Y320.361
; Coordinate transform: (1158.19,1056.37) -> (409.71,320.92)
G1 X409.714 Y320.920
; Coordinate transform: (1159.33,1055.24) -> (410.14,321.34)
G1 X410.139 Y321.342
; Coordinate transform: (1160.19,1054.48) -> (410.46,321.63)
G1 X410.460 Y321.625
; Coordinate transform: (1160.65,1054.11) -> (410.63,321.76)
G1 X410.631 Y321.763
; Coordinate transform: (1160.69,1054.16) -> (410.65,321.74)
G1 X410.646 Y321.744
; Coordinate transform: (1160.30,1054.61) -> (410.50,321.58)
G1 X410.501 Y321.577
; Coordinate transform: (1159.56,1055.35) -> (410.22,321.30)
G1 X410.225 Y321.301
; Coordinate transform: (1158.56,1056.38) -> (409.85,320.92)
G1 X409.852 Y320.916
; Coordinate transform: (1157.44,1057.67) -> (409.43,320.44)
G1 X409.434 Y320.435
; Coordinate transform: (1156.31,1059.20) -> (409.01,319.86)
G1 X409.012 Y319.865
; Coordinate transform: (1155.26,1060.95) -> (408.62,319.21)
G1 X408.621 Y319.212
; Coordinate transform: (1154.31,1062.88) -> (408.27,318.49)
G1 X408.267 Y318.492
; Coordinate transform: (1153.47,1064.96) -> (407.95,317.72)
G1 X407.953 Y317.717
; Coordinate transform: (1152.76,1067.12) -> (407.69,316.91)
G1 X407.689 Y316.911
; Coordinate transform: (1152.19,1069.32) -> (407.48,316.09)
G1 X407.476 Y316.090
; Coordinate transform: (1151.80,1071.52) -> (407.33,315.27)
G1 X407.330 Y315.270
; Coordinate transform: (1151.61,1073.67) -> (407.26,314.47)
G1 X407.260 Y314.468
; Coordinate transform: (1151.60,1075.76) -> (407.26,313.69)
G1 X407.256 Y313.689
; Coordinate transform: (1151.80,1077.80) -> (407.33,312.93)
G1 X407.330 Y312.928
; Coordinate transform: (1152.19,1079.81) -> (407.48,312.18)
G1 X407.476 Y312.178
; Coordinate transform: (1152.77,1081.81) -> (407.69,311.43)
G1 X407.692 Y311.432
; Coordinate transform: (1153.51,1083.86) -> (407.97,310.67)
G1 X407.968 Y310.668
; Coordinate transform: (1154.35,1085.98) -> (408.28,309.88)
G1 X408.282 Y309.877
; Coordinate transform: (1155.26,1088.21) -> (408.62,309.05)
G1 X408.621 Y309.045
; Coordinate transform: (1156.21,1090.56) -> (408.98,308.17)
G1 X408.975 Y308.169
; Coordinate transform: (1157.19,1093.08) -> (409.34,307.23)
G1 X409.341 Y307.229
; Coordinate transform: (1158.18,1095.77) -> (409.71,306.23)
G1 X409.710 Y306.226
M400 ; Wait for drawing to complete
; === STOP BRUSH SEQUENCE ===
; STOP BRUSH A
G4 P50 ; Short delay before stepper command
G1 U0.000 F200.0 ; Close Brush A flow
M400 ; Wait for stepper motion to complete
M106 P2 S0 ; Brush A air off
; Z already at 84.000mm, above safe threshold of 10.000mm, no need to raise
; === END STOP BRUSH SEQUENCE ===
; === PATH END ===


; Path 9/49 (id: path9)
; WIDTH: requested=117.176mm, actual=1863.507mm, compensation=0.800
; Z HEIGHT: 84.000mm (min=4.0, max=84.0)
; PAINT FLOW: 0.500 (baseline=0.1, max=0.5)
; PAINT FLOW COMPONENTS: base=0.100, width=0.300, opacity=0.100
; FEEDRATE: 475.6 mm/min (z_factor=0.0259, speed_factor=0.765)
; WARNING: Requested stroke width 117.2mm exceeds machine capability.
; H.Airbrush cannot draw strokes wider than 6.6mm at 1mm/s minimum speed.
; Stroke width has been reduced to 6.6mm.
; ===== STROKE PARAMETERS =====
; Color: black
; Width: 117.18mm
; Opacity: 0.25
; Brush: brush_a (index 0)
T0 ; Select Brush A (Black)
; ===== AIRBRUSH SETTINGS =====
; Z-height: 84.00mm
; Paint flow: 0.50
; Feedrate: 475.6mm/min (includes Z scaling)
; Using brush: brush_a (tool 0)
; Path with Brush A (black) at Z=84.000mm
; Using: Air=P2, Flow=A axis
; Drawing Z height: 84.000mm, Travel Z height: 10.000mm
; Machine Z range: 0-84mm (Safe range: 5-80mm)
; === START BRUSH SEQUENCE ===
; START BRUSH A
; Z already at 84.000mm, above safe threshold of 10.000mm, no need to raise
T0 ; Select Tool 0 (Brush A)
G4 P500 ; Wait for tool change to complete
; === END BRUSH SEQUENCE ===
; Coordinate transform: (679.06,136.89) -> (231.02,663.84)
G0 X231.019 Y663.842 F24000
M400 ; Wait for XY movement to complete
G1 Z84.000 F1200
M400 ; Wait for Z movement to complete
; === ACTIVATE BRUSH AT POSITION ===
; AIR ON FIRST - Important to prevent dripping
M106 P2 S1 ; Brush A air on
; PAINT ON AFTER AIR
G4 P50 ; Short delay before stepper command
G1 U2.400 F200.0 ; Set Brush A flow to 2.400mm
M400 ; Wait for stepper motion to complete
; === BRUSH ACTIVATED ===
G1 F475.56460435427675
; Coordinate transform: (678.81,136.09) -> (230.93,664.14)
G1 X230.927 Y664.142
; Coordinate transform: (678.52,134.94) -> (230.82,664.57)
G1 X230.818 Y664.569
; Coordinate transform: (678.19,133.50) -> (230.69,665.11)
G1 X230.695 Y665.106
; Coordinate transform: (677.81,131.82) -> (230.56,665.74)
G1 X230.556 Y665.735
; Coordinate transform: (677.41,129.92) -> (230.41,666.44)
G1 X230.406 Y666.442
; Coordinate transform: (676.88,128.01) -> (230.21,667.15)
G1 X230.208 Y667.155
; Coordinate transform: (676.33,126.41) -> (230.00,667.75)
G1 X230.002 Y667.751
; Coordinate transform: (675.74,125.31) -> (229.78,668.16)
G1 X229.783 Y668.160
; Coordinate transform: (675.12,124.83) -> (229.55,668.34)
G1 X229.551 Y668.341
; Coordinate transform: (674.46,124.99) -> (229.31,668.28)
G1 X229.305 Y668.281
; Coordinate transform: (673.74,125.75) -> (229.04,668.00)
G1 X229.038 Y667.997
; Coordinate transform: (672.96,127.00) -> (228.75,667.53)
G1 X228.747 Y667.532
; Coordinate transform: (672.10,128.56) -> (228.42,666.95)
G1 X228.423 Y666.948
; Coordinate transform: (671.11,130.28) -> (228.06,666.31)
G1 X228.057 Y666.309
; Coordinate transform: (669.98,131.96) -> (227.64,665.68)
G1 X227.636 Y665.683
; Coordinate transform: (668.67,133.45) -> (227.14,665.12)
G1 X227.145 Y665.125
; Coordinate transform: (667.11,134.81) -> (226.56,664.62)
G1 X226.565 Y664.618
; Coordinate transform: (665.26,136.07) -> (225.88,664.15)
G1 X225.876 Y664.148
; Coordinate transform: (663.05,137.27) -> (225.05,663.70)
G1 X225.050 Y663.701
; Coordinate transform: (660.38,138.45) -> (224.05,663.26)
G1 X224.053 Y663.260
; Coordinate transform: (657.12,139.66) -> (222.84,662.81)
G1 X222.839 Y662.810
; Coordinate transform: (653.16,140.93) -> (221.36,662.34)
G1 X221.361 Y662.336
; Coordinate transform: (648.36,142.31) -> (219.57,661.82)
G1 X219.572 Y661.823
; Coordinate transform: (642.56,143.82) -> (217.41,661.26)
G1 X217.410 Y661.257
; Coordinate transform: (635.61,145.52) -> (214.81,660.63)
G1 X214.815 Y660.625
; Coordinate transform: (627.44,147.40) -> (211.77,659.92)
G1 X211.768 Y659.922
; Coordinate transform: (618.05,149.50) -> (208.27,659.14)
G1 X208.269 Y659.139
; Coordinate transform: (607.64,151.82) -> (204.38,658.27)
G1 X204.385 Y658.273
; Coordinate transform: (596.55,154.36) -> (200.25,657.33)
G1 X200.248 Y657.328
; Coordinate transform: (585.23,157.09) -> (196.03,656.31)
G1 X196.027 Y656.310
; Coordinate transform: (574.18,159.99) -> (191.90,655.23)
G1 X191.905 Y655.228
; Coordinate transform: (563.79,163.04) -> (188.03,654.09)
G1 X188.031 Y654.092
; Coordinate transform: (554.31,166.19) -> (184.50,652.92)
G1 X184.496 Y652.915
; Coordinate transform: (545.86,169.41) -> (181.34,651.71)
G1 X181.344 Y651.714
; Coordinate transform: (538.38,172.68) -> (178.55,650.50)
G1 X178.554 Y650.496
; Coordinate transform: (531.74,175.99) -> (176.08,649.26)
G1 X176.076 Y649.261
; Coordinate transform: (525.72,179.36) -> (173.83,648.00)
G1 X173.832 Y648.002
; Coordinate transform: (520.14,182.78) -> (171.75,646.73)
G1 X171.751 Y646.726
; Coordinate transform: (514.78,186.24) -> (169.75,645.44)
G1 X169.751 Y645.438
; Coordinate transform: (509.42,189.71) -> (167.75,644.14)
G1 X167.754 Y644.143
; Coordinate transform: (503.90,193.19) -> (165.69,642.85)
G1 X165.695 Y642.847
; Coordinate transform: (498.06,196.58) -> (163.52,641.58)
G1 X163.516 Y641.580
; Coordinate transform: (491.73,199.82) -> (161.16,640.37)
G1 X161.156 Y640.373
; Coordinate transform: (484.85,202.82) -> (158.59,639.26)
G1 X158.589 Y639.255
; Coordinate transform: (477.29,205.49) -> (155.77,638.26)
G1 X155.771 Y638.258
; Coordinate transform: (469.04,207.77) -> (152.69,637.41)
G1 X152.695 Y637.408
; Coordinate transform: (460.07,209.59) -> (149.35,636.73)
G1 X149.346 Y636.731
; Coordinate transform: (450.44,210.93) -> (145.76,636.23)
G1 X145.758 Y636.229
; Coordinate transform: (440.25,211.83) -> (141.96,635.89)
G1 X141.955 Y635.895
; Coordinate transform: (429.55,212.33) -> (137.96,635.71)
G1 X137.965 Y635.707
; Coordinate transform: (418.38,212.57) -> (133.80,635.62)
G1 X133.798 Y635.617
; Coordinate transform: (406.70,212.74) -> (129.44,635.55)
G1 X129.445 Y635.553
; Coordinate transform: (394.48,213.09) -> (124.89,635.42)
G1 X124.885 Y635.425
; Coordinate transform: (381.68,213.91) -> (120.11,635.12)
G1 X120.113 Y635.119
; Coordinate transform: (368.44,215.53) -> (115.17,634.52)
G1 X115.174 Y634.515
; Coordinate transform: (355.05,218.14) -> (110.18,633.54)
G1 X110.179 Y633.539
; Coordinate transform: (341.99,221.80) -> (105.31,632.18)
G1 X105.310 Y632.176
; Coordinate transform: (329.93,226.39) -> (100.81,630.46)
G1 X100.813 Y630.464
; Coordinate transform: (319.52,231.78) -> (96.93,628.46)
G1 X96.929 Y628.455
; Coordinate transform: (311.19,237.87) -> (93.82,626.18)
G1 X93.824 Y626.181
; Coordinate transform: (305.11,244.70) -> (91.55,623.63)
G1 X91.554 Y623.635
; Coordinate transform: (301.19,252.36) -> (90.09,620.78)
G1 X90.092 Y620.777
; Coordinate transform: (299.24,261.00) -> (89.37,617.56)
G1 X89.367 Y617.556
; Coordinate transform: (299.06,270.75) -> (89.30,613.92)
G1 X89.301 Y613.918
; Coordinate transform: (300.45,281.67) -> (89.82,609.85)
G1 X89.817 Y609.847
; Coordinate transform: (303.17,293.70) -> (90.83,605.36)
G1 X90.832 Y605.360
; Coordinate transform: (306.96,306.63) -> (92.24,600.54)
G1 X92.244 Y600.537
; Coordinate transform: (311.51,320.10) -> (93.94,595.51)
G1 X93.941 Y595.514
; Coordinate transform: (316.56,333.65) -> (95.83,590.46)
G1 X95.826 Y590.461
; Coordinate transform: (321.93,346.79) -> (97.83,585.56)
G1 X97.826 Y585.561
; Coordinate transform: (327.42,359.06) -> (99.87,580.99)
G1 X99.874 Y580.985
; Coordinate transform: (332.93,370.13) -> (101.93,576.86)
G1 X101.929 Y576.856
; Coordinate transform: (338.37,379.86) -> (103.96,573.23)
G1 X103.959 Y573.225
; Coordinate transform: (343.67,388.28) -> (105.94,570.09)
G1 X105.937 Y570.085
; Coordinate transform: (348.79,395.55) -> (107.85,567.37)
G1 X107.847 Y567.374
; Coordinate transform: (353.70,401.84) -> (109.68,565.03)
G1 X109.675 Y565.030
; Coordinate transform: (358.34,407.41) -> (111.41,562.95)
G1 X111.408 Y562.953
; Coordinate transform: (362.72,412.49) -> (113.04,561.06)
G1 X113.039 Y561.058
; Coordinate transform: (366.69,417.27) -> (114.52,559.27)
G1 X114.523 Y559.275
; Coordinate transform: (370.38,422.03) -> (115.90,557.50)
G1 X115.896 Y557.499
; Coordinate transform: (373.74,427.01) -> (117.15,555.64)
G1 X117.152 Y555.642
; Coordinate transform: (376.78,432.44) -> (118.28,553.62)
G1 X118.285 Y553.618
; Coordinate transform: (379.44,438.58) -> (119.28,551.33)
G1 X119.277 Y551.328
; Coordinate transform: (381.64,445.77) -> (120.10,548.64)
G1 X120.098 Y548.644
; Coordinate transform: (383.30,454.27) -> (120.71,545.48)
G1 X120.715 Y545.476
; Coordinate transform: (384.28,464.38) -> (121.08,541.71)
G1 X121.081 Y541.705
; Coordinate transform: (384.49,476.18) -> (121.16,537.31)
G1 X121.159 Y537.306
; Coordinate transform: (383.85,489.56) -> (120.92,532.31)
G1 X120.922 Y532.314
; Coordinate transform: (382.39,504.20) -> (120.38,526.85)
G1 X120.378 Y526.853
; Coordinate transform: (380.26,519.57) -> (119.58,521.12)
G1 X119.584 Y521.122
; Coordinate transform: (377.73,535.10) -> (118.64,515.33)
G1 X118.637 Y515.329
; Coordinate transform: (375.05,550.29) -> (117.64,509.66)
G1 X117.640 Y509.664
; Coordinate transform: (372.33,564.71) -> (116.63,504.29)
G1 X116.625 Y504.285
; Coordinate transform: (369.78,578.04) -> (115.67,499.31)
G1 X115.674 Y499.315
; Coordinate transform: (367.38,590.00) -> (114.78,494.85)
G1 X114.780 Y494.853
; Coordinate transform: (365.04,600.38) -> (113.91,490.98)
G1 X113.907 Y490.983
; Coordinate transform: (362.58,609.03) -> (112.99,487.76)
G1 X112.989 Y487.758
; Coordinate transform: (359.81,615.94) -> (111.95,485.18)
G1 X111.954 Y485.181
; Coordinate transform: (356.49,621.16) -> (110.72,483.23)
G1 X110.718 Y483.231
; Coordinate transform: (352.39,624.87) -> (109.19,481.85)
G1 X109.189 Y481.851
; Coordinate transform: (347.23,627.21) -> (107.26,480.98)
G1 X107.265 Y480.978
; Coordinate transform: (340.80,628.34) -> (104.87,480.55)
G1 X104.867 Y480.554
; Coordinate transform: (332.86,628.42) -> (101.90,480.52)
G1 X101.905 Y480.523
; Coordinate transform: (323.25,627.59) -> (98.32,480.84)
G1 X98.319 Y480.836
; Coordinate transform: (311.92,625.95) -> (94.09,481.45)
G1 X94.095 Y481.448
; Coordinate transform: (299.16,623.61) -> (89.34,482.32)
G1 X89.335 Y482.320
; Coordinate transform: (285.42,620.69) -> (84.21,483.41)
G1 X84.211 Y483.409
; Coordinate transform: (271.20,617.32) -> (78.91,484.67)
G1 X78.910 Y484.665
; Coordinate transform: (256.89,613.65) -> (73.57,486.03)
G1 X73.571 Y486.033
; Coordinate transform: (242.67,609.84) -> (68.27,487.46)
G1 X68.266 Y487.456
; Coordinate transform: (228.58,605.99) -> (63.01,488.89)
G1 X63.012 Y488.892
; Coordinate transform: (214.58,602.22) -> (57.79,490.30)
G1 X57.791 Y490.296
; Coordinate transform: (200.64,598.65) -> (52.59,491.63)
G1 X52.593 Y491.627
; Coordinate transform: (186.77,595.38) -> (47.42,492.85)
G1 X47.418 Y492.850
; Coordinate transform: (172.92,592.43) -> (42.25,493.95)
G1 X42.255 Y493.947
; Coordinate transform: (159.05,589.84) -> (37.08,494.91)
G1 X37.083 Y494.913
; Coordinate transform: (145.10,587.60) -> (31.88,495.75)
G1 X31.877 Y495.749
; Coordinate transform: (130.98,585.72) -> (26.61,496.45)
G1 X26.613 Y496.451
; Coordinate transform: (117.08,584.22) -> (21.43,497.01)
G1 X21.428 Y497.011
; Coordinate transform: (105.33,583.12) -> (17.05,497.42)
G1 X17.047 Y497.422
; Coordinate transform: (97.09,582.32) -> (13.97,497.72)
G1 X13.974 Y497.719
; Coordinate transform: (92.19,581.77) -> (12.15,497.92)
G1 X12.145 Y497.923
; Coordinate transform: (90.45,581.45) -> (11.50,498.04)
G1 X11.497 Y498.043
; Coordinate transform: (91.72,581.34) -> (11.97,498.08)
G1 X11.972 Y498.084
; Coordinate transform: (95.86,581.42) -> (13.51,498.05)
G1 X13.513 Y498.054
; Coordinate transform: (102.70,581.69) -> (16.07,497.95)
G1 X16.067 Y497.954
; Coordinate transform: (112.13,582.14) -> (19.58,497.79)
G1 X19.584 Y497.786
; Coordinate transform: (123.93,582.87) -> (23.98,497.51)
G1 X23.984 Y497.513
; Coordinate transform: (136.24,583.87) -> (28.57,497.14)
G1 X28.575 Y497.142
; Coordinate transform: (148.05,585.09) -> (32.98,496.68)
G1 X32.978 Y496.685
; Coordinate transform: (159.34,586.52) -> (37.19,496.15)
G1 X37.191 Y496.154
; Coordinate transform: (170.29,588.12) -> (41.27,495.56)
G1 X41.274 Y495.557
; Coordinate transform: (180.98,589.88) -> (45.26,494.90)
G1 X45.260 Y494.899
; Coordinate transform: (191.46,591.79) -> (49.17,494.19)
G1 X49.170 Y494.187
; Coordinate transform: (201.79,593.83) -> (53.02,493.43)
G1 X53.021 Y493.427
; Coordinate transform: (211.97,595.95) -> (56.82,492.64)
G1 X56.818 Y492.635
; Coordinate transform: (222.03,598.09) -> (60.57,491.84)
G1 X60.571 Y491.836
; Coordinate transform: (231.99,600.18) -> (64.29,491.06)
G1 X64.286 Y491.057
; Coordinate transform: (241.90,602.11) -> (67.98,490.34)
G1 X67.980 Y490.338
; Coordinate transform: (251.77,603.78) -> (71.66,489.72)
G1 X71.663 Y489.715
; Coordinate transform: (261.64,605.10) -> (75.34,489.22)
G1 X75.344 Y489.222
; Coordinate transform: (271.46,605.98) -> (79.01,488.89)
G1 X79.006 Y488.894
; Coordinate transform: (281.09,606.34) -> (82.60,488.76)
G1 X82.597 Y488.761
; Coordinate transform: (290.36,606.06) -> (86.05,488.86)
G1 X86.054 Y488.865
; Coordinate transform: (299.03,605.05) -> (89.29,489.24)
G1 X89.289 Y489.242
; Coordinate transform: (306.89,603.18) -> (92.22,489.94)
G1 X92.219 Y489.940
; Coordinate transform: (313.78,600.32) -> (94.79,491.00)
G1 X94.787 Y491.004
; Coordinate transform: (319.67,596.34) -> (96.98,492.49)
G1 X96.984 Y492.489
; Coordinate transform: (324.58,591.11) -> (98.82,494.44)
G1 X98.818 Y494.439
; Coordinate transform: (328.64,584.50) -> (100.33,496.90)
G1 X100.331 Y496.904
; Coordinate transform: (332.00,576.41) -> (101.58,499.92)
G1 X101.585 Y499.923
; Coordinate transform: (334.80,566.83) -> (102.63,503.50)
G1 X102.627 Y503.495
; Coordinate transform: (337.11,555.82) -> (103.49,507.60)
G1 X103.489 Y507.600
; Coordinate transform: (338.98,543.55) -> (104.19,512.18)
G1 X104.187 Y512.179
; Coordinate transform: (340.42,530.33) -> (104.72,517.11)
G1 X104.723 Y517.108
; Coordinate transform: (341.36,516.62) -> (105.08,522.22)
G1 X105.076 Y522.221
; Coordinate transform: (341.72,502.91) -> (105.21,527.33)
G1 X105.208 Y527.334
; Coordinate transform: (341.34,489.78) -> (105.07,532.23)
G1 X105.069 Y532.233
; Coordinate transform: (340.08,477.76) -> (104.60,536.71)
G1 X104.597 Y536.714
; Coordinate transform: (337.79,467.25) -> (103.74,540.63)
G1 X103.741 Y540.633
; Coordinate transform: (334.34,458.47) -> (102.46,543.91)
G1 X102.458 Y543.909
; Coordinate transform: (329.73,451.44) -> (100.74,546.53)
G1 X100.736 Y546.532
; Coordinate transform: (323.95,446.05) -> (98.58,548.54)
G1 X98.582 Y548.540
; Coordinate transform: (317.06,442.13) -> (96.01,550.00)
G1 X96.013 Y550.002
; Coordinate transform: (309.16,439.53) -> (93.07,550.97)
G1 X93.067 Y550.972
; Coordinate transform: (300.37,438.14) -> (89.79,551.49)
G1 X89.789 Y551.489
; Coordinate transform: (290.86,437.91) -> (86.24,551.58)
G1 X86.242 Y551.578
; Coordinate transform: (280.78,438.82) -> (82.48,551.24)
G1 X82.482 Y551.238
; Coordinate transform: (270.25,440.96) -> (78.55,550.44)
G1 X78.553 Y550.437
; Coordinate transform: (259.37,444.44) -> (74.50,549.14)
G1 X74.496 Y549.141
; Coordinate transform: (248.28,449.31) -> (70.36,547.33)
G1 X70.362 Y547.326
; Coordinate transform: (237.21,455.57) -> (66.23,544.99)
G1 X66.231 Y544.989
; Coordinate transform: (226.47,463.18) -> (62.23,542.15)
G1 X62.226 Y542.154
; Coordinate transform: (216.39,471.90) -> (58.47,538.90)
G1 X58.466 Y538.901
; Coordinate transform: (207.17,481.48) -> (55.03,535.33)
G1 X55.029 Y535.328
; Coordinate transform: (198.90,491.63) -> (51.94,531.54)
G1 X51.942 Y531.542
; Coordinate transform: (191.49,502.08) -> (49.18,527.64)
G1 X49.179 Y527.644
; Coordinate transform: (184.81,512.56) -> (46.69,523.73)
G1 X46.687 Y523.734
; Coordinate transform: (178.64,522.82) -> (44.39,519.91)
G1 X44.389 Y519.909
; Coordinate transform: (172.92,532.43) -> (42.25,516.33)
G1 X42.253 Y516.325
; Coordinate transform: (167.37,541.24) -> (40.18,513.04)
G1 X40.184 Y513.041
; Coordinate transform: (161.89,549.05) -> (38.14,510.13)
G1 X38.139 Y510.127
; Coordinate transform: (156.35,555.88) -> (36.07,507.58)
G1 X36.075 Y507.580
; Coordinate transform: (150.65,561.77) -> (33.95,505.38)
G1 X33.949 Y505.381
; Coordinate transform: (144.65,566.95) -> (31.71,503.45)
G1 X31.712 Y503.449
; Coordinate transform: (138.24,571.64) -> (29.32,501.70)
G1 X29.322 Y501.700
; Coordinate transform: (131.40,576.08) -> (26.77,500.05)
G1 X26.770 Y500.047
; Coordinate transform: (124.12,580.54) -> (24.06,498.38)
G1 X24.056 Y498.381
; Coordinate transform: (117.25,585.32) -> (21.49,496.60)
G1 X21.493 Y496.601
; Coordinate transform: (111.52,590.68) -> (19.35,494.60)
G1 X19.354 Y494.600
; Coordinate transform: (107.92,596.88) -> (18.01,492.29)
G1 X18.014 Y492.289
; Coordinate transform: (107.06,604.20) -> (17.69,489.56)
G1 X17.691 Y489.560
; Coordinate transform: (108.71,612.72) -> (18.31,486.38)
G1 X18.306 Y486.380
; Coordinate transform: (112.55,622.66) -> (19.74,482.67)
G1 X19.740 Y482.673
; Coordinate transform: (118.18,634.27) -> (21.84,478.34)
G1 X21.838 Y478.342
; Coordinate transform: (124.85,647.69) -> (24.33,473.34)
G1 X24.327 Y473.339
; Coordinate transform: (131.75,662.40) -> (26.90,467.85)
G1 X26.899 Y467.852
; Coordinate transform: (137.91,677.61) -> (29.20,462.18)
G1 X29.196 Y462.179
; Coordinate transform: (143.18,692.43) -> (31.16,456.65)
G1 X31.163 Y456.653
; Coordinate transform: (147.40,706.11) -> (32.74,451.55)
G1 X32.738 Y451.550
; Coordinate transform: (150.48,718.18) -> (33.88,447.05)
G1 X33.884 Y447.048
; Coordinate transform: (152.41,728.44) -> (34.61,443.22)
G1 X34.607 Y443.224
; Coordinate transform: (153.30,736.99) -> (34.94,440.03)
G1 X34.936 Y440.033
; Coordinate transform: (153.20,744.07) -> (34.90,437.39)
G1 X34.899 Y437.394
; Coordinate transform: (152.17,749.93) -> (34.52,435.21)
G1 X34.516 Y435.209
; Coordinate transform: (150.23,754.83) -> (33.79,433.38)
G1 X33.792 Y433.380
; Coordinate transform: (147.34,759.03) -> (32.72,431.82)
G1 X32.716 Y431.815
; Coordinate transform: (143.45,762.74) -> (31.26,430.43)
G1 X31.264 Y430.430
; Coordinate transform: (138.53,766.16) -> (29.43,429.16)
G1 X29.430 Y429.155
; Coordinate transform: (132.59,769.46) -> (27.21,427.93)
G1 X27.213 Y427.926
; Coordinate transform: (125.58,772.80) -> (24.60,426.68)
G1 X24.597 Y426.679
; Coordinate transform: (118.25,776.33) -> (21.87,425.36)
G1 X21.865 Y425.363
; Coordinate transform: (111.45,780.16) -> (19.33,423.93)
G1 X19.328 Y423.932
; Coordinate transform: (106.35,784.37) -> (17.43,422.37)
G1 X17.427 Y422.365
; Coordinate transform: (103.86,789.01) -> (16.50,420.63)
G1 X16.499 Y420.632
; Coordinate transform: (104.32,794.23) -> (16.67,418.69)
G1 X16.669 Y418.685
; Coordinate transform: (107.51,800.16) -> (17.86,416.48)
G1 X17.861 Y416.475
; Coordinate transform: (113.08,807.08) -> (19.94,413.89)
G1 X19.937 Y413.893
; Coordinate transform: (120.12,815.32) -> (22.56,410.82)
G1 X22.562 Y410.820
; Coordinate transform: (127.71,825.10) -> (25.39,407.17)
G1 X25.395 Y407.175
; Coordinate transform: (135.14,836.50) -> (28.16,402.92)
G1 X28.164 Y402.920
; Coordinate transform: (141.98,849.41) -> (30.71,398.10)
G1 X30.714 Y398.105
; Coordinate transform: (148.12,863.40) -> (33.01,392.89)
G1 X33.007 Y392.888
; Coordinate transform: (153.37,877.83) -> (34.96,387.51)
G1 X34.962 Y387.508
; Coordinate transform: (157.56,892.04) -> (36.53,382.21)
G1 X36.526 Y382.209
; Coordinate transform: (160.61,905.59) -> (37.66,377.16)
G1 X37.662 Y377.155
; Coordinate transform: (162.48,918.29) -> (38.36,372.42)
G1 X38.359 Y372.418
; Coordinate transform: (163.17,930.14) -> (38.62,368.00)
G1 X38.618 Y368.000
; Coordinate transform: (162.69,941.21) -> (38.44,363.87)
G1 X38.440 Y363.870
; Coordinate transform: (161.04,951.66) -> (37.82,359.97)
G1 X37.824 Y359.973
; Coordinate transform: (158.20,961.69) -> (36.76,356.23)
G1 X36.764 Y356.233
; Coordinate transform: (154.24,971.52) -> (35.29,352.57)
G1 X35.286 Y352.565
; Coordinate transform: (149.26,981.38) -> (33.43,348.89)
G1 X33.429 Y348.888
; Coordinate transform: (143.38,991.47) -> (31.24,345.13)
G1 X31.237 Y345.127
; Coordinate transform: (136.81,1001.92) -> (28.79,341.23)
G1 X28.788 Y341.227
; Coordinate transform: (129.81,1012.81) -> (26.18,337.17)
G1 X26.175 Y337.166
; Coordinate transform: (122.78,1024.13) -> (23.55,332.94)
G1 X23.555 Y332.944
; Coordinate transform: (116.70,1035.69) -> (21.29,328.63)
G1 X21.289 Y328.633
; Coordinate transform: (112.39,1047.22) -> (19.68,324.33)
G1 X19.680 Y324.333
; Coordinate transform: (110.65,1058.49) -> (19.03,320.13)
G1 X19.030 Y320.130
; Coordinate transform: (111.75,1069.42) -> (19.44,316.05)
G1 X19.441 Y316.053
; Coordinate transform: (115.45,1080.06) -> (20.82,312.08)
G1 X20.820 Y312.085
; Coordinate transform: (120.96,1090.59) -> (22.88,308.16)
G1 X22.877 Y308.158
; Coordinate transform: (127.34,1101.10) -> (25.25,304.24)
G1 X25.254 Y304.238
; Coordinate transform: (133.53,1111.64) -> (27.56,300.31)
G1 X27.563 Y300.307
; Coordinate transform: (138.67,1122.31) -> (29.48,296.33)
G1 X29.481 Y296.328
; Coordinate transform: (142.47,1133.18) -> (30.90,292.27)
G1 X30.898 Y292.274
; Coordinate transform: (144.67,1144.34) -> (31.72,288.11)
G1 X31.718 Y288.112
; Coordinate transform: (145.11,1155.93) -> (31.88,283.79)
G1 X31.883 Y283.789
; Coordinate transform: (143.81,1168.01) -> (31.40,279.28)
G1 X31.398 Y279.284
; Coordinate transform: (140.95,1180.57) -> (30.33,274.60)
G1 X30.330 Y274.599
; Coordinate transform: (136.79,1193.55) -> (28.78,269.76)
G1 X28.781 Y269.759
; Coordinate transform: (131.69,1206.86) -> (26.88,264.79)
G1 X26.876 Y264.795
; Coordinate transform: (125.95,1220.41) -> (24.74,259.74)
G1 X24.737 Y259.741
; Coordinate transform: (120.64,1234.04) -> (22.76,254.66)
G1 X22.758 Y254.658
; Coordinate transform: (116.64,1247.54) -> (21.27,249.62)
G1 X21.265 Y249.623
; Coordinate transform: (114.57,1260.61) -> (20.49,244.75)
G1 X20.493 Y244.748
; Coordinate transform: (114.80,1272.95) -> (20.58,240.15)
G1 X20.577 Y240.146
; Coordinate transform: (117.19,1284.27) -> (21.47,235.92)
G1 X21.469 Y235.924
; Coordinate transform: (121.20,1294.36) -> (22.97,232.16)
G1 X22.965 Y232.161
; Coordinate transform: (126.22,1303.06) -> (24.84,228.92)
G1 X24.837 Y228.916
; Coordinate transform: (131.54,1310.26) -> (26.82,226.23)
G1 X26.822 Y226.231
; Coordinate transform: (136.45,1315.94) -> (28.65,224.11)
G1 X28.654 Y224.113
; Coordinate transform: (140.93,1320.13) -> (30.32,222.55)
G1 X30.324 Y222.550
; Coordinate transform: (145.00,1322.89) -> (31.84,221.52)
G1 X31.843 Y221.521
; Coordinate transform: (148.72,1324.30) -> (33.23,220.99)
G1 X33.227 Y220.995
; Coordinate transform: (152.16,1324.43) -> (34.51,220.95)
G1 X34.512 Y220.946
; Coordinate transform: (155.47,1323.31) -> (35.74,221.36)
G1 X35.745 Y221.364
; Coordinate transform: (158.77,1320.93) -> (36.98,222.25)
G1 X36.976 Y222.252
; Coordinate transform: (162.22,1317.24) -> (38.26,223.63)
G1 X38.264 Y223.628
; Coordinate transform: (165.96,1312.18) -> (39.66,225.52)
G1 X39.657 Y225.515
; Coordinate transform: (170.01,1305.71) -> (41.17,227.93)
G1 X41.170 Y227.928
; Coordinate transform: (174.44,1297.77) -> (42.82,230.89)
G1 X42.821 Y230.889
; Coordinate transform: (179.28,1288.41) -> (44.62,234.38)
G1 X44.625 Y234.380
; Coordinate transform: (184.44,1277.74) -> (46.55,238.36)
G1 X46.550 Y238.360
; Coordinate transform: (189.76,1266.12) -> (48.54,242.69)
G1 X48.535 Y242.693
; Coordinate transform: (195.07,1254.02) -> (50.51,247.21)
G1 X50.514 Y247.206
; Coordinate transform: (200.10,1241.97) -> (52.39,251.70)
G1 X52.392 Y251.700
; Coordinate transform: (204.69,1230.50) -> (54.10,255.98)
G1 X54.104 Y255.978
; Coordinate transform: (208.77,1219.98) -> (55.63,259.90)
G1 X55.626 Y259.901
; Coordinate transform: (212.34,1210.54) -> (56.96,263.42)
G1 X56.955 Y263.422
; Coordinate transform: (215.46,1202.20) -> (58.12,266.53)
G1 X58.121 Y266.532
; Coordinate transform: (218.29,1194.84) -> (59.18,269.28)
G1 X59.176 Y269.277
; Coordinate transform: (221.00,1188.27) -> (60.19,271.73)
G1 X60.185 Y271.728
; Coordinate transform: (223.75,1182.27) -> (61.21,273.97)
G1 X61.213 Y273.965
; Coordinate transform: (226.70,1176.58) -> (62.31,276.09)
G1 X62.312 Y276.088
; Coordinate transform: (229.99,1170.94) -> (63.54,278.19)
G1 X63.539 Y278.191
; Coordinate transform: (233.78,1165.04) -> (64.95,280.39)
G1 X64.953 Y280.391
; Coordinate transform: (238.23,1158.59) -> (66.61,282.80)
G1 X66.613 Y282.797
; Coordinate transform: (243.40,1151.27) -> (68.54,285.53)
G1 X68.540 Y285.527
; Coordinate transform: (249.29,1142.79) -> (70.74,288.69)
G1 X70.735 Y288.690
; Coordinate transform: (255.85,1132.88) -> (73.18,292.39)
G1 X73.182 Y292.386
; Coordinate transform: (262.80,1121.47) -> (75.77,296.64)
G1 X75.774 Y296.641
; Coordinate transform: (269.79,1108.65) -> (78.38,301.42)
G1 X78.384 Y301.422
; Coordinate transform: (276.53,1094.70) -> (80.90,306.62)
G1 X80.897 Y306.625
; Coordinate transform: (282.85,1080.05) -> (83.25,312.09)
G1 X83.252 Y312.089
; Coordinate transform: (288.75,1065.18) -> (85.45,317.63)
G1 X85.452 Y317.634
; Coordinate transform: (294.36,1050.54) -> (87.55,323.09)
G1 X87.545 Y323.095
; Coordinate transform: (299.83,1036.44) -> (89.59,328.35)
G1 X89.588 Y328.353
; Coordinate transform: (305.24,1023.06) -> (91.61,333.34)
G1 X91.605 Y333.343
; Coordinate transform: (310.61,1010.43) -> (93.61,338.05)
G1 X93.606 Y338.054
; Coordinate transform: (315.87,998.51) -> (95.57,342.50)
G1 X95.569 Y342.499
; Coordinate transform: (321.00,987.31) -> (97.48,346.67)
G1 X97.483 Y346.675
; Coordinate transform: (325.92,976.86) -> (99.32,350.57)
G1 X99.315 Y350.575
; Coordinate transform: (330.63,967.15) -> (101.07,354.20)
G1 X101.073 Y354.196
; Coordinate transform: (335.24,958.22) -> (102.79,357.53)
G1 X102.791 Y357.526
; Coordinate transform: (339.88,950.14) -> (104.52,360.54)
G1 X104.525 Y360.537
; Coordinate transform: (344.76,942.92) -> (106.34,363.23)
G1 X106.341 Y363.230
; Coordinate transform: (350.03,936.51) -> (108.31,365.62)
G1 X108.307 Y365.623
; Coordinate transform: (355.89,930.80) -> (110.49,367.75)
G1 X110.493 Y367.751
; Coordinate transform: (362.43,925.67) -> (112.93,369.67)
G1 X112.934 Y369.665
; Coordinate transform: (369.71,920.99) -> (115.65,371.41)
G1 X115.649 Y371.412
; Coordinate transform: (377.68,916.64) -> (118.62,373.03)
G1 X118.621 Y373.032
; Coordinate transform: (386.17,912.54) -> (121.79,374.56)
G1 X121.787 Y374.562
; Coordinate transform: (394.94,908.62) -> (125.06,376.03)
G1 X125.058 Y376.025
; Coordinate transform: (403.71,904.84) -> (128.33,377.43)
G1 X128.329 Y377.434
; Coordinate transform: (412.21,901.17) -> (131.50,378.80)
G1 X131.497 Y378.804
; Coordinate transform: (420.14,897.55) -> (134.46,380.15)
G1 X134.455 Y380.152
; Coordinate transform: (427.38,893.98) -> (137.15,381.49)
G1 X137.155 Y381.486
; Coordinate transform: (433.84,890.37) -> (139.57,382.83)
G1 X139.567 Y382.829
; Coordinate transform: (439.55,886.68) -> (141.69,384.21)
G1 X141.693 Y384.206
; Coordinate transform: (444.51,882.81) -> (143.54,385.65)
G1 X143.545 Y385.651
; Coordinate transform: (448.81,878.62) -> (145.15,387.21)
G1 X145.148 Y387.211
; Coordinate transform: (452.53,873.99) -> (146.54,388.94)
G1 X146.535 Y388.939
; Coordinate transform: (455.77,868.79) -> (147.74,390.88)
G1 X147.744 Y390.879
; Coordinate transform: (458.64,862.87) -> (148.81,393.09)
G1 X148.814 Y393.088
; Coordinate transform: (461.24,856.04) -> (149.79,395.63)
G1 X149.786 Y395.634
; Coordinate transform: (463.69,848.19) -> (150.70,398.56)
G1 X150.700 Y398.562
; Coordinate transform: (466.11,839.16) -> (151.60,401.93)
G1 X151.600 Y401.929
; Coordinate transform: (468.62,828.97) -> (152.54,405.73)
G1 X152.537 Y405.732
; Coordinate transform: (471.37,817.69) -> (153.56,409.94)
G1 X153.561 Y409.938
; Coordinate transform: (474.47,805.52) -> (154.72,414.47)
G1 X154.717 Y414.475
; Coordinate transform: (478.01,792.80) -> (156.04,419.22)
G1 X156.038 Y419.219
; Coordinate transform: (482.03,779.90) -> (157.54,424.03)
G1 X157.539 Y424.030
; Coordinate transform: (486.53,767.29) -> (159.22,428.73)
G1 X159.215 Y428.732
; Coordinate transform: (491.41,755.48) -> (161.03,433.14)
G1 X161.035 Y433.138
; Coordinate transform: (496.55,744.87) -> (162.95,437.10)
G1 X162.952 Y437.097
; Coordinate transform: (501.84,735.70) -> (164.93,440.52)
G1 X164.925 Y440.516
; Coordinate transform: (507.15,728.03) -> (166.90,443.38)
G1 X166.905 Y443.375
; Coordinate transform: (512.38,721.77) -> (168.86,445.71)
G1 X168.857 Y445.708
; Coordinate transform: (517.50,716.75) -> (170.76,447.58)
G1 X170.765 Y447.581
; Coordinate transform: (522.52,712.79) -> (172.64,449.06)
G1 X172.639 Y449.059
; Coordinate transform: (527.53,709.71) -> (174.51,450.21)
G1 X174.506 Y450.208
; Coordinate transform: (532.63,707.37) -> (176.41,451.08)
G1 X176.408 Y451.081
; Coordinate transform: (537.98,705.62) -> (178.40,451.73)
G1 X178.404 Y451.733
; Coordinate transform: (543.77,704.37) -> (180.57,452.20)
G1 X180.565 Y452.198
M400 ; Wait for drawing to complete
; === STOP BRUSH SEQUENCE ===
; STOP BRUSH A
G4 P50 ; Short delay before stepper command
G1 U0.000 F200.0 ; Close Brush A flow
M400 ; Wait for stepper motion to complete
M106 P2 S0 ; Brush A air off
; Z already at 84.000mm, above safe threshold of 10.000mm, no need to raise
; === END STOP BRUSH SEQUENCE ===
; === PATH END ===


; Path 10/49 (id: path10)
; WIDTH: requested=117.176mm, actual=1863.507mm, compensation=0.800
; Z HEIGHT: 84.000mm (min=4.0, max=84.0)
; PAINT FLOW: 0.500 (baseline=0.1, max=0.5)
; PAINT FLOW COMPONENTS: base=0.100, width=0.300, opacity=0.100
; FEEDRATE: 475.6 mm/min (z_factor=0.0259, speed_factor=0.765)
; WARNING: Requested stroke width 117.2mm exceeds machine capability.
; H.Airbrush cannot draw strokes wider than 6.6mm at 1mm/s minimum speed.
; Stroke width has been reduced to 6.6mm.
; ===== STROKE PARAMETERS =====
; Color: black
; Width: 117.18mm
; Opacity: 0.25
; Brush: brush_a (index 0)
T0 ; Select Brush A (Black)
; ===== AIRBRUSH SETTINGS =====
; Z-height: 84.00mm
; Paint flow: 0.50
; Feedrate: 475.6mm/min (includes Z scaling)
; Using brush: brush_a (tool 0)
; Path with Brush A (black) at Z=84.000mm
; Using: Air=P2, Flow=A axis
; Drawing Z height: 84.000mm, Travel Z height: 10.000mm
; Machine Z range: 0-84mm (Safe range: 5-80mm)
; === START BRUSH SEQUENCE ===
; START BRUSH A
; Z already at 84.000mm, above safe threshold of 10.000mm, no need to raise
T0 ; Select Tool 0 (Brush A)
G4 P500 ; Wait for tool change to complete
; === END BRUSH SEQUENCE ===
; Coordinate transform: (778.30,592.07) -> (268.03,494.08)
G0 X268.034 Y494.082 F24000
M400 ; Wait for XY movement to complete
G1 Z84.000 F1200
M400 ; Wait for Z movement to complete
; === ACTIVATE BRUSH AT POSITION ===
; AIR ON FIRST - Important to prevent dripping
M106 P2 S1 ; Brush A air on
; PAINT ON AFTER AIR
G4 P50 ; Short delay before stepper command
G1 U2.400 F200.0 ; Set Brush A flow to 2.400mm
M400 ; Wait for stepper motion to complete
; === BRUSH ACTIVATED ===
G1 F475.56460435427675
; Coordinate transform: (778.53,593.36) -> (268.12,493.60)
G1 X268.120 Y493.601
; Coordinate transform: (778.81,595.16) -> (268.22,492.93)
G1 X268.224 Y492.930
; Coordinate transform: (779.14,597.38) -> (268.35,492.10)
G1 X268.345 Y492.100
; Coordinate transform: (779.52,599.94) -> (268.49,491.15)
G1 X268.486 Y491.148
; Coordinate transform: (779.94,602.74) -> (268.64,490.10)
G1 X268.644 Y490.104
; Coordinate transform: (780.42,605.73) -> (268.82,488.99)
G1 X268.825 Y488.986
; Coordinate transform: (781.00,608.91) -> (269.04,487.80)
G1 X269.039 Y487.801
; Coordinate transform: (781.70,612.25) -> (269.30,486.55)
G1 X269.299 Y486.554
; Coordinate transform: (782.55,615.77) -> (269.62,485.24)
G1 X269.616 Y485.244
; Coordinate transform: (783.59,619.48) -> (270.00,483.86)
G1 X270.004 Y483.861
; Coordinate transform: (784.85,623.43) -> (270.48,482.39)
G1 X270.477 Y482.386
; Coordinate transform: (786.38,627.70) -> (271.05,480.79)
G1 X271.048 Y480.793
; Coordinate transform: (788.22,632.35) -> (271.73,479.06)
G1 X271.733 Y479.061
; Coordinate transform: (790.39,637.42) -> (272.54,477.17)
G1 X272.540 Y477.169
; Coordinate transform: (792.89,642.96) -> (273.47,475.10)
G1 X273.475 Y475.103
; Coordinate transform: (795.74,649.00) -> (274.54,472.85)
G1 X274.535 Y472.850
; Coordinate transform: (798.89,655.46) -> (275.71,470.44)
G1 X275.711 Y470.440
; Coordinate transform: (802.28,662.22) -> (276.98,467.92)
G1 X276.976 Y467.919
; Coordinate transform: (805.83,669.10) -> (278.30,465.35)
G1 X278.300 Y465.352
; Coordinate transform: (809.40,675.87) -> (279.63,462.83)
G1 X279.632 Y462.830
; Coordinate transform: (812.91,682.15) -> (280.94,460.48)
G1 X280.942 Y460.485
; Coordinate transform: (816.11,687.83) -> (282.13,458.37)
G1 X282.132 Y458.369
; Coordinate transform: (818.83,692.69) -> (283.15,456.56)
G1 X283.147 Y456.555
; Coordinate transform: (820.96,696.60) -> (283.94,455.10)
G1 X283.944 Y455.097
; Coordinate transform: (822.44,699.48) -> (284.49,454.02)
G1 X284.495 Y454.023
; Coordinate transform: (823.22,701.31) -> (284.79,453.34)
G1 X284.786 Y453.341
; Coordinate transform: (823.30,702.10) -> (284.82,453.05)
G1 X284.815 Y453.047
; Coordinate transform: (822.68,701.90) -> (284.58,453.12)
G1 X284.584 Y453.122
; Coordinate transform: (821.39,700.77) -> (284.10,453.54)
G1 X284.103 Y453.540
; Coordinate transform: (819.47,698.82) -> (283.39,454.27)
G1 X283.388 Y454.269
; Coordinate transform: (816.97,696.12) -> (282.45,455.28)
G1 X282.454 Y455.277
; Coordinate transform: (813.91,692.75) -> (281.32,456.53)
G1 X281.315 Y456.535
; Coordinate transform: (810.34,688.79) -> (279.98,458.01)
G1 X279.984 Y458.009
; Coordinate transform: (806.26,684.34) -> (278.46,459.67)
G1 X278.460 Y459.668
; Coordinate transform: (801.65,679.50) -> (276.74,461.47)
G1 X276.741 Y461.475
; Coordinate transform: (796.53,674.35) -> (274.83,463.40)
G1 X274.832 Y463.397
; Coordinate transform: (790.85,668.96) -> (272.71,465.40)
G1 X272.715 Y465.405
; Coordinate transform: (784.54,663.47) -> (270.36,467.45)
G1 X270.359 Y467.453
; Coordinate transform: (777.54,657.94) -> (267.75,469.51)
G1 X267.751 Y469.514
; Coordinate transform: (769.74,652.45) -> (264.84,471.56)
G1 X264.839 Y471.562
; Coordinate transform: (761.10,647.03) -> (261.62,473.58)
G1 X261.619 Y473.584
; Coordinate transform: (751.60,641.69) -> (258.08,475.58)
G1 X258.075 Y475.576
; Coordinate transform: (741.45,636.38) -> (254.29,477.56)
G1 X254.288 Y477.555
; Coordinate transform: (731.00,631.08) -> (250.39,479.53)
G1 X250.393 Y479.532
; Coordinate transform: (720.78,625.78) -> (246.58,481.51)
G1 X246.579 Y481.511
; Coordinate transform: (711.27,620.44) -> (243.03,483.50)
G1 X243.034 Y483.502
; Coordinate transform: (702.78,615.01) -> (239.87,485.53)
G1 X239.869 Y485.527
; Coordinate transform: (695.50,609.39) -> (237.15,487.62)
G1 X237.152 Y487.622
; Coordinate transform: (689.36,603.41) -> (234.86,489.85)
G1 X234.861 Y489.852
; Coordinate transform: (684.28,596.82) -> (232.97,492.31)
G1 X232.966 Y492.311
; Coordinate transform: (680.07,589.42) -> (231.40,495.07)
G1 X231.396 Y495.071
; Coordinate transform: (676.53,581.08) -> (230.08,498.18)
G1 X230.077 Y498.181
; Coordinate transform: (673.49,571.84) -> (228.94,501.63)
G1 X228.943 Y501.628
; Coordinate transform: (670.78,561.87) -> (227.93,505.34)
G1 X227.933 Y505.345
; Coordinate transform: (668.25,551.43) -> (226.99,509.24)
G1 X226.989 Y509.240
; Coordinate transform: (665.72,540.53) -> (226.04,513.30)
G1 X226.044 Y513.303
; Coordinate transform: (662.96,528.95) -> (225.02,517.62)
G1 X225.018 Y517.622
; Coordinate transform: (659.76,516.18) -> (223.82,522.38)
G1 X223.824 Y522.384
; Coordinate transform: (655.94,502.12) -> (222.40,527.63)
G1 X222.399 Y527.630
; Coordinate transform: (651.49,487.22) -> (220.74,533.19)
G1 X220.740 Y533.186
; Coordinate transform: (646.51,472.12) -> (218.88,538.82)
G1 X218.880 Y538.818
; Coordinate transform: (641.25,457.19) -> (216.92,544.38)
G1 X216.919 Y544.385
; Coordinate transform: (636.05,442.64) -> (214.98,549.81)
G1 X214.979 Y549.811
; Coordinate transform: (631.07,428.55) -> (213.12,555.07)
G1 X213.121 Y555.069
; Coordinate transform: (626.34,414.90) -> (211.36,560.16)
G1 X211.358 Y560.157
; Coordinate transform: (621.88,401.73) -> (209.69,565.07)
G1 X209.695 Y565.068
; Coordinate transform: (617.74,389.07) -> (208.15,569.79)
G1 X208.152 Y569.791
; Coordinate transform: (613.81,377.22) -> (206.69,574.21)
G1 X206.686 Y574.210
; Coordinate transform: (610.03,366.31) -> (205.27,578.28)
G1 X205.274 Y578.278
; Coordinate transform: (606.35,356.45) -> (203.90,581.96)
G1 X203.903 Y581.957
; Coordinate transform: (602.79,347.62) -> (202.58,585.25)
G1 X202.577 Y585.249
; Coordinate transform: (599.38,339.74) -> (201.30,588.19)
G1 X201.304 Y588.190
; Coordinate transform: (596.13,332.62) -> (200.09,590.84)
G1 X200.094 Y590.843
; Coordinate transform: (593.09,326.07) -> (198.96,593.29)
G1 X198.959 Y593.289
; Coordinate transform: (590.38,319.79) -> (197.95,595.63)
G1 X197.947 Y595.631
; Coordinate transform: (587.91,313.57) -> (197.03,597.95)
G1 X197.028 Y597.948
; Coordinate transform: (585.75,307.17) -> (196.22,600.34)
G1 X196.222 Y600.338
; Coordinate transform: (583.96,300.30) -> (195.55,602.90)
G1 X195.553 Y602.899
; Coordinate transform: (582.62,292.78) -> (195.05,605.70)
G1 X195.052 Y605.704
; Coordinate transform: (581.83,284.37) -> (194.76,608.84)
G1 X194.759 Y608.838
; Coordinate transform: (581.68,275.01) -> (194.70,612.33)
G1 X194.704 Y612.332
; Coordinate transform: (582.25,264.62) -> (194.92,616.20)
G1 X194.916 Y616.204
; Coordinate transform: (583.57,253.30) -> (195.41,620.43)
G1 X195.409 Y620.427
; Coordinate transform: (585.65,241.24) -> (196.18,624.93)
G1 X196.182 Y624.926
; Coordinate transform: (588.45,228.76) -> (197.23,629.58)
G1 X197.228 Y629.580
; Coordinate transform: (591.95,216.26) -> (198.53,634.24)
G1 X198.532 Y634.242
; Coordinate transform: (596.06,204.14) -> (200.07,638.76)
G1 X200.066 Y638.761
; Coordinate transform: (600.64,192.76) -> (201.77,643.01)
G1 X201.774 Y643.005
; Coordinate transform: (605.43,182.35) -> (203.56,646.89)
G1 X203.560 Y646.888
; Coordinate transform: (610.13,173.00) -> (205.31,650.37)
G1 X205.315 Y650.374
; Coordinate transform: (614.47,164.68) -> (206.93,653.48)
G1 X206.931 Y653.480
; Coordinate transform: (618.17,157.17) -> (208.31,656.28)
G1 X208.312 Y656.280
; Coordinate transform: (621.10,150.17) -> (209.40,658.89)
G1 X209.403 Y658.891
; Coordinate transform: (623.14,143.27) -> (210.17,661.46)
G1 X210.166 Y661.464
; Coordinate transform: (624.26,136.09) -> (210.58,664.14)
G1 X210.583 Y664.143
; Coordinate transform: (624.43,128.26) -> (210.65,667.06)
G1 X210.646 Y667.060
; Coordinate transform: (623.64,119.88) -> (210.35,670.19)
G1 X210.353 Y670.187
; Coordinate transform: (621.95,111.64) -> (209.72,673.26)
G1 X209.721 Y673.261
; Coordinate transform: (619.45,104.75) -> (208.79,675.83)
G1 X208.787 Y675.830
; Coordinate transform: (616.24,100.40) -> (207.59,677.45)
G1 X207.590 Y677.452
; Coordinate transform: (612.40,98.94) -> (206.16,677.99)
G1 X206.161 Y677.995
; Coordinate transform: (607.99,100.32) -> (204.52,677.48)
G1 X204.516 Y677.480
; Coordinate transform: (603.02,104.46) -> (202.66,675.94)
G1 X202.661 Y675.939
; Coordinate transform: (597.41,110.96) -> (200.57,673.51)
G1 X200.569 Y673.513
; Coordinate transform: (591.10,118.70) -> (198.22,670.63)
G1 X198.217 Y670.628
; Coordinate transform: (584.09,126.48) -> (195.60,667.72)
G1 X195.600 Y667.724
; Coordinate transform: (576.43,133.65) -> (192.75,665.05)
G1 X192.745 Y665.052
; Coordinate transform: (568.33,139.75) -> (189.72,662.78)
G1 X189.722 Y662.777
; Coordinate transform: (560.01,144.91) -> (186.62,660.85)
G1 X186.621 Y660.852
; Coordinate transform: (551.72,149.16) -> (183.53,659.27)
G1 X183.530 Y659.266
; Coordinate transform: (543.61,152.54) -> (180.50,658.00)
G1 X180.504 Y658.004
; Coordinate transform: (535.74,155.09) -> (177.57,657.06)
G1 X177.569 Y657.056
; Coordinate transform: (528.02,156.80) -> (174.69,656.42)
G1 X174.689 Y656.417
; Coordinate transform: (520.26,157.65) -> (171.80,656.10)
G1 X171.797 Y656.101
; Coordinate transform: (512.20,157.58) -> (168.79,656.13)
G1 X168.790 Y656.126
; Coordinate transform: (503.50,156.52) -> (165.55,656.52)
G1 X165.547 Y656.521
; Coordinate transform: (493.85,154.40) -> (161.95,657.31)
G1 X161.946 Y657.312
; Coordinate transform: (482.95,151.14) -> (157.88,658.53)
G1 X157.881 Y658.527
; Coordinate transform: (470.58,146.70) -> (153.27,660.18)
G1 X153.267 Y660.184
; Coordinate transform: (456.75,141.04) -> (148.11,662.29)
G1 X148.109 Y662.293
; Coordinate transform: (441.81,134.36) -> (142.54,664.79)
G1 X142.539 Y664.787
; Coordinate transform: (426.39,126.91) -> (136.79,667.56)
G1 X136.786 Y667.564
; Coordinate transform: (411.19,119.55) -> (131.12,670.31)
G1 X131.119 Y670.311
; Coordinate transform: (396.80,113.30) -> (125.75,672.64)
G1 X125.749 Y672.643
; Coordinate transform: (383.47,109.18) -> (120.78,674.18)
G1 X120.779 Y674.176
; Coordinate transform: (371.15,107.85) -> (116.19,674.67)
G1 X116.186 Y674.673
; Coordinate transform: (359.65,109.33) -> (111.89,674.12)
G1 X111.895 Y674.120
; Coordinate transform: (348.69,113.13) -> (107.81,672.70)
G1 X107.810 Y672.704
; Coordinate transform: (338.08,118.35) -> (103.85,670.76)
G1 X103.850 Y670.756
; Coordinate transform: (327.67,123.98) -> (99.97,668.66)
G1 X99.969 Y668.656
; Coordinate transform: (317.61,129.29) -> (96.22,666.68)
G1 X96.217 Y666.679
; Coordinate transform: (308.18,133.61) -> (92.70,665.07)
G1 X92.698 Y665.066
; Coordinate transform: (299.69,136.66) -> (89.54,663.93)
G1 X89.535 Y663.929
; Coordinate transform: (292.45,138.49) -> (86.83,663.25)
G1 X86.833 Y663.248
; Coordinate transform: (286.60,139.12) -> (84.65,663.01)
G1 X84.650 Y663.009
; Coordinate transform: (282.14,138.64) -> (82.99,663.19)
G1 X82.988 Y663.191
; Coordinate transform: (279.04,137.05) -> (81.83,663.78)
G1 X81.831 Y663.782
; Coordinate transform: (277.24,134.36) -> (81.16,664.78)
G1 X81.160 Y664.785
; Coordinate transform: (276.66,130.53) -> (80.95,666.21)
G1 X80.946 Y666.213
; Coordinate transform: (277.25,125.64) -> (81.16,668.04)
G1 X81.163 Y668.039
; Coordinate transform: (278.95,120.12) -> (81.80,670.10)
G1 X81.797 Y670.099
; Coordinate transform: (281.75,114.42) -> (82.84,672.22)
G1 X82.841 Y672.225
; Coordinate transform: (285.58,109.22) -> (84.27,674.16)
G1 X84.270 Y674.163
M400 ; Wait for drawing to complete
; === STOP BRUSH SEQUENCE ===
; STOP BRUSH A
G4 P50 ; Short delay before stepper command
G1 U0.000 F200.0 ; Close Brush A flow
M400 ; Wait for stepper motion to complete
M106 P2 S0 ; Brush A air off
; Z already at 84.000mm, above safe threshold of 10.000mm, no need to raise
; === END STOP BRUSH SEQUENCE ===
; === PATH END ===


; Path 11/49 (id: path11)
; WIDTH: requested=117.176mm, actual=1863.507mm, compensation=0.800
; Z HEIGHT: 84.000mm (min=4.0, max=84.0)
; PAINT FLOW: 0.500 (baseline=0.1, max=0.5)
; PAINT FLOW COMPONENTS: base=0.100, width=0.300, opacity=0.100
; FEEDRATE: 475.6 mm/min (z_factor=0.0259, speed_factor=0.765)
; WARNING: Requested stroke width 117.2mm exceeds machine capability.
; H.Airbrush cannot draw strokes wider than 6.6mm at 1mm/s minimum speed.
; Stroke width has been reduced to 6.6mm.
; ===== STROKE PARAMETERS =====
; Color: black
; Width: 117.18mm
; Opacity: 0.25
; Brush: brush_a (index 0)
T0 ; Select Brush A (Black)
; ===== AIRBRUSH SETTINGS =====
; Z-height: 84.00mm
; Paint flow: 0.50
; Feedrate: 475.6mm/min (includes Z scaling)
; Using brush: brush_a (tool 0)
; Path with Brush A (black) at Z=84.000mm
; Using: Air=P2, Flow=A axis
; Drawing Z height: 84.000mm, Travel Z height: 10.000mm
; Machine Z range: 0-84mm (Safe range: 5-80mm)
; === START BRUSH SEQUENCE ===
; START BRUSH A
; Z already at 84.000mm, above safe threshold of 10.000mm, no need to raise
T0 ; Select Tool 0 (Brush A)
G4 P500 ; Wait for tool change to complete
; === END BRUSH SEQUENCE ===
; Coordinate transform: (1801.25,805.82) -> (649.54,414.36)
G0 X649.545 Y414.365 F24000
M400 ; Wait for XY movement to complete
G1 Z84.000 F1200
M400 ; Wait for Z movement to complete
; === ACTIVATE BRUSH AT POSITION ===
; AIR ON FIRST - Important to prevent dripping
M106 P2 S1 ; Brush A air on
; PAINT ON AFTER AIR
G4 P50 ; Short delay before stepper command
G1 U2.400 F200.0 ; Set Brush A flow to 2.400mm
M400 ; Wait for stepper motion to complete
; === BRUSH ACTIVATED ===
G1 F475.56460435427675
; Coordinate transform: (1803.95,806.02) -> (650.55,414.29)
G1 X650.552 Y414.289
; Coordinate transform: (1807.51,806.13) -> (651.88,414.25)
G1 X651.879 Y414.247
; Coordinate transform: (1811.55,806.09) -> (653.39,414.26)
G1 X653.386 Y414.263
; Coordinate transform: (1815.68,805.81) -> (654.93,414.37)
G1 X654.926 Y414.367
; Coordinate transform: (1819.55,805.23) -> (656.37,414.58)
G1 X656.370 Y414.584
; Coordinate transform: (1823.15,804.36) -> (657.71,414.91)
G1 X657.712 Y414.907
; Coordinate transform: (1826.54,803.24) -> (658.98,415.33)
G1 X658.977 Y415.327
; Coordinate transform: (1829.77,801.88) -> (660.18,415.83)
G1 X660.181 Y415.835
; Coordinate transform: (1832.89,800.27) -> (661.34,416.43)
G1 X661.345 Y416.432
; Coordinate transform: (1835.98,798.44) -> (662.50,417.12)
G1 X662.497 Y417.115
; Coordinate transform: (1839.11,796.38) -> (663.66,417.88)
G1 X663.665 Y417.882
; Coordinate transform: (1842.37,794.10) -> (664.88,418.74)
G1 X664.880 Y418.735
; Coordinate transform: (1845.85,791.56) -> (666.18,419.68)
G1 X666.178 Y419.680
; Coordinate transform: (1849.66,788.75) -> (667.60,420.73)
G1 X667.599 Y420.728
; Coordinate transform: (1853.79,785.66) -> (669.14,421.88)
G1 X669.140 Y421.883
; Coordinate transform: (1858.26,782.26) -> (670.81,423.15)
G1 X670.807 Y423.152
; Coordinate transform: (1863.09,778.52) -> (672.61,424.55)
G1 X672.608 Y424.545
; Coordinate transform: (1867.88,774.41) -> (674.39,426.08)
G1 X674.394 Y426.078
; Coordinate transform: (1871.99,769.91) -> (675.93,427.76)
G1 X675.927 Y427.758
; Coordinate transform: (1874.91,764.98) -> (677.02,429.59)
G1 X677.016 Y429.595
; Coordinate transform: (1876.27,759.55) -> (677.52,431.62)
G1 X677.524 Y431.620
; Coordinate transform: (1875.83,753.50) -> (677.36,433.87)
G1 X677.359 Y433.875
; Coordinate transform: (1873.61,746.74) -> (676.53,436.40)
G1 X676.532 Y436.396
; Coordinate transform: (1869.85,739.10) -> (675.13,439.25)
G1 X675.129 Y439.248
; Coordinate transform: (1864.89,730.52) -> (673.28,442.45)
G1 X673.279 Y442.445
; Coordinate transform: (1859.23,720.99) -> (671.17,446.00)
G1 X671.168 Y446.000
; Coordinate transform: (1853.34,710.61) -> (668.97,449.87)
G1 X668.972 Y449.872
; Coordinate transform: (1847.25,699.58) -> (666.70,453.98)
G1 X666.700 Y453.985
; Coordinate transform: (1841.08,688.16) -> (664.40,458.25)
G1 X664.399 Y458.247
; Coordinate transform: (1834.95,676.58) -> (662.11,462.56)
G1 X662.113 Y462.565
; Coordinate transform: (1829.02,665.08) -> (659.90,466.85)
G1 X659.902 Y466.855
; Coordinate transform: (1823.53,653.82) -> (657.85,471.05)
G1 X657.854 Y471.052
; Coordinate transform: (1818.76,642.96) -> (656.08,475.10)
G1 X656.075 Y475.103
; Coordinate transform: (1814.80,632.61) -> (654.60,478.96)
G1 X654.598 Y478.962
; Coordinate transform: (1811.71,622.81) -> (653.45,482.62)
G1 X653.446 Y482.617
; Coordinate transform: (1809.43,613.50) -> (652.60,486.09)
G1 X652.595 Y486.090
; Coordinate transform: (1807.82,604.64) -> (651.99,489.40)
G1 X651.995 Y489.396
; Coordinate transform: (1806.85,596.10) -> (651.63,492.58)
G1 X651.633 Y492.578
; Coordinate transform: (1806.60,587.76) -> (651.54,495.69)
G1 X651.540 Y495.689
; Coordinate transform: (1807.30,579.43) -> (651.80,498.80)
G1 X651.801 Y498.796
; Coordinate transform: (1809.26,570.99) -> (652.53,501.94)
G1 X652.532 Y501.945
; Coordinate transform: (1812.90,562.32) -> (653.89,505.18)
G1 X653.890 Y505.178
; Coordinate transform: (1818.55,553.43) -> (656.00,508.49)
G1 X655.997 Y508.491
; Coordinate transform: (1826.14,544.51) -> (658.83,511.82)
G1 X658.827 Y511.820
; Coordinate transform: (1834.94,535.98) -> (662.11,515.00)
G1 X662.109 Y515.001
; Coordinate transform: (1844.28,528.36) -> (665.59,517.84)
G1 X665.593 Y517.843
; Coordinate transform: (1853.97,522.06) -> (669.21,520.19)
G1 X669.207 Y520.191
; Coordinate transform: (1863.96,517.17) -> (672.93,522.02)
G1 X672.933 Y522.016
; Coordinate transform: (1873.86,513.63) -> (676.62,523.33)
G1 X676.625 Y523.335
; Coordinate transform: (1882.46,511.32) -> (679.83,524.20)
G1 X679.832 Y524.197
; Coordinate transform: (1888.32,510.02) -> (682.02,524.68)
G1 X682.018 Y524.683
; Coordinate transform: (1891.02,509.45) -> (683.02,524.90)
G1 X683.025 Y524.896
; Coordinate transform: (1890.73,509.50) -> (682.92,524.88)
G1 X682.916 Y524.879
; Coordinate transform: (1887.58,510.13) -> (681.74,524.64)
G1 X681.742 Y524.641
; Coordinate transform: (1881.74,511.44) -> (679.56,524.15)
G1 X679.564 Y524.153
; Coordinate transform: (1873.90,513.62) -> (676.64,523.34)
G1 X676.640 Y523.342
; Coordinate transform: (1865.39,516.79) -> (673.47,522.16)
G1 X673.466 Y522.158
; Coordinate transform: (1857.09,521.05) -> (670.37,520.57)
G1 X670.370 Y520.570
; Coordinate transform: (1849.41,526.46) -> (667.51,518.55)
G1 X667.506 Y518.553
; Coordinate transform: (1842.16,533.03) -> (664.80,516.10)
G1 X664.802 Y516.103
; Coordinate transform: (1835.34,540.56) -> (662.26,513.29)
G1 X662.259 Y513.294
; Coordinate transform: (1829.14,548.77) -> (659.95,510.23)
G1 X659.946 Y510.230
; Coordinate transform: (1824.01,557.34) -> (658.03,507.04)
G1 X658.033 Y507.036
; Coordinate transform: (1820.47,566.00) -> (656.71,503.81)
G1 X656.713 Y503.806
; Coordinate transform: (1818.85,574.61) -> (656.11,500.59)
G1 X656.109 Y500.593
; Coordinate transform: (1819.30,583.18) -> (656.28,497.40)
G1 X656.276 Y497.399
; Coordinate transform: (1821.84,591.77) -> (657.22,494.20)
G1 X657.224 Y494.196
; Coordinate transform: (1826.39,600.53) -> (658.92,490.93)
G1 X658.921 Y490.928
; Coordinate transform: (1832.99,609.57) -> (661.38,487.56)
G1 X661.382 Y487.555
; Coordinate transform: (1841.59,618.87) -> (664.59,484.09)
G1 X664.590 Y484.087
; Coordinate transform: (1851.90,628.28) -> (668.43,480.58)
G1 X668.435 Y480.576
; Coordinate transform: (1863.51,637.55) -> (672.76,477.12)
G1 X672.765 Y477.119
; Coordinate transform: (1875.48,646.42) -> (677.23,473.81)
G1 X677.229 Y473.813
; Coordinate transform: (1885.78,654.68) -> (681.07,470.73)
G1 X681.070 Y470.731
; Coordinate transform: (1892.65,662.28) -> (683.63,467.90)
G1 X683.633 Y467.897
; Coordinate transform: (1896.25,669.25) -> (684.98,465.30)
G1 X684.975 Y465.297
; Coordinate transform: (1896.76,675.61) -> (685.17,462.92)
G1 X685.165 Y462.925
; Coordinate transform: (1894.32,681.38) -> (684.26,460.77)
G1 X684.255 Y460.773
; Coordinate transform: (1889.09,686.59) -> (682.30,458.83)
G1 X682.305 Y458.831
; Coordinate transform: (1881.21,691.26) -> (679.37,457.09)
G1 X679.366 Y457.089
; Coordinate transform: (1871.00,695.36) -> (675.56,455.56)
G1 X675.558 Y455.558
; Coordinate transform: (1859.91,699.00) -> (671.42,454.20)
G1 X671.422 Y454.202
; Coordinate transform: (1848.95,702.33) -> (667.33,452.96)
G1 X667.334 Y452.959
; Coordinate transform: (1837.71,705.53) -> (663.14,451.77)
G1 X663.142 Y451.765
; Coordinate transform: (1825.81,708.73) -> (658.70,450.57)
G1 X658.704 Y450.574
; Coordinate transform: (1813.31,712.01) -> (654.04,449.35)
G1 X654.042 Y449.350
; Coordinate transform: (1801.17,715.40) -> (649.51,448.08)
G1 X649.515 Y448.084
; Coordinate transform: (1790.75,718.80) -> (645.63,446.82)
G1 X645.629 Y446.816
; Coordinate transform: (1781.69,722.00) -> (642.25,445.62)
G1 X642.250 Y445.624
; Coordinate transform: (1773.33,724.90) -> (639.13,444.54)
G1 X639.132 Y444.544
; Coordinate transform: (1764.81,727.48) -> (635.95,443.58)
G1 X635.954 Y443.581
; Coordinate transform: (1755.85,729.83) -> (632.61,442.70)
G1 X632.613 Y442.703
; Coordinate transform: (1746.33,732.10) -> (629.06,441.86)
G1 X629.062 Y441.858
; Coordinate transform: (1736.40,734.46) -> (625.36,440.98)
G1 X625.359 Y440.977
; Coordinate transform: (1726.32,737.07) -> (621.60,440.01)
G1 X621.599 Y440.006
; Coordinate transform: (1716.39,739.96) -> (617.90,438.93)
G1 X617.896 Y438.926
; Coordinate transform: (1706.78,743.00) -> (614.31,437.79)
G1 X614.312 Y437.791
; Coordinate transform: (1697.66,746.08) -> (610.91,436.64)
G1 X610.910 Y436.645
; Coordinate transform: (1689.20,748.88) -> (607.76,435.60)
G1 X607.755 Y435.598
; Coordinate transform: (1681.46,751.51) -> (604.87,434.62)
G1 X604.869 Y434.620
; Coordinate transform: (1674.28,754.18) -> (602.19,433.62)
G1 X602.191 Y433.622
; Coordinate transform: (1667.30,757.25) -> (599.59,432.48)
G1 X599.588 Y432.476
; Coordinate transform: (1660.19,761.00) -> (596.94,431.08)
G1 X596.936 Y431.078
; Coordinate transform: (1652.70,765.55) -> (594.14,429.38)
G1 X594.143 Y429.384
; Coordinate transform: (1644.74,770.89) -> (591.17,427.39)
G1 X591.174 Y427.389
; Coordinate transform: (1636.40,777.11) -> (588.06,425.07)
G1 X588.063 Y425.072
; Coordinate transform: (1627.75,784.31) -> (584.84,422.39)
G1 X584.837 Y422.386
; Coordinate transform: (1619.23,792.18) -> (581.66,419.45)
G1 X581.660 Y419.449
; Coordinate transform: (1611.92,799.65) -> (578.93,416.67)
G1 X578.933 Y416.666
; Coordinate transform: (1606.94,805.62) -> (577.08,414.44)
G1 X577.076 Y414.437
; Coordinate transform: (1604.41,810.01) -> (576.13,412.80)
G1 X576.133 Y412.800
; Coordinate transform: (1603.89,813.37) -> (575.94,411.55)
G1 X575.939 Y411.547
; Coordinate transform: (1605.06,816.10) -> (576.38,410.53)
G1 X576.375 Y410.530
M400 ; Wait for drawing to complete
; === STOP BRUSH SEQUENCE ===
; STOP BRUSH A
G4 P50 ; Short delay before stepper command
G1 U0.000 F200.0 ; Close Brush A flow
M400 ; Wait for stepper motion to complete
M106 P2 S0 ; Brush A air off
; Z already at 84.000mm, above safe threshold of 10.000mm, no need to raise
; === END STOP BRUSH SEQUENCE ===
; === PATH END ===


; Path 12/49 (id: path12)
; WIDTH: requested=117.176mm, actual=1863.507mm, compensation=0.800
; Z HEIGHT: 84.000mm (min=4.0, max=84.0)
; PAINT FLOW: 0.500 (baseline=0.1, max=0.5)
; PAINT FLOW COMPONENTS: base=0.100, width=0.300, opacity=0.100
; FEEDRATE: 475.6 mm/min (z_factor=0.0259, speed_factor=0.765)
; WARNING: Requested stroke width 117.2mm exceeds machine capability.
; H.Airbrush cannot draw strokes wider than 6.6mm at 1mm/s minimum speed.
; Stroke width has been reduced to 6.6mm.
; ===== STROKE PARAMETERS =====
; Color: black
; Width: 117.18mm
; Opacity: 0.25
; Brush: brush_a (index 0)
T0 ; Select Brush A (Black)
; ===== AIRBRUSH SETTINGS =====
; Z-height: 84.00mm
; Paint flow: 0.50
; Feedrate: 475.6mm/min (includes Z scaling)
; Using brush: brush_a (tool 0)
; Path with Brush A (black) at Z=84.000mm
; Using: Air=P2, Flow=A axis
; Drawing Z height: 84.000mm, Travel Z height: 10.000mm
; Machine Z range: 0-84mm (Safe range: 5-80mm)
; === START BRUSH SEQUENCE ===
; START BRUSH A
; Z already at 84.000mm, above safe threshold of 10.000mm, no need to raise
T0 ; Select Tool 0 (Brush A)
G4 P500 ; Wait for tool change to complete
; === END BRUSH SEQUENCE ===
; Coordinate transform: (1877.49,119.77) -> (677.98,670.23)
G0 X677.979 Y670.228 F24000
M400 ; Wait for XY movement to complete
G1 Z84.000 F1200
M400 ; Wait for Z movement to complete
; === ACTIVATE BRUSH AT POSITION ===
; AIR ON FIRST - Important to prevent dripping
M106 P2 S1 ; Brush A air on
; PAINT ON AFTER AIR
G4 P50 ; Short delay before stepper command
G1 U2.400 F200.0 ; Set Brush A flow to 2.400mm
M400 ; Wait for stepper motion to complete
; === BRUSH ACTIVATED ===
G1 F475.56460435427675
; Coordinate transform: (1872.34,121.32) -> (676.06,669.65)
G1 X676.058 Y669.651
; Coordinate transform: (1865.81,123.59) -> (673.62,668.80)
G1 X673.622 Y668.803
; Coordinate transform: (1858.87,126.37) -> (671.03,667.77)
G1 X671.034 Y667.767
; Coordinate transform: (1852.36,129.30) -> (668.61,666.67)
G1 X668.606 Y666.674
; Coordinate transform: (1846.46,131.96) -> (666.41,665.68)
G1 X666.406 Y665.681
; Coordinate transform: (1841.28,134.00) -> (664.47,664.92)
G1 X664.474 Y664.919
; Coordinate transform: (1836.78,135.44) -> (662.80,664.39)
G1 X662.796 Y664.385
; Coordinate transform: (1832.89,136.28) -> (661.34,664.07)
G1 X661.345 Y664.069
; Coordinate transform: (1829.54,136.57) -> (660.10,663.96)
G1 X660.095 Y663.961
; Coordinate transform: (1826.64,136.34) -> (659.01,664.05)
G1 X659.014 Y664.048
; Coordinate transform: (1824.17,135.61) -> (658.09,664.32)
G1 X658.093 Y664.320
; Coordinate transform: (1822.05,134.41) -> (657.30,664.77)
G1 X657.302 Y664.767
; Coordinate transform: (1820.24,132.75) -> (656.63,665.39)
G1 X656.627 Y665.388
; Coordinate transform: (1818.70,130.61) -> (656.05,666.19)
G1 X656.053 Y666.186
; Coordinate transform: (1817.38,128.11) -> (655.56,667.12)
G1 X655.560 Y667.118
; Coordinate transform: (1816.25,125.50) -> (655.14,668.09)
G1 X655.139 Y668.090
; Coordinate transform: (1815.37,123.02) -> (654.81,669.01)
G1 X654.811 Y669.015
; Coordinate transform: (1814.61,120.88) -> (654.53,669.81)
G1 X654.527 Y669.814
; Coordinate transform: (1813.96,119.23) -> (654.28,670.43)
G1 X654.285 Y670.428
; Coordinate transform: (1813.42,118.19) -> (654.08,670.82)
G1 X654.083 Y670.818
; Coordinate transform: (1812.95,117.80) -> (653.91,670.96)
G1 X653.908 Y670.963
; Coordinate transform: (1812.56,118.06) -> (653.76,670.87)
G1 X653.763 Y670.867
; Coordinate transform: (1812.22,118.92) -> (653.64,670.54)
G1 X653.636 Y670.545
; Coordinate transform: (1811.92,120.31) -> (653.52,670.03)
G1 X653.524 Y670.026
; Coordinate transform: (1811.62,122.12) -> (653.41,669.35)
G1 X653.412 Y669.351
; Coordinate transform: (1811.31,124.22) -> (653.30,668.57)
G1 X653.297 Y668.566
; Coordinate transform: (1810.96,126.50) -> (653.17,667.72)
G1 X653.166 Y667.719
; Coordinate transform: (1810.54,128.82) -> (653.01,666.85)
G1 X653.009 Y666.853
; Coordinate transform: (1809.98,131.11) -> (652.80,666.00)
G1 X652.801 Y665.999
; Coordinate transform: (1809.26,133.26) -> (652.53,665.20)
G1 X652.532 Y665.198
; Coordinate transform: (1808.35,135.35) -> (652.19,664.42)
G1 X652.193 Y664.417
; Coordinate transform: (1807.16,137.55) -> (651.75,663.60)
G1 X651.749 Y663.596
; Coordinate transform: (1805.62,140.05) -> (651.17,662.66)
G1 X651.174 Y662.664
; Coordinate transform: (1803.60,143.04) -> (650.42,661.55)
G1 X650.421 Y661.547
; Coordinate transform: (1800.95,146.80) -> (649.43,660.15)
G1 X649.433 Y660.148
M400 ; Wait for drawing to complete
; === STOP BRUSH SEQUENCE ===
; STOP BRUSH A
G4 P50 ; Short delay before stepper command
G1 U0.000 F200.0 ; Close Brush A flow
M400 ; Wait for stepper motion to complete
M106 P2 S0 ; Brush A air off
; Z already at 84.000mm, above safe threshold of 10.000mm, no need to raise
; === END STOP BRUSH SEQUENCE ===
; === PATH END ===


; Path 13/49 (id: path13)
; WIDTH: requested=117.176mm, actual=1863.507mm, compensation=0.800
; Z HEIGHT: 84.000mm (min=4.0, max=84.0)
; PAINT FLOW: 0.500 (baseline=0.1, max=0.5)
; PAINT FLOW COMPONENTS: base=0.100, width=0.300, opacity=0.100
; FEEDRATE: 475.6 mm/min (z_factor=0.0259, speed_factor=0.765)
; WARNING: Requested stroke width 117.2mm exceeds machine capability.
; H.Airbrush cannot draw strokes wider than 6.6mm at 1mm/s minimum speed.
; Stroke width has been reduced to 6.6mm.
; ===== STROKE PARAMETERS =====
; Color: black
; Width: 117.18mm
; Opacity: 0.25
; Brush: brush_a (index 0)
T0 ; Select Brush A (Black)
; ===== AIRBRUSH SETTINGS =====
; Z-height: 84.00mm
; Paint flow: 0.50
; Feedrate: 475.6mm/min (includes Z scaling)
; Using brush: brush_a (tool 0)
; Path with Brush A (black) at Z=84.000mm
; Using: Air=P2, Flow=A axis
; Drawing Z height: 84.000mm, Travel Z height: 10.000mm
; Machine Z range: 0-84mm (Safe range: 5-80mm)
; === START BRUSH SEQUENCE ===
; START BRUSH A
; Z already at 84.000mm, above safe threshold of 10.000mm, no need to raise
T0 ; Select Tool 0 (Brush A)
G4 P500 ; Wait for tool change to complete
; === END BRUSH SEQUENCE ===
; Coordinate transform: (869.79,1396.44) -> (302.15,194.09)
G0 X302.155 Y194.090 F24000
M400 ; Wait for XY movement to complete
G1 Z84.000 F1200
M400 ; Wait for Z movement to complete
; === ACTIVATE BRUSH AT POSITION ===
; AIR ON FIRST - Important to prevent dripping
M106 P2 S1 ; Brush A air on
; PAINT ON AFTER AIR
G4 P50 ; Short delay before stepper command
G1 U2.400 F200.0 ; Set Brush A flow to 2.400mm
M400 ; Wait for stepper motion to complete
; === BRUSH ACTIVATED ===
G1 F475.56460435427675
; Coordinate transform: (870.08,1395.52) -> (302.26,194.43)
G1 X302.262 Y194.433
; Coordinate transform: (870.50,1394.32) -> (302.42,194.88)
G1 X302.418 Y194.881
; Coordinate transform: (871.00,1393.02) -> (302.61,195.37)
G1 X302.606 Y195.366
; Coordinate transform: (871.66,1391.77) -> (302.85,195.83)
G1 X302.853 Y195.832
; Coordinate transform: (872.33,1390.75) -> (303.10,196.21)
G1 X303.102 Y196.212
; Coordinate transform: (872.97,1390.07) -> (303.34,196.47)
G1 X303.339 Y196.466
; Coordinate transform: (873.55,1389.81) -> (303.56,196.56)
G1 X303.558 Y196.563
; Coordinate transform: (874.09,1389.98) -> (303.76,196.50)
G1 X303.757 Y196.499
; Coordinate transform: (874.59,1390.58) -> (303.94,196.28)
G1 X303.944 Y196.276
; Coordinate transform: (875.09,1391.57) -> (304.13,195.91)
G1 X304.130 Y195.906
; Coordinate transform: (875.62,1392.86) -> (304.33,195.43)
G1 X304.330 Y195.425
; Coordinate transform: (876.25,1394.34) -> (304.56,194.87)
G1 X304.564 Y194.873
; Coordinate transform: (877.03,1395.89) -> (304.86,194.30)
G1 X304.856 Y194.295
; Coordinate transform: (878.03,1397.39) -> (305.23,193.74)
G1 X305.229 Y193.736
; Coordinate transform: (879.33,1398.77) -> (305.71,193.22)
G1 X305.713 Y193.221
; Coordinate transform: (881.01,1399.95) -> (306.34,192.78)
G1 X306.337 Y192.781
; Coordinate transform: (883.16,1400.91) -> (307.14,192.42)
G1 X307.140 Y192.423
; Coordinate transform: (885.90,1401.64) -> (308.16,192.15)
G1 X308.162 Y192.151
; Coordinate transform: (889.37,1402.18) -> (309.46,191.95)
G1 X309.458 Y191.949
; Coordinate transform: (893.75,1402.61) -> (311.09,191.79)
G1 X311.090 Y191.789
; Coordinate transform: (899.24,1403.02) -> (313.14,191.64)
G1 X313.137 Y191.636
; Coordinate transform: (905.96,1403.54) -> (315.64,191.44)
G1 X315.643 Y191.442
; Coordinate transform: (914.07,1404.29) -> (318.67,191.16)
G1 X318.669 Y191.162
; Coordinate transform: (923.42,1405.44) -> (322.16,190.73)
G1 X322.157 Y190.734
; Coordinate transform: (933.72,1407.18) -> (326.00,190.08)
G1 X325.998 Y190.085
; Coordinate transform: (944.44,1409.77) -> (330.00,189.12)
G1 X329.996 Y189.119
; Coordinate transform: (955.19,1413.39) -> (334.00,187.77)
G1 X334.004 Y187.769
; Coordinate transform: (965.67,1418.12) -> (337.91,186.00)
G1 X337.914 Y186.005
; Coordinate transform: (975.66,1424.11) -> (341.64,183.77)
G1 X341.639 Y183.771
; Coordinate transform: (985.23,1431.42) -> (345.21,181.04)
G1 X345.207 Y181.044
; Coordinate transform: (994.73,1439.62) -> (348.75,177.99)
G1 X348.750 Y177.986
; Coordinate transform: (1004.47,1448.16) -> (352.38,174.80)
G1 X352.383 Y174.801
; Coordinate transform: (1014.39,1456.22) -> (356.08,171.80)
G1 X356.083 Y171.795
; Coordinate transform: (1024.29,1463.58) -> (359.78,169.05)
G1 X359.775 Y169.050
; Coordinate transform: (1034.08,1470.09) -> (363.43,166.62)
G1 X363.426 Y166.622
; Coordinate transform: (1043.67,1475.67) -> (367.00,164.54)
G1 X367.003 Y164.541
; Coordinate transform: (1053.01,1480.26) -> (370.49,162.83)
G1 X370.486 Y162.829
; Coordinate transform: (1062.10,1483.65) -> (373.88,161.56)
G1 X373.877 Y161.565
; Coordinate transform: (1071.03,1485.74) -> (377.21,160.79)
G1 X377.207 Y160.785
; Coordinate transform: (1079.90,1486.42) -> (380.52,160.53)
G1 X380.515 Y160.532
; Coordinate transform: (1088.70,1485.77) -> (383.80,160.77)
G1 X383.797 Y160.774
; Coordinate transform: (1097.12,1484.05) -> (386.94,161.42)
G1 X386.937 Y161.416
; Coordinate transform: (1104.55,1481.78) -> (389.71,162.26)
G1 X389.708 Y162.262
; Coordinate transform: (1110.57,1479.46) -> (391.95,163.13)
G1 X391.954 Y163.128
; Coordinate transform: (1114.95,1477.45) -> (393.59,163.88)
G1 X393.587 Y163.877
; Coordinate transform: (1117.75,1475.91) -> (394.63,164.45)
G1 X394.631 Y164.452
; Coordinate transform: (1119.18,1474.82) -> (395.16,164.86)
G1 X395.165 Y164.858
; Coordinate transform: (1119.35,1474.16) -> (395.23,165.10)
G1 X395.228 Y165.104
; Coordinate transform: (1118.35,1473.92) -> (394.86,165.19)
G1 X394.855 Y165.194
; Coordinate transform: (1116.19,1474.08) -> (394.05,165.13)
G1 X394.050 Y165.134
; Coordinate transform: (1112.81,1474.62) -> (392.79,164.93)
G1 X392.789 Y164.933
; Coordinate transform: (1108.06,1475.54) -> (391.02,164.59)
G1 X391.018 Y164.590
; Coordinate transform: (1102.00,1476.67) -> (388.76,164.17)
G1 X388.757 Y164.168
; Coordinate transform: (1094.65,1477.77) -> (386.02,163.76)
G1 X386.016 Y163.758
; Coordinate transform: (1086.30,1478.44) -> (382.90,163.51)
G1 X382.902 Y163.508
; Coordinate transform: (1077.42,1478.18) -> (379.59,163.60)
G1 X379.590 Y163.605
; Coordinate transform: (1068.19,1476.71) -> (376.15,164.15)
G1 X376.148 Y164.153
; Coordinate transform: (1058.59,1473.89) -> (372.57,165.20)
G1 X372.568 Y165.205
; Coordinate transform: (1048.48,1469.86) -> (368.80,166.71)
G1 X368.797 Y166.708
; Coordinate transform: (1037.88,1464.70) -> (364.84,168.63)
G1 X364.844 Y168.632
; Coordinate transform: (1026.90,1458.42) -> (360.75,170.97)
G1 X360.749 Y170.975
; Coordinate transform: (1015.66,1451.36) -> (356.56,173.61)
G1 X356.557 Y173.608
; Coordinate transform: (1004.42,1443.66) -> (352.36,176.48)
G1 X352.365 Y176.479
; Coordinate transform: (993.45,1436.05) -> (348.27,179.32)
G1 X348.272 Y179.317
; Coordinate transform: (982.83,1429.17) -> (344.31,181.88)
G1 X344.311 Y181.883
; Coordinate transform: (972.16,1423.47) -> (340.33,184.01)
G1 X340.333 Y184.009
; Coordinate transform: (961.30,1419.02) -> (336.28,185.67)
G1 X336.283 Y185.669
; Coordinate transform: (950.37,1415.57) -> (332.21,186.96)
G1 X332.205 Y186.956
; Coordinate transform: (939.63,1412.86) -> (328.20,187.97)
G1 X328.200 Y187.966
; Coordinate transform: (929.37,1410.70) -> (324.38,188.77)
G1 X324.376 Y188.772
; Coordinate transform: (919.93,1408.89) -> (320.85,189.45)
G1 X320.853 Y189.447
; Coordinate transform: (911.53,1407.25) -> (317.72,190.06)
G1 X317.722 Y190.059
; Coordinate transform: (904.28,1405.62) -> (315.02,190.67)
G1 X315.019 Y190.666
; Coordinate transform: (898.04,1403.89) -> (312.69,191.31)
G1 X312.691 Y191.312
; Coordinate transform: (892.49,1402.02) -> (310.62,192.01)
G1 X310.621 Y192.009
; Coordinate transform: (887.31,1399.99) -> (308.69,192.77)
G1 X308.688 Y192.766
; Coordinate transform: (882.08,1397.75) -> (306.74,193.60)
G1 X306.737 Y193.602
; Coordinate transform: (876.37,1395.26) -> (304.61,194.53)
G1 X304.607 Y194.530
; Coordinate transform: (869.75,1392.44) -> (302.14,195.58)
G1 X302.140 Y195.582
; Coordinate transform: (861.83,1389.14) -> (299.19,196.81)
G1 X299.186 Y196.813
; Coordinate transform: (852.22,1385.27) -> (295.60,198.26)
G1 X295.599 Y198.256
; Coordinate transform: (840.62,1380.82) -> (291.28,199.92)
G1 X291.275 Y199.916
; Coordinate transform: (827.08,1375.81) -> (286.22,201.78)
G1 X286.223 Y201.784
; Coordinate transform: (812.15,1370.18) -> (280.66,203.88)
G1 X280.659 Y203.884
; Coordinate transform: (797.01,1364.14) -> (275.01,206.14)
G1 X275.010 Y206.137
; Coordinate transform: (782.78,1357.80) -> (269.70,208.50)
G1 X269.703 Y208.501
; Coordinate transform: (770.29,1351.18) -> (265.05,210.97)
G1 X265.045 Y210.970
; Coordinate transform: (760.10,1344.35) -> (261.25,213.52)
G1 X261.245 Y213.517
; Coordinate transform: (752.49,1337.64) -> (258.41,216.02)
G1 X258.407 Y216.020
; Coordinate transform: (747.38,1331.62) -> (256.50,218.26)
G1 X256.500 Y218.265
; Coordinate transform: (744.63,1326.58) -> (255.47,220.14)
G1 X255.475 Y220.145
; Coordinate transform: (743.99,1322.39) -> (255.24,221.71)
G1 X255.237 Y221.707
; Coordinate transform: (745.26,1318.92) -> (255.71,223.00)
G1 X255.711 Y223.001
; Coordinate transform: (748.32,1316.09) -> (256.85,224.06)
G1 X256.852 Y224.057
M400 ; Wait for drawing to complete
; === STOP BRUSH SEQUENCE ===
; STOP BRUSH A
G4 P50 ; Short delay before stepper command
G1 U0.000 F200.0 ; Close Brush A flow
M400 ; Wait for stepper motion to complete
M106 P2 S0 ; Brush A air off
; Z already at 84.000mm, above safe threshold of 10.000mm, no need to raise
; === END STOP BRUSH SEQUENCE ===
; === PATH END ===


; Path 14/49 (id: path14)
; WIDTH: requested=117.176mm, actual=1863.507mm, compensation=0.800
; Z HEIGHT: 84.000mm (min=4.0, max=84.0)
; PAINT FLOW: 0.500 (baseline=0.1, max=0.5)
; PAINT FLOW COMPONENTS: base=0.100, width=0.300, opacity=0.100
; FEEDRATE: 475.6 mm/min (z_factor=0.0259, speed_factor=0.765)
; WARNING: Requested stroke width 117.2mm exceeds machine capability.
; H.Airbrush cannot draw strokes wider than 6.6mm at 1mm/s minimum speed.
; Stroke width has been reduced to 6.6mm.
; ===== STROKE PARAMETERS =====
; Color: black
; Width: 117.18mm
; Opacity: 0.25
; Brush: brush_a (index 0)
T0 ; Select Brush A (Black)
; ===== AIRBRUSH SETTINGS =====
; Z-height: 84.00mm
; Paint flow: 0.50
; Feedrate: 475.6mm/min (includes Z scaling)
; Using brush: brush_a (tool 0)
; Path with Brush A (black) at Z=84.000mm
; Using: Air=P2, Flow=A axis
; Drawing Z height: 84.000mm, Travel Z height: 10.000mm
; Machine Z range: 0-84mm (Safe range: 5-80mm)
; === START BRUSH SEQUENCE ===
; START BRUSH A
; Z already at 84.000mm, above safe threshold of 10.000mm, no need to raise
T0 ; Select Tool 0 (Brush A)
G4 P500 ; Wait for tool change to complete
; === END BRUSH SEQUENCE ===
; Coordinate transform: (1021.42,1233.30) -> (358.70,254.93)
G0 X358.705 Y254.934 F24000
M400 ; Wait for XY movement to complete
G1 Z84.000 F1200
M400 ; Wait for Z movement to complete
; === ACTIVATE BRUSH AT POSITION ===
; AIR ON FIRST - Important to prevent dripping
M106 P2 S1 ; Brush A air on
; PAINT ON AFTER AIR
G4 P50 ; Short delay before stepper command
G1 U2.400 F200.0 ; Set Brush A flow to 2.400mm
M400 ; Wait for stepper motion to complete
; === BRUSH ACTIVATED ===
G1 F475.56460435427675
; Coordinate transform: (1021.03,1231.85) -> (358.56,255.47)
G1 X358.559 Y255.474
; Coordinate transform: (1020.49,1229.79) -> (358.36,256.24)
G1 X358.358 Y256.243
; Coordinate transform: (1019.79,1227.32) -> (358.10,257.16)
G1 X358.097 Y257.164
; Coordinate transform: (1018.97,1224.70) -> (357.79,258.14)
G1 X357.791 Y258.141
; Coordinate transform: (1018.01,1222.20) -> (357.43,259.07)
G1 X357.433 Y259.073
; Coordinate transform: (1016.98,1220.05) -> (357.05,259.88)
G1 X357.049 Y259.875
; Coordinate transform: (1015.91,1218.43) -> (356.65,260.48)
G1 X356.650 Y260.479
; Coordinate transform: (1014.81,1217.47) -> (356.24,260.84)
G1 X356.240 Y260.837
; Coordinate transform: (1013.69,1217.24) -> (355.82,260.92)
G1 X355.822 Y260.923
; Coordinate transform: (1012.57,1217.72) -> (355.40,260.74)
G1 X355.404 Y260.744
; Coordinate transform: (1011.44,1218.86) -> (354.98,260.32)
G1 X354.983 Y260.319
; Coordinate transform: (1010.28,1220.54) -> (354.55,259.69)
G1 X354.550 Y259.693
; Coordinate transform: (1009.09,1222.60) -> (354.11,258.92)
G1 X354.106 Y258.924
; Coordinate transform: (1007.83,1224.85) -> (353.64,258.09)
G1 X353.636 Y258.085
; Coordinate transform: (1006.48,1227.12) -> (353.13,257.24)
G1 X353.133 Y257.239
; Coordinate transform: (1005.01,1229.22) -> (352.58,256.46)
G1 X352.585 Y256.455
; Coordinate transform: (1003.40,1231.03) -> (351.98,255.78)
G1 X351.984 Y255.780
; Coordinate transform: (1001.62,1232.45) -> (351.32,255.25)
G1 X351.320 Y255.251
; Coordinate transform: (999.65,1233.46) -> (350.58,254.87)
G1 X350.585 Y254.874
; Coordinate transform: (997.44,1234.04) -> (349.76,254.66)
G1 X349.760 Y254.658
; Coordinate transform: (994.93,1234.19) -> (348.83,254.60)
G1 X348.826 Y254.602
; Coordinate transform: (992.05,1233.90) -> (347.75,254.71)
G1 X347.752 Y254.710
; Coordinate transform: (988.69,1233.16) -> (346.50,254.99)
G1 X346.498 Y254.986
; Coordinate transform: (984.70,1231.96) -> (345.01,255.43)
G1 X345.010 Y255.433
; Coordinate transform: (979.89,1230.26) -> (343.22,256.07)
G1 X343.218 Y256.067
; Coordinate transform: (974.05,1228.00) -> (341.04,256.91)
G1 X341.040 Y256.910
; Coordinate transform: (966.94,1225.29) -> (338.39,257.92)
G1 X338.385 Y257.921
; Coordinate transform: (958.26,1222.18) -> (335.15,259.08)
G1 X335.148 Y259.081
; Coordinate transform: (947.94,1218.66) -> (331.30,260.39)
G1 X331.301 Y260.394
; Coordinate transform: (935.97,1214.67) -> (326.84,261.88)
G1 X326.838 Y261.882
; Coordinate transform: (922.50,1210.17) -> (321.81,263.56)
G1 X321.813 Y263.560
; Coordinate transform: (908.10,1205.22) -> (316.44,265.41)
G1 X316.440 Y265.406
; Coordinate transform: (893.34,1199.93) -> (310.94,267.38)
G1 X310.936 Y267.379
; Coordinate transform: (878.54,1194.44) -> (305.42,269.43)
G1 X305.419 Y269.427
; Coordinate transform: (864.04,1188.98) -> (300.01,271.46)
G1 X300.010 Y271.463
; Coordinate transform: (850.02,1183.87) -> (294.78,273.37)
G1 X294.782 Y273.369
; Coordinate transform: (836.45,1179.47) -> (289.72,275.01)
G1 X289.719 Y275.010
; Coordinate transform: (823.16,1176.15) -> (284.77,276.25)
G1 X284.765 Y276.248
; Coordinate transform: (810.07,1174.12) -> (279.88,277.01)
G1 X279.882 Y277.005
; Coordinate transform: (797.20,1173.45) -> (275.08,277.25)
G1 X275.083 Y277.255
; Coordinate transform: (784.75,1174.05) -> (270.44,277.03)
G1 X270.437 Y277.031
; Coordinate transform: (772.99,1175.72) -> (266.05,276.41)
G1 X266.051 Y276.408
; Coordinate transform: (762.22,1178.29) -> (262.04,275.45)
G1 X262.036 Y275.450
; Coordinate transform: (752.71,1181.57) -> (258.49,274.23)
G1 X258.490 Y274.227
; Coordinate transform: (744.61,1185.37) -> (255.47,272.81)
G1 X255.469 Y272.809
; Coordinate transform: (737.97,1189.51) -> (252.99,271.27)
G1 X252.991 Y271.265
; Coordinate transform: (732.73,1193.80) -> (251.04,269.67)
G1 X251.037 Y269.665
; Coordinate transform: (728.83,1198.01) -> (249.58,268.10)
G1 X249.583 Y268.095
; Coordinate transform: (726.15,1201.98) -> (248.58,266.61)
G1 X248.584 Y266.615
; Coordinate transform: (724.58,1205.59) -> (248.00,265.27)
G1 X247.996 Y265.268
; Coordinate transform: (724.00,1208.70) -> (247.78,264.11)
G1 X247.783 Y264.108
; Coordinate transform: (724.37,1211.24) -> (247.92,263.16)
G1 X247.920 Y263.161
; Coordinate transform: (725.65,1213.17) -> (248.40,262.44)
G1 X248.399 Y262.441
; Coordinate transform: (727.86,1214.46) -> (249.22,261.96)
G1 X249.222 Y261.960
; Coordinate transform: (731.05,1215.11) -> (250.41,261.72)
G1 X250.412 Y261.718
; Coordinate transform: (735.33,1215.15) -> (252.01,261.70)
G1 X252.007 Y261.703
; Coordinate transform: (740.79,1214.61) -> (254.04,261.90)
G1 X254.042 Y261.904
; Coordinate transform: (747.53,1213.52) -> (256.56,262.31)
G1 X256.557 Y262.311
; Coordinate transform: (755.71,1211.93) -> (259.61,262.90)
G1 X259.608 Y262.904
; Coordinate transform: (765.38,1209.92) -> (263.21,263.65)
G1 X263.215 Y263.653
; Coordinate transform: (776.54,1207.58) -> (267.38,264.53)
G1 X267.378 Y264.526
; Coordinate transform: (789.05,1205.00) -> (272.04,265.49)
G1 X272.043 Y265.488
; Coordinate transform: (802.54,1202.32) -> (277.07,266.49)
G1 X277.073 Y266.488
; Coordinate transform: (816.56,1199.66) -> (282.30,267.48)
G1 X282.300 Y267.480
; Coordinate transform: (830.69,1197.17) -> (287.57,268.41)
G1 X287.572 Y268.408
; Coordinate transform: (844.75,1194.97) -> (292.82,269.23)
G1 X292.817 Y269.229
; Coordinate transform: (858.74,1193.12) -> (298.03,269.92)
G1 X298.033 Y269.919
; Coordinate transform: (872.64,1191.51) -> (303.22,270.52)
G1 X303.216 Y270.519
; Coordinate transform: (886.36,1189.94) -> (308.33,271.10)
G1 X308.335 Y271.105
; Coordinate transform: (899.75,1188.08) -> (313.33,271.80)
G1 X313.328 Y271.799
; Coordinate transform: (912.56,1185.67) -> (318.10,272.70)
G1 X318.105 Y272.697
; Coordinate transform: (924.41,1182.58) -> (322.53,273.85)
G1 X322.526 Y273.850
; Coordinate transform: (934.82,1178.83) -> (326.41,275.25)
G1 X326.407 Y275.248
; Coordinate transform: (943.23,1174.53) -> (329.54,276.85)
G1 X329.544 Y276.852
; Coordinate transform: (949.14,1169.79) -> (331.75,278.62)
G1 X331.749 Y278.620
; Coordinate transform: (952.24,1164.53) -> (332.90,280.58)
G1 X332.902 Y280.582
; Coordinate transform: (952.48,1158.44) -> (332.99,282.85)
G1 X332.994 Y282.853
; Coordinate transform: (950.20,1151.15) -> (332.14,285.57)
G1 X332.143 Y285.572
; Coordinate transform: (945.67,1142.49) -> (330.45,288.80)
G1 X330.453 Y288.801
; Coordinate transform: (939.26,1132.41) -> (328.06,292.56)
G1 X328.064 Y292.561
; Coordinate transform: (931.62,1121.60) -> (325.21,296.59)
G1 X325.214 Y296.592
; Coordinate transform: (923.65,1110.79) -> (322.24,300.62)
G1 X322.241 Y300.624
; Coordinate transform: (916.20,1100.38) -> (319.46,304.51)
G1 X319.462 Y304.507
; Coordinate transform: (909.64,1090.61) -> (317.02,308.15)
G1 X317.017 Y308.150
; Coordinate transform: (904.24,1081.59) -> (315.00,311.51)
G1 X315.003 Y311.514
; Coordinate transform: (900.06,1073.30) -> (313.44,314.61)
G1 X313.442 Y314.606
; Coordinate transform: (896.96,1065.73) -> (312.29,317.43)
G1 X312.287 Y317.429
; Coordinate transform: (894.72,1058.85) -> (311.45,320.00)
G1 X311.450 Y319.995
; Coordinate transform: (893.01,1052.64) -> (310.82,322.31)
G1 X310.815 Y322.311
; Coordinate transform: (891.52,1047.08) -> (310.26,324.38)
G1 X310.258 Y324.385
; Coordinate transform: (889.88,1042.15) -> (309.65,326.22)
G1 X309.646 Y326.224
; Coordinate transform: (887.78,1037.78) -> (308.86,327.85)
G1 X308.863 Y327.853
; Coordinate transform: (884.91,1033.75) -> (307.79,329.36)
G1 X307.794 Y329.356
; Coordinate transform: (880.96,1029.78) -> (306.32,330.84)
G1 X306.318 Y330.837
; Coordinate transform: (875.56,1025.49) -> (304.31,332.44)
G1 X304.306 Y332.437
; Coordinate transform: (868.47,1020.54) -> (301.66,334.28)
G1 X301.661 Y334.283
; Coordinate transform: (859.67,1014.60) -> (298.38,336.50)
G1 X298.380 Y336.498
; Coordinate transform: (849.30,1007.50) -> (294.51,339.15)
G1 X294.512 Y339.146
; Coordinate transform: (837.66,999.41) -> (290.17,342.16)
G1 X290.173 Y342.163
; Coordinate transform: (825.21,990.75) -> (285.53,345.40)
G1 X285.527 Y345.395
; Coordinate transform: (812.43,981.98) -> (280.76,348.66)
G1 X280.760 Y348.664
; Coordinate transform: (799.88,973.49) -> (276.08,351.83)
G1 X276.081 Y351.832
; Coordinate transform: (788.16,965.46) -> (271.71,354.83)
G1 X271.711 Y354.825
; Coordinate transform: (777.82,957.90) -> (267.85,357.64)
G1 X267.854 Y357.644
; Coordinate transform: (769.12,950.71) -> (264.61,360.33)
G1 X264.607 Y360.328
; Coordinate transform: (762.02,943.74) -> (261.96,362.93)
G1 X261.961 Y362.926
; Coordinate transform: (756.45,936.84) -> (259.88,365.50)
G1 X259.882 Y365.500
; Coordinate transform: (752.10,929.88) -> (258.26,368.10)
G1 X258.261 Y368.096
; Coordinate transform: (748.72,922.71) -> (257.00,370.77)
G1 X257.002 Y370.770
; Coordinate transform: (746.14,915.15) -> (256.04,373.59)
G1 X256.038 Y373.589
; Coordinate transform: (744.15,907.18) -> (255.30,376.56)
G1 X255.297 Y376.561
; Coordinate transform: (742.57,898.79) -> (254.71,379.69)
G1 X254.707 Y379.692
; Coordinate transform: (741.18,890.17) -> (254.19,382.90)
G1 X254.190 Y382.905
; Coordinate transform: (739.76,881.56) -> (253.66,386.12)
G1 X253.661 Y386.116
; Coordinate transform: (738.07,873.25) -> (253.03,389.22)
G1 X253.027 Y389.216
; Coordinate transform: (735.82,865.50) -> (252.19,392.10)
G1 X252.190 Y392.105
; Coordinate transform: (732.76,858.50) -> (251.05,394.72)
G1 X251.047 Y394.717
; Coordinate transform: (728.56,852.23) -> (249.48,397.05)
G1 X249.482 Y397.053
; Coordinate transform: (722.98,846.61) -> (247.40,399.15)
G1 X247.401 Y399.150
; Coordinate transform: (715.80,841.41) -> (244.72,401.09)
G1 X244.724 Y401.089
; Coordinate transform: (706.86,836.36) -> (241.39,402.97)
G1 X241.388 Y402.972
; Coordinate transform: (696.16,831.21) -> (237.40,404.89)
G1 X237.398 Y404.893
; Coordinate transform: (683.95,825.75) -> (232.84,406.93)
G1 X232.844 Y406.929
; Coordinate transform: (670.67,819.89) -> (227.89,409.12)
G1 X227.893 Y409.115
; Coordinate transform: (656.88,813.66) -> (222.75,411.44)
G1 X222.749 Y411.440
; Coordinate transform: (643.10,807.20) -> (217.61,413.85)
G1 X217.608 Y413.851
; Coordinate transform: (629.73,800.71) -> (212.62,416.27)
G1 X212.624 Y416.268
; Coordinate transform: (616.95,794.40) -> (207.85,418.62)
G1 X207.855 Y418.623
; Coordinate transform: (604.76,788.58) -> (203.31,420.79)
G1 X203.310 Y420.794
; Coordinate transform: (593.13,783.51) -> (198.97,422.68)
G1 X198.974 Y422.683
; Coordinate transform: (582.07,779.40) -> (194.85,424.22)
G1 X194.849 Y424.218
; Coordinate transform: (571.55,776.40) -> (190.92,425.34)
G1 X190.924 Y425.336
; Coordinate transform: (561.51,774.64) -> (187.18,425.99)
G1 X187.179 Y425.991
; Coordinate transform: (552.00,774.17) -> (183.63,426.17)
G1 X183.634 Y426.166
; Coordinate transform: (543.05,775.00) -> (180.30,425.86)
G1 X180.297 Y425.857
; Coordinate transform: (534.71,777.06) -> (177.19,425.09)
G1 X177.185 Y425.089
; Coordinate transform: (527.02,780.18) -> (174.32,423.93)
G1 X174.317 Y423.927
; Coordinate transform: (520.04,784.14) -> (171.72,422.45)
G1 X171.715 Y422.448
; Coordinate transform: (513.78,788.72) -> (169.38,420.74)
G1 X169.380 Y420.742
; Coordinate transform: (508.23,793.67) -> (167.31,418.90)
G1 X167.309 Y418.895
; Coordinate transform: (503.37,798.78) -> (165.49,416.99)
G1 X165.495 Y416.988
; Coordinate transform: (499.18,803.88) -> (163.93,415.09)
G1 X163.933 Y415.088
; Coordinate transform: (495.65,808.80) -> (162.62,413.25)
G1 X162.618 Y413.254
; Coordinate transform: (492.77,813.41) -> (161.54,411.53)
G1 X161.543 Y411.534
; Coordinate transform: (490.50,817.60) -> (160.70,409.97)
G1 X160.696 Y409.969
; Coordinate transform: (488.81,821.32) -> (160.07,408.58)
G1 X160.068 Y408.582
; Coordinate transform: (487.68,824.53) -> (159.65,407.39)
G1 X159.646 Y407.386
; Coordinate transform: (487.08,827.22) -> (159.42,406.38)
G1 X159.421 Y406.381
M400 ; Wait for drawing to complete
; === STOP BRUSH SEQUENCE ===
; STOP BRUSH A
G4 P50 ; Short delay before stepper command
G1 U0.000 F200.0 ; Close Brush A flow
M400 ; Wait for stepper motion to complete
M106 P2 S0 ; Brush A air off
; Z already at 84.000mm, above safe threshold of 10.000mm, no need to raise
; === END STOP BRUSH SEQUENCE ===
; === PATH END ===


; Path 15/49 (id: path15)
; WIDTH: requested=117.176mm, actual=1863.507mm, compensation=0.800
; Z HEIGHT: 84.000mm (min=4.0, max=84.0)
; PAINT FLOW: 0.500 (baseline=0.1, max=0.5)
; PAINT FLOW COMPONENTS: base=0.100, width=0.300, opacity=0.100
; FEEDRATE: 475.6 mm/min (z_factor=0.0259, speed_factor=0.765)
; WARNING: Requested stroke width 117.2mm exceeds machine capability.
; H.Airbrush cannot draw strokes wider than 6.6mm at 1mm/s minimum speed.
; Stroke width has been reduced to 6.6mm.
; ===== STROKE PARAMETERS =====
; Color: black
; Width: 117.18mm
; Opacity: 0.25
; Brush: brush_a (index 0)
T0 ; Select Brush A (Black)
; ===== AIRBRUSH SETTINGS =====
; Z-height: 84.00mm
; Paint flow: 0.50
; Feedrate: 475.6mm/min (includes Z scaling)
; Using brush: brush_a (tool 0)
; Path with Brush A (black) at Z=84.000mm
; Using: Air=P2, Flow=A axis
; Drawing Z height: 84.000mm, Travel Z height: 10.000mm
; Machine Z range: 0-84mm (Safe range: 5-80mm)
; === START BRUSH SEQUENCE ===
; START BRUSH A
; Z already at 84.000mm, above safe threshold of 10.000mm, no need to raise
T0 ; Select Tool 0 (Brush A)
G4 P500 ; Wait for tool change to complete
; === END BRUSH SEQUENCE ===
; Coordinate transform: (1044.44,247.38) -> (367.29,622.64)
G0 X367.290 Y622.637 F24000
M400 ; Wait for XY movement to complete
G1 Z84.000 F1200
M400 ; Wait for Z movement to complete
; === ACTIVATE BRUSH AT POSITION ===
; AIR ON FIRST - Important to prevent dripping
M106 P2 S1 ; Brush A air on
; PAINT ON AFTER AIR
G4 P50 ; Short delay before stepper command
G1 U2.400 F200.0 ; Set Brush A flow to 2.400mm
M400 ; Wait for stepper motion to complete
; === BRUSH ACTIVATED ===
G1 F475.56460435427675
; Coordinate transform: (1042.66,247.81) -> (366.63,622.48)
G1 X366.626 Y622.477
; Coordinate transform: (1040.27,248.38) -> (365.74,622.26)
G1 X365.735 Y622.262
; Coordinate transform: (1037.45,249.01) -> (364.68,622.03)
G1 X364.683 Y622.027
; Coordinate transform: (1034.38,249.58) -> (363.54,621.82)
G1 X363.538 Y621.816
; Coordinate transform: (1031.23,249.99) -> (362.36,621.66)
G1 X362.364 Y621.661
; Coordinate transform: (1028.14,250.19) -> (361.21,621.59)
G1 X361.211 Y621.586
; Coordinate transform: (1025.23,250.09) -> (360.13,621.62)
G1 X360.126 Y621.623
; Coordinate transform: (1022.58,249.63) -> (359.14,621.80)
G1 X359.138 Y621.796
; Coordinate transform: (1020.14,248.78) -> (358.23,622.11)
G1 X358.228 Y622.114
; Coordinate transform: (1017.87,247.52) -> (357.38,622.58)
G1 X357.381 Y622.584
; Coordinate transform: (1015.70,245.86) -> (356.57,623.20)
G1 X356.572 Y623.202
; Coordinate transform: (1013.59,243.81) -> (355.78,623.97)
G1 X355.785 Y623.968
; Coordinate transform: (1011.46,241.34) -> (354.99,624.89)
G1 X354.990 Y624.888
; Coordinate transform: (1009.28,238.43) -> (354.18,625.98)
G1 X354.177 Y625.975
; Coordinate transform: (1007.01,235.02) -> (353.33,627.24)
G1 X353.331 Y627.245
; Coordinate transform: (1004.63,231.09) -> (352.44,628.71)
G1 X352.443 Y628.712
; Coordinate transform: (1002.07,226.74) -> (351.49,630.33)
G1 X351.488 Y630.332
; Coordinate transform: (999.27,222.13) -> (350.44,632.05)
G1 X350.444 Y632.054
; Coordinate transform: (996.22,217.32) -> (349.31,633.85)
G1 X349.306 Y633.848
; Coordinate transform: (992.89,212.42) -> (348.06,635.67)
G1 X348.064 Y635.675
; Coordinate transform: (989.27,207.62) -> (346.71,637.46)
G1 X346.714 Y637.465
; Coordinate transform: (985.36,203.06) -> (345.26,639.16)
G1 X345.256 Y639.163
; Coordinate transform: (981.18,198.85) -> (343.70,640.73)
G1 X343.698 Y640.734
; Coordinate transform: (976.75,195.03) -> (342.04,642.16)
G1 X342.044 Y642.158
; Coordinate transform: (972.06,191.66) -> (340.30,643.42)
G1 X340.296 Y643.417
; Coordinate transform: (967.13,188.75) -> (338.46,644.50)
G1 X338.457 Y644.502
; Coordinate transform: (961.94,186.28) -> (336.52,645.42)
G1 X336.522 Y645.421
; Coordinate transform: (956.52,184.23) -> (334.50,646.19)
G1 X334.500 Y646.187
; Coordinate transform: (950.87,182.55) -> (332.39,646.81)
G1 X332.395 Y646.815
; Coordinate transform: (945.01,181.21) -> (330.21,647.31)
G1 X330.207 Y647.313
; Coordinate transform: (938.98,180.20) -> (327.96,647.69)
G1 X327.957 Y647.689
; Coordinate transform: (932.80,179.52) -> (325.65,647.94)
G1 X325.653 Y647.944
; Coordinate transform: (926.53,179.17) -> (323.32,648.07)
G1 X323.316 Y648.074
; Coordinate transform: (920.22,179.18) -> (320.96,648.07)
G1 X320.962 Y648.072
; Coordinate transform: (913.89,179.57) -> (318.60,647.93)
G1 X318.600 Y647.925
; Coordinate transform: (907.52,180.42) -> (316.23,647.61)
G1 X316.227 Y647.609
; Coordinate transform: (901.10,181.80) -> (313.83,647.09)
G1 X313.829 Y647.093
; Coordinate transform: (894.52,183.82) -> (311.38,646.34)
G1 X311.379 Y646.339
; Coordinate transform: (887.72,186.62) -> (308.84,645.30)
G1 X308.840 Y645.296
; Coordinate transform: (880.58,190.32) -> (306.18,643.91)
G1 X306.179 Y643.914
; Coordinate transform: (873.04,195.09) -> (303.37,642.14)
G1 X303.367 Y642.137
; Coordinate transform: (865.12,200.92) -> (300.41,639.96)
G1 X300.414 Y639.964
; Coordinate transform: (856.95,207.78) -> (297.36,637.40)
G1 X297.365 Y637.403
; Coordinate transform: (848.76,215.51) -> (294.31,634.52)
G1 X294.311 Y634.520
; Coordinate transform: (840.90,223.85) -> (291.38,631.41)
G1 X291.378 Y631.409
; Coordinate transform: (833.66,232.57) -> (288.68,628.16)
G1 X288.681 Y628.158
; Coordinate transform: (827.38,241.55) -> (286.34,624.81)
G1 X286.339 Y624.810
; Coordinate transform: (822.30,250.43) -> (284.44,621.50)
G1 X284.442 Y621.497
; Coordinate transform: (818.60,258.91) -> (283.06,618.34)
G1 X283.063 Y618.336
; Coordinate transform: (816.29,266.84) -> (282.20,615.38)
G1 X282.200 Y615.376
; Coordinate transform: (815.23,274.46) -> (281.80,612.54)
G1 X281.804 Y612.536
; Coordinate transform: (815.23,282.22) -> (281.81,609.64)
G1 X281.806 Y609.640
; Coordinate transform: (816.15,290.56) -> (282.15,606.53)
G1 X282.149 Y606.533
; Coordinate transform: (817.84,299.83) -> (282.78,603.07)
G1 X282.780 Y603.075
; Coordinate transform: (820.11,310.21) -> (283.63,599.20)
G1 X283.626 Y599.201
; Coordinate transform: (822.69,321.77) -> (284.59,594.89)
G1 X284.589 Y594.890
; Coordinate transform: (825.21,334.39) -> (285.53,590.18)
G1 X285.528 Y590.185
; Coordinate transform: (827.33,347.73) -> (286.32,585.21)
G1 X286.319 Y585.209
; Coordinate transform: (828.79,361.48) -> (286.86,580.08)
G1 X286.862 Y580.083
; Coordinate transform: (829.30,375.47) -> (287.05,574.86)
G1 X287.052 Y574.864
; Coordinate transform: (828.63,389.83) -> (286.81,569.51)
G1 X286.805 Y569.508
; Coordinate transform: (826.83,404.29) -> (286.13,564.12)
G1 X286.133 Y564.117
; Coordinate transform: (824.20,417.94) -> (285.15,559.03)
G1 X285.150 Y559.026
; Coordinate transform: (821.08,430.16) -> (283.99,554.47)
G1 X283.988 Y554.468
; Coordinate transform: (817.79,440.74) -> (282.76,550.52)
G1 X282.762 Y550.523
; Coordinate transform: (814.61,449.57) -> (281.57,547.23)
G1 X281.575 Y547.229
; Coordinate transform: (811.70,456.68) -> (280.49,544.58)
G1 X280.490 Y544.578
; Coordinate transform: (809.15,462.19) -> (279.54,542.52)
G1 X279.537 Y542.520
; Coordinate transform: (806.96,466.38) -> (278.72,540.96)
G1 X278.721 Y540.960
; Coordinate transform: (805.12,469.45) -> (278.03,539.81)
G1 X278.035 Y539.814
; Coordinate transform: (803.59,471.60) -> (277.46,539.01)
G1 X277.463 Y539.011
; Coordinate transform: (802.29,473.02) -> (276.98,538.48)
G1 X276.981 Y538.481
; Coordinate transform: (801.17,473.83) -> (276.56,538.18)
G1 X276.564 Y538.181
M400 ; Wait for drawing to complete
; === STOP BRUSH SEQUENCE ===
; STOP BRUSH A
G4 P50 ; Short delay before stepper command
G1 U0.000 F200.0 ; Close Brush A flow
M400 ; Wait for stepper motion to complete
M106 P2 S0 ; Brush A air off
; Z already at 84.000mm, above safe threshold of 10.000mm, no need to raise
; === END STOP BRUSH SEQUENCE ===
; === PATH END ===


; Path 16/49 (id: path16)
; WIDTH: requested=117.176mm, actual=1863.507mm, compensation=0.800
; Z HEIGHT: 84.000mm (min=4.0, max=84.0)
; PAINT FLOW: 0.500 (baseline=0.1, max=0.5)
; PAINT FLOW COMPONENTS: base=0.100, width=0.300, opacity=0.100
; FEEDRATE: 475.6 mm/min (z_factor=0.0259, speed_factor=0.765)
; WARNING: Requested stroke width 117.2mm exceeds machine capability.
; H.Airbrush cannot draw strokes wider than 6.6mm at 1mm/s minimum speed.
; Stroke width has been reduced to 6.6mm.
; ===== STROKE PARAMETERS =====
; Color: black
; Width: 117.18mm
; Opacity: 0.25
; Brush: brush_a (index 0)
T0 ; Select Brush A (Black)
; ===== AIRBRUSH SETTINGS =====
; Z-height: 84.00mm
; Paint flow: 0.50
; Feedrate: 475.6mm/min (includes Z scaling)
; Using brush: brush_a (tool 0)
; Path with Brush A (black) at Z=84.000mm
; Using: Air=P2, Flow=A axis
; Drawing Z height: 84.000mm, Travel Z height: 10.000mm
; Machine Z range: 0-84mm (Safe range: 5-80mm)
; === START BRUSH SEQUENCE ===
; START BRUSH A
; Z already at 84.000mm, above safe threshold of 10.000mm, no need to raise
T0 ; Select Tool 0 (Brush A)
G4 P500 ; Wait for tool change to complete
; === END BRUSH SEQUENCE ===
; Coordinate transform: (1514.20,1581.71) -> (542.49,124.99)
G0 X542.489 Y124.993 F24000
M400 ; Wait for XY movement to complete
G1 Z84.000 F1200
M400 ; Wait for Z movement to complete
; === ACTIVATE BRUSH AT POSITION ===
; AIR ON FIRST - Important to prevent dripping
M106 P2 S1 ; Brush A air on
; PAINT ON AFTER AIR
G4 P50 ; Short delay before stepper command
G1 U2.400 F200.0 ; Set Brush A flow to 2.400mm
M400 ; Wait for stepper motion to complete
; === BRUSH ACTIVATED ===
G1 F475.56460435427675
; Coordinate transform: (1514.24,1581.36) -> (542.50,125.12)
G1 X542.503 Y125.124
; Coordinate transform: (1514.30,1580.85) -> (542.53,125.31)
G1 X542.526 Y125.314
; Coordinate transform: (1514.45,1580.20) -> (542.58,125.56)
G1 X542.582 Y125.556
; Coordinate transform: (1514.75,1579.49) -> (542.69,125.82)
G1 X542.694 Y125.821
; Coordinate transform: (1515.19,1578.74) -> (542.86,126.10)
G1 X542.858 Y126.101
; Coordinate transform: (1515.78,1577.94) -> (543.08,126.40)
G1 X543.078 Y126.399
; Coordinate transform: (1516.50,1577.10) -> (543.35,126.71)
G1 X543.346 Y126.713
; Coordinate transform: (1517.34,1576.20) -> (543.66,127.05)
G1 X543.660 Y127.048
; Coordinate transform: (1518.29,1575.24) -> (544.01,127.41)
G1 X544.014 Y127.406
; Coordinate transform: (1519.33,1574.21) -> (544.40,127.79)
G1 X544.402 Y127.790
; Coordinate transform: (1520.49,1573.10) -> (544.83,128.20)
G1 X544.834 Y128.204
; Coordinate transform: (1521.78,1571.85) -> (545.32,128.67)
G1 X545.316 Y128.671
; Coordinate transform: (1523.24,1570.40) -> (545.86,129.21)
G1 X545.860 Y129.211
; Coordinate transform: (1524.93,1568.69) -> (546.49,129.85)
G1 X546.490 Y129.849
; Coordinate transform: (1526.88,1566.63) -> (547.22,130.62)
G1 X547.218 Y130.617
; Coordinate transform: (1529.16,1564.17) -> (548.07,131.53)
G1 X548.068 Y131.535
; Coordinate transform: (1531.86,1561.22) -> (549.07,132.63)
G1 X549.075 Y132.635
; Coordinate transform: (1535.06,1557.72) -> (550.27,133.94)
G1 X550.268 Y133.940
; Coordinate transform: (1538.83,1553.53) -> (551.67,135.50)
G1 X551.674 Y135.503
; Coordinate transform: (1543.24,1548.48) -> (553.32,137.39)
G1 X553.319 Y137.386
; Coordinate transform: (1548.33,1542.55) -> (555.22,139.60)
G1 X555.217 Y139.598
; Coordinate transform: (1554.09,1535.72) -> (557.37,142.15)
G1 X557.366 Y142.145
; Coordinate transform: (1560.40,1528.00) -> (559.72,145.02)
G1 X559.719 Y145.024
; Coordinate transform: (1567.07,1519.61) -> (562.21,148.15)
G1 X562.207 Y148.154
; Coordinate transform: (1573.82,1510.79) -> (564.72,151.44)
G1 X564.724 Y151.443
; Coordinate transform: (1580.29,1501.87) -> (567.14,154.77)
G1 X567.137 Y154.770
; Coordinate transform: (1586.20,1493.20) -> (569.34,158.00)
G1 X569.341 Y158.003
; Coordinate transform: (1591.29,1485.03) -> (571.24,161.05)
G1 X571.239 Y161.050
; Coordinate transform: (1595.48,1477.60) -> (572.80,163.82)
G1 X572.802 Y163.821
; Coordinate transform: (1598.66,1471.02) -> (573.99,166.28)
G1 X573.988 Y166.275
; Coordinate transform: (1600.84,1465.41) -> (574.80,168.37)
G1 X574.801 Y168.368
; Coordinate transform: (1602.07,1460.79) -> (575.26,170.09)
G1 X575.260 Y170.091
; Coordinate transform: (1602.44,1457.20) -> (575.40,171.43)
G1 X575.398 Y171.430
; Coordinate transform: (1602.02,1454.65) -> (575.24,172.38)
G1 X575.241 Y172.381
; Coordinate transform: (1600.85,1453.09) -> (574.80,172.96)
G1 X574.805 Y172.962
; Coordinate transform: (1598.95,1452.48) -> (574.10,173.19)
G1 X574.096 Y173.190
; Coordinate transform: (1596.33,1452.80) -> (573.12,173.07)
G1 X573.119 Y173.071
; Coordinate transform: (1592.97,1454.03) -> (571.87,172.61)
G1 X571.866 Y172.612
; Coordinate transform: (1589.11,1456.30) -> (570.43,171.77)
G1 X570.426 Y171.765
; Coordinate transform: (1584.94,1459.74) -> (568.87,170.48)
G1 X568.871 Y170.482
; Coordinate transform: (1580.47,1464.39) -> (567.20,168.75)
G1 X567.204 Y168.748
; Coordinate transform: (1575.61,1470.27) -> (565.39,166.56)
G1 X565.392 Y166.555
; Coordinate transform: (1570.60,1477.45) -> (563.52,163.88)
G1 X563.523 Y163.877
; Coordinate transform: (1565.42,1485.85) -> (561.59,160.74)
G1 X561.591 Y160.744
; Coordinate transform: (1560.09,1495.24) -> (559.60,157.24)
G1 X559.603 Y157.242
; Coordinate transform: (1554.74,1505.32) -> (557.61,153.48)
G1 X557.608 Y153.483
; Coordinate transform: (1549.43,1515.59) -> (555.63,149.65)
G1 X555.628 Y149.653
; Coordinate transform: (1544.32,1525.62) -> (553.72,145.91)
G1 X553.722 Y145.912
; Coordinate transform: (1539.50,1534.97) -> (551.92,142.43)
G1 X551.924 Y142.425
; Coordinate transform: (1534.92,1543.52) -> (550.22,139.24)
G1 X550.216 Y139.236
; Coordinate transform: (1530.55,1551.37) -> (548.59,136.31)
G1 X548.586 Y136.309
; Coordinate transform: (1526.26,1558.69) -> (546.99,133.58)
G1 X546.986 Y133.579
; Coordinate transform: (1521.85,1565.79) -> (545.34,130.93)
G1 X545.342 Y130.931
; Coordinate transform: (1517.07,1573.05) -> (543.56,128.22)
G1 X543.559 Y128.223
; Coordinate transform: (1511.72,1580.87) -> (541.56,125.31)
G1 X541.564 Y125.306
; Coordinate transform: (1505.47,1589.66) -> (539.23,122.03)
G1 X539.233 Y122.028
; Coordinate transform: (1498.17,1599.69) -> (536.51,118.29)
G1 X536.510 Y118.287
; Coordinate transform: (1489.77,1610.98) -> (533.38,114.08)
G1 X533.377 Y114.077
; Coordinate transform: (1480.49,1623.26) -> (529.92,109.50)
G1 X529.916 Y109.497
; Coordinate transform: (1470.76,1635.79) -> (526.29,104.82)
G1 X526.287 Y104.824
; Coordinate transform: (1461.15,1647.79) -> (522.70,100.35)
G1 X522.703 Y100.348
; Coordinate transform: (1452.16,1658.67) -> (519.35,96.29)
G1 X519.351 Y96.291
; Coordinate transform: (1444.14,1668.15) -> (516.36,92.76)
G1 X516.359 Y92.755
; Coordinate transform: (1437.27,1676.22) -> (513.80,89.75)
G1 X513.797 Y89.745
; Coordinate transform: (1431.61,1683.08) -> (511.69,87.19)
G1 X511.686 Y87.187
; Coordinate transform: (1427.15,1688.99) -> (510.02,84.98)
G1 X510.023 Y84.983
; Coordinate transform: (1423.79,1694.26) -> (508.77,83.02)
G1 X508.770 Y83.017
; Coordinate transform: (1421.46,1699.18) -> (507.90,81.18)
G1 X507.901 Y81.182
; Coordinate transform: (1420.10,1704.07) -> (507.39,79.36)
G1 X507.394 Y79.359
; Coordinate transform: (1419.65,1709.17) -> (507.23,77.46)
G1 X507.226 Y77.457
; Coordinate transform: (1420.03,1714.75) -> (507.37,75.38)
G1 X507.368 Y75.376
; Coordinate transform: (1421.23,1721.08) -> (507.82,73.01)
G1 X507.815 Y73.015
; Coordinate transform: (1423.23,1728.30) -> (508.56,70.32)
G1 X508.561 Y70.322
; Coordinate transform: (1426.03,1736.60) -> (509.61,67.23)
G1 X509.605 Y67.227
; Coordinate transform: (1429.62,1745.97) -> (510.94,63.73)
G1 X510.944 Y63.732
; Coordinate transform: (1434.04,1756.31) -> (512.59,59.88)
G1 X512.593 Y59.876
; Coordinate transform: (1439.29,1767.40) -> (514.55,55.74)
G1 X514.551 Y55.740
; Coordinate transform: (1445.28,1778.85) -> (516.78,51.47)
G1 X516.785 Y51.469
; Coordinate transform: (1451.91,1790.29) -> (519.26,47.20)
G1 X519.257 Y47.203
; Coordinate transform: (1459.06,1801.42) -> (521.92,43.05)
G1 X521.924 Y43.052
; Coordinate transform: (1466.62,1811.84) -> (524.74,39.17)
G1 X524.743 Y39.166
; Coordinate transform: (1474.49,1821.27) -> (527.68,35.65)
G1 X527.679 Y35.649
; Coordinate transform: (1482.60,1829.95) -> (530.70,32.41)
G1 X530.703 Y32.411
; Coordinate transform: (1490.93,1838.47) -> (533.81,29.23)
G1 X533.810 Y29.234
; Coordinate transform: (1499.39,1847.05) -> (536.97,26.03)
G1 X536.965 Y26.034
; Coordinate transform: (1507.79,1855.75) -> (540.10,22.79)
G1 X540.098 Y22.789
; Coordinate transform: (1515.92,1864.26) -> (543.13,19.62)
G1 X543.130 Y19.615
; Coordinate transform: (1523.79,1872.04) -> (546.07,16.71)
G1 X546.065 Y16.714
; Coordinate transform: (1531.53,1878.36) -> (548.95,14.36)
G1 X548.952 Y14.357
; Coordinate transform: (1539.27,1882.72) -> (551.84,12.73)
G1 X551.838 Y12.731
; Coordinate transform: (1547.19,1884.84) -> (554.79,11.94)
G1 X554.792 Y11.940
; Coordinate transform: (1555.33,1884.63) -> (557.83,12.02)
G1 X557.828 Y12.018
; Coordinate transform: (1563.70,1882.24) -> (560.95,12.91)
G1 X560.950 Y12.910
; Coordinate transform: (1572.18,1878.10) -> (564.11,14.45)
G1 X564.112 Y14.454
; Coordinate transform: (1580.59,1872.88) -> (567.25,16.40)
G1 X567.249 Y16.401
; Coordinate transform: (1588.76,1867.25) -> (570.30,18.50)
G1 X570.296 Y18.500
; Coordinate transform: (1596.81,1861.59) -> (573.30,20.61)
G1 X573.298 Y20.611
; Coordinate transform: (1604.92,1856.35) -> (576.32,22.57)
G1 X576.323 Y22.565
; Coordinate transform: (1613.22,1851.69) -> (579.42,24.30)
G1 X579.418 Y24.303
; Coordinate transform: (1621.69,1847.72) -> (582.58,25.78)
G1 X582.577 Y25.784
; Coordinate transform: (1630.14,1844.58) -> (585.73,26.96)
G1 X585.729 Y26.955
; Coordinate transform: (1638.49,1842.29) -> (588.84,27.81)
G1 X588.843 Y27.809
; Coordinate transform: (1646.76,1840.67) -> (591.93,28.41)
G1 X591.927 Y28.413
; Coordinate transform: (1654.98,1839.54) -> (594.99,28.83)
G1 X594.993 Y28.835
; Coordinate transform: (1663.15,1838.75) -> (598.04,29.13)
G1 X598.040 Y29.129
; Coordinate transform: (1671.33,1838.13) -> (601.09,29.36)
G1 X601.091 Y29.361
; Coordinate transform: (1679.56,1837.54) -> (604.16,29.58)
G1 X604.160 Y29.581
; Coordinate transform: (1687.78,1836.78) -> (607.23,29.86)
G1 X607.226 Y29.864
; Coordinate transform: (1696.03,1835.72) -> (610.30,30.26)
G1 X610.303 Y30.259
; Coordinate transform: (1704.42,1834.24) -> (613.43,30.81)
G1 X613.432 Y30.811
; Coordinate transform: (1713.23,1832.26) -> (616.72,31.55)
G1 X616.717 Y31.550
; Coordinate transform: (1722.83,1829.65) -> (620.30,32.52)
G1 X620.298 Y32.523
; Coordinate transform: (1733.45,1826.36) -> (624.26,33.75)
G1 X624.258 Y33.750
; Coordinate transform: (1745.05,1822.38) -> (628.58,35.23)
G1 X628.585 Y35.235
; Coordinate transform: (1757.42,1817.79) -> (633.20,36.95)
G1 X633.198 Y36.947
; Coordinate transform: (1770.50,1812.61) -> (638.08,38.88)
G1 X638.076 Y38.878
; Coordinate transform: (1784.10,1807.12) -> (643.15,40.93)
G1 X643.149 Y40.926
; Coordinate transform: (1797.84,1801.80) -> (648.27,42.91)
G1 X648.273 Y42.910
; Coordinate transform: (1811.47,1797.02) -> (653.36,44.69)
G1 X653.356 Y44.693
; Coordinate transform: (1824.72,1792.84) -> (658.30,46.25)
G1 X658.298 Y46.252
; Coordinate transform: (1837.57,1789.10) -> (663.09,47.65)
G1 X663.090 Y47.647
; Coordinate transform: (1850.08,1785.60) -> (667.76,48.95)
G1 X667.756 Y48.952
; Coordinate transform: (1862.31,1782.27) -> (672.32,50.19)
G1 X672.317 Y50.194
; Coordinate transform: (1874.15,1779.12) -> (676.73,51.37)
G1 X676.733 Y51.369
; Coordinate transform: (1884.76,1776.03) -> (680.69,52.52)
G1 X680.690 Y52.521
; Coordinate transform: (1892.83,1772.77) -> (683.70,53.74)
G1 X683.700 Y53.737
; Coordinate transform: (1897.96,1769.21) -> (685.61,55.06)
G1 X685.613 Y55.065
M400 ; Wait for drawing to complete
; === STOP BRUSH SEQUENCE ===
; STOP BRUSH A
G4 P50 ; Short delay before stepper command
G1 U0.000 F200.0 ; Close Brush A flow
M400 ; Wait for stepper motion to complete
M106 P2 S0 ; Brush A air off
; Z already at 84.000mm, above safe threshold of 10.000mm, no need to raise
; === END STOP BRUSH SEQUENCE ===
; === PATH END ===


; Path 17/49 (id: path17)
; WIDTH: requested=117.176mm, actual=1863.507mm, compensation=0.800
; Z HEIGHT: 84.000mm (min=4.0, max=84.0)
; PAINT FLOW: 0.500 (baseline=0.1, max=0.5)
; PAINT FLOW COMPONENTS: base=0.100, width=0.300, opacity=0.100
; FEEDRATE: 475.6 mm/min (z_factor=0.0259, speed_factor=0.765)
; WARNING: Requested stroke width 117.2mm exceeds machine capability.
; H.Airbrush cannot draw strokes wider than 6.6mm at 1mm/s minimum speed.
; Stroke width has been reduced to 6.6mm.
; ===== STROKE PARAMETERS =====
; Color: black
; Width: 117.18mm
; Opacity: 0.25
; Brush: brush_a (index 0)
T0 ; Select Brush A (Black)
; ===== AIRBRUSH SETTINGS =====
; Z-height: 84.00mm
; Paint flow: 0.50
; Feedrate: 475.6mm/min (includes Z scaling)
; Using brush: brush_a (tool 0)
; Path with Brush A (black) at Z=84.000mm
; Using: Air=P2, Flow=A axis
; Drawing Z height: 84.000mm, Travel Z height: 10.000mm
; Machine Z range: 0-84mm (Safe range: 5-80mm)
; === START BRUSH SEQUENCE ===
; START BRUSH A
; Z already at 84.000mm, above safe threshold of 10.000mm, no need to raise
T0 ; Select Tool 0 (Brush A)
G4 P500 ; Wait for tool change to complete
; === END BRUSH SEQUENCE ===
; Coordinate transform: (1668.39,220.65) -> (599.99,632.61)
G0 X599.994 Y632.605 F24000
M400 ; Wait for XY movement to complete
G1 Z84.000 F1200
M400 ; Wait for Z movement to complete
; === ACTIVATE BRUSH AT POSITION ===
; AIR ON FIRST - Important to prevent dripping
M106 P2 S1 ; Brush A air on
; PAINT ON AFTER AIR
G4 P50 ; Short delay before stepper command
G1 U2.400 F200.0 ; Set Brush A flow to 2.400mm
M400 ; Wait for stepper motion to complete
; === BRUSH ACTIVATED ===
G1 F475.56460435427675
; Coordinate transform: (1669.27,222.41) -> (600.32,631.95)
G1 X600.322 Y631.948
; Coordinate transform: (1670.52,224.87) -> (600.79,631.03)
G1 X600.789 Y631.032
; Coordinate transform: (1672.02,227.89) -> (601.35,629.90)
G1 X601.348 Y629.903
; Coordinate transform: (1673.69,231.34) -> (601.97,628.62)
G1 X601.971 Y628.619
; Coordinate transform: (1675.40,235.06) -> (602.61,627.23)
G1 X602.609 Y627.231
; Coordinate transform: (1677.05,238.91) -> (603.22,625.79)
G1 X603.224 Y625.793
; Coordinate transform: (1678.53,242.75) -> (603.78,624.36)
G1 X603.776 Y624.361
; Coordinate transform: (1679.75,246.46) -> (604.23,622.98)
G1 X604.231 Y622.979
; Coordinate transform: (1680.66,249.93) -> (604.57,621.69)
G1 X604.570 Y621.686
; Coordinate transform: (1681.19,253.08) -> (604.77,620.51)
G1 X604.768 Y620.509
; Coordinate transform: (1681.34,255.85) -> (604.82,619.48)
G1 X604.824 Y619.477
; Coordinate transform: (1681.09,258.19) -> (604.73,618.60)
G1 X604.731 Y618.603
; Coordinate transform: (1680.44,260.10) -> (604.49,617.89)
G1 X604.488 Y617.891
; Coordinate transform: (1679.34,261.59) -> (604.08,617.34)
G1 X604.078 Y617.337
; Coordinate transform: (1677.77,262.67) -> (603.49,616.93)
G1 X603.492 Y616.931
; Coordinate transform: (1675.65,263.40) -> (602.70,616.66)
G1 X602.702 Y616.662
; Coordinate transform: (1672.91,263.81) -> (601.68,616.51)
G1 X601.680 Y616.508
; Coordinate transform: (1669.41,263.96) -> (600.37,616.45)
G1 X600.375 Y616.451
; Coordinate transform: (1665.00,263.92) -> (598.73,616.47)
G1 X598.730 Y616.465
; Coordinate transform: (1659.60,263.82) -> (596.72,616.50)
G1 X596.716 Y616.502
; Coordinate transform: (1653.08,263.82) -> (594.28,616.51)
G1 X594.284 Y616.505
; Coordinate transform: (1645.40,264.07) -> (591.42,616.41)
G1 X591.420 Y616.409
; Coordinate transform: (1636.68,264.80) -> (588.17,616.14)
G1 X588.168 Y616.139
; Coordinate transform: (1627.13,266.17) -> (584.61,615.63)
G1 X584.606 Y615.628
; Coordinate transform: (1617.03,268.31) -> (580.84,614.83)
G1 X580.839 Y614.829
; Coordinate transform: (1606.75,271.22) -> (577.01,613.74)
G1 X577.005 Y613.744
; Coordinate transform: (1596.72,274.76) -> (573.26,612.43)
G1 X573.265 Y612.425
; Coordinate transform: (1587.45,278.69) -> (569.81,610.96)
G1 X569.807 Y610.958
; Coordinate transform: (1579.60,282.75) -> (566.88,609.45)
G1 X566.880 Y609.445
; Coordinate transform: (1573.57,286.75) -> (564.63,607.95)
G1 X564.631 Y607.952
; Coordinate transform: (1569.55,290.64) -> (563.13,606.50)
G1 X563.131 Y606.503
; Coordinate transform: (1567.62,294.41) -> (562.41,605.09)
G1 X562.412 Y605.094
; Coordinate transform: (1567.78,298.14) -> (562.47,603.71)
G1 X562.471 Y603.705
; Coordinate transform: (1569.95,301.89) -> (563.28,602.30)
G1 X563.281 Y602.305
; Coordinate transform: (1574.04,305.79) -> (564.81,600.85)
G1 X564.806 Y600.853
; Coordinate transform: (1579.98,309.93) -> (567.02,599.31)
G1 X567.021 Y599.306
; Coordinate transform: (1587.67,314.41) -> (569.89,597.64)
G1 X569.889 Y597.637
; Coordinate transform: (1596.84,319.24) -> (573.31,595.84)
G1 X573.309 Y595.837
; Coordinate transform: (1607.14,324.41) -> (577.15,593.91)
G1 X577.151 Y593.906
; Coordinate transform: (1618.02,329.90) -> (581.21,591.86)
G1 X581.209 Y591.857
; Coordinate transform: (1628.89,335.67) -> (585.26,589.71)
G1 X585.263 Y589.706
; Coordinate transform: (1639.16,341.73) -> (589.09,587.45)
G1 X589.093 Y587.446
; Coordinate transform: (1648.31,348.17) -> (592.51,585.05)
G1 X592.505 Y585.047
; Coordinate transform: (1656.06,355.09) -> (595.40,582.46)
G1 X595.396 Y582.465
; Coordinate transform: (1662.25,362.68) -> (597.70,579.63)
G1 X597.704 Y579.635
; Coordinate transform: (1667.10,371.09) -> (599.51,576.50)
G1 X599.513 Y576.498
; Coordinate transform: (1670.78,380.45) -> (600.89,573.00)
G1 X600.885 Y573.005
; Coordinate transform: (1673.45,390.86) -> (601.88,569.12)
G1 X601.881 Y569.124
; Coordinate transform: (1675.30,402.16) -> (602.57,564.91)
G1 X602.571 Y564.909
; Coordinate transform: (1676.48,414.12) -> (603.01,560.45)
G1 X603.011 Y560.449
; Coordinate transform: (1677.10,426.42) -> (603.24,555.86)
G1 X603.243 Y555.863
; Coordinate transform: (1677.34,438.77) -> (603.33,551.26)
G1 X603.332 Y551.255
; Coordinate transform: (1677.46,451.04) -> (603.38,546.68)
G1 X603.377 Y546.680
; Coordinate transform: (1677.75,463.18) -> (603.48,542.15)
G1 X603.485 Y542.151
; Coordinate transform: (1678.41,475.30) -> (603.73,537.63)
G1 X603.731 Y537.633
; Coordinate transform: (1679.57,487.54) -> (604.16,533.07)
G1 X604.164 Y533.069
; Coordinate transform: (1681.34,500.00) -> (604.82,528.42)
G1 X604.824 Y528.421
; Coordinate transform: (1683.85,512.65) -> (605.76,523.70)
G1 X605.760 Y523.702
; Coordinate transform: (1687.22,525.25) -> (607.02,519.00)
G1 X607.017 Y519.005
; Coordinate transform: (1691.29,537.68) -> (608.53,514.37)
G1 X608.535 Y514.367
; Coordinate transform: (1695.78,549.97) -> (610.21,509.78)
G1 X610.209 Y509.784
; Coordinate transform: (1700.49,562.03) -> (611.97,505.28)
G1 X611.966 Y505.284
; Coordinate transform: (1705.42,573.68) -> (613.80,500.94)
G1 X613.805 Y500.941
; Coordinate transform: (1710.62,584.60) -> (615.74,496.87)
G1 X615.744 Y496.870
; Coordinate transform: (1716.16,594.52) -> (617.81,493.17)
G1 X617.810 Y493.170
; Coordinate transform: (1721.95,603.47) -> (619.97,489.83)
G1 X619.969 Y489.832
; Coordinate transform: (1727.79,611.49) -> (622.15,486.84)
G1 X622.148 Y486.839
; Coordinate transform: (1733.52,618.66) -> (624.28,484.16)
G1 X624.285 Y484.164
; Coordinate transform: (1738.98,625.10) -> (626.32,481.76)
G1 X626.321 Y481.762
; Coordinate transform: (1744.08,630.95) -> (628.22,479.58)
G1 X628.223 Y479.584
; Coordinate transform: (1748.78,636.28) -> (629.98,477.59)
G1 X629.976 Y477.593
; Coordinate transform: (1753.03,641.23) -> (631.56,475.75)
G1 X631.561 Y475.747
; Coordinate transform: (1756.83,645.91) -> (632.98,474.00)
G1 X632.978 Y474.003
; Coordinate transform: (1760.21,650.39) -> (634.24,472.33)
G1 X634.239 Y472.332
; Coordinate transform: (1763.22,654.70) -> (635.36,470.72)
G1 X635.361 Y470.723
; Coordinate transform: (1765.95,658.93) -> (636.38,469.15)
G1 X636.379 Y469.147
; Coordinate transform: (1768.54,663.13) -> (637.35,467.58)
G1 X637.345 Y467.582
; Coordinate transform: (1771.12,667.26) -> (638.31,466.04)
G1 X638.308 Y466.041
; Coordinate transform: (1773.79,671.31) -> (639.30,464.53)
G1 X639.303 Y464.530
; Coordinate transform: (1776.69,675.30) -> (640.38,463.04)
G1 X640.385 Y463.040
; Coordinate transform: (1779.99,679.25) -> (641.62,461.57)
G1 X641.616 Y461.568
; Coordinate transform: (1783.91,683.14) -> (643.08,460.12)
G1 X643.078 Y460.117
; Coordinate transform: (1788.76,686.98) -> (644.89,458.69)
G1 X644.886 Y458.686
; Coordinate transform: (1794.83,690.80) -> (647.15,457.26)
G1 X647.150 Y457.262
; Coordinate transform: (1802.27,694.69) -> (649.93,455.81)
G1 X649.925 Y455.808
; Coordinate transform: (1811.28,698.79) -> (653.29,454.28)
G1 X653.285 Y454.281
; Coordinate transform: (1821.07,703.21) -> (656.94,452.63)
G1 X656.937 Y452.631
; Coordinate transform: (1830.90,707.99) -> (660.60,450.85)
G1 X660.603 Y450.849
; Coordinate transform: (1840.12,713.07) -> (664.04,448.96)
G1 X664.041 Y448.957
; Coordinate transform: (1848.95,718.33) -> (667.33,446.99)
G1 X667.334 Y446.995
; Coordinate transform: (1857.58,723.71) -> (670.55,444.99)
G1 X670.553 Y444.987
; Coordinate transform: (1866.24,729.14) -> (673.78,442.96)
G1 X673.783 Y442.962
; Coordinate transform: (1874.45,734.61) -> (676.84,440.92)
G1 X676.845 Y440.923
; Coordinate transform: (1881.54,740.13) -> (679.49,438.86)
G1 X679.489 Y438.861
; Coordinate transform: (1886.59,745.79) -> (681.37,436.75)
G1 X681.372 Y436.753
; Coordinate transform: (1888.97,751.66) -> (682.26,434.56)
G1 X682.260 Y434.564
M400 ; Wait for drawing to complete
; === STOP BRUSH SEQUENCE ===
; STOP BRUSH A
G4 P50 ; Short delay before stepper command
G1 U0.000 F200.0 ; Close Brush A flow
M400 ; Wait for stepper motion to complete
M106 P2 S0 ; Brush A air off
; Z already at 84.000mm, above safe threshold of 10.000mm, no need to raise
; === END STOP BRUSH SEQUENCE ===
; === PATH END ===


; Path 18/49 (id: path18)
; WIDTH: requested=117.176mm, actual=1863.507mm, compensation=0.800
; Z HEIGHT: 84.000mm (min=4.0, max=84.0)
; PAINT FLOW: 0.500 (baseline=0.1, max=0.5)
; PAINT FLOW COMPONENTS: base=0.100, width=0.300, opacity=0.100
; FEEDRATE: 475.6 mm/min (z_factor=0.0259, speed_factor=0.765)
; WARNING: Requested stroke width 117.2mm exceeds machine capability.
; H.Airbrush cannot draw strokes wider than 6.6mm at 1mm/s minimum speed.
; Stroke width has been reduced to 6.6mm.
; ===== STROKE PARAMETERS =====
; Color: black
; Width: 117.18mm
; Opacity: 0.25
; Brush: brush_a (index 0)
T0 ; Select Brush A (Black)
; ===== AIRBRUSH SETTINGS =====
; Z-height: 84.00mm
; Paint flow: 0.50
; Feedrate: 475.6mm/min (includes Z scaling)
; Using brush: brush_a (tool 0)
; Path with Brush A (black) at Z=84.000mm
; Using: Air=P2, Flow=A axis
; Drawing Z height: 84.000mm, Travel Z height: 10.000mm
; Machine Z range: 0-84mm (Safe range: 5-80mm)
; === START BRUSH SEQUENCE ===
; START BRUSH A
; Z already at 84.000mm, above safe threshold of 10.000mm, no need to raise
T0 ; Select Tool 0 (Brush A)
G4 P500 ; Wait for tool change to complete
; === END BRUSH SEQUENCE ===
; Coordinate transform: (1010.84,531.26) -> (354.76,516.76)
G0 X354.759 Y516.763 F24000
M400 ; Wait for XY movement to complete
G1 Z84.000 F1200
M400 ; Wait for Z movement to complete
; === ACTIVATE BRUSH AT POSITION ===
; AIR ON FIRST - Important to prevent dripping
M106 P2 S1 ; Brush A air on
; PAINT ON AFTER AIR
G4 P50 ; Short delay before stepper command
G1 U2.400 F200.0 ; Set Brush A flow to 2.400mm
M400 ; Wait for stepper motion to complete
; === BRUSH ACTIVATED ===
G1 F475.56460435427675
; Coordinate transform: (1011.20,531.68) -> (354.89,516.61)
G1 X354.893 Y516.606
; Coordinate transform: (1011.74,532.19) -> (355.09,516.41)
G1 X355.095 Y516.413
; Coordinate transform: (1012.44,532.78) -> (355.36,516.19)
G1 X355.356 Y516.194
; Coordinate transform: (1013.29,533.41) -> (355.67,515.96)
G1 X355.673 Y515.960
; Coordinate transform: (1014.31,534.05) -> (356.05,515.72)
G1 X356.053 Y515.721
; Coordinate transform: (1015.49,534.68) -> (356.49,515.49)
G1 X356.493 Y515.486
; Coordinate transform: (1016.86,535.28) -> (357.00,515.26)
G1 X357.004 Y515.264
; Coordinate transform: (1018.42,535.81) -> (357.59,515.06)
G1 X357.586 Y515.063
; Coordinate transform: (1020.22,536.28) -> (358.26,514.89)
G1 X358.257 Y514.889
; Coordinate transform: (1022.30,536.65) -> (359.03,514.75)
G1 X359.033 Y514.750
; Coordinate transform: (1024.72,536.91) -> (359.94,514.65)
G1 X359.936 Y514.653
; Coordinate transform: (1027.56,537.04) -> (360.99,514.60)
G1 X360.995 Y514.605
; Coordinate transform: (1030.84,537.02) -> (362.22,514.61)
G1 X362.218 Y514.615
; Coordinate transform: (1034.59,536.80) -> (363.62,514.70)
G1 X363.617 Y514.695
; Coordinate transform: (1038.86,536.36) -> (365.21,514.86)
G1 X365.209 Y514.861
; Coordinate transform: (1043.72,535.62) -> (367.02,515.13)
G1 X367.022 Y515.134
; Coordinate transform: (1049.11,534.57) -> (369.03,515.53)
G1 X369.032 Y515.528
; Coordinate transform: (1054.96,533.13) -> (371.21,516.06)
G1 X371.214 Y516.062
; Coordinate transform: (1061.17,531.27) -> (373.53,516.76)
G1 X373.530 Y516.757
; Coordinate transform: (1067.52,528.98) -> (375.90,517.61)
G1 X375.898 Y517.613
; Coordinate transform: (1073.81,526.24) -> (378.24,518.63)
G1 X378.244 Y518.633
; Coordinate transform: (1079.78,523.10) -> (380.47,519.81)
G1 X380.470 Y519.806
; Coordinate transform: (1085.13,519.62) -> (382.47,521.10)
G1 X382.466 Y521.101
; Coordinate transform: (1089.62,515.87) -> (384.14,522.50)
G1 X384.140 Y522.500
; Coordinate transform: (1093.07,511.87) -> (385.43,523.99)
G1 X385.427 Y523.994
; Coordinate transform: (1095.32,507.60) -> (386.27,525.59)
G1 X386.266 Y525.585
; Coordinate transform: (1096.29,503.07) -> (386.63,527.27)
G1 X386.628 Y527.275
; Coordinate transform: (1095.93,498.23) -> (386.49,529.08)
G1 X386.494 Y529.080
; Coordinate transform: (1094.20,492.97) -> (385.85,531.04)
G1 X385.848 Y531.043
; Coordinate transform: (1091.13,487.23) -> (384.70,533.18)
G1 X384.703 Y533.184
; Coordinate transform: (1086.76,480.94) -> (383.07,535.53)
G1 X383.074 Y535.529
; Coordinate transform: (1081.16,474.07) -> (380.99,538.09)
G1 X380.985 Y538.089
; Coordinate transform: (1074.51,466.72) -> (378.50,540.83)
G1 X378.505 Y540.833
; Coordinate transform: (1067.04,459.00) -> (375.72,543.71)
G1 X375.719 Y543.711
; Coordinate transform: (1059.04,451.11) -> (372.74,546.66)
G1 X372.735 Y546.655
; Coordinate transform: (1050.83,443.21) -> (369.67,549.60)
G1 X369.673 Y549.599
; Coordinate transform: (1042.72,435.49) -> (366.65,552.48)
G1 X366.649 Y552.479
; Coordinate transform: (1034.86,428.06) -> (363.72,555.25)
G1 X363.717 Y555.251
; Coordinate transform: (1027.52,421.13) -> (360.98,557.83)
G1 X360.980 Y557.834
; Coordinate transform: (1020.70,414.64) -> (358.44,560.25)
G1 X358.436 Y560.255
; Coordinate transform: (1014.40,408.41) -> (356.09,562.58)
G1 X356.087 Y562.579
; Coordinate transform: (1008.48,402.28) -> (353.88,564.86)
G1 X353.879 Y564.863
; Coordinate transform: (1002.83,396.08) -> (351.77,567.18)
G1 X351.772 Y567.178
; Coordinate transform: (997.31,389.60) -> (349.71,569.59)
G1 X349.713 Y569.594
; Coordinate transform: (991.82,382.74) -> (347.67,572.15)
G1 X347.667 Y572.151
; Coordinate transform: (986.35,375.46) -> (345.63,574.87)
G1 X345.626 Y574.869
; Coordinate transform: (980.97,367.66) -> (343.62,577.78)
G1 X343.619 Y577.777
; Coordinate transform: (975.81,359.30) -> (341.70,580.89)
G1 X341.695 Y580.894
; Coordinate transform: (971.11,350.35) -> (339.94,584.23)
G1 X339.941 Y584.232
; Coordinate transform: (967.10,340.75) -> (338.45,587.81)
G1 X338.447 Y587.814
; Coordinate transform: (964.00,330.38) -> (337.29,591.68)
G1 X337.290 Y591.680
; Coordinate transform: (961.91,319.26) -> (336.51,595.83)
G1 X336.510 Y595.829
; Coordinate transform: (960.79,307.50) -> (336.09,600.21)
G1 X336.094 Y600.214
; Coordinate transform: (960.45,295.51) -> (335.97,604.69)
G1 X335.966 Y604.685
; Coordinate transform: (960.60,283.75) -> (336.02,609.07)
G1 X336.023 Y609.069
; Coordinate transform: (961.04,272.49) -> (336.19,613.27)
G1 X336.186 Y613.270
; Coordinate transform: (961.62,261.88) -> (336.40,617.23)
G1 X336.400 Y617.226
; Coordinate transform: (962.20,252.03) -> (336.62,620.90)
G1 X336.620 Y620.901
; Coordinate transform: (962.73,243.00) -> (336.82,624.27)
G1 X336.816 Y624.270
; Coordinate transform: (963.16,234.79) -> (336.98,627.33)
G1 X336.977 Y627.332
; Coordinate transform: (963.49,227.36) -> (337.10,630.10)
G1 X337.100 Y630.102
; Coordinate transform: (963.81,220.66) -> (337.22,632.60)
G1 X337.220 Y632.602
; Coordinate transform: (964.21,214.59) -> (337.37,634.87)
G1 X337.368 Y634.866
; Coordinate transform: (964.78,209.06) -> (337.58,636.93)
G1 X337.582 Y636.928
; Coordinate transform: (965.61,203.97) -> (337.89,638.82)
G1 X337.891 Y638.824
; Coordinate transform: (966.78,199.22) -> (338.33,640.60)
G1 X338.326 Y640.596
; Coordinate transform: (968.34,194.69) -> (338.91,642.29)
G1 X338.908 Y642.287
M400 ; Wait for drawing to complete
; === STOP BRUSH SEQUENCE ===
; STOP BRUSH A
G4 P50 ; Short delay before stepper command
G1 U0.000 F200.0 ; Close Brush A flow
M400 ; Wait for stepper motion to complete
M106 P2 S0 ; Brush A air off
; Z already at 84.000mm, above safe threshold of 10.000mm, no need to raise
; === END STOP BRUSH SEQUENCE ===
; === PATH END ===


; Path 19/49 (id: path19)
; WIDTH: requested=117.176mm, actual=1863.507mm, compensation=0.800
; Z HEIGHT: 84.000mm (min=4.0, max=84.0)
; PAINT FLOW: 0.500 (baseline=0.1, max=0.5)
; PAINT FLOW COMPONENTS: base=0.100, width=0.300, opacity=0.100
; FEEDRATE: 475.6 mm/min (z_factor=0.0259, speed_factor=0.765)
; WARNING: Requested stroke width 117.2mm exceeds machine capability.
; H.Airbrush cannot draw strokes wider than 6.6mm at 1mm/s minimum speed.
; Stroke width has been reduced to 6.6mm.
; ===== STROKE PARAMETERS =====
; Color: black
; Width: 117.18mm
; Opacity: 0.25
; Brush: brush_a (index 0)
T0 ; Select Brush A (Black)
; ===== AIRBRUSH SETTINGS =====
; Z-height: 84.00mm
; Paint flow: 0.50
; Feedrate: 475.6mm/min (includes Z scaling)
; Using brush: brush_a (tool 0)
; Path with Brush A (black) at Z=84.000mm
; Using: Air=P2, Flow=A axis
; Drawing Z height: 84.000mm, Travel Z height: 10.000mm
; Machine Z range: 0-84mm (Safe range: 5-80mm)
; === START BRUSH SEQUENCE ===
; START BRUSH A
; Z already at 84.000mm, above safe threshold of 10.000mm, no need to raise
T0 ; Select Tool 0 (Brush A)
G4 P500 ; Wait for tool change to complete
; === END BRUSH SEQUENCE ===
; Coordinate transform: (909.89,572.22) -> (317.11,501.48)
G0 X317.110 Y501.485 F24000
M400 ; Wait for XY movement to complete
G1 Z84.000 F1200
M400 ; Wait for Z movement to complete
; === ACTIVATE BRUSH AT POSITION ===
; AIR ON FIRST - Important to prevent dripping
M106 P2 S1 ; Brush A air on
; PAINT ON AFTER AIR
G4 P50 ; Short delay before stepper command
G1 U2.400 F200.0 ; Set Brush A flow to 2.400mm
M400 ; Wait for stepper motion to complete
; === BRUSH ACTIVATED ===
G1 F475.56460435427675
; Coordinate transform: (909.71,574.08) -> (317.04,500.79)
G1 X317.043 Y500.791
; Coordinate transform: (909.43,576.71) -> (316.94,499.81)
G1 X316.938 Y499.811
; Coordinate transform: (909.07,579.99) -> (316.80,498.59)
G1 X316.802 Y498.586
; Coordinate transform: (908.63,583.82) -> (316.64,497.16)
G1 X316.641 Y497.158
; Coordinate transform: (908.16,588.10) -> (316.46,495.56)
G1 X316.464 Y495.563
; Coordinate transform: (907.68,592.73) -> (316.28,493.84)
G1 X316.284 Y493.837
; Coordinate transform: (907.22,597.64) -> (316.11,492.01)
G1 X316.112 Y492.006
; Coordinate transform: (906.80,602.77) -> (315.96,490.09)
G1 X315.957 Y490.090
; Coordinate transform: (906.45,608.08) -> (315.83,488.11)
G1 X315.825 Y488.110
; Coordinate transform: (906.18,613.50) -> (315.72,486.09)
G1 X315.724 Y486.089
; Coordinate transform: (906.01,618.99) -> (315.66,484.04)
G1 X315.661 Y484.043
; Coordinate transform: (905.96,624.45) -> (315.64,482.01)
G1 X315.645 Y482.006
; Coordinate transform: (906.07,629.79) -> (315.68,480.01)
G1 X315.685 Y480.013
; Coordinate transform: (906.35,634.96) -> (315.79,478.09)
G1 X315.790 Y478.088
; Coordinate transform: (906.85,639.79) -> (315.98,476.29)
G1 X315.975 Y476.286
; Coordinate transform: (907.61,644.18) -> (316.26,474.65)
G1 X316.257 Y474.647
; Coordinate transform: (908.66,648.08) -> (316.65,473.19)
G1 X316.651 Y473.194
; Coordinate transform: (910.05,651.40) -> (317.17,471.95)
G1 X317.170 Y471.953
; Coordinate transform: (911.81,654.13) -> (317.83,470.94)
G1 X317.826 Y470.936
; Coordinate transform: (913.98,656.25) -> (318.63,470.15)
G1 X318.635 Y470.147
; Coordinate transform: (916.60,657.78) -> (319.61,469.58)
G1 X319.612 Y469.576
; Coordinate transform: (919.72,658.77) -> (320.78,469.21)
G1 X320.777 Y469.207
; Coordinate transform: (923.41,659.26) -> (322.15,469.02)
G1 X322.153 Y469.022
; Coordinate transform: (927.75,659.33) -> (323.77,469.00)
G1 X323.770 Y468.998
; Coordinate transform: (932.77,659.03) -> (325.64,469.11)
G1 X325.644 Y469.109
; Coordinate transform: (938.53,658.44) -> (327.79,469.33)
G1 X327.793 Y469.328
; Coordinate transform: (945.10,657.64) -> (330.24,469.63)
G1 X330.243 Y469.627
; Coordinate transform: (952.46,656.71) -> (332.98,469.97)
G1 X332.985 Y469.974
; Coordinate transform: (960.60,655.74) -> (336.02,470.34)
G1 X336.023 Y470.335
; Coordinate transform: (969.46,654.82) -> (339.33,470.68)
G1 X339.326 Y470.678
; Coordinate transform: (978.94,654.05) -> (342.86,470.97)
G1 X342.862 Y470.966
; Coordinate transform: (988.90,653.51) -> (346.58,471.17)
G1 X346.578 Y471.169
; Coordinate transform: (999.22,653.25) -> (350.43,471.27)
G1 X350.425 Y471.265
; Coordinate transform: (1009.79,653.29) -> (354.37,471.25)
G1 X354.367 Y471.248
; Coordinate transform: (1020.57,653.60) -> (358.39,471.14)
G1 X358.388 Y471.135
; Coordinate transform: (1031.55,654.02) -> (362.48,470.98)
G1 X362.483 Y470.979
; Coordinate transform: (1042.70,654.36) -> (366.64,470.85)
G1 X366.641 Y470.849
; Coordinate transform: (1053.96,654.40) -> (370.84,470.83)
G1 X370.841 Y470.835
; Coordinate transform: (1065.18,653.88) -> (375.03,471.03)
G1 X375.025 Y471.031
; Coordinate transform: (1076.15,652.56) -> (379.12,471.52)
G1 X379.117 Y471.523
; Coordinate transform: (1086.66,650.29) -> (383.04,472.37)
G1 X383.036 Y472.368
; Coordinate transform: (1096.55,647.00) -> (386.72,473.59)
G1 X386.725 Y473.594
; Coordinate transform: (1105.67,642.70) -> (390.13,475.20)
G1 X390.126 Y475.201
; Coordinate transform: (1113.98,637.47) -> (393.23,477.15)
G1 X393.225 Y477.150
; Coordinate transform: (1121.45,631.50) -> (396.01,479.38)
G1 X396.011 Y479.376
; Coordinate transform: (1128.15,624.97) -> (398.51,481.81)
G1 X398.510 Y481.813
; Coordinate transform: (1134.15,618.09) -> (400.75,484.38)
G1 X400.748 Y484.378
; Coordinate transform: (1139.52,611.09) -> (402.75,486.99)
G1 X402.751 Y486.989
; Coordinate transform: (1144.38,604.17) -> (404.56,489.57)
G1 X404.563 Y489.569
; Coordinate transform: (1148.80,597.51) -> (406.21,492.05)
G1 X406.212 Y492.052
; Coordinate transform: (1152.84,591.28) -> (407.72,494.38)
G1 X407.718 Y494.378
; Coordinate transform: (1156.68,585.54) -> (409.15,496.52)
G1 X409.150 Y496.519
; Coordinate transform: (1160.46,580.32) -> (410.56,498.47)
G1 X410.560 Y498.466
; Coordinate transform: (1164.30,575.62) -> (411.99,500.22)
G1 X411.992 Y500.218
; Coordinate transform: (1168.34,571.41) -> (413.50,501.79)
G1 X413.499 Y501.787
; Coordinate transform: (1172.75,567.64) -> (415.14,503.19)
G1 X415.144 Y503.194
; Coordinate transform: (1177.66,564.24) -> (416.98,504.46)
G1 X416.975 Y504.460
; Coordinate transform: (1183.15,561.13) -> (419.02,505.62)
G1 X419.023 Y505.620
; Coordinate transform: (1189.32,558.21) -> (421.32,506.71)
G1 X421.324 Y506.711
; Coordinate transform: (1196.27,555.33) -> (423.92,507.79)
G1 X423.916 Y507.786
; Coordinate transform: (1204.03,552.31) -> (426.81,508.91)
G1 X426.810 Y508.911
; Coordinate transform: (1212.64,548.99) -> (430.02,510.15)
G1 X430.021 Y510.149
; Coordinate transform: (1222.01,545.18) -> (433.52,511.57)
G1 X433.515 Y511.570
; Coordinate transform: (1231.81,540.72) -> (437.17,513.23)
G1 X437.170 Y513.232
; Coordinate transform: (1241.59,535.51) -> (440.82,515.18)
G1 X440.818 Y515.175
; Coordinate transform: (1250.85,529.63) -> (444.27,517.37)
G1 X444.271 Y517.370
; Coordinate transform: (1259.30,523.18) -> (447.42,519.77)
G1 X447.423 Y519.775
; Coordinate transform: (1266.74,516.30) -> (450.20,522.34)
G1 X450.198 Y522.342
; Coordinate transform: (1273.19,509.05) -> (452.60,525.04)
G1 X452.603 Y525.044
; Coordinate transform: (1278.75,501.46) -> (454.68,527.88)
G1 X454.677 Y527.875
; Coordinate transform: (1283.59,493.47) -> (456.48,530.86)
G1 X456.482 Y530.856
; Coordinate transform: (1287.85,484.90) -> (458.07,534.05)
G1 X458.071 Y534.050
; Coordinate transform: (1291.67,475.49) -> (459.50,537.56)
G1 X459.495 Y537.561
; Coordinate transform: (1295.17,464.92) -> (460.80,541.50)
G1 X460.801 Y541.505
; Coordinate transform: (1298.40,452.94) -> (462.01,545.97)
G1 X462.005 Y545.971
; Coordinate transform: (1301.33,439.65) -> (463.10,550.93)
G1 X463.098 Y550.928
; Coordinate transform: (1303.71,425.65) -> (463.99,556.15)
G1 X463.986 Y556.147
; Coordinate transform: (1305.44,411.36) -> (464.63,561.48)
G1 X464.631 Y561.477
; Coordinate transform: (1306.55,396.98) -> (465.04,566.84)
G1 X465.045 Y566.842
; Coordinate transform: (1307.15,382.57) -> (465.27,572.22)
G1 X465.269 Y572.216
; Coordinate transform: (1307.45,368.17) -> (465.38,577.59)
G1 X465.381 Y577.585
; Coordinate transform: (1307.59,353.89) -> (465.43,582.91)
G1 X465.433 Y582.911
; Coordinate transform: (1307.79,339.75) -> (465.51,588.19)
G1 X465.507 Y588.185
; Coordinate transform: (1308.31,325.83) -> (465.70,593.38)
G1 X465.701 Y593.375
; Coordinate transform: (1309.30,312.25) -> (466.07,598.44)
G1 X466.071 Y598.441
; Coordinate transform: (1310.79,299.03) -> (466.63,603.37)
G1 X466.626 Y603.371
; Coordinate transform: (1312.73,286.32) -> (467.35,608.11)
G1 X467.350 Y608.112
; Coordinate transform: (1315.12,274.31) -> (468.24,612.59)
G1 X468.241 Y612.592
; Coordinate transform: (1317.95,263.04) -> (469.30,616.80)
G1 X469.297 Y616.796
; Coordinate transform: (1321.24,252.40) -> (470.52,620.76)
G1 X470.524 Y620.762
; Coordinate transform: (1324.86,242.58) -> (471.87,624.43)
G1 X471.874 Y624.426
; Coordinate transform: (1328.64,233.70) -> (473.28,627.74)
G1 X473.283 Y627.737
; Coordinate transform: (1332.52,225.85) -> (474.73,630.66)
G1 X474.730 Y630.665
; Coordinate transform: (1336.45,218.94) -> (476.20,633.24)
G1 X476.196 Y633.241
; Coordinate transform: (1340.47,212.87) -> (477.70,635.50)
G1 X477.695 Y635.505
; Coordinate transform: (1344.58,207.40) -> (479.23,637.54)
G1 X479.228 Y637.545
; Coordinate transform: (1348.82,202.34) -> (480.81,639.43)
G1 X480.810 Y639.432
; Coordinate transform: (1353.20,197.59) -> (482.44,641.20)
G1 X482.443 Y641.203
; Coordinate transform: (1357.70,193.13) -> (484.12,642.87)
G1 X484.121 Y642.869
; Coordinate transform: (1362.31,188.94) -> (485.84,644.43)
G1 X485.841 Y644.429
; Coordinate transform: (1367.05,185.07) -> (487.61,645.88)
G1 X487.609 Y645.875
; Coordinate transform: (1371.89,181.51) -> (489.41,647.20)
G1 X489.414 Y647.201
; Coordinate transform: (1376.82,178.27) -> (491.25,648.41)
G1 X491.252 Y648.411
; Coordinate transform: (1381.89,175.28) -> (493.14,649.52)
G1 X493.143 Y649.523
M400 ; Wait for drawing to complete
; === STOP BRUSH SEQUENCE ===
; STOP BRUSH A
G4 P50 ; Short delay before stepper command
G1 U0.000 F200.0 ; Close Brush A flow
M400 ; Wait for stepper motion to complete
M106 P2 S0 ; Brush A air off
; Z already at 84.000mm, above safe threshold of 10.000mm, no need to raise
; === END STOP BRUSH SEQUENCE ===
; === PATH END ===


; Path 20/49 (id: path20)
; WIDTH: requested=117.176mm, actual=1863.507mm, compensation=0.800
; Z HEIGHT: 84.000mm (min=4.0, max=84.0)
; PAINT FLOW: 0.500 (baseline=0.1, max=0.5)
; PAINT FLOW COMPONENTS: base=0.100, width=0.300, opacity=0.100
; FEEDRATE: 475.6 mm/min (z_factor=0.0259, speed_factor=0.765)
; WARNING: Requested stroke width 117.2mm exceeds machine capability.
; H.Airbrush cannot draw strokes wider than 6.6mm at 1mm/s minimum speed.
; Stroke width has been reduced to 6.6mm.
; ===== STROKE PARAMETERS =====
; Color: black
; Width: 117.18mm
; Opacity: 0.25
; Brush: brush_a (index 0)
T0 ; Select Brush A (Black)
; ===== AIRBRUSH SETTINGS =====
; Z-height: 84.00mm
; Paint flow: 0.50
; Feedrate: 475.6mm/min (includes Z scaling)
; Using brush: brush_a (tool 0)
; Path with Brush A (black) at Z=84.000mm
; Using: Air=P2, Flow=A axis
; Drawing Z height: 84.000mm, Travel Z height: 10.000mm
; Machine Z range: 0-84mm (Safe range: 5-80mm)
; === START BRUSH SEQUENCE ===
; START BRUSH A
; Z already at 84.000mm, above safe threshold of 10.000mm, no need to raise
T0 ; Select Tool 0 (Brush A)
G4 P500 ; Wait for tool change to complete
; === END BRUSH SEQUENCE ===
; Coordinate transform: (118.08,114.12) -> (21.80,672.33)
G0 X21.802 Y672.334 F24000
M400 ; Wait for XY movement to complete
G1 Z84.000 F1200
M400 ; Wait for Z movement to complete
; === ACTIVATE BRUSH AT POSITION ===
; AIR ON FIRST - Important to prevent dripping
M106 P2 S1 ; Brush A air on
; PAINT ON AFTER AIR
G4 P50 ; Short delay before stepper command
G1 U2.400 F200.0 ; Set Brush A flow to 2.400mm
M400 ; Wait for stepper motion to complete
; === BRUSH ACTIVATED ===
G1 F475.56460435427675
; Coordinate transform: (119.67,118.39) -> (22.39,670.74)
G1 X22.393 Y670.741
; Coordinate transform: (121.87,123.72) -> (23.21,668.75)
G1 X23.215 Y668.755
; Coordinate transform: (124.47,129.48) -> (24.19,666.61)
G1 X24.186 Y666.606
; Coordinate transform: (127.19,135.04) -> (25.20,664.53)
G1 X25.199 Y664.533
; Coordinate transform: (129.67,140.14) -> (26.13,662.63)
G1 X26.125 Y662.631
; Coordinate transform: (131.62,144.81) -> (26.85,660.89)
G1 X26.852 Y660.887
; Coordinate transform: (132.82,149.11) -> (27.30,659.29)
G1 X27.298 Y659.286
; Coordinate transform: (133.27,153.11) -> (27.47,657.79)
G1 X27.468 Y657.792
; Coordinate transform: (133.03,156.95) -> (27.38,656.36)
G1 X27.378 Y656.361
; Coordinate transform: (132.15,160.73) -> (27.05,654.95)
G1 X27.048 Y654.953
; Coordinate transform: (130.67,164.56) -> (26.50,653.53)
G1 X26.497 Y653.525
; Coordinate transform: (128.78,168.50) -> (25.79,652.05)
G1 X25.792 Y652.054
; Coordinate transform: (126.73,172.63) -> (25.03,650.51)
G1 X25.029 Y650.515
; Coordinate transform: (124.79,177.02) -> (24.30,648.88)
G1 X24.305 Y648.877
; Coordinate transform: (123.17,181.76) -> (23.70,647.11)
G1 X23.700 Y647.110
; Coordinate transform: (122.05,186.88) -> (23.28,645.20)
G1 X23.281 Y645.201
; Coordinate transform: (121.53,192.45) -> (23.09,643.12)
G1 X23.088 Y643.123
; Coordinate transform: (121.66,198.53) -> (23.14,640.85)
G1 X23.137 Y640.853
; Coordinate transform: (122.41,205.16) -> (23.42,638.38)
G1 X23.417 Y638.383
; Coordinate transform: (123.70,212.37) -> (23.90,635.69)
G1 X23.899 Y635.694
; Coordinate transform: (125.38,220.13) -> (24.52,632.80)
G1 X24.522 Y632.798
; Coordinate transform: (127.23,228.44) -> (25.21,629.70)
G1 X25.214 Y629.699
; Coordinate transform: (129.04,237.21) -> (25.89,626.43)
G1 X25.889 Y626.428
; Coordinate transform: (130.57,246.35) -> (26.46,623.02)
G1 X26.460 Y623.018
; Coordinate transform: (131.59,255.75) -> (26.84,619.51)
G1 X26.840 Y619.514
; Coordinate transform: (131.89,265.28) -> (26.95,615.96)
G1 X26.953 Y615.959
; Coordinate transform: (131.34,274.86) -> (26.75,612.39)
G1 X26.746 Y612.388
; Coordinate transform: (129.87,284.36) -> (26.20,608.85)
G1 X26.197 Y608.845
; Coordinate transform: (127.55,293.65) -> (25.33,605.38)
G1 X25.333 Y605.377
; Coordinate transform: (124.58,302.64) -> (24.23,602.03)
G1 X24.227 Y602.026
; Coordinate transform: (121.27,311.21) -> (22.99,598.83)
G1 X22.990 Y598.830
; Coordinate transform: (117.94,319.30) -> (21.75,595.81)
G1 X21.748 Y595.813
; Coordinate transform: (114.93,326.87) -> (20.63,592.99)
G1 X20.626 Y592.990
; Coordinate transform: (112.69,333.89) -> (19.79,590.37)
G1 X19.792 Y590.370
; Coordinate transform: (111.55,340.36) -> (19.37,587.96)
G1 X19.366 Y587.957
; Coordinate transform: (111.60,346.30) -> (19.38,585.74)
G1 X19.384 Y585.742
; Coordinate transform: (112.71,351.74) -> (19.80,583.71)
G1 X19.799 Y583.715
; Coordinate transform: (114.57,356.71) -> (20.49,581.86)
G1 X20.493 Y581.859
; Coordinate transform: (116.75,361.30) -> (21.31,580.15)
G1 X21.306 Y580.149
; Coordinate transform: (118.77,365.48) -> (22.06,578.59)
G1 X22.058 Y578.590
; Coordinate transform: (120.39,369.43) -> (22.66,577.12)
G1 X22.661 Y577.116
; Coordinate transform: (121.46,373.26) -> (23.06,575.69)
G1 X23.061 Y575.689
; Coordinate transform: (121.89,377.07) -> (23.22,574.27)
G1 X23.223 Y574.268
; Coordinate transform: (121.67,380.99) -> (23.14,572.81)
G1 X23.142 Y572.806
; Coordinate transform: (120.83,385.16) -> (22.83,571.25)
G1 X22.827 Y571.249
; Coordinate transform: (119.45,389.74) -> (22.31,569.54)
G1 X22.314 Y569.543
; Coordinate transform: (117.68,394.89) -> (21.65,567.62)
G1 X21.651 Y567.620
; Coordinate transform: (115.64,400.83) -> (20.89,565.41)
G1 X20.893 Y565.406
; Coordinate transform: (113.69,407.70) -> (20.16,562.84)
G1 X20.163 Y562.842
; Coordinate transform: (112.17,415.69) -> (19.60,559.86)
G1 X19.596 Y559.862
; Coordinate transform: (111.39,424.92) -> (19.31,556.42)
G1 X19.309 Y556.423
; Coordinate transform: (111.59,435.49) -> (19.38,552.48)
G1 X19.380 Y552.479
; Coordinate transform: (112.83,447.40) -> (19.84,548.04)
G1 X19.844 Y548.038
; Coordinate transform: (115.06,460.54) -> (20.67,543.14)
G1 X20.674 Y543.138
; Coordinate transform: (118.03,474.65) -> (21.78,537.87)
G1 X21.781 Y537.872
; Coordinate transform: (121.41,489.35) -> (23.04,532.39)
G1 X23.044 Y532.392
; Coordinate transform: (124.96,504.08) -> (24.37,526.90)
G1 X24.368 Y526.898
; Coordinate transform: (128.33,518.26) -> (25.63,521.61)
G1 X25.626 Y521.609
; Coordinate transform: (131.20,531.24) -> (26.69,516.77)
G1 X26.695 Y516.769
; Coordinate transform: (133.32,542.62) -> (27.49,512.53)
G1 X27.486 Y512.526
; Coordinate transform: (134.76,552.27) -> (28.02,508.92)
G1 X28.021 Y508.925
; Coordinate transform: (135.64,560.44) -> (28.35,505.88)
G1 X28.351 Y505.878
; Coordinate transform: (136.07,567.47) -> (28.51,503.26)
G1 X28.512 Y503.258
; Coordinate transform: (136.13,573.79) -> (28.54,500.90)
G1 X28.535 Y500.901
; Coordinate transform: (135.89,579.85) -> (28.44,498.64)
G1 X28.443 Y498.641
; Coordinate transform: (135.36,586.14) -> (28.25,496.29)
G1 X28.247 Y496.295
M400 ; Wait for drawing to complete
; === STOP BRUSH SEQUENCE ===
; STOP BRUSH A
G4 P50 ; Short delay before stepper command
G1 U0.000 F200.0 ; Close Brush A flow
M400 ; Wait for stepper motion to complete
M106 P2 S0 ; Brush A air off
; Z already at 84.000mm, above safe threshold of 10.000mm, no need to raise
; === END STOP BRUSH SEQUENCE ===
; === PATH END ===


; Path 21/49 (id: path21)
; WIDTH: requested=117.176mm, actual=1863.507mm, compensation=0.800
; Z HEIGHT: 84.000mm (min=4.0, max=84.0)
; PAINT FLOW: 0.500 (baseline=0.1, max=0.5)
; PAINT FLOW COMPONENTS: base=0.100, width=0.300, opacity=0.100
; FEEDRATE: 475.6 mm/min (z_factor=0.0259, speed_factor=0.765)
; WARNING: Requested stroke width 117.2mm exceeds machine capability.
; H.Airbrush cannot draw strokes wider than 6.6mm at 1mm/s minimum speed.
; Stroke width has been reduced to 6.6mm.
; ===== STROKE PARAMETERS =====
; Color: black
; Width: 117.18mm
; Opacity: 0.25
; Brush: brush_a (index 0)
T0 ; Select Brush A (Black)
; ===== AIRBRUSH SETTINGS =====
; Z-height: 84.00mm
; Paint flow: 0.50
; Feedrate: 475.6mm/min (includes Z scaling)
; Using brush: brush_a (tool 0)
; Path with Brush A (black) at Z=84.000mm
; Using: Air=P2, Flow=A axis
; Drawing Z height: 84.000mm, Travel Z height: 10.000mm
; Machine Z range: 0-84mm (Safe range: 5-80mm)
; === START BRUSH SEQUENCE ===
; START BRUSH A
; Z already at 84.000mm, above safe threshold of 10.000mm, no need to raise
T0 ; Select Tool 0 (Brush A)
G4 P500 ; Wait for tool change to complete
; === END BRUSH SEQUENCE ===
; Coordinate transform: (483.07,1273.82) -> (157.93,239.82)
G0 X157.925 Y239.822 F24000
M400 ; Wait for XY movement to complete
G1 Z84.000 F1200
M400 ; Wait for Z movement to complete
; === ACTIVATE BRUSH AT POSITION ===
; AIR ON FIRST - Important to prevent dripping
M106 P2 S1 ; Brush A air on
; PAINT ON AFTER AIR
G4 P50 ; Short delay before stepper command
G1 U2.400 F200.0 ; Set Brush A flow to 2.400mm
M400 ; Wait for stepper motion to complete
; === BRUSH ACTIVATED ===
G1 F475.56460435427675
; Coordinate transform: (482.55,1272.89) -> (157.73,240.17)
G1 X157.733 Y240.168
; Coordinate transform: (481.84,1271.56) -> (157.47,240.66)
G1 X157.466 Y240.664
; Coordinate transform: (480.95,1269.91) -> (157.13,241.28)
G1 X157.134 Y241.280
; Coordinate transform: (479.92,1268.01) -> (156.75,241.99)
G1 X156.750 Y241.988
; Coordinate transform: (478.78,1265.91) -> (156.33,242.77)
G1 X156.325 Y242.772
; Coordinate transform: (477.56,1263.68) -> (155.87,243.60)
G1 X155.871 Y243.603
; Coordinate transform: (476.28,1261.37) -> (155.39,244.46)
G1 X155.392 Y244.465
; Coordinate transform: (474.94,1259.03) -> (154.89,245.34)
G1 X154.895 Y245.338
; Coordinate transform: (473.56,1256.66) -> (154.38,246.22)
G1 X154.378 Y246.221
; Coordinate transform: (472.12,1254.28) -> (153.84,247.11)
G1 X153.840 Y247.109
; Coordinate transform: (470.61,1251.90) -> (153.28,248.00)
G1 X153.278 Y247.997
; Coordinate transform: (469.03,1249.52) -> (152.69,248.88)
G1 X152.691 Y248.884
; Coordinate transform: (467.39,1247.15) -> (152.08,249.77)
G1 X152.076 Y249.768
; Coordinate transform: (465.65,1244.75) -> (151.43,250.66)
G1 X151.427 Y250.663
; Coordinate transform: (463.79,1242.33) -> (150.73,251.57)
G1 X150.735 Y251.566
; Coordinate transform: (461.79,1239.89) -> (149.99,252.48)
G1 X149.988 Y252.476
; Coordinate transform: (459.61,1237.41) -> (149.17,253.40)
G1 X149.175 Y253.401
; Coordinate transform: (457.20,1234.88) -> (148.28,254.34)
G1 X148.279 Y254.344
; Coordinate transform: (454.52,1232.30) -> (147.28,255.31)
G1 X147.278 Y255.307
; Coordinate transform: (451.48,1229.64) -> (146.14,256.30)
G1 X146.144 Y256.299
; Coordinate transform: (448.03,1226.91) -> (144.86,257.32)
G1 X144.858 Y257.317
; Coordinate transform: (444.10,1224.09) -> (143.39,258.37)
G1 X143.391 Y258.369
; Coordinate transform: (439.59,1221.22) -> (141.71,259.44)
G1 X141.710 Y259.439
; Coordinate transform: (434.39,1218.28) -> (139.77,260.54)
G1 X139.772 Y260.535
; Coordinate transform: (428.48,1215.30) -> (137.56,261.65)
G1 X137.564 Y261.647
; Coordinate transform: (421.78,1212.30) -> (135.07,262.77)
G1 X135.069 Y262.766
; Coordinate transform: (414.33,1209.36) -> (132.29,263.86)
G1 X132.289 Y263.862
; Coordinate transform: (406.23,1206.54) -> (129.27,264.91)
G1 X129.270 Y264.914
; Coordinate transform: (397.70,1203.90) -> (126.09,265.90)
G1 X126.086 Y265.898
; Coordinate transform: (389.01,1201.52) -> (122.84,266.79)
G1 X122.845 Y266.786
; Coordinate transform: (380.51,1199.44) -> (119.67,267.56)
G1 X119.674 Y267.562
; Coordinate transform: (372.53,1197.71) -> (116.70,268.21)
G1 X116.698 Y268.207
; Coordinate transform: (365.36,1196.34) -> (114.02,268.72)
G1 X114.025 Y268.718
; Coordinate transform: (359.21,1195.30) -> (111.73,269.11)
G1 X111.731 Y269.106
; Coordinate transform: (354.14,1194.54) -> (109.84,269.39)
G1 X109.839 Y269.389
; Coordinate transform: (350.17,1193.99) -> (108.36,269.59)
G1 X108.361 Y269.594
; Coordinate transform: (347.28,1193.60) -> (107.28,269.74)
G1 X107.281 Y269.740
; Coordinate transform: (345.37,1193.33) -> (106.57,269.84)
G1 X106.570 Y269.841
; Coordinate transform: (344.37,1193.12) -> (106.20,269.92)
G1 X106.195 Y269.919
; Coordinate transform: (344.19,1192.95) -> (106.13,269.98)
G1 X106.131 Y269.982
M400 ; Wait for drawing to complete
; === STOP BRUSH SEQUENCE ===
; STOP BRUSH A
G4 P50 ; Short delay before stepper command
G1 U0.000 F200.0 ; Close Brush A flow
M400 ; Wait for stepper motion to complete
M106 P2 S0 ; Brush A air off
; Z already at 84.000mm, above safe threshold of 10.000mm, no need to raise
; === END STOP BRUSH SEQUENCE ===
; === PATH END ===


; Path 22/49 (id: path22)
; WIDTH: requested=117.176mm, actual=1863.507mm, compensation=0.800
; Z HEIGHT: 84.000mm (min=4.0, max=84.0)
; PAINT FLOW: 0.500 (baseline=0.1, max=0.5)
; PAINT FLOW COMPONENTS: base=0.100, width=0.300, opacity=0.100
; FEEDRATE: 475.6 mm/min (z_factor=0.0259, speed_factor=0.765)
; WARNING: Requested stroke width 117.2mm exceeds machine capability.
; H.Airbrush cannot draw strokes wider than 6.6mm at 1mm/s minimum speed.
; Stroke width has been reduced to 6.6mm.
; ===== STROKE PARAMETERS =====
; Color: black
; Width: 117.18mm
; Opacity: 0.25
; Brush: brush_a (index 0)
T0 ; Select Brush A (Black)
; ===== AIRBRUSH SETTINGS =====
; Z-height: 84.00mm
; Paint flow: 0.50
; Feedrate: 475.6mm/min (includes Z scaling)
; Using brush: brush_a (tool 0)
; Path with Brush A (black) at Z=84.000mm
; Using: Air=P2, Flow=A axis
; Drawing Z height: 84.000mm, Travel Z height: 10.000mm
; Machine Z range: 0-84mm (Safe range: 5-80mm)
; === START BRUSH SEQUENCE ===
; START BRUSH A
; Z already at 84.000mm, above safe threshold of 10.000mm, no need to raise
T0 ; Select Tool 0 (Brush A)
G4 P500 ; Wait for tool change to complete
; === END BRUSH SEQUENCE ===
; Coordinate transform: (1024.84,765.22) -> (359.98,429.51)
G0 X359.980 Y429.505 F24000
M400 ; Wait for XY movement to complete
G1 Z84.000 F1200
M400 ; Wait for Z movement to complete
; === ACTIVATE BRUSH AT POSITION ===
; AIR ON FIRST - Important to prevent dripping
M106 P2 S1 ; Brush A air on
; PAINT ON AFTER AIR
G4 P50 ; Short delay before stepper command
G1 U2.400 F200.0 ; Set Brush A flow to 2.400mm
M400 ; Wait for stepper motion to complete
; === BRUSH ACTIVATED ===
G1 F475.56460435427675
; Coordinate transform: (1023.94,765.19) -> (359.64,429.52)
G1 X359.645 Y429.518
; Coordinate transform: (1022.63,765.20) -> (359.16,429.51)
G1 X359.156 Y429.513
; Coordinate transform: (1020.98,765.26) -> (358.54,429.49)
G1 X358.541 Y429.492
; Coordinate transform: (1019.02,765.35) -> (357.81,429.46)
G1 X357.810 Y429.458
; Coordinate transform: (1016.79,765.46) -> (356.98,429.41)
G1 X356.978 Y429.414
; Coordinate transform: (1014.34,765.60) -> (356.06,429.36)
G1 X356.064 Y429.362
; Coordinate transform: (1011.69,765.76) -> (355.08,429.30)
G1 X355.076 Y429.304
; Coordinate transform: (1008.87,765.93) -> (354.02,429.24)
G1 X354.024 Y429.240
; Coordinate transform: (1005.90,766.12) -> (352.92,429.17)
G1 X352.917 Y429.170
; Coordinate transform: (1002.78,766.33) -> (351.75,429.09)
G1 X351.753 Y429.093
; Coordinate transform: (999.52,766.57) -> (350.54,429.00)
G1 X350.538 Y429.004
; Coordinate transform: (996.11,766.83) -> (349.26,428.91)
G1 X349.264 Y428.905
; Coordinate transform: (992.51,767.12) -> (347.92,428.80)
G1 X347.922 Y428.796
; Coordinate transform: (988.74,767.46) -> (346.52,428.67)
G1 X346.518 Y428.672
; Coordinate transform: (984.82,767.85) -> (345.05,428.52)
G1 X345.053 Y428.525
; Coordinate transform: (980.72,768.33) -> (343.52,428.35)
G1 X343.524 Y428.347
; Coordinate transform: (976.42,768.92) -> (341.92,428.13)
G1 X341.924 Y428.126
; Coordinate transform: (972.00,769.66) -> (340.27,427.85)
G1 X340.273 Y427.849
; Coordinate transform: (967.48,770.60) -> (338.59,427.50)
G1 X338.587 Y427.499
; Coordinate transform: (962.88,771.79) -> (336.87,427.05)
G1 X336.871 Y427.054
; Coordinate transform: (958.27,773.31) -> (335.15,426.49)
G1 X335.154 Y426.488
; Coordinate transform: (953.72,775.22) -> (333.46,425.77)
G1 X333.457 Y425.775
; Coordinate transform: (949.26,777.63) -> (331.79,424.88)
G1 X331.794 Y424.878
; Coordinate transform: (944.95,780.64) -> (330.18,423.76)
G1 X330.184 Y423.756
; Coordinate transform: (940.83,784.37) -> (328.65,422.36)
G1 X328.650 Y422.362
; Coordinate transform: (936.95,789.00) -> (327.20,420.64)
G1 X327.201 Y420.638
; Coordinate transform: (933.29,794.68) -> (325.84,418.52)
G1 X325.836 Y418.519
; Coordinate transform: (929.88,801.57) -> (324.56,415.95)
G1 X324.563 Y415.947
; Coordinate transform: (926.73,809.83) -> (323.39,412.87)
G1 X323.390 Y412.868
; Coordinate transform: (923.86,819.51) -> (322.32,409.26)
G1 X322.321 Y409.256
; Coordinate transform: (921.30,830.61) -> (321.36,405.12)
G1 X321.364 Y405.118
; Coordinate transform: (919.10,842.83) -> (320.54,400.56)
G1 X320.543 Y400.560
; Coordinate transform: (917.35,855.76) -> (319.89,395.74)
G1 X319.891 Y395.737
; Coordinate transform: (916.16,868.92) -> (319.45,390.83)
G1 X319.449 Y390.832
; Coordinate transform: (915.65,881.85) -> (319.26,386.01)
G1 X319.260 Y386.009
; Coordinate transform: (915.93,894.24) -> (319.36,381.39)
G1 X319.362 Y381.386
; Coordinate transform: (917.02,905.94) -> (319.77,377.02)
G1 X319.768 Y377.022
; Coordinate transform: (918.80,916.97) -> (320.43,372.91)
G1 X320.431 Y372.912
; Coordinate transform: (920.94,927.27) -> (321.23,369.07)
G1 X321.231 Y369.067
; Coordinate transform: (922.96,936.67) -> (321.98,365.56)
G1 X321.985 Y365.564
; Coordinate transform: (924.31,944.79) -> (322.49,362.53)
G1 X322.487 Y362.534
; Coordinate transform: (924.67,951.34) -> (322.62,360.09)
G1 X322.621 Y360.091
; Coordinate transform: (923.86,956.18) -> (322.32,358.29)
G1 X322.319 Y358.288
; Coordinate transform: (922.06,959.45) -> (321.65,357.07)
G1 X321.648 Y357.067
; Coordinate transform: (919.40,961.27) -> (320.66,356.39)
G1 X320.655 Y356.387
; Coordinate transform: (915.90,961.74) -> (319.35,356.21)
G1 X319.353 Y356.211
; Coordinate transform: (911.54,960.91) -> (317.73,356.52)
G1 X317.725 Y356.520
; Coordinate transform: (906.24,958.84) -> (315.75,357.29)
G1 X315.749 Y357.295
; Coordinate transform: (900.05,955.73) -> (313.44,358.45)
G1 X313.440 Y358.453
; Coordinate transform: (893.20,952.08) -> (310.89,359.82)
G1 X310.885 Y359.817
; Coordinate transform: (885.97,948.43) -> (308.19,361.18)
G1 X308.188 Y361.177
; Coordinate transform: (878.47,945.14) -> (305.39,362.40)
G1 X305.391 Y362.405
; Coordinate transform: (870.70,942.47) -> (302.49,363.40)
G1 X302.492 Y363.398
; Coordinate transform: (862.48,940.54) -> (299.43,364.12)
G1 X299.427 Y364.118
; Coordinate transform: (853.57,939.43) -> (296.11,364.53)
G1 X296.105 Y364.533
; Coordinate transform: (843.76,939.18) -> (292.45,364.63)
G1 X292.446 Y364.627
; Coordinate transform: (832.93,939.81) -> (288.41,364.39)
G1 X288.407 Y364.390
; Coordinate transform: (821.12,941.34) -> (284.00,363.82)
G1 X284.002 Y363.820
; Coordinate transform: (808.64,943.73) -> (279.35,362.93)
G1 X279.348 Y362.930
; Coordinate transform: (796.13,946.89) -> (274.68,361.75)
G1 X274.681 Y361.750
; Coordinate transform: (784.32,950.73) -> (270.28,360.32)
G1 X270.279 Y360.320
; Coordinate transform: (773.84,955.12) -> (266.37,358.68)
G1 X266.367 Y358.682
; Coordinate transform: (764.94,959.99) -> (263.05,356.86)
G1 X263.051 Y356.864
; Coordinate transform: (757.51,965.38) -> (260.28,354.85)
G1 X260.278 Y354.853
; Coordinate transform: (751.19,971.41) -> (257.92,352.61)
G1 X257.920 Y352.607
; Coordinate transform: (745.59,978.18) -> (255.83,350.08)
G1 X255.831 Y350.082
; Coordinate transform: (740.43,985.83) -> (253.91,347.23)
G1 X253.909 Y347.230
; Coordinate transform: (735.61,994.35) -> (252.11,344.05)
G1 X252.109 Y344.050
; Coordinate transform: (731.10,1003.69) -> (250.43,340.57)
G1 X250.429 Y340.567
; Coordinate transform: (727.02,1013.62) -> (248.91,336.86)
G1 X248.909 Y336.864
; Coordinate transform: (723.60,1023.88) -> (247.63,333.04)
G1 X247.631 Y333.037
; Coordinate transform: (721.02,1034.26) -> (246.67,329.17)
G1 X246.672 Y329.166
; Coordinate transform: (719.45,1044.55) -> (246.08,325.33)
G1 X246.084 Y325.328
; Coordinate transform: (718.96,1054.57) -> (245.90,321.59)
G1 X245.900 Y321.592
; Coordinate transform: (719.58,1064.22) -> (246.13,317.99)
G1 X246.134 Y317.993
; Coordinate transform: (721.31,1073.53) -> (246.78,314.52)
G1 X246.780 Y314.520
; Coordinate transform: (724.13,1082.56) -> (247.83,311.15)
G1 X247.832 Y311.153
; Coordinate transform: (728.03,1091.39) -> (249.29,307.86)
G1 X249.286 Y307.859
; Coordinate transform: (733.00,1100.06) -> (251.14,304.63)
G1 X251.139 Y304.626
; Coordinate transform: (739.06,1108.66) -> (253.40,301.42)
G1 X253.398 Y301.418
; Coordinate transform: (746.12,1117.26) -> (256.03,298.21)
G1 X256.032 Y298.211
; Coordinate transform: (754.15,1125.91) -> (259.03,294.99)
G1 X259.027 Y294.985
; Coordinate transform: (762.96,1134.67) -> (262.31,291.72)
G1 X262.313 Y291.718
; Coordinate transform: (772.41,1143.49) -> (265.84,288.43)
G1 X265.838 Y288.429
; Coordinate transform: (782.30,1152.41) -> (269.53,285.10)
G1 X269.526 Y285.102
; Coordinate transform: (792.50,1161.45) -> (273.33,281.73)
G1 X273.330 Y281.730
; Coordinate transform: (802.94,1170.74) -> (277.22,278.27)
G1 X277.224 Y278.266
; Coordinate transform: (813.57,1180.38) -> (281.19,274.67)
G1 X281.185 Y274.670
; Coordinate transform: (824.26,1190.22) -> (285.18,271.00)
G1 X285.175 Y271.000
; Coordinate transform: (834.93,1200.12) -> (289.15,267.31)
G1 X289.154 Y267.308
; Coordinate transform: (845.53,1210.10) -> (293.11,263.59)
G1 X293.105 Y263.586
; Coordinate transform: (856.10,1220.54) -> (297.05,259.69)
G1 X297.049 Y259.693
; Coordinate transform: (866.47,1231.53) -> (300.91,255.59)
G1 X300.914 Y255.594
; Coordinate transform: (876.21,1242.74) -> (304.55,251.41)
G1 X304.548 Y251.413
; Coordinate transform: (884.98,1253.71) -> (307.82,247.32)
G1 X307.817 Y247.322
; Coordinate transform: (892.82,1264.33) -> (310.74,243.36)
G1 X310.743 Y243.361
; Coordinate transform: (899.90,1274.59) -> (313.38,239.53)
G1 X313.385 Y239.534
; Coordinate transform: (906.01,1284.08) -> (315.66,236.00)
G1 X315.662 Y235.995
; Coordinate transform: (910.86,1292.70) -> (317.47,232.78)
G1 X317.470 Y232.780
; Coordinate transform: (914.62,1300.66) -> (318.87,229.81)
G1 X318.874 Y229.812
; Coordinate transform: (917.69,1308.48) -> (320.02,226.90)
G1 X320.019 Y226.895
; Coordinate transform: (920.41,1316.50) -> (321.03,223.90)
G1 X321.034 Y223.904
; Coordinate transform: (923.08,1324.96) -> (322.03,220.75)
G1 X322.027 Y220.749
; Coordinate transform: (926.08,1333.57) -> (323.15,217.54)
G1 X323.149 Y217.538
; Coordinate transform: (929.82,1341.91) -> (324.54,214.43)
G1 X324.543 Y214.427
; Coordinate transform: (934.69,1349.30) -> (326.36,211.67)
G1 X326.360 Y211.671
; Coordinate transform: (940.88,1355.39) -> (328.67,209.40)
G1 X328.668 Y209.400
; Coordinate transform: (948.27,1359.98) -> (331.42,207.69)
G1 X331.424 Y207.688
; Coordinate transform: (956.74,1362.80) -> (334.58,206.64)
G1 X334.584 Y206.636
; Coordinate transform: (966.18,1363.83) -> (338.10,206.25)
G1 X338.105 Y206.252
; Coordinate transform: (976.49,1363.35) -> (341.95,206.43)
G1 X341.947 Y206.431
; Coordinate transform: (987.29,1361.95) -> (345.98,206.95)
G1 X345.977 Y206.953
; Coordinate transform: (998.18,1360.35) -> (350.04,207.55)
G1 X350.039 Y207.550
; Coordinate transform: (1008.77,1359.07) -> (353.99,208.03)
G1 X353.987 Y208.027
; Coordinate transform: (1018.85,1358.25) -> (357.75,208.33)
G1 X357.746 Y208.333
; Coordinate transform: (1028.33,1357.79) -> (361.28,208.50)
G1 X361.282 Y208.505
; Coordinate transform: (1037.18,1357.54) -> (364.58,208.60)
G1 X364.583 Y208.598
; Coordinate transform: (1045.43,1357.38) -> (367.66,208.66)
G1 X367.659 Y208.658
; Coordinate transform: (1053.09,1357.16) -> (370.52,208.74)
G1 X370.516 Y208.740
; Coordinate transform: (1060.40,1356.76) -> (373.24,208.89)
G1 X373.243 Y208.889
; Coordinate transform: (1067.47,1356.15) -> (375.88,209.12)
G1 X375.879 Y209.116
; Coordinate transform: (1074.40,1355.25) -> (378.46,209.45)
G1 X378.464 Y209.452
; Coordinate transform: (1081.30,1354.05) -> (381.04,209.90)
G1 X381.037 Y209.900
; Coordinate transform: (1088.26,1352.58) -> (383.63,210.45)
G1 X383.633 Y210.448
M400 ; Wait for drawing to complete
; === STOP BRUSH SEQUENCE ===
; STOP BRUSH A
G4 P50 ; Short delay before stepper command
G1 U0.000 F200.0 ; Close Brush A flow
M400 ; Wait for stepper motion to complete
M106 P2 S0 ; Brush A air off
; Z already at 84.000mm, above safe threshold of 10.000mm, no need to raise
; === END STOP BRUSH SEQUENCE ===
; === PATH END ===


; Path 23/49 (id: path23)
; WIDTH: requested=117.176mm, actual=1863.507mm, compensation=0.800
; Z HEIGHT: 84.000mm (min=4.0, max=84.0)
; PAINT FLOW: 0.500 (baseline=0.1, max=0.5)
; PAINT FLOW COMPONENTS: base=0.100, width=0.300, opacity=0.100
; FEEDRATE: 475.6 mm/min (z_factor=0.0259, speed_factor=0.765)
; WARNING: Requested stroke width 117.2mm exceeds machine capability.
; H.Airbrush cannot draw strokes wider than 6.6mm at 1mm/s minimum speed.
; Stroke width has been reduced to 6.6mm.
; ===== STROKE PARAMETERS =====
; Color: black
; Width: 117.18mm
; Opacity: 0.25
; Brush: brush_a (index 0)
T0 ; Select Brush A (Black)
; ===== AIRBRUSH SETTINGS =====
; Z-height: 84.00mm
; Paint flow: 0.50
; Feedrate: 475.6mm/min (includes Z scaling)
; Using brush: brush_a (tool 0)
; Path with Brush A (black) at Z=84.000mm
; Using: Air=P2, Flow=A axis
; Drawing Z height: 84.000mm, Travel Z height: 10.000mm
; Machine Z range: 0-84mm (Safe range: 5-80mm)
; === START BRUSH SEQUENCE ===
; START BRUSH A
; Z already at 84.000mm, above safe threshold of 10.000mm, no need to raise
T0 ; Select Tool 0 (Brush A)
G4 P500 ; Wait for tool change to complete
; === END BRUSH SEQUENCE ===
; Coordinate transform: (307.83,794.14) -> (92.57,418.72)
G0 X92.568 Y418.721 F24000
M400 ; Wait for XY movement to complete
G1 Z84.000 F1200
M400 ; Wait for Z movement to complete
; === ACTIVATE BRUSH AT POSITION ===
; AIR ON FIRST - Important to prevent dripping
M106 P2 S1 ; Brush A air on
; PAINT ON AFTER AIR
G4 P50 ; Short delay before stepper command
G1 U2.400 F200.0 ; Set Brush A flow to 2.400mm
M400 ; Wait for stepper motion to complete
; === BRUSH ACTIVATED ===
G1 F475.56460435427675
; Coordinate transform: (308.29,793.16) -> (92.74,419.08)
G1 X92.740 Y419.084
; Coordinate transform: (308.94,791.75) -> (92.98,419.61)
G1 X92.984 Y419.610
; Coordinate transform: (309.76,790.00) -> (93.29,420.26)
G1 X93.288 Y420.263
; Coordinate transform: (310.69,788.01) -> (93.64,421.01)
G1 X93.636 Y421.005
; Coordinate transform: (311.70,785.89) -> (94.01,421.79)
G1 X94.013 Y421.795
; Coordinate transform: (312.76,783.73) -> (94.41,422.60)
G1 X94.408 Y422.603
; Coordinate transform: (313.90,781.55) -> (94.83,423.42)
G1 X94.834 Y423.415
; Coordinate transform: (315.10,779.63) -> (95.28,424.13)
G1 X95.280 Y424.132
; Coordinate transform: (316.25,777.99) -> (95.71,424.74)
G1 X95.711 Y424.745
; Coordinate transform: (317.35,776.61) -> (96.12,425.26)
G1 X96.119 Y425.259
; Coordinate transform: (318.38,775.48) -> (96.50,425.68)
G1 X96.504 Y425.679
; Coordinate transform: (319.35,774.63) -> (96.87,426.00)
G1 X96.867 Y425.997
; Coordinate transform: (320.28,774.05) -> (97.21,426.21)
G1 X97.212 Y426.212
; Coordinate transform: (321.18,773.75) -> (97.55,426.32)
G1 X97.547 Y426.323
; Coordinate transform: (322.06,773.73) -> (97.88,426.33)
G1 X97.879 Y426.330
; Coordinate transform: (322.97,773.98) -> (98.22,426.24)
G1 X98.218 Y426.238
; Coordinate transform: (323.93,774.49) -> (98.57,426.05)
G1 X98.572 Y426.049
; Coordinate transform: (324.95,775.25) -> (98.95,425.77)
G1 X98.954 Y425.765
; Coordinate transform: (326.08,776.26) -> (99.38,425.39)
G1 X99.377 Y425.386
; Coordinate transform: (327.37,777.55) -> (99.86,424.91)
G1 X99.857 Y424.907
; Coordinate transform: (328.86,779.12) -> (100.41,424.32)
G1 X100.412 Y424.322
; Coordinate transform: (330.60,780.99) -> (101.06,423.63)
G1 X101.062 Y423.626
; Coordinate transform: (332.67,783.18) -> (101.83,422.81)
G1 X101.832 Y422.807
; Coordinate transform: (335.13,785.74) -> (102.75,421.85)
G1 X102.751 Y421.852
; Coordinate transform: (338.10,788.73) -> (103.86,420.74)
G1 X103.858 Y420.738
; Coordinate transform: (341.66,792.21) -> (105.19,419.44)
G1 X105.187 Y419.438
; Coordinate transform: (345.88,796.24) -> (106.76,417.94)
G1 X106.761 Y417.935
; Coordinate transform: (350.81,800.82) -> (108.60,416.23)
G1 X108.598 Y416.227
; Coordinate transform: (356.51,805.97) -> (110.72,414.31)
G1 X110.725 Y414.307
; Coordinate transform: (362.90,811.68) -> (113.11,412.18)
G1 X113.108 Y412.178
; Coordinate transform: (369.86,817.79) -> (115.70,409.90)
G1 X115.703 Y409.899
; Coordinate transform: (377.18,824.17) -> (118.43,407.52)
G1 X118.434 Y407.521
; Coordinate transform: (384.59,830.59) -> (121.20,405.13)
G1 X121.198 Y405.126
; Coordinate transform: (391.80,836.84) -> (123.89,402.80)
G1 X123.886 Y402.796
; Coordinate transform: (398.48,842.70) -> (126.38,400.61)
G1 X126.377 Y400.608
; Coordinate transform: (404.41,848.05) -> (128.59,398.61)
G1 X128.590 Y398.613
; Coordinate transform: (409.38,852.79) -> (130.44,396.85)
G1 X130.443 Y396.846
; Coordinate transform: (413.26,856.92) -> (131.89,395.31)
G1 X131.888 Y395.305
; Coordinate transform: (416.00,860.51) -> (132.91,393.97)
G1 X132.912 Y393.966
; Coordinate transform: (417.62,863.66) -> (133.52,392.79)
G1 X133.516 Y392.793
M400 ; Wait for drawing to complete
; === STOP BRUSH SEQUENCE ===
; STOP BRUSH A
G4 P50 ; Short delay before stepper command
G1 U0.000 F200.0 ; Close Brush A flow
M400 ; Wait for stepper motion to complete
M106 P2 S0 ; Brush A air off
; Z already at 84.000mm, above safe threshold of 10.000mm, no need to raise
; === END STOP BRUSH SEQUENCE ===
; === PATH END ===


; Path 24/49 (id: path24)
; WIDTH: requested=117.176mm, actual=1863.507mm, compensation=0.800
; Z HEIGHT: 84.000mm (min=4.0, max=84.0)
; PAINT FLOW: 0.500 (baseline=0.1, max=0.5)
; PAINT FLOW COMPONENTS: base=0.100, width=0.300, opacity=0.100
; FEEDRATE: 475.6 mm/min (z_factor=0.0259, speed_factor=0.765)
; WARNING: Requested stroke width 117.2mm exceeds machine capability.
; H.Airbrush cannot draw strokes wider than 6.6mm at 1mm/s minimum speed.
; Stroke width has been reduced to 6.6mm.
; ===== STROKE PARAMETERS =====
; Color: black
; Width: 117.18mm
; Opacity: 0.25
; Brush: brush_a (index 0)
T0 ; Select Brush A (Black)
; ===== AIRBRUSH SETTINGS =====
; Z-height: 84.00mm
; Paint flow: 0.50
; Feedrate: 475.6mm/min (includes Z scaling)
; Using brush: brush_a (tool 0)
; Path with Brush A (black) at Z=84.000mm
; Using: Air=P2, Flow=A axis
; Drawing Z height: 84.000mm, Travel Z height: 10.000mm
; Machine Z range: 0-84mm (Safe range: 5-80mm)
; === START BRUSH SEQUENCE ===
; START BRUSH A
; Z already at 84.000mm, above safe threshold of 10.000mm, no need to raise
T0 ; Select Tool 0 (Brush A)
G4 P500 ; Wait for tool change to complete
; === END BRUSH SEQUENCE ===
; Coordinate transform: (114.11,1783.73) -> (20.32,49.65)
G0 X20.320 Y49.649 F24000
M400 ; Wait for XY movement to complete
G1 Z84.000 F1200
M400 ; Wait for Z movement to complete
; === ACTIVATE BRUSH AT POSITION ===
; AIR ON FIRST - Important to prevent dripping
M106 P2 S1 ; Brush A air on
; PAINT ON AFTER AIR
G4 P50 ; Short delay before stepper command
G1 U2.400 F200.0 ; Set Brush A flow to 2.400mm
M400 ; Wait for stepper motion to complete
; === BRUSH ACTIVATED ===
G1 F475.56460435427675
; Coordinate transform: (118.15,1784.91) -> (21.83,49.21)
G1 X21.827 Y49.209
; Coordinate transform: (123.00,1786.80) -> (23.64,48.50)
G1 X23.636 Y48.504
; Coordinate transform: (127.93,1789.37) -> (25.48,47.55)
G1 X25.477 Y47.546
; Coordinate transform: (132.28,1792.52) -> (27.10,46.37)
G1 X27.097 Y46.371
; Coordinate transform: (135.53,1796.07) -> (28.31,45.05)
G1 X28.308 Y45.047
; Coordinate transform: (137.72,1799.79) -> (29.13,43.66)
G1 X29.128 Y43.660
; Coordinate transform: (138.94,1803.45) -> (29.58,42.29)
G1 X29.581 Y42.295
; Coordinate transform: (139.24,1806.93) -> (29.69,41.00)
G1 X29.692 Y40.997
; Coordinate transform: (138.66,1810.21) -> (29.48,39.77)
G1 X29.477 Y39.773
; Coordinate transform: (137.25,1813.29) -> (28.95,38.62)
G1 X28.953 Y38.625
; Coordinate transform: (135.05,1816.17) -> (28.13,37.55)
G1 X28.130 Y37.551
; Coordinate transform: (132.05,1818.91) -> (27.01,36.53)
G1 X27.011 Y36.529
; Coordinate transform: (128.27,1821.74) -> (25.60,35.47)
G1 X25.602 Y35.473
; Coordinate transform: (124.24,1824.89) -> (24.10,34.30)
G1 X24.099 Y34.299
; Coordinate transform: (120.49,1828.58) -> (22.70,32.92)
G1 X22.701 Y32.922
; Coordinate transform: (117.48,1833.00) -> (21.58,31.27)
G1 X21.579 Y31.274
; Coordinate transform: (115.58,1838.32) -> (20.87,29.29)
G1 X20.868 Y29.290
; Coordinate transform: (115.05,1844.64) -> (20.67,26.93)
G1 X20.670 Y26.933
; Coordinate transform: (116.00,1852.17) -> (21.03,24.12)
G1 X21.026 Y24.124
; Coordinate transform: (118.30,1860.71) -> (21.88,20.94)
G1 X21.882 Y20.939
; Coordinate transform: (121.65,1869.93) -> (23.13,17.50)
G1 X23.134 Y17.501
; Coordinate transform: (125.58,1878.73) -> (24.60,14.22)
G1 X24.599 Y14.219
; Coordinate transform: (129.68,1885.93) -> (26.13,11.53)
G1 X26.127 Y11.534
; Coordinate transform: (133.64,1890.53) -> (27.60,9.82)
G1 X27.604 Y9.818
; Coordinate transform: (137.43,1892.15) -> (29.02,9.21)
G1 X29.018 Y9.214
; Coordinate transform: (141.22,1890.92) -> (30.43,9.67)
G1 X30.432 Y9.672
; Coordinate transform: (145.21,1886.90) -> (31.92,11.17)
G1 X31.918 Y11.172
; Coordinate transform: (149.62,1880.41) -> (33.57,13.59)
G1 X33.565 Y13.592
; Coordinate transform: (154.49,1872.36) -> (35.38,16.59)
G1 X35.379 Y16.594
; Coordinate transform: (159.65,1863.93) -> (37.31,19.74)
G1 X37.307 Y19.738
; Coordinate transform: (164.92,1856.42) -> (39.27,22.54)
G1 X39.271 Y22.539
; Coordinate transform: (170.21,1850.41) -> (41.24,24.78)
G1 X41.243 Y24.781
; Coordinate transform: (175.56,1845.84) -> (43.24,26.49)
G1 X43.238 Y26.485
; Coordinate transform: (181.06,1842.54) -> (45.29,27.72)
G1 X45.291 Y27.716
; Coordinate transform: (186.73,1840.08) -> (47.40,28.63)
G1 X47.403 Y28.633
; Coordinate transform: (192.55,1838.12) -> (49.58,29.36)
G1 X49.577 Y29.364
; Coordinate transform: (198.52,1836.41) -> (51.80,30.00)
G1 X51.801 Y30.002
; Coordinate transform: (204.52,1834.76) -> (54.04,30.62)
G1 X54.041 Y30.617
; Coordinate transform: (210.50,1833.04) -> (56.27,31.26)
G1 X56.271 Y31.259
; Coordinate transform: (216.36,1831.24) -> (58.46,31.93)
G1 X58.456 Y31.930
; Coordinate transform: (222.02,1829.37) -> (60.56,32.63)
G1 X60.565 Y32.628
; Coordinate transform: (227.28,1827.45) -> (62.53,33.34)
G1 X62.528 Y33.344
M400 ; Wait for drawing to complete
; === STOP BRUSH SEQUENCE ===
; STOP BRUSH A
G4 P50 ; Short delay before stepper command
G1 U0.000 F200.0 ; Close Brush A flow
M400 ; Wait for stepper motion to complete
M106 P2 S0 ; Brush A air off
; Z already at 84.000mm, above safe threshold of 10.000mm, no need to raise
; === END STOP BRUSH SEQUENCE ===
; === PATH END ===


; Path 25/49 (id: path25)
; WIDTH: requested=117.176mm, actual=1863.507mm, compensation=0.800
; Z HEIGHT: 84.000mm (min=4.0, max=84.0)
; PAINT FLOW: 0.500 (baseline=0.1, max=0.5)
; PAINT FLOW COMPONENTS: base=0.100, width=0.300, opacity=0.100
; FEEDRATE: 475.6 mm/min (z_factor=0.0259, speed_factor=0.765)
; WARNING: Requested stroke width 117.2mm exceeds machine capability.
; H.Airbrush cannot draw strokes wider than 6.6mm at 1mm/s minimum speed.
; Stroke width has been reduced to 6.6mm.
; ===== STROKE PARAMETERS =====
; Color: black
; Width: 117.18mm
; Opacity: 0.25
; Brush: brush_a (index 0)
T0 ; Select Brush A (Black)
; ===== AIRBRUSH SETTINGS =====
; Z-height: 84.00mm
; Paint flow: 0.50
; Feedrate: 475.6mm/min (includes Z scaling)
; Using brush: brush_a (tool 0)
; Path with Brush A (black) at Z=84.000mm
; Using: Air=P2, Flow=A axis
; Drawing Z height: 84.000mm, Travel Z height: 10.000mm
; Machine Z range: 0-84mm (Safe range: 5-80mm)
; === START BRUSH SEQUENCE ===
; START BRUSH A
; Z already at 84.000mm, above safe threshold of 10.000mm, no need to raise
T0 ; Select Tool 0 (Brush A)
G4 P500 ; Wait for tool change to complete
; === END BRUSH SEQUENCE ===
; Coordinate transform: (420.90,340.19) -> (134.74,588.02)
G0 X134.739 Y588.020 F24000
M400 ; Wait for XY movement to complete
G1 Z84.000 F1200
M400 ; Wait for Z movement to complete
; === ACTIVATE BRUSH AT POSITION ===
; AIR ON FIRST - Important to prevent dripping
M106 P2 S1 ; Brush A air on
; PAINT ON AFTER AIR
G4 P50 ; Short delay before stepper command
G1 U2.400 F200.0 ; Set Brush A flow to 2.400mm
M400 ; Wait for stepper motion to complete
; === BRUSH ACTIVATED ===
G1 F475.56460435427675
; Coordinate transform: (420.55,339.43) -> (134.61,588.31)
G1 X134.609 Y588.305
; Coordinate transform: (420.05,338.28) -> (134.42,588.73)
G1 X134.422 Y588.732
; Coordinate transform: (419.38,336.81) -> (134.17,589.28)
G1 X134.172 Y589.282
; Coordinate transform: (418.53,335.05) -> (133.86,589.94)
G1 X133.857 Y589.937
; Coordinate transform: (417.49,333.05) -> (133.47,590.69)
G1 X133.466 Y590.685
; Coordinate transform: (416.20,330.82) -> (132.99,591.51)
G1 X132.987 Y591.515
; Coordinate transform: (414.65,328.40) -> (132.41,592.42)
G1 X132.407 Y592.418
; Coordinate transform: (412.78,325.79) -> (131.71,593.39)
G1 X131.710 Y593.393
; Coordinate transform: (410.55,322.98) -> (130.88,594.44)
G1 X130.879 Y594.440
; Coordinate transform: (407.89,319.96) -> (129.89,595.57)
G1 X129.889 Y595.566
; Coordinate transform: (404.78,316.72) -> (128.73,596.77)
G1 X128.728 Y596.774
; Coordinate transform: (401.17,313.23) -> (127.38,598.08)
G1 X127.380 Y598.075
; Coordinate transform: (397.00,309.46) -> (125.83,599.48)
G1 X125.828 Y599.480
; Coordinate transform: (392.24,305.37) -> (124.05,601.01)
G1 X124.051 Y601.006
; Coordinate transform: (386.88,300.96) -> (122.05,602.65)
G1 X122.051 Y602.653
; Coordinate transform: (380.97,296.25) -> (119.85,604.41)
G1 X119.849 Y604.408
; Coordinate transform: (374.60,291.30) -> (117.47,606.26)
G1 X117.470 Y606.257
; Coordinate transform: (367.96,286.18) -> (115.00,608.16)
G1 X114.997 Y608.164
; Coordinate transform: (361.32,281.05) -> (112.52,610.08)
G1 X112.517 Y610.078
; Coordinate transform: (354.91,276.02) -> (110.13,611.96)
G1 X110.127 Y611.955
; Coordinate transform: (349.02,271.22) -> (107.93,613.74)
G1 X107.932 Y613.744
; Coordinate transform: (343.87,266.76) -> (106.01,615.41)
G1 X106.011 Y615.407
; Coordinate transform: (339.62,262.70) -> (104.43,616.92)
G1 X104.428 Y616.920
; Coordinate transform: (336.41,259.06) -> (103.23,618.28)
G1 X103.229 Y618.277
; Coordinate transform: (334.30,255.83) -> (102.44,619.48)
G1 X102.440 Y619.483
; Coordinate transform: (333.28,252.99) -> (102.06,620.54)
G1 X102.060 Y620.544
; Coordinate transform: (333.34,250.47) -> (102.08,621.48)
G1 X102.083 Y621.484
; Coordinate transform: (334.45,248.21) -> (102.50,622.33)
G1 X102.498 Y622.325
; Coordinate transform: (336.57,246.15) -> (103.29,623.09)
G1 X103.287 Y623.095
; Coordinate transform: (339.62,244.21) -> (104.43,623.82)
G1 X104.426 Y623.817
; Coordinate transform: (343.52,242.36) -> (105.88,624.51)
G1 X105.881 Y624.506
; Coordinate transform: (348.18,240.58) -> (107.62,625.17)
G1 X107.619 Y625.171
; Coordinate transform: (353.51,238.84) -> (109.61,625.82)
G1 X109.607 Y625.821
; Coordinate transform: (359.42,237.13) -> (111.81,626.46)
G1 X111.810 Y626.457
; Coordinate transform: (365.79,235.48) -> (114.19,627.07)
G1 X114.187 Y627.072
; Coordinate transform: (372.54,233.91) -> (116.70,627.66)
G1 X116.704 Y627.660
; Coordinate transform: (379.54,232.43) -> (119.31,628.21)
G1 X119.313 Y628.211
; Coordinate transform: (386.68,231.08) -> (121.98,628.71)
G1 X121.977 Y628.713
; Coordinate transform: (393.90,229.87) -> (124.67,629.17)
G1 X124.669 Y629.166
; Coordinate transform: (401.15,228.79) -> (127.37,629.57)
G1 X127.372 Y629.568
; Coordinate transform: (408.42,227.82) -> (130.08,629.93)
G1 X130.083 Y629.931
; Coordinate transform: (415.72,226.93) -> (132.81,630.26)
G1 X132.809 Y630.261
; Coordinate transform: (423.07,226.12) -> (135.55,630.57)
G1 X135.549 Y630.565
; Coordinate transform: (430.48,225.35) -> (138.31,630.85)
G1 X138.311 Y630.850
; Coordinate transform: (437.92,224.63) -> (141.09,631.12)
G1 X141.085 Y631.118
; Coordinate transform: (445.38,223.97) -> (143.87,631.36)
G1 X143.867 Y631.364
; Coordinate transform: (452.81,223.41) -> (146.64,631.58)
G1 X146.641 Y631.576
; Coordinate transform: (460.19,223.00) -> (149.39,631.73)
G1 X149.394 Y631.729
M400 ; Wait for drawing to complete
; === STOP BRUSH SEQUENCE ===
; STOP BRUSH A
G4 P50 ; Short delay before stepper command
G1 U0.000 F200.0 ; Close Brush A flow
M400 ; Wait for stepper motion to complete
M106 P2 S0 ; Brush A air off
; Z already at 84.000mm, above safe threshold of 10.000mm, no need to raise
; === END STOP BRUSH SEQUENCE ===
; === PATH END ===


; Path 26/49 (id: path26)
; WIDTH: requested=117.176mm, actual=1863.507mm, compensation=0.800
; Z HEIGHT: 84.000mm (min=4.0, max=84.0)
; PAINT FLOW: 0.500 (baseline=0.1, max=0.5)
; PAINT FLOW COMPONENTS: base=0.100, width=0.300, opacity=0.100
; FEEDRATE: 475.6 mm/min (z_factor=0.0259, speed_factor=0.765)
; WARNING: Requested stroke width 117.2mm exceeds machine capability.
; H.Airbrush cannot draw strokes wider than 6.6mm at 1mm/s minimum speed.
; Stroke width has been reduced to 6.6mm.
; ===== STROKE PARAMETERS =====
; Color: black
; Width: 117.18mm
; Opacity: 0.25
; Brush: brush_a (index 0)
T0 ; Select Brush A (Black)
; ===== AIRBRUSH SETTINGS =====
; Z-height: 84.00mm
; Paint flow: 0.50
; Feedrate: 475.6mm/min (includes Z scaling)
; Using brush: brush_a (tool 0)
; Path with Brush A (black) at Z=84.000mm
; Using: Air=P2, Flow=A axis
; Drawing Z height: 84.000mm, Travel Z height: 10.000mm
; Machine Z range: 0-84mm (Safe range: 5-80mm)
; === START BRUSH SEQUENCE ===
; START BRUSH A
; Z already at 84.000mm, above safe threshold of 10.000mm, no need to raise
T0 ; Select Tool 0 (Brush A)
G4 P500 ; Wait for tool change to complete
; === END BRUSH SEQUENCE ===
; Coordinate transform: (1605.61,920.43) -> (576.58,371.62)
G0 X576.580 Y371.621 F24000
M400 ; Wait for XY movement to complete
G1 Z84.000 F1200
M400 ; Wait for Z movement to complete
; === ACTIVATE BRUSH AT POSITION ===
; AIR ON FIRST - Important to prevent dripping
M106 P2 S1 ; Brush A air on
; PAINT ON AFTER AIR
G4 P50 ; Short delay before stepper command
G1 U2.400 F200.0 ; Set Brush A flow to 2.400mm
M400 ; Wait for stepper motion to complete
; === BRUSH ACTIVATED ===
G1 F475.56460435427675
; Coordinate transform: (1605.69,922.78) -> (576.61,370.74)
G1 X576.610 Y370.742
; Coordinate transform: (1606.04,925.59) -> (576.74,369.69)
G1 X576.741 Y369.694
; Coordinate transform: (1606.72,928.53) -> (576.99,368.60)
G1 X576.994 Y368.599
; Coordinate transform: (1607.81,931.27) -> (577.40,367.58)
G1 X577.401 Y367.578
; Coordinate transform: (1609.34,933.54) -> (577.97,366.73)
G1 X577.971 Y366.731
; Coordinate transform: (1611.36,935.12) -> (578.72,366.14)
G1 X578.725 Y366.141
; Coordinate transform: (1613.91,935.88) -> (579.68,365.86)
G1 X579.676 Y365.857
; Coordinate transform: (1616.96,935.78) -> (580.81,365.90)
G1 X580.813 Y365.896
; Coordinate transform: (1620.48,934.88) -> (582.13,366.23)
G1 X582.126 Y366.229
; Coordinate transform: (1624.44,933.38) -> (583.60,366.79)
G1 X583.603 Y366.792
; Coordinate transform: (1628.85,931.50) -> (585.25,367.49)
G1 X585.248 Y367.491
; Coordinate transform: (1633.71,929.50) -> (587.06,368.24)
G1 X587.060 Y368.236
; Coordinate transform: (1639.05,927.58) -> (589.05,368.95)
G1 X589.052 Y368.955
; Coordinate transform: (1644.95,925.84) -> (591.25,369.60)
G1 X591.252 Y369.601
; Coordinate transform: (1651.15,924.31) -> (593.56,370.17)
G1 X593.564 Y370.172
; Coordinate transform: (1657.32,922.89) -> (595.87,370.70)
G1 X595.866 Y370.701
; Coordinate transform: (1663.00,921.43) -> (597.98,371.25)
G1 X597.984 Y371.247
; Coordinate transform: (1667.70,919.69) -> (599.74,371.89)
G1 X599.737 Y371.895
; Coordinate transform: (1671.10,917.46) -> (601.00,372.73)
G1 X601.005 Y372.729
; Coordinate transform: (1673.13,914.53) -> (601.76,373.82)
G1 X601.762 Y373.818
; Coordinate transform: (1673.89,910.79) -> (602.05,375.21)
G1 X602.045 Y375.213
; Coordinate transform: (1673.61,906.12) -> (601.94,376.96)
G1 X601.941 Y376.958
; Coordinate transform: (1672.57,900.44) -> (601.55,379.07)
G1 X601.553 Y379.074
; Coordinate transform: (1671.12,893.75) -> (601.01,381.57)
G1 X601.012 Y381.568
; Coordinate transform: (1669.69,885.97) -> (600.48,384.47)
G1 X600.479 Y384.470
; Coordinate transform: (1668.52,877.13) -> (600.04,387.77)
G1 X600.043 Y387.769
; Coordinate transform: (1667.89,867.26) -> (599.81,391.45)
G1 X599.808 Y391.449
; Coordinate transform: (1667.77,856.64) -> (599.76,395.41)
G1 X599.763 Y395.408
; Coordinate transform: (1667.94,845.72) -> (599.83,399.48)
G1 X599.826 Y399.483
; Coordinate transform: (1668.11,834.93) -> (599.89,403.51)
G1 X599.890 Y403.505
; Coordinate transform: (1668.12,824.59) -> (599.89,407.36)
G1 X599.893 Y407.363
; Coordinate transform: (1668.08,815.16) -> (599.88,410.88)
G1 X599.879 Y410.879
; Coordinate transform: (1668.10,806.99) -> (599.89,413.93)
G1 X599.886 Y413.928
; Coordinate transform: (1668.28,800.29) -> (599.95,416.43)
G1 X599.953 Y416.425
; Coordinate transform: (1668.62,795.01) -> (600.08,418.39)
G1 X600.080 Y418.394
; Coordinate transform: (1669.17,791.04) -> (600.29,419.88)
G1 X600.285 Y419.876
; Coordinate transform: (1669.94,788.26) -> (600.57,420.91)
G1 X600.572 Y420.914
; Coordinate transform: (1670.91,786.54) -> (600.93,421.55)
G1 X600.934 Y421.553
; Coordinate transform: (1672.10,785.79) -> (601.38,421.83)
G1 X601.378 Y421.834
M400 ; Wait for drawing to complete
; === STOP BRUSH SEQUENCE ===
; STOP BRUSH A
G4 P50 ; Short delay before stepper command
G1 U0.000 F200.0 ; Close Brush A flow
M400 ; Wait for stepper motion to complete
M106 P2 S0 ; Brush A air off
; Z already at 84.000mm, above safe threshold of 10.000mm, no need to raise
; === END STOP BRUSH SEQUENCE ===
; === PATH END ===


; Path 27/49 (id: path27)
; WIDTH: requested=117.176mm, actual=1863.507mm, compensation=0.800
; Z HEIGHT: 84.000mm (min=4.0, max=84.0)
; PAINT FLOW: 0.500 (baseline=0.1, max=0.5)
; PAINT FLOW COMPONENTS: base=0.100, width=0.300, opacity=0.100
; FEEDRATE: 475.6 mm/min (z_factor=0.0259, speed_factor=0.765)
; WARNING: Requested stroke width 117.2mm exceeds machine capability.
; H.Airbrush cannot draw strokes wider than 6.6mm at 1mm/s minimum speed.
; Stroke width has been reduced to 6.6mm.
; ===== STROKE PARAMETERS =====
; Color: black
; Width: 117.18mm
; Opacity: 0.25
; Brush: brush_a (index 0)
T0 ; Select Brush A (Black)
; ===== AIRBRUSH SETTINGS =====
; Z-height: 84.00mm
; Paint flow: 0.50
; Feedrate: 475.6mm/min (includes Z scaling)
; Using brush: brush_a (tool 0)
; Path with Brush A (black) at Z=84.000mm
; Using: Air=P2, Flow=A axis
; Drawing Z height: 84.000mm, Travel Z height: 10.000mm
; Machine Z range: 0-84mm (Safe range: 5-80mm)
; === START BRUSH SEQUENCE ===
; START BRUSH A
; Z already at 84.000mm, above safe threshold of 10.000mm, no need to raise
T0 ; Select Tool 0 (Brush A)
G4 P500 ; Wait for tool change to complete
; === END BRUSH SEQUENCE ===
; Coordinate transform: (1757.18,220.08) -> (633.11,632.82)
G0 X633.109 Y632.816 F24000
M400 ; Wait for XY movement to complete
G1 Z84.000 F1200
M400 ; Wait for Z movement to complete
; === ACTIVATE BRUSH AT POSITION ===
; AIR ON FIRST - Important to prevent dripping
M106 P2 S1 ; Brush A air on
; PAINT ON AFTER AIR
G4 P50 ; Short delay before stepper command
G1 U2.400 F200.0 ; Set Brush A flow to 2.400mm
M400 ; Wait for stepper motion to complete
; === BRUSH ACTIVATED ===
G1 F475.56460435427675
; Coordinate transform: (1756.44,220.73) -> (632.83,632.58)
G1 X632.833 Y632.576
; Coordinate transform: (1755.53,221.58) -> (632.49,632.26)
G1 X632.493 Y632.258
; Coordinate transform: (1754.54,222.57) -> (632.12,631.89)
G1 X632.124 Y631.889
; Coordinate transform: (1753.57,223.69) -> (631.76,631.47)
G1 X631.762 Y631.472
; Coordinate transform: (1752.81,224.85) -> (631.48,631.04)
G1 X631.479 Y631.039
; Coordinate transform: (1752.27,225.95) -> (631.28,630.63)
G1 X631.277 Y630.626
; Coordinate transform: (1752.01,226.97) -> (631.18,630.25)
G1 X631.180 Y630.247
; Coordinate transform: (1752.07,227.89) -> (631.20,629.91)
G1 X631.203 Y629.906
; Coordinate transform: (1752.46,228.70) -> (631.35,629.60)
G1 X631.348 Y629.603
; Coordinate transform: (1753.17,229.42) -> (631.61,629.33)
G1 X631.613 Y629.333
; Coordinate transform: (1754.16,230.09) -> (631.98,629.08)
G1 X631.982 Y629.083
; Coordinate transform: (1755.38,230.75) -> (632.44,628.84)
G1 X632.437 Y628.838
; Coordinate transform: (1756.79,231.44) -> (632.96,628.58)
G1 X632.963 Y628.580
; Coordinate transform: (1758.31,232.22) -> (633.53,628.29)
G1 X633.530 Y628.288
; Coordinate transform: (1759.91,233.16) -> (634.13,627.94)
G1 X634.127 Y627.940
; Coordinate transform: (1761.60,234.28) -> (634.76,627.52)
G1 X634.757 Y627.522
; Coordinate transform: (1763.40,235.63) -> (635.43,627.02)
G1 X635.428 Y627.016
; Coordinate transform: (1765.33,237.28) -> (636.15,626.40)
G1 X636.148 Y626.401
; Coordinate transform: (1767.42,239.28) -> (636.93,625.66)
G1 X636.928 Y625.656
; Coordinate transform: (1769.69,241.71) -> (637.77,624.75)
G1 X637.774 Y624.751
; Coordinate transform: (1772.15,244.67) -> (638.69,623.65)
G1 X638.692 Y623.647
; Coordinate transform: (1774.81,248.29) -> (639.68,622.29)
G1 X639.684 Y622.294
; Coordinate transform: (1777.74,252.70) -> (640.78,620.65)
G1 X640.777 Y620.650
; Coordinate transform: (1781.00,257.96) -> (641.99,618.69)
G1 X641.992 Y618.689
; Coordinate transform: (1784.64,264.16) -> (643.35,616.38)
G1 X643.350 Y616.376
; Coordinate transform: (1788.67,271.44) -> (644.85,613.66)
G1 X644.853 Y613.663
; Coordinate transform: (1793.06,279.77) -> (646.49,610.56)
G1 X646.490 Y610.557
; Coordinate transform: (1797.77,289.12) -> (648.25,607.07)
G1 X648.247 Y607.070
; Coordinate transform: (1802.75,299.32) -> (650.10,603.27)
G1 X650.104 Y603.266
; Coordinate transform: (1807.87,310.15) -> (652.01,599.23)
G1 X652.014 Y599.226
; Coordinate transform: (1813.00,321.32) -> (653.93,595.06)
G1 X653.927 Y595.061
; Coordinate transform: (1817.96,332.55) -> (655.78,590.87)
G1 X655.777 Y590.870
; Coordinate transform: (1822.55,343.68) -> (657.49,586.72)
G1 X657.489 Y586.720
; Coordinate transform: (1826.60,354.61) -> (659.00,582.64)
G1 X658.999 Y582.642
; Coordinate transform: (1829.97,365.41) -> (660.26,578.61)
G1 X660.256 Y578.614
; Coordinate transform: (1832.54,376.27) -> (661.21,574.57)
G1 X661.214 Y574.566
; Coordinate transform: (1834.27,387.37) -> (661.86,570.43)
G1 X661.860 Y570.427
; Coordinate transform: (1835.19,398.83) -> (662.20,566.15)
G1 X662.203 Y566.153
; Coordinate transform: (1835.30,410.64) -> (662.24,561.75)
G1 X662.244 Y561.745
; Coordinate transform: (1834.59,422.62) -> (661.98,557.28)
G1 X661.979 Y557.278
; Coordinate transform: (1833.00,434.35) -> (661.39,552.90)
G1 X661.386 Y552.905
; Coordinate transform: (1830.38,445.38) -> (660.41,548.79)
G1 X660.409 Y548.792
; Coordinate transform: (1826.52,455.38) -> (658.97,545.06)
G1 X658.969 Y545.060
; Coordinate transform: (1821.27,464.21) -> (657.01,541.77)
G1 X657.011 Y541.766
; Coordinate transform: (1814.46,471.89) -> (654.47,538.90)
G1 X654.471 Y538.902
; Coordinate transform: (1806.03,478.48) -> (651.33,536.45)
G1 X651.327 Y536.448
; Coordinate transform: (1796.46,483.96) -> (647.76,534.40)
G1 X647.758 Y534.404
; Coordinate transform: (1786.19,488.31) -> (643.93,532.78)
G1 X643.928 Y532.780
; Coordinate transform: (1775.50,491.59) -> (639.94,531.56)
G1 X639.941 Y531.558
; Coordinate transform: (1764.47,494.09) -> (635.83,530.62)
G1 X635.827 Y530.623
; Coordinate transform: (1753.20,496.24) -> (631.62,529.82)
G1 X631.624 Y529.822
; Coordinate transform: (1741.73,498.43) -> (627.35,529.01)
G1 X627.346 Y529.005
; Coordinate transform: (1729.99,500.98) -> (622.97,528.05)
G1 X622.968 Y528.055
; Coordinate transform: (1718.39,503.97) -> (618.64,526.94)
G1 X618.642 Y526.941
; Coordinate transform: (1707.45,507.33) -> (614.56,525.69)
G1 X614.562 Y525.688
; Coordinate transform: (1697.45,510.95) -> (610.83,524.33)
G1 X610.832 Y524.335
; Coordinate transform: (1688.41,514.72) -> (607.46,522.93)
G1 X607.461 Y522.929
; Coordinate transform: (1680.16,518.55) -> (604.38,521.50)
G1 X604.384 Y521.502
; Coordinate transform: (1672.48,522.50) -> (601.52,520.03)
G1 X601.520 Y520.029
; Coordinate transform: (1665.11,526.76) -> (598.77,518.44)
G1 X598.771 Y518.439
; Coordinate transform: (1657.88,531.57) -> (596.07,516.64)
G1 X596.074 Y516.645
; Coordinate transform: (1650.72,537.01) -> (593.40,514.62)
G1 X593.404 Y514.615
; Coordinate transform: (1643.74,543.00) -> (590.80,512.38)
G1 X590.801 Y512.383
; Coordinate transform: (1637.16,549.28) -> (588.35,510.04)
G1 X588.347 Y510.042
; Coordinate transform: (1631.27,555.42) -> (586.15,507.75)
G1 X586.150 Y507.750
; Coordinate transform: (1626.33,561.12) -> (584.31,505.63)
G1 X584.308 Y505.625
; Coordinate transform: (1622.44,566.37) -> (582.86,503.67)
G1 X582.857 Y503.667
; Coordinate transform: (1619.61,571.37) -> (581.80,501.80)
G1 X581.802 Y501.801
; Coordinate transform: (1617.78,576.41) -> (581.12,499.92)
G1 X581.119 Y499.924
; Coordinate transform: (1616.81,581.95) -> (580.76,497.86)
G1 X580.757 Y497.855
; Coordinate transform: (1616.56,588.54) -> (580.66,495.40)
G1 X580.664 Y495.397
; Coordinate transform: (1616.87,596.62) -> (580.78,492.39)
G1 X580.780 Y492.387
; Coordinate transform: (1617.60,606.35) -> (581.05,488.76)
G1 X581.052 Y488.756
; Coordinate transform: (1618.62,617.73) -> (581.43,484.51)
G1 X581.432 Y484.512
; Coordinate transform: (1619.86,630.47) -> (581.89,479.76)
G1 X581.895 Y479.763
; Coordinate transform: (1621.27,643.92) -> (582.42,474.75)
G1 X582.421 Y474.746
; Coordinate transform: (1622.74,657.14) -> (582.97,469.82)
G1 X582.969 Y469.815
; Coordinate transform: (1624.13,669.51) -> (583.49,465.20)
G1 X583.487 Y465.199
; Coordinate transform: (1625.31,681.12) -> (583.93,460.87)
G1 X583.927 Y460.871
; Coordinate transform: (1626.14,691.90) -> (584.24,456.85)
G1 X584.237 Y456.852
; Coordinate transform: (1626.40,701.65) -> (584.33,453.21)
G1 X584.334 Y453.212
; Coordinate transform: (1625.85,710.24) -> (584.13,450.01)
G1 X584.129 Y450.010
; Coordinate transform: (1624.28,717.85) -> (583.54,447.17)
G1 X583.543 Y447.174
; Coordinate transform: (1621.47,724.70) -> (582.50,444.62)
G1 X582.495 Y444.617
; Coordinate transform: (1617.43,730.81) -> (580.99,442.34)
G1 X580.988 Y442.340
; Coordinate transform: (1612.19,736.12) -> (579.03,440.36)
G1 X579.034 Y440.360
; Coordinate transform: (1605.83,740.63) -> (576.66,438.67)
G1 X576.662 Y438.675
; Coordinate transform: (1598.47,744.43) -> (573.92,437.26)
G1 X573.917 Y437.259
; Coordinate transform: (1590.27,747.62) -> (570.86,436.07)
G1 X570.859 Y436.067
; Coordinate transform: (1581.57,750.36) -> (567.61,435.05)
G1 X567.614 Y435.046
; Coordinate transform: (1572.80,752.62) -> (564.34,434.20)
G1 X564.344 Y434.204
; Coordinate transform: (1564.24,754.31) -> (561.15,433.57)
G1 X561.151 Y433.574
; Coordinate transform: (1555.90,755.45) -> (558.04,433.15)
G1 X558.041 Y433.148
; Coordinate transform: (1547.47,756.33) -> (554.90,432.82)
G1 X554.897 Y432.820
; Coordinate transform: (1538.73,757.34) -> (551.64,432.45)
G1 X551.637 Y432.445
; Coordinate transform: (1529.56,758.95) -> (548.22,431.85)
G1 X548.217 Y431.845
; Coordinate transform: (1519.97,761.37) -> (544.64,430.94)
G1 X544.640 Y430.943
; Coordinate transform: (1509.98,764.71) -> (540.91,429.70)
G1 X540.915 Y429.695
; Coordinate transform: (1499.44,768.95) -> (536.98,428.12)
G1 X536.984 Y428.116
; Coordinate transform: (1488.40,774.11) -> (532.87,426.19)
G1 X532.866 Y426.189
; Coordinate transform: (1477.15,780.27) -> (528.67,423.89)
G1 X528.671 Y423.891
; Coordinate transform: (1466.27,787.22) -> (524.61,421.30)
G1 X524.613 Y421.299
; Coordinate transform: (1456.33,794.69) -> (520.91,418.51)
G1 X520.906 Y418.515
; Coordinate transform: (1447.18,802.52) -> (517.49,415.59)
G1 X517.493 Y415.594
; Coordinate transform: (1438.44,810.75) -> (514.23,412.53)
G1 X514.234 Y412.526
; Coordinate transform: (1429.67,819.54) -> (510.96,409.25)
G1 X510.963 Y409.248
; Coordinate transform: (1420.99,828.91) -> (507.73,405.75)
G1 X507.726 Y405.750
; Coordinate transform: (1412.77,838.40) -> (504.66,402.21)
G1 X504.660 Y402.213
; Coordinate transform: (1405.06,847.58) -> (501.78,398.79)
G1 X501.784 Y398.788
; Coordinate transform: (1397.90,856.39) -> (499.11,395.50)
G1 X499.114 Y395.504
; Coordinate transform: (1391.31,864.87) -> (496.66,392.34)
G1 X496.656 Y392.339
; Coordinate transform: (1385.31,873.14) -> (494.42,389.26)
G1 X494.419 Y389.256
; Coordinate transform: (1379.90,881.33) -> (492.40,386.20)
G1 X492.401 Y386.203
; Coordinate transform: (1374.98,889.57) -> (490.57,383.13)
G1 X490.566 Y383.129
; Coordinate transform: (1370.37,898.02) -> (488.85,379.98)
G1 X488.847 Y379.978
; Coordinate transform: (1365.92,906.83) -> (487.19,376.69)
G1 X487.187 Y376.692
; Coordinate transform: (1361.49,916.14) -> (485.53,373.22)
G1 X485.535 Y373.217
; Coordinate transform: (1356.95,926.13) -> (483.84,369.49)
G1 X483.842 Y369.494
; Coordinate transform: (1352.22,936.88) -> (482.08,365.48)
G1 X482.078 Y365.482
; Coordinate transform: (1347.29,948.36) -> (480.24,361.20)
G1 X480.239 Y361.202
; Coordinate transform: (1342.26,960.36) -> (478.36,356.73)
G1 X478.363 Y356.726
; Coordinate transform: (1337.25,972.67) -> (476.49,352.14)
G1 X476.495 Y352.136
; Coordinate transform: (1332.29,985.12) -> (474.64,347.49)
G1 X474.645 Y347.492
; Coordinate transform: (1327.44,997.63) -> (472.84,342.83)
G1 X472.836 Y342.826
; Coordinate transform: (1322.73,1010.21) -> (471.08,338.14)
G1 X471.079 Y338.136
; Coordinate transform: (1318.10,1022.83) -> (469.35,333.43)
G1 X469.353 Y333.429
; Coordinate transform: (1313.40,1035.54) -> (467.60,328.69)
G1 X467.600 Y328.689
; Coordinate transform: (1308.55,1048.26) -> (465.79,323.94)
G1 X465.791 Y323.945
; Coordinate transform: (1303.53,1060.84) -> (463.92,319.25)
G1 X463.919 Y319.253
; Coordinate transform: (1298.32,1073.20) -> (461.98,314.64)
G1 X461.976 Y314.643
; Coordinate transform: (1293.13,1085.23) -> (460.04,310.16)
G1 X460.040 Y310.157
; Coordinate transform: (1288.23,1096.84) -> (458.21,305.83)
G1 X458.212 Y305.827
; Coordinate transform: (1283.86,1107.83) -> (456.58,301.73)
G1 X456.583 Y301.728
; Coordinate transform: (1280.07,1118.35) -> (455.17,297.80)
G1 X455.169 Y297.805
; Coordinate transform: (1276.82,1128.54) -> (453.96,294.00)
G1 X453.957 Y294.004
; Coordinate transform: (1274.04,1138.52) -> (452.92,290.28)
G1 X452.920 Y290.282
; Coordinate transform: (1271.69,1148.12) -> (452.04,286.70)
G1 X452.044 Y286.702
; Coordinate transform: (1269.75,1157.29) -> (451.32,283.28)
G1 X451.320 Y283.282
; Coordinate transform: (1268.17,1166.14) -> (450.73,279.98)
G1 X450.731 Y279.981
; Coordinate transform: (1266.80,1175.03) -> (450.22,276.67)
G1 X450.220 Y276.666
; Coordinate transform: (1265.55,1184.34) -> (449.75,273.19)
G1 X449.754 Y273.193
; Coordinate transform: (1264.29,1194.36) -> (449.28,269.46)
G1 X449.284 Y269.456
; Coordinate transform: (1263.02,1205.13) -> (448.81,265.44)
G1 X448.810 Y265.440
; Coordinate transform: (1261.76,1216.58) -> (448.34,261.17)
G1 X448.340 Y261.169
; Coordinate transform: (1260.56,1228.59) -> (447.89,256.69)
G1 X447.893 Y256.690
; Coordinate transform: (1259.41,1241.00) -> (447.46,252.06)
G1 X447.464 Y252.062
; Coordinate transform: (1258.29,1253.57) -> (447.05,247.37)
G1 X447.046 Y247.374
; Coordinate transform: (1257.11,1266.13) -> (446.61,242.69)
G1 X446.606 Y242.690
; Coordinate transform: (1255.85,1278.51) -> (446.14,238.07)
G1 X446.136 Y238.072
; Coordinate transform: (1254.51,1290.58) -> (445.64,233.57)
G1 X445.636 Y233.571
; Coordinate transform: (1253.13,1302.26) -> (445.12,229.21)
G1 X445.122 Y229.215
; Coordinate transform: (1251.76,1313.53) -> (444.61,225.01)
G1 X444.611 Y225.012
; Coordinate transform: (1250.40,1324.41) -> (444.10,220.95)
G1 X444.104 Y220.954
; Coordinate transform: (1249.20,1334.58) -> (443.66,217.16)
G1 X443.656 Y217.161
; Coordinate transform: (1248.16,1344.09) -> (443.27,213.61)
G1 X443.268 Y213.614
; Coordinate transform: (1247.27,1352.98) -> (442.94,210.30)
G1 X442.936 Y210.299
; Coordinate transform: (1246.53,1361.26) -> (442.66,207.21)
G1 X442.660 Y207.211
; Coordinate transform: (1245.75,1369.31) -> (442.37,204.21)
G1 X442.369 Y204.208
; Coordinate transform: (1244.94,1377.11) -> (442.07,201.30)
G1 X442.067 Y201.299
; Coordinate transform: (1244.08,1384.72) -> (441.75,198.46)
G1 X441.747 Y198.461
; Coordinate transform: (1243.20,1392.13) -> (441.42,195.70)
G1 X441.418 Y195.698
; Coordinate transform: (1242.29,1399.38) -> (441.08,192.99)
G1 X441.079 Y192.994
; Coordinate transform: (1241.38,1406.44) -> (440.74,190.36)
G1 X440.740 Y190.361
; Coordinate transform: (1240.50,1413.33) -> (440.41,187.79)
G1 X440.411 Y187.791
; Coordinate transform: (1239.85,1419.91) -> (440.17,185.34)
G1 X440.169 Y185.337
; Coordinate transform: (1239.41,1426.11) -> (440.00,183.02)
G1 X440.005 Y183.025
M400 ; Wait for drawing to complete
; === STOP BRUSH SEQUENCE ===
; STOP BRUSH A
G4 P50 ; Short delay before stepper command
G1 U0.000 F200.0 ; Close Brush A flow
M400 ; Wait for stepper motion to complete
M106 P2 S0 ; Brush A air off
; Z already at 84.000mm, above safe threshold of 10.000mm, no need to raise
; === END STOP BRUSH SEQUENCE ===
; === PATH END ===


; Path 28/49 (id: path28)
; WIDTH: requested=117.176mm, actual=1863.507mm, compensation=0.800
; Z HEIGHT: 84.000mm (min=4.0, max=84.0)
; PAINT FLOW: 0.500 (baseline=0.1, max=0.5)
; PAINT FLOW COMPONENTS: base=0.100, width=0.300, opacity=0.100
; FEEDRATE: 475.6 mm/min (z_factor=0.0259, speed_factor=0.765)
; WARNING: Requested stroke width 117.2mm exceeds machine capability.
; H.Airbrush cannot draw strokes wider than 6.6mm at 1mm/s minimum speed.
; Stroke width has been reduced to 6.6mm.
; ===== STROKE PARAMETERS =====
; Color: black
; Width: 117.18mm
; Opacity: 0.25
; Brush: brush_a (index 0)
T0 ; Select Brush A (Black)
; ===== AIRBRUSH SETTINGS =====
; Z-height: 84.00mm
; Paint flow: 0.50
; Feedrate: 475.6mm/min (includes Z scaling)
; Using brush: brush_a (tool 0)
; Path with Brush A (black) at Z=84.000mm
; Using: Air=P2, Flow=A axis
; Drawing Z height: 84.000mm, Travel Z height: 10.000mm
; Machine Z range: 0-84mm (Safe range: 5-80mm)
; === START BRUSH SEQUENCE ===
; START BRUSH A
; Z already at 84.000mm, above safe threshold of 10.000mm, no need to raise
T0 ; Select Tool 0 (Brush A)
G4 P500 ; Wait for tool change to complete
; === END BRUSH SEQUENCE ===
; Coordinate transform: (1847.59,1653.12) -> (666.83,98.36)
G0 X666.827 Y98.361 F24000
M400 ; Wait for XY movement to complete
G1 Z84.000 F1200
M400 ; Wait for Z movement to complete
; === ACTIVATE BRUSH AT POSITION ===
; AIR ON FIRST - Important to prevent dripping
M106 P2 S1 ; Brush A air on
; PAINT ON AFTER AIR
G4 P50 ; Short delay before stepper command
G1 U2.400 F200.0 ; Set Brush A flow to 2.400mm
M400 ; Wait for stepper motion to complete
; === BRUSH ACTIVATED ===
G1 F475.56460435427675
; Coordinate transform: (1848.13,1652.80) -> (667.03,98.48)
G1 X667.029 Y98.480
; Coordinate transform: (1848.96,1652.34) -> (667.34,98.65)
G1 X667.338 Y98.652
; Coordinate transform: (1850.06,1651.73) -> (667.75,98.88)
G1 X667.748 Y98.879
; Coordinate transform: (1851.39,1650.98) -> (668.24,99.16)
G1 X668.244 Y99.159
; Coordinate transform: (1852.93,1650.10) -> (668.82,99.49)
G1 X668.819 Y99.487
; Coordinate transform: (1854.67,1649.07) -> (669.47,99.87)
G1 X669.468 Y99.871
; Coordinate transform: (1856.58,1647.88) -> (670.18,100.31)
G1 X670.180 Y100.315
; Coordinate transform: (1858.65,1646.49) -> (670.95,100.83)
G1 X670.952 Y100.833
; Coordinate transform: (1860.88,1644.88) -> (671.78,101.43)
G1 X671.784 Y101.434
; Coordinate transform: (1863.19,1643.00) -> (672.65,102.13)
G1 X672.645 Y102.135
; Coordinate transform: (1865.33,1640.82) -> (673.44,102.95)
G1 X673.443 Y102.948
; Coordinate transform: (1867.06,1638.27) -> (674.09,103.90)
G1 X674.089 Y103.899
; Coordinate transform: (1868.23,1635.32) -> (674.53,105.00)
G1 X674.525 Y104.999
; Coordinate transform: (1868.77,1631.90) -> (674.73,106.27)
G1 X674.726 Y106.275
; Coordinate transform: (1868.69,1627.94) -> (674.70,107.75)
G1 X674.697 Y107.752
; Coordinate transform: (1868.08,1623.34) -> (674.47,109.47)
G1 X674.469 Y109.467
; Coordinate transform: (1867.08,1618.05) -> (674.10,111.44)
G1 X674.096 Y111.440
; Coordinate transform: (1865.92,1612.01) -> (673.66,113.69)
G1 X673.663 Y113.693
; Coordinate transform: (1864.86,1605.14) -> (673.27,116.25)
G1 X673.268 Y116.255
; Coordinate transform: (1864.11,1597.48) -> (672.99,119.11)
G1 X672.988 Y119.112
; Coordinate transform: (1863.88,1589.01) -> (672.90,122.27)
G1 X672.903 Y122.271
; Coordinate transform: (1864.28,1579.81) -> (673.05,125.70)
G1 X673.052 Y125.702
; Coordinate transform: (1865.37,1569.98) -> (673.46,129.37)
G1 X673.458 Y129.368
; Coordinate transform: (1867.07,1559.71) -> (674.09,133.20)
G1 X674.092 Y133.198
; Coordinate transform: (1869.22,1549.25) -> (674.89,137.10)
G1 X674.894 Y137.099
; Coordinate transform: (1871.56,1538.91) -> (675.77,140.96)
G1 X675.767 Y140.956
; Coordinate transform: (1873.80,1528.90) -> (676.60,144.69)
G1 X676.602 Y144.689
; Coordinate transform: (1875.64,1519.64) -> (677.29,148.14)
G1 X677.289 Y148.142
; Coordinate transform: (1876.84,1511.36) -> (677.74,151.23)
G1 X677.736 Y151.230
; Coordinate transform: (1877.23,1504.24) -> (677.88,153.89)
G1 X677.882 Y153.886
; Coordinate transform: (1876.80,1498.34) -> (677.72,156.09)
G1 X677.721 Y156.086
; Coordinate transform: (1875.67,1493.66) -> (677.30,157.83)
G1 X677.300 Y157.832
; Coordinate transform: (1874.07,1490.17) -> (676.70,159.13)
G1 X676.703 Y159.133
; Coordinate transform: (1872.22,1487.74) -> (676.01,160.04)
G1 X676.013 Y160.040
; Coordinate transform: (1870.31,1486.27) -> (675.30,160.59)
G1 X675.301 Y160.588
; Coordinate transform: (1868.48,1485.65) -> (674.62,160.82)
G1 X674.618 Y160.819
; Coordinate transform: (1866.89,1485.78) -> (674.03,160.77)
G1 X674.025 Y160.771
; Coordinate transform: (1865.65,1486.63) -> (673.56,160.45)
G1 X673.563 Y160.454
M400 ; Wait for drawing to complete
; === STOP BRUSH SEQUENCE ===
; STOP BRUSH A
G4 P50 ; Short delay before stepper command
G1 U0.000 F200.0 ; Close Brush A flow
M400 ; Wait for stepper motion to complete
M106 P2 S0 ; Brush A air off
; Z already at 84.000mm, above safe threshold of 10.000mm, no need to raise
; === END STOP BRUSH SEQUENCE ===
; === PATH END ===


; Path 29/49 (id: path29)
; WIDTH: requested=117.176mm, actual=1863.507mm, compensation=0.800
; Z HEIGHT: 84.000mm (min=4.0, max=84.0)
; PAINT FLOW: 0.500 (baseline=0.1, max=0.5)
; PAINT FLOW COMPONENTS: base=0.100, width=0.300, opacity=0.100
; FEEDRATE: 475.6 mm/min (z_factor=0.0259, speed_factor=0.765)
; WARNING: Requested stroke width 117.2mm exceeds machine capability.
; H.Airbrush cannot draw strokes wider than 6.6mm at 1mm/s minimum speed.
; Stroke width has been reduced to 6.6mm.
; ===== STROKE PARAMETERS =====
; Color: black
; Width: 117.18mm
; Opacity: 0.25
; Brush: brush_a (index 0)
T0 ; Select Brush A (Black)
; ===== AIRBRUSH SETTINGS =====
; Z-height: 84.00mm
; Paint flow: 0.50
; Feedrate: 475.6mm/min (includes Z scaling)
; Using brush: brush_a (tool 0)
; Path with Brush A (black) at Z=84.000mm
; Using: Air=P2, Flow=A axis
; Drawing Z height: 84.000mm, Travel Z height: 10.000mm
; Machine Z range: 0-84mm (Safe range: 5-80mm)
; === START BRUSH SEQUENCE ===
; START BRUSH A
; Z already at 84.000mm, above safe threshold of 10.000mm, no need to raise
T0 ; Select Tool 0 (Brush A)
G4 P500 ; Wait for tool change to complete
; === END BRUSH SEQUENCE ===
; Coordinate transform: (732.45,394.70) -> (250.93,567.69)
G0 X250.932 Y567.691 F24000
M400 ; Wait for XY movement to complete
G1 Z84.000 F1200
M400 ; Wait for Z movement to complete
; === ACTIVATE BRUSH AT POSITION ===
; AIR ON FIRST - Important to prevent dripping
M106 P2 S1 ; Brush A air on
; PAINT ON AFTER AIR
G4 P50 ; Short delay before stepper command
G1 U2.400 F200.0 ; Set Brush A flow to 2.400mm
M400 ; Wait for stepper motion to complete
; === BRUSH ACTIVATED ===
G1 F475.56460435427675
; Coordinate transform: (732.64,393.26) -> (251.00,568.23)
G1 X251.002 Y568.230
; Coordinate transform: (732.92,391.27) -> (251.11,568.97)
G1 X251.107 Y568.971
; Coordinate transform: (733.29,388.90) -> (251.25,569.85)
G1 X251.248 Y569.854
; Coordinate transform: (733.78,386.32) -> (251.43,570.82)
G1 X251.428 Y570.817
; Coordinate transform: (734.36,383.70) -> (251.64,571.79)
G1 X251.645 Y571.793
; Coordinate transform: (735.10,381.21) -> (251.92,572.72)
G1 X251.919 Y572.723
; Coordinate transform: (735.93,378.97) -> (252.23,573.56)
G1 X252.232 Y573.559
; Coordinate transform: (736.87,377.09) -> (252.58,574.26)
G1 X252.579 Y574.259
; Coordinate transform: (737.87,375.65) -> (252.95,574.80)
G1 X252.953 Y574.796
; Coordinate transform: (738.93,374.70) -> (253.35,575.15)
G1 X253.351 Y575.152
; Coordinate transform: (740.06,374.26) -> (253.77,575.32)
G1 X253.772 Y575.316
; Coordinate transform: (741.26,374.33) -> (254.22,575.29)
G1 X254.219 Y575.289
; Coordinate transform: (742.55,374.90) -> (254.70,575.07)
G1 X254.699 Y575.075
; Coordinate transform: (743.96,375.96) -> (255.22,574.68)
G1 X255.224 Y574.682
; Coordinate transform: (745.52,377.45) -> (255.81,574.13)
G1 X255.806 Y574.126
; Coordinate transform: (747.30,379.33) -> (256.47,573.42)
G1 X256.472 Y573.423
; Coordinate transform: (749.39,381.57) -> (257.25,572.59)
G1 X257.249 Y572.589
; Coordinate transform: (751.82,384.10) -> (258.16,571.65)
G1 X258.158 Y571.646
; Coordinate transform: (754.67,386.83) -> (259.22,570.63)
G1 X259.219 Y570.627
; Coordinate transform: (757.98,389.67) -> (260.45,569.57)
G1 X260.452 Y569.570
; Coordinate transform: (761.83,392.49) -> (261.89,568.52)
G1 X261.890 Y568.516
; Coordinate transform: (766.34,395.18) -> (263.57,567.51)
G1 X263.572 Y567.514
; Coordinate transform: (771.51,397.59) -> (265.50,566.61)
G1 X265.501 Y566.615
; Coordinate transform: (777.33,399.63) -> (267.67,565.85)
G1 X267.671 Y565.851
; Coordinate transform: (783.80,401.23) -> (270.08,565.26)
G1 X270.085 Y565.258
; Coordinate transform: (790.82,402.27) -> (272.70,564.87)
G1 X272.703 Y564.867
; Coordinate transform: (798.34,402.68) -> (275.51,564.72)
G1 X275.506 Y564.715
; Coordinate transform: (806.22,402.42) -> (278.44,564.81)
G1 X278.444 Y564.813
; Coordinate transform: (814.36,401.49) -> (281.48,565.16)
G1 X281.480 Y565.160
; Coordinate transform: (822.68,400.04) -> (284.59,565.70)
G1 X284.586 Y565.702
; Coordinate transform: (831.12,398.27) -> (287.73,566.36)
G1 X287.731 Y566.360
; Coordinate transform: (839.58,396.49) -> (290.89,567.03)
G1 X290.888 Y567.025
; Coordinate transform: (847.99,394.95) -> (294.02,567.60)
G1 X294.023 Y567.598
; Coordinate transform: (856.26,393.84) -> (297.11,568.01)
G1 X297.109 Y568.012
; Coordinate transform: (864.37,393.14) -> (300.13,568.27)
G1 X300.131 Y568.274
; Coordinate transform: (872.29,392.81) -> (303.09,568.40)
G1 X303.087 Y568.397
; Coordinate transform: (880.08,392.75) -> (305.99,568.42)
G1 X305.990 Y568.419
; Coordinate transform: (887.81,392.89) -> (308.87,568.37)
G1 X308.874 Y568.368
; Coordinate transform: (895.75,393.18) -> (311.84,568.26)
G1 X311.837 Y568.259
; Coordinate transform: (904.20,393.60) -> (314.99,568.10)
G1 X314.988 Y568.102
; Coordinate transform: (913.46,394.15) -> (318.44,567.90)
G1 X318.441 Y567.896
; Coordinate transform: (923.59,394.87) -> (322.22,567.63)
G1 X322.220 Y567.627
; Coordinate transform: (934.43,395.83) -> (326.26,567.27)
G1 X326.261 Y567.271
; Coordinate transform: (945.30,397.12) -> (330.32,566.79)
G1 X330.317 Y566.789
; Coordinate transform: (955.63,398.80) -> (334.17,566.16)
G1 X334.169 Y566.165
; Coordinate transform: (965.06,400.84) -> (337.69,565.40)
G1 X337.687 Y565.403
; Coordinate transform: (973.59,403.21) -> (340.87,564.52)
G1 X340.867 Y564.519
; Coordinate transform: (981.43,405.89) -> (343.79,563.52)
G1 X343.789 Y563.519
; Coordinate transform: (988.81,408.92) -> (346.54,562.39)
G1 X346.544 Y562.389
; Coordinate transform: (996.01,412.37) -> (349.23,561.10)
G1 X349.228 Y561.101
M400 ; Wait for drawing to complete
; === STOP BRUSH SEQUENCE ===
; STOP BRUSH A
G4 P50 ; Short delay before stepper command
G1 U0.000 F200.0 ; Close Brush A flow
M400 ; Wait for stepper motion to complete
M106 P2 S0 ; Brush A air off
; Z already at 84.000mm, above safe threshold of 10.000mm, no need to raise
; === END STOP BRUSH SEQUENCE ===
; === PATH END ===


; Path 30/49 (id: path30)
; WIDTH: requested=117.176mm, actual=1863.507mm, compensation=0.800
; Z HEIGHT: 84.000mm (min=4.0, max=84.0)
; PAINT FLOW: 0.500 (baseline=0.1, max=0.5)
; PAINT FLOW COMPONENTS: base=0.100, width=0.300, opacity=0.100
; FEEDRATE: 475.6 mm/min (z_factor=0.0259, speed_factor=0.765)
; WARNING: Requested stroke width 117.2mm exceeds machine capability.
; H.Airbrush cannot draw strokes wider than 6.6mm at 1mm/s minimum speed.
; Stroke width has been reduced to 6.6mm.
; ===== STROKE PARAMETERS =====
; Color: black
; Width: 117.18mm
; Opacity: 0.25
; Brush: brush_a (index 0)
T0 ; Select Brush A (Black)
; ===== AIRBRUSH SETTINGS =====
; Z-height: 84.00mm
; Paint flow: 0.50
; Feedrate: 475.6mm/min (includes Z scaling)
; Using brush: brush_a (tool 0)
; Path with Brush A (black) at Z=84.000mm
; Using: Air=P2, Flow=A axis
; Drawing Z height: 84.000mm, Travel Z height: 10.000mm
; Machine Z range: 0-84mm (Safe range: 5-80mm)
; === START BRUSH SEQUENCE ===
; START BRUSH A
; Z already at 84.000mm, above safe threshold of 10.000mm, no need to raise
T0 ; Select Tool 0 (Brush A)
G4 P500 ; Wait for tool change to complete
; === END BRUSH SEQUENCE ===
; Coordinate transform: (532.80,503.74) -> (176.47,527.03)
G0 X176.475 Y527.025 F24000
M400 ; Wait for XY movement to complete
G1 Z84.000 F1200
M400 ; Wait for Z movement to complete
; === ACTIVATE BRUSH AT POSITION ===
; AIR ON FIRST - Important to prevent dripping
M106 P2 S1 ; Brush A air on
; PAINT ON AFTER AIR
G4 P50 ; Short delay before stepper command
G1 U2.400 F200.0 ; Set Brush A flow to 2.400mm
M400 ; Wait for stepper motion to complete
; === BRUSH ACTIVATED ===
G1 F475.56460435427675
; Coordinate transform: (532.94,504.25) -> (176.52,526.84)
G1 X176.525 Y526.835
; Coordinate transform: (533.18,505.01) -> (176.61,526.55)
G1 X176.614 Y526.552
; Coordinate transform: (533.53,506.00) -> (176.74,526.18)
G1 X176.744 Y526.181
; Coordinate transform: (533.98,507.22) -> (176.91,525.73)
G1 X176.912 Y525.727
; Coordinate transform: (534.54,508.66) -> (177.12,525.19)
G1 X177.121 Y525.191
; Coordinate transform: (535.20,510.31) -> (177.37,524.58)
G1 X177.369 Y524.575
; Coordinate transform: (535.98,512.18) -> (177.66,523.88)
G1 X177.658 Y523.877
; Coordinate transform: (536.88,514.28) -> (178.00,523.09)
G1 X177.995 Y523.094
; Coordinate transform: (537.92,516.62) -> (178.38,522.22)
G1 X178.383 Y522.223
; Coordinate transform: (539.12,519.20) -> (178.83,521.26)
G1 X178.828 Y521.261
; Coordinate transform: (540.48,522.05) -> (179.34,520.20)
G1 X179.338 Y520.196
; Coordinate transform: (542.06,525.21) -> (179.93,519.02)
G1 X179.927 Y519.019
; Coordinate transform: (543.89,528.72) -> (180.61,517.71)
G1 X180.607 Y517.709
; Coordinate transform: (545.98,532.61) -> (181.39,516.26)
G1 X181.388 Y516.258
; Coordinate transform: (548.36,536.88) -> (182.27,514.67)
G1 X182.274 Y514.667
; Coordinate transform: (551.03,541.53) -> (183.27,512.93)
G1 X183.273 Y512.932
; Coordinate transform: (554.02,546.59) -> (184.39,511.04)
G1 X184.388 Y511.044
; Coordinate transform: (557.32,551.97) -> (185.62,509.04)
G1 X185.618 Y509.039
; Coordinate transform: (560.91,557.56) -> (186.96,506.95)
G1 X186.955 Y506.953
; Coordinate transform: (564.70,563.25) -> (188.37,504.83)
G1 X188.371 Y504.830
; Coordinate transform: (568.64,568.85) -> (189.84,502.74)
G1 X189.839 Y502.742
; Coordinate transform: (572.65,574.19) -> (191.34,500.75)
G1 X191.336 Y500.750
; Coordinate transform: (576.67,579.14) -> (192.83,498.90)
G1 X192.835 Y498.903
; Coordinate transform: (580.61,583.61) -> (194.30,497.24)
G1 X194.302 Y497.236
; Coordinate transform: (584.39,587.56) -> (195.71,495.76)
G1 X195.714 Y495.763
; Coordinate transform: (588.01,591.00) -> (197.07,494.48)
G1 X197.065 Y494.480
; Coordinate transform: (591.46,593.99) -> (198.35,493.36)
G1 X198.352 Y493.365
; Coordinate transform: (594.71,596.62) -> (199.56,492.39)
G1 X199.563 Y492.386
; Coordinate transform: (597.73,598.94) -> (200.69,491.52)
G1 X200.690 Y491.520
; Coordinate transform: (600.45,601.04) -> (201.70,490.74)
G1 X201.704 Y490.736
; Coordinate transform: (602.91,603.17) -> (202.62,489.94)
G1 X202.620 Y489.942
; Coordinate transform: (605.19,605.37) -> (203.47,489.12)
G1 X203.470 Y489.121
; Coordinate transform: (607.31,607.78) -> (204.26,488.22)
G1 X204.261 Y488.222
; Coordinate transform: (609.29,610.55) -> (205.00,487.19)
G1 X205.000 Y487.189
; Coordinate transform: (611.14,613.87) -> (205.69,485.95)
G1 X205.691 Y485.950
M400 ; Wait for drawing to complete
; === STOP BRUSH SEQUENCE ===
; STOP BRUSH A
G4 P50 ; Short delay before stepper command
G1 U0.000 F200.0 ; Close Brush A flow
M400 ; Wait for stepper motion to complete
M106 P2 S0 ; Brush A air off
; Z already at 84.000mm, above safe threshold of 10.000mm, no need to raise
; === END STOP BRUSH SEQUENCE ===
; === PATH END ===


; Path 31/49 (id: path31)
; WIDTH: requested=117.176mm, actual=1863.507mm, compensation=0.800
; Z HEIGHT: 84.000mm (min=4.0, max=84.0)
; PAINT FLOW: 0.500 (baseline=0.1, max=0.5)
; PAINT FLOW COMPONENTS: base=0.100, width=0.300, opacity=0.100
; FEEDRATE: 475.6 mm/min (z_factor=0.0259, speed_factor=0.765)
; WARNING: Requested stroke width 117.2mm exceeds machine capability.
; H.Airbrush cannot draw strokes wider than 6.6mm at 1mm/s minimum speed.
; Stroke width has been reduced to 6.6mm.
; ===== STROKE PARAMETERS =====
; Color: black
; Width: 117.18mm
; Opacity: 0.25
; Brush: brush_a (index 0)
T0 ; Select Brush A (Black)
; ===== AIRBRUSH SETTINGS =====
; Z-height: 84.00mm
; Paint flow: 0.50
; Feedrate: 475.6mm/min (includes Z scaling)
; Using brush: brush_a (tool 0)
; Path with Brush A (black) at Z=84.000mm
; Using: Air=P2, Flow=A axis
; Drawing Z height: 84.000mm, Travel Z height: 10.000mm
; Machine Z range: 0-84mm (Safe range: 5-80mm)
; === START BRUSH SEQUENCE ===
; START BRUSH A
; Z already at 84.000mm, above safe threshold of 10.000mm, no need to raise
T0 ; Select Tool 0 (Brush A)
G4 P500 ; Wait for tool change to complete
; === END BRUSH SEQUENCE ===
; Coordinate transform: (1083.55,1857.38) -> (381.88,22.18)
G0 X381.876 Y22.181 F24000
M400 ; Wait for XY movement to complete
G1 Z84.000 F1200
M400 ; Wait for Z movement to complete
; === ACTIVATE BRUSH AT POSITION ===
; AIR ON FIRST - Important to prevent dripping
M106 P2 S1 ; Brush A air on
; PAINT ON AFTER AIR
G4 P50 ; Short delay before stepper command
G1 U2.400 F200.0 ; Set Brush A flow to 2.400mm
M400 ; Wait for stepper motion to complete
; === BRUSH ACTIVATED ===
G1 F475.56460435427675
; Coordinate transform: (1083.03,1859.03) -> (381.68,21.57)
G1 X381.683 Y21.566
; Coordinate transform: (1082.31,1861.37) -> (381.41,20.69)
G1 X381.414 Y20.693
; Coordinate transform: (1081.36,1864.15) -> (381.06,19.66)
G1 X381.060 Y19.656
; Coordinate transform: (1080.18,1866.92) -> (380.62,18.62)
G1 X380.620 Y18.623
; Coordinate transform: (1078.74,1869.30) -> (380.08,17.74)
G1 X380.083 Y17.736
; Coordinate transform: (1077.02,1870.97) -> (379.44,17.11)
G1 X379.441 Y17.113
; Coordinate transform: (1075.00,1871.74) -> (378.69,16.83)
G1 X378.688 Y16.826
; Coordinate transform: (1072.67,1871.55) -> (377.82,16.90)
G1 X377.819 Y16.897
; Coordinate transform: (1069.99,1870.51) -> (376.82,17.28)
G1 X376.819 Y17.284
; Coordinate transform: (1066.91,1868.80) -> (375.67,17.92)
G1 X375.671 Y17.922
; Coordinate transform: (1063.42,1866.67) -> (374.37,18.72)
G1 X374.369 Y18.717
; Coordinate transform: (1059.45,1864.42) -> (372.89,19.56)
G1 X372.888 Y19.556
; Coordinate transform: (1054.93,1862.34) -> (371.20,20.33)
G1 X371.203 Y20.331
; Coordinate transform: (1049.76,1860.69) -> (369.27,20.95)
G1 X369.274 Y20.947
; Coordinate transform: (1043.88,1859.65) -> (367.08,21.33)
G1 X367.081 Y21.335
; Coordinate transform: (1037.25,1859.27) -> (364.61,21.48)
G1 X364.609 Y21.476
; Coordinate transform: (1029.82,1859.52) -> (361.84,21.38)
G1 X361.838 Y21.383
; Coordinate transform: (1021.61,1860.32) -> (358.78,21.08)
G1 X358.776 Y21.085
; Coordinate transform: (1012.66,1861.56) -> (355.44,20.62)
G1 X355.438 Y20.622
; Coordinate transform: (1003.11,1862.99) -> (351.88,20.09)
G1 X351.876 Y20.089
; Coordinate transform: (993.16,1864.31) -> (348.16,19.60)
G1 X348.164 Y19.597
; Coordinate transform: (982.99,1865.24) -> (344.37,19.25)
G1 X344.374 Y19.250
; Coordinate transform: (972.84,1865.60) -> (340.59,19.12)
G1 X340.587 Y19.116
; Coordinate transform: (962.87,1865.32) -> (336.87,19.22)
G1 X336.867 Y19.220
; Coordinate transform: (953.24,1864.44) -> (333.28,19.55)
G1 X333.277 Y19.548
; Coordinate transform: (944.13,1863.10) -> (329.88,20.05)
G1 X329.879 Y20.048
; Coordinate transform: (935.77,1861.60) -> (326.76,20.61)
G1 X326.761 Y20.607
; Coordinate transform: (928.36,1860.22) -> (324.00,21.12)
G1 X323.996 Y21.122
; Coordinate transform: (922.07,1859.28) -> (321.65,21.47)
G1 X321.652 Y21.473
; Coordinate transform: (917.02,1858.94) -> (319.77,21.60)
G1 X319.770 Y21.599
; Coordinate transform: (913.24,1859.33) -> (318.36,21.45)
G1 X318.360 Y21.454
; Coordinate transform: (910.70,1860.55) -> (317.41,21.00)
G1 X317.410 Y20.999
; Coordinate transform: (909.30,1862.63) -> (316.89,20.22)
G1 X316.889 Y20.223
; Coordinate transform: (908.94,1865.36) -> (316.75,19.21)
G1 X316.754 Y19.205
; Coordinate transform: (909.46,1868.42) -> (316.95,18.06)
G1 X316.949 Y18.064
; Coordinate transform: (910.73,1871.48) -> (317.42,16.92)
G1 X317.421 Y16.923
; Coordinate transform: (912.60,1874.18) -> (318.12,15.92)
G1 X318.122 Y15.916
; Coordinate transform: (915.01,1876.25) -> (319.02,15.14)
G1 X319.020 Y15.144
; Coordinate transform: (917.93,1877.41) -> (320.11,14.71)
G1 X320.109 Y14.711
; Coordinate transform: (921.39,1877.47) -> (321.40,14.69)
G1 X321.397 Y14.689
; Coordinate transform: (925.45,1876.42) -> (322.91,15.08)
G1 X322.911 Y15.080
; Coordinate transform: (930.20,1874.34) -> (324.68,15.86)
G1 X324.685 Y15.856
; Coordinate transform: (935.78,1871.40) -> (326.76,16.95)
G1 X326.764 Y16.953
; Coordinate transform: (942.33,1867.72) -> (329.21,18.32)
G1 X329.207 Y18.325
; Coordinate transform: (949.94,1863.46) -> (332.05,19.91)
G1 X332.045 Y19.914
; Coordinate transform: (958.65,1858.83) -> (335.30,21.64)
G1 X335.296 Y21.641
; Coordinate transform: (968.40,1854.03) -> (338.93,23.43)
G1 X338.929 Y23.431
; Coordinate transform: (978.96,1849.02) -> (342.87,25.30)
G1 X342.869 Y25.299
; Coordinate transform: (990.04,1843.90) -> (347.00,27.21)
G1 X347.004 Y27.209
; Coordinate transform: (1001.26,1838.78) -> (351.19,29.12)
G1 X351.186 Y29.118
; Coordinate transform: (1012.22,1833.78) -> (355.27,30.98)
G1 X355.274 Y30.983
; Coordinate transform: (1022.64,1828.84) -> (359.16,32.83)
G1 X359.160 Y32.825
; Coordinate transform: (1032.42,1824.01) -> (362.81,34.63)
G1 X362.807 Y34.627
; Coordinate transform: (1041.69,1819.25) -> (366.26,36.40)
G1 X366.265 Y36.402
; Coordinate transform: (1050.66,1814.47) -> (369.61,38.18)
G1 X369.610 Y38.185
; Coordinate transform: (1059.53,1809.61) -> (372.92,40.00)
G1 X372.918 Y39.997
; Coordinate transform: (1068.52,1804.62) -> (376.27,41.86)
G1 X376.271 Y41.858
; Coordinate transform: (1077.90,1799.42) -> (379.77,43.80)
G1 X379.769 Y43.798
; Coordinate transform: (1087.88,1793.96) -> (383.49,45.83)
G1 X383.491 Y45.834
; Coordinate transform: (1098.50,1788.21) -> (387.45,47.98)
G1 X387.452 Y47.978
; Coordinate transform: (1109.58,1782.13) -> (391.58,50.25)
G1 X391.584 Y50.246
; Coordinate transform: (1120.83,1775.83) -> (395.78,52.60)
G1 X395.780 Y52.596
; Coordinate transform: (1131.85,1769.31) -> (399.89,55.03)
G1 X399.890 Y55.027
; Coordinate transform: (1142.28,1762.56) -> (403.78,57.54)
G1 X403.780 Y57.545
; Coordinate transform: (1151.83,1755.53) -> (407.34,60.17)
G1 X407.342 Y60.167
; Coordinate transform: (1160.49,1748.21) -> (410.57,62.90)
G1 X410.571 Y62.897
; Coordinate transform: (1168.32,1740.62) -> (413.49,65.73)
G1 X413.492 Y65.727
; Coordinate transform: (1175.56,1732.71) -> (416.19,68.68)
G1 X416.192 Y68.677
; Coordinate transform: (1182.30,1724.41) -> (418.71,71.77)
G1 X418.706 Y71.773
; Coordinate transform: (1188.55,1715.72) -> (421.04,75.01)
G1 X421.036 Y75.014
; Coordinate transform: (1194.31,1706.66) -> (423.18,78.39)
G1 X423.185 Y78.393
; Coordinate transform: (1199.70,1697.36) -> (425.19,81.86)
G1 X425.195 Y81.861
; Coordinate transform: (1204.86,1687.96) -> (427.12,85.37)
G1 X427.119 Y85.367
; Coordinate transform: (1209.97,1678.64) -> (429.03,88.84)
G1 X429.025 Y88.843
; Coordinate transform: (1215.16,1669.51) -> (430.96,92.25)
G1 X430.961 Y92.248
; Coordinate transform: (1220.55,1660.64) -> (432.97,95.56)
G1 X432.971 Y95.556
; Coordinate transform: (1226.16,1652.09) -> (435.06,98.74)
G1 X435.063 Y98.745
; Coordinate transform: (1231.99,1643.88) -> (437.24,101.81)
G1 X437.238 Y101.807
; Coordinate transform: (1238.09,1636.00) -> (439.51,104.75)
G1 X439.513 Y104.746
; Coordinate transform: (1244.40,1628.45) -> (441.87,107.56)
G1 X441.866 Y107.561
; Coordinate transform: (1250.86,1621.21) -> (444.28,110.26)
G1 X444.275 Y110.262
; Coordinate transform: (1257.48,1614.33) -> (446.74,112.83)
G1 X446.744 Y112.827
; Coordinate transform: (1264.41,1607.75) -> (449.33,115.28)
G1 X449.329 Y115.282
; Coordinate transform: (1271.79,1601.31) -> (452.08,117.68)
G1 X452.081 Y117.683
; Coordinate transform: (1279.77,1594.85) -> (455.06,120.09)
G1 X455.057 Y120.093
; Coordinate transform: (1288.21,1588.26) -> (458.20,122.55)
G1 X458.205 Y122.550
; Coordinate transform: (1296.90,1581.49) -> (461.45,125.08)
G1 X461.446 Y125.075
; Coordinate transform: (1305.74,1574.49) -> (464.74,127.69)
G1 X464.743 Y127.686
; Coordinate transform: (1314.69,1567.28) -> (468.08,130.37)
G1 X468.081 Y130.375
; Coordinate transform: (1323.71,1559.93) -> (471.44,133.12)
G1 X471.445 Y133.116
; Coordinate transform: (1332.75,1552.45) -> (474.82,135.91)
G1 X474.816 Y135.906
; Coordinate transform: (1341.82,1544.89) -> (478.20,138.73)
G1 X478.199 Y138.725
; Coordinate transform: (1350.92,1537.27) -> (481.59,141.57)
G1 X481.593 Y141.567
; Coordinate transform: (1360.07,1529.59) -> (485.01,144.43)
G1 X485.005 Y144.431
; Coordinate transform: (1369.22,1521.89) -> (488.42,147.30)
G1 X488.418 Y147.303
; Coordinate transform: (1378.28,1514.20) -> (491.80,150.17)
G1 X491.797 Y150.171
; Coordinate transform: (1387.22,1506.53) -> (495.13,153.03)
G1 X495.131 Y153.032
; Coordinate transform: (1396.22,1498.85) -> (498.49,155.90)
G1 X498.488 Y155.896
; Coordinate transform: (1405.35,1491.21) -> (501.89,158.75)
G1 X501.893 Y158.745
; Coordinate transform: (1414.60,1483.76) -> (505.34,161.52)
G1 X505.342 Y161.524
; Coordinate transform: (1423.72,1476.65) -> (508.74,164.18)
G1 X508.744 Y164.176
; Coordinate transform: (1432.58,1469.88) -> (512.05,166.70)
G1 X512.048 Y166.700
; Coordinate transform: (1441.21,1463.33) -> (515.27,169.14)
G1 X515.267 Y169.143
; Coordinate transform: (1449.72,1456.88) -> (518.44,171.55)
G1 X518.441 Y171.549
; Coordinate transform: (1458.23,1450.39) -> (521.61,173.97)
G1 X521.614 Y173.969
; Coordinate transform: (1466.78,1443.73) -> (524.80,176.45)
G1 X524.803 Y176.453
; Coordinate transform: (1475.35,1436.89) -> (528.00,179.00)
G1 X527.999 Y179.004
; Coordinate transform: (1483.82,1429.86) -> (531.16,181.63)
G1 X531.158 Y181.626
; Coordinate transform: (1492.00,1422.58) -> (534.21,184.34)
G1 X534.209 Y184.341
; Coordinate transform: (1499.73,1414.95) -> (537.09,187.19)
G1 X537.092 Y187.187
; Coordinate transform: (1506.84,1406.92) -> (539.74,190.18)
G1 X539.744 Y190.182
; Coordinate transform: (1513.28,1398.48) -> (542.15,193.33)
G1 X542.145 Y193.329
; Coordinate transform: (1519.03,1389.65) -> (544.29,196.62)
G1 X544.290 Y196.622
; Coordinate transform: (1524.15,1380.40) -> (546.20,200.07)
G1 X546.199 Y200.072
; Coordinate transform: (1528.69,1370.72) -> (547.89,203.68)
G1 X547.893 Y203.682
; Coordinate transform: (1532.66,1360.56) -> (549.37,207.47)
G1 X549.373 Y207.472
; Coordinate transform: (1536.13,1349.89) -> (550.67,211.45)
G1 X550.667 Y211.451
; Coordinate transform: (1539.11,1338.64) -> (551.78,215.65)
G1 X551.779 Y215.647
; Coordinate transform: (1541.65,1326.85) -> (552.73,220.04)
G1 X552.726 Y220.044
; Coordinate transform: (1543.90,1314.57) -> (553.57,224.62)
G1 X553.565 Y224.624
; Coordinate transform: (1546.05,1301.93) -> (554.37,229.34)
G1 X554.367 Y229.338
; Coordinate transform: (1548.25,1289.02) -> (555.19,234.15)
G1 X555.188 Y234.153
; Coordinate transform: (1550.56,1276.03) -> (556.05,239.00)
G1 X556.049 Y238.997
; Coordinate transform: (1553.06,1262.93) -> (556.98,243.88)
G1 X556.981 Y243.883
; Coordinate transform: (1555.82,1249.64) -> (558.01,248.84)
G1 X558.011 Y248.840
; Coordinate transform: (1558.72,1236.30) -> (559.09,253.81)
G1 X559.092 Y253.815
; Coordinate transform: (1561.59,1223.03) -> (560.16,258.76)
G1 X560.163 Y258.764
; Coordinate transform: (1564.35,1209.76) -> (561.19,263.71)
G1 X561.192 Y263.713
; Coordinate transform: (1567.01,1196.43) -> (562.18,268.68)
G1 X562.184 Y268.684
; Coordinate transform: (1569.57,1183.26) -> (563.14,273.60)
G1 X563.139 Y273.596
; Coordinate transform: (1572.05,1170.57) -> (564.06,278.33)
G1 X564.064 Y278.329
; Coordinate transform: (1574.48,1158.68) -> (564.97,282.76)
G1 X564.970 Y282.763
; Coordinate transform: (1576.93,1147.81) -> (565.88,286.82)
G1 X565.884 Y286.817
; Coordinate transform: (1579.45,1137.98) -> (566.82,290.48)
G1 X566.824 Y290.484
; Coordinate transform: (1582.05,1128.98) -> (567.79,293.84)
G1 X567.793 Y293.840
; Coordinate transform: (1584.69,1120.39) -> (568.78,297.04)
G1 X568.778 Y297.044
; Coordinate transform: (1587.32,1111.74) -> (569.76,300.27)
G1 X569.759 Y300.270
; Coordinate transform: (1589.91,1102.60) -> (570.72,303.68)
G1 X570.725 Y303.679
; Coordinate transform: (1592.51,1092.78) -> (571.69,307.34)
G1 X571.694 Y307.341
; Coordinate transform: (1595.17,1082.18) -> (572.69,311.29)
G1 X572.687 Y311.294
; Coordinate transform: (1597.96,1070.83) -> (573.73,315.53)
G1 X573.727 Y315.527
; Coordinate transform: (1600.91,1058.82) -> (574.83,320.01)
G1 X574.827 Y320.006
; Coordinate transform: (1604.03,1046.32) -> (575.99,324.67)
G1 X575.991 Y324.668
; Coordinate transform: (1607.33,1033.54) -> (577.22,329.43)
G1 X577.222 Y329.435
; Coordinate transform: (1610.73,1020.78) -> (578.49,334.19)
G1 X578.490 Y334.194
; Coordinate transform: (1614.03,1008.36) -> (579.72,338.83)
G1 X579.720 Y338.826
; Coordinate transform: (1616.99,996.65) -> (580.82,343.19)
G1 X580.824 Y343.191
; Coordinate transform: (1619.41,986.16) -> (581.73,347.10)
G1 X581.727 Y347.104
; Coordinate transform: (1621.33,977.18) -> (582.44,350.45)
G1 X582.443 Y350.455
; Coordinate transform: (1622.86,969.60) -> (583.01,353.28)
G1 X583.014 Y353.281
; Coordinate transform: (1624.08,963.06) -> (583.47,355.72)
G1 X583.469 Y355.719
; Coordinate transform: (1625.09,957.14) -> (583.85,357.93)
G1 X583.845 Y357.927
; Coordinate transform: (1625.91,951.40) -> (584.15,360.07)
G1 X584.151 Y360.071
; Coordinate transform: (1626.56,945.43) -> (584.39,362.30)
G1 X584.394 Y362.296
; Coordinate transform: (1627.02,939.09) -> (584.57,364.66)
G1 X584.565 Y364.661
; Coordinate transform: (1627.25,932.20) -> (584.65,367.23)
G1 X584.651 Y367.230
; Coordinate transform: (1627.18,925.25) -> (584.62,369.82)
G1 X584.625 Y369.824
; Coordinate transform: (1626.75,918.89) -> (584.46,372.19)
G1 X584.464 Y372.193
; Coordinate transform: (1625.99,913.85) -> (584.18,374.07)
G1 X584.181 Y374.075
M400 ; Wait for drawing to complete
; === STOP BRUSH SEQUENCE ===
; STOP BRUSH A
G4 P50 ; Short delay before stepper command
G1 U0.000 F200.0 ; Close Brush A flow
M400 ; Wait for stepper motion to complete
M106 P2 S0 ; Brush A air off
; Z already at 84.000mm, above safe threshold of 10.000mm, no need to raise
; === END STOP BRUSH SEQUENCE ===
; === PATH END ===


; Path 32/49 (id: path32)
; WIDTH: requested=117.176mm, actual=1863.507mm, compensation=0.800
; Z HEIGHT: 84.000mm (min=4.0, max=84.0)
; PAINT FLOW: 0.500 (baseline=0.1, max=0.5)
; PAINT FLOW COMPONENTS: base=0.100, width=0.300, opacity=0.100
; FEEDRATE: 475.6 mm/min (z_factor=0.0259, speed_factor=0.765)
; WARNING: Requested stroke width 117.2mm exceeds machine capability.
; H.Airbrush cannot draw strokes wider than 6.6mm at 1mm/s minimum speed.
; Stroke width has been reduced to 6.6mm.
; ===== STROKE PARAMETERS =====
; Color: black
; Width: 117.18mm
; Opacity: 0.25
; Brush: brush_a (index 0)
T0 ; Select Brush A (Black)
; ===== AIRBRUSH SETTINGS =====
; Z-height: 84.00mm
; Paint flow: 0.50
; Feedrate: 475.6mm/min (includes Z scaling)
; Using brush: brush_a (tool 0)
; Path with Brush A (black) at Z=84.000mm
; Using: Air=P2, Flow=A axis
; Drawing Z height: 84.000mm, Travel Z height: 10.000mm
; Machine Z range: 0-84mm (Safe range: 5-80mm)
; === START BRUSH SEQUENCE ===
; START BRUSH A
; Z already at 84.000mm, above safe threshold of 10.000mm, no need to raise
T0 ; Select Tool 0 (Brush A)
G4 P500 ; Wait for tool change to complete
; === END BRUSH SEQUENCE ===
; Coordinate transform: (1598.39,116.55) -> (573.89,671.43)
G0 X573.887 Y671.430 F24000
M400 ; Wait for XY movement to complete
G1 Z84.000 F1200
M400 ; Wait for Z movement to complete
; === ACTIVATE BRUSH AT POSITION ===
; AIR ON FIRST - Important to prevent dripping
M106 P2 S1 ; Brush A air on
; PAINT ON AFTER AIR
G4 P50 ; Short delay before stepper command
G1 U2.400 F200.0 ; Set Brush A flow to 2.400mm
M400 ; Wait for stepper motion to complete
; === BRUSH ACTIVATED ===
G1 F475.56460435427675
; Coordinate transform: (1598.54,118.60) -> (573.94,670.66)
G1 X573.943 Y670.663
; Coordinate transform: (1598.80,121.17) -> (574.04,669.71)
G1 X574.040 Y669.707
; Coordinate transform: (1599.13,123.88) -> (574.16,668.69)
G1 X574.163 Y668.694
; Coordinate transform: (1599.61,126.38) -> (574.34,667.76)
G1 X574.342 Y667.761
; Coordinate transform: (1600.15,128.42) -> (574.54,667.00)
G1 X574.544 Y667.001
; Coordinate transform: (1600.72,129.79) -> (574.76,666.49)
G1 X574.756 Y666.492
; Coordinate transform: (1601.34,130.36) -> (574.99,666.28)
G1 X574.988 Y666.279
; Coordinate transform: (1602.02,130.11) -> (575.24,666.37)
G1 X575.241 Y666.370
; Coordinate transform: (1602.76,129.11) -> (575.52,666.74)
G1 X575.517 Y666.743
; Coordinate transform: (1603.59,127.49) -> (575.83,667.35)
G1 X575.827 Y667.348
; Coordinate transform: (1604.55,125.42) -> (576.18,668.12)
G1 X576.185 Y668.119
; Coordinate transform: (1605.68,123.12) -> (576.61,668.98)
G1 X576.606 Y668.980
; Coordinate transform: (1607.03,120.77) -> (577.11,669.85)
G1 X577.110 Y669.854
; Coordinate transform: (1608.66,118.59) -> (577.72,670.67)
G1 X577.718 Y670.666
; Coordinate transform: (1610.63,116.75) -> (578.45,671.35)
G1 X578.452 Y671.353
; Coordinate transform: (1613.04,115.40) -> (579.35,671.86)
G1 X579.351 Y671.857
; Coordinate transform: (1615.92,114.75) -> (580.43,672.10)
G1 X580.425 Y672.102
; Coordinate transform: (1619.32,114.87) -> (581.69,672.05)
G1 X581.693 Y672.054
; Coordinate transform: (1623.34,115.74) -> (583.19,671.73)
G1 X583.193 Y671.731
; Coordinate transform: (1628.10,117.19) -> (584.97,671.19)
G1 X584.968 Y671.190
; Coordinate transform: (1633.71,119.00) -> (587.06,670.51)
G1 X587.060 Y670.515
; Coordinate transform: (1640.22,121.05) -> (589.49,669.75)
G1 X589.488 Y669.750
; Coordinate transform: (1647.72,123.22) -> (592.29,668.94)
G1 X592.285 Y668.943
; Coordinate transform: (1656.14,125.36) -> (595.43,668.14)
G1 X595.425 Y668.143
; Coordinate transform: (1665.42,127.36) -> (598.89,667.40)
G1 X598.886 Y667.397
; Coordinate transform: (1675.33,129.12) -> (602.58,666.74)
G1 X602.582 Y666.742
; Coordinate transform: (1685.64,130.54) -> (606.43,666.21)
G1 X606.428 Y666.212
; Coordinate transform: (1696.10,131.56) -> (610.33,665.83)
G1 X610.329 Y665.832
; Coordinate transform: (1706.52,132.15) -> (614.21,665.61)
G1 X614.215 Y665.610
; Coordinate transform: (1716.71,132.40) -> (618.02,665.52)
G1 X618.015 Y665.518
; Coordinate transform: (1726.49,132.39) -> (621.66,665.52)
G1 X621.663 Y665.521
; Coordinate transform: (1735.60,132.21) -> (625.06,665.59)
G1 X625.060 Y665.589
; Coordinate transform: (1743.76,131.86) -> (628.10,665.72)
G1 X628.104 Y665.717
; Coordinate transform: (1750.80,131.34) -> (630.73,665.91)
G1 X630.729 Y665.912
; Coordinate transform: (1756.59,130.64) -> (632.89,666.18)
G1 X632.889 Y666.175
; Coordinate transform: (1761.08,129.76) -> (634.56,666.50)
G1 X634.563 Y666.503
; Coordinate transform: (1764.30,128.74) -> (635.76,666.88)
G1 X635.764 Y666.884
; Coordinate transform: (1766.30,127.60) -> (636.51,667.31)
G1 X636.510 Y667.306
M400 ; Wait for drawing to complete
; === STOP BRUSH SEQUENCE ===
; STOP BRUSH A
G4 P50 ; Short delay before stepper command
G1 U0.000 F200.0 ; Close Brush A flow
M400 ; Wait for stepper motion to complete
M106 P2 S0 ; Brush A air off
; Z already at 84.000mm, above safe threshold of 10.000mm, no need to raise
; === END STOP BRUSH SEQUENCE ===
; === PATH END ===


; Path 33/49 (id: path33)
; WIDTH: requested=117.176mm, actual=1863.507mm, compensation=0.800
; Z HEIGHT: 84.000mm (min=4.0, max=84.0)
; PAINT FLOW: 0.500 (baseline=0.1, max=0.5)
; PAINT FLOW COMPONENTS: base=0.100, width=0.300, opacity=0.100
; FEEDRATE: 475.6 mm/min (z_factor=0.0259, speed_factor=0.765)
; WARNING: Requested stroke width 117.2mm exceeds machine capability.
; H.Airbrush cannot draw strokes wider than 6.6mm at 1mm/s minimum speed.
; Stroke width has been reduced to 6.6mm.
; ===== STROKE PARAMETERS =====
; Color: black
; Width: 117.18mm
; Opacity: 0.25
; Brush: brush_a (index 0)
T0 ; Select Brush A (Black)
; ===== AIRBRUSH SETTINGS =====
; Z-height: 84.00mm
; Paint flow: 0.50
; Feedrate: 475.6mm/min (includes Z scaling)
; Using brush: brush_a (tool 0)
; Path with Brush A (black) at Z=84.000mm
; Using: Air=P2, Flow=A axis
; Drawing Z height: 84.000mm, Travel Z height: 10.000mm
; Machine Z range: 0-84mm (Safe range: 5-80mm)
; === START BRUSH SEQUENCE ===
; START BRUSH A
; Z already at 84.000mm, above safe threshold of 10.000mm, no need to raise
T0 ; Select Tool 0 (Brush A)
G4 P500 ; Wait for tool change to complete
; === END BRUSH SEQUENCE ===
; Coordinate transform: (1873.24,858.70) -> (676.39,394.64)
G0 X676.394 Y394.640 F24000
M400 ; Wait for XY movement to complete
G1 Z84.000 F1200
M400 ; Wait for Z movement to complete
; === ACTIVATE BRUSH AT POSITION ===
; AIR ON FIRST - Important to prevent dripping
M106 P2 S1 ; Brush A air on
; PAINT ON AFTER AIR
G4 P50 ; Short delay before stepper command
G1 U2.400 F200.0 ; Set Brush A flow to 2.400mm
M400 ; Wait for stepper motion to complete
; === BRUSH ACTIVATED ===
G1 F475.56460435427675
; Coordinate transform: (1870.40,858.99) -> (675.33,394.53)
G1 X675.334 Y394.533
; Coordinate transform: (1866.80,859.55) -> (673.99,394.32)
G1 X673.992 Y394.324
; Coordinate transform: (1862.98,860.39) -> (672.57,394.01)
G1 X672.567 Y394.011
; Coordinate transform: (1859.50,861.51) -> (671.27,393.59)
G1 X671.269 Y393.594
; Coordinate transform: (1856.69,862.88) -> (670.22,393.08)
G1 X670.221 Y393.082
; Coordinate transform: (1854.53,864.45) -> (669.42,392.50)
G1 X669.416 Y392.498
; Coordinate transform: (1852.96,866.16) -> (668.83,391.86)
G1 X668.830 Y391.858
; Coordinate transform: (1851.94,867.98) -> (668.45,391.18)
G1 X668.450 Y391.180
; Coordinate transform: (1851.44,869.86) -> (668.26,390.48)
G1 X668.263 Y390.478
; Coordinate transform: (1851.42,871.78) -> (668.26,389.76)
G1 X668.256 Y389.764
; Coordinate transform: (1851.88,873.70) -> (668.43,389.05)
G1 X668.427 Y389.046
; Coordinate transform: (1852.78,875.62) -> (668.76,388.33)
G1 X668.763 Y388.331
; Coordinate transform: (1854.14,877.53) -> (669.27,387.62)
G1 X669.270 Y387.619
; Coordinate transform: (1855.95,879.43) -> (669.95,386.91)
G1 X669.945 Y386.910
; Coordinate transform: (1858.23,881.34) -> (670.80,386.20)
G1 X670.795 Y386.197
; Coordinate transform: (1860.99,883.30) -> (671.82,385.47)
G1 X671.825 Y385.468
; Coordinate transform: (1864.16,885.32) -> (673.01,384.71)
G1 X673.007 Y384.713
; Coordinate transform: (1867.35,887.43) -> (674.20,383.93)
G1 X674.197 Y383.927
; Coordinate transform: (1870.23,889.63) -> (675.27,383.11)
G1 X675.271 Y383.106
; Coordinate transform: (1872.46,891.95) -> (676.10,382.24)
G1 X676.103 Y382.242
; Coordinate transform: (1873.84,894.42) -> (676.62,381.32)
G1 X676.617 Y381.321
; Coordinate transform: (1874.24,897.11) -> (676.77,380.32)
G1 X676.766 Y380.319
; Coordinate transform: (1873.63,900.10) -> (676.54,379.20)
G1 X676.539 Y379.202
; Coordinate transform: (1872.07,903.51) -> (675.96,377.93)
G1 X675.957 Y377.928
; Coordinate transform: (1869.72,907.50) -> (675.08,376.44)
G1 X675.081 Y376.440
; Coordinate transform: (1866.79,912.27) -> (673.99,374.66)
G1 X673.988 Y374.662
; Coordinate transform: (1863.54,918.01) -> (672.78,372.52)
G1 X672.776 Y372.520
; Coordinate transform: (1860.28,924.98) -> (671.56,369.92)
G1 X671.560 Y369.922
; Coordinate transform: (1857.29,933.42) -> (670.44,366.77)
G1 X670.445 Y366.774
; Coordinate transform: (1854.59,943.43) -> (669.44,363.04)
G1 X669.438 Y363.040
; Coordinate transform: (1852.20,954.98) -> (668.55,358.73)
G1 X668.547 Y358.733
; Coordinate transform: (1850.19,967.89) -> (667.80,353.92)
G1 X667.797 Y353.918
; Coordinate transform: (1848.54,981.75) -> (667.18,348.75)
G1 X667.182 Y348.749
; Coordinate transform: (1847.14,995.92) -> (666.66,343.46)
G1 X666.659 Y343.464
; Coordinate transform: (1845.77,1009.69) -> (666.15,338.33)
G1 X666.148 Y338.330
; Coordinate transform: (1844.27,1022.43) -> (665.59,333.58)
G1 X665.589 Y333.578
; Coordinate transform: (1842.59,1033.74) -> (664.96,329.36)
G1 X664.963 Y329.360
; Coordinate transform: (1840.75,1043.46) -> (664.28,325.74)
G1 X664.276 Y325.735
; Coordinate transform: (1838.82,1051.60) -> (663.56,322.70)
G1 X663.556 Y322.699
; Coordinate transform: (1836.88,1058.33) -> (662.83,320.19)
G1 X662.833 Y320.189
; Coordinate transform: (1834.97,1063.89) -> (662.12,318.12)
G1 X662.121 Y318.116
; Coordinate transform: (1833.17,1068.52) -> (661.45,316.39)
G1 X661.449 Y316.389
; Coordinate transform: (1831.51,1072.44) -> (660.83,314.93)
G1 X660.830 Y314.927
; Coordinate transform: (1830.02,1075.88) -> (660.27,313.64)
G1 X660.274 Y313.644
M400 ; Wait for drawing to complete
; === STOP BRUSH SEQUENCE ===
; STOP BRUSH A
G4 P50 ; Short delay before stepper command
G1 U0.000 F200.0 ; Close Brush A flow
M400 ; Wait for stepper motion to complete
M106 P2 S0 ; Brush A air off
; Z already at 84.000mm, above safe threshold of 10.000mm, no need to raise
; === END STOP BRUSH SEQUENCE ===
; === PATH END ===


; Path 34/49 (id: path34)
; WIDTH: requested=117.176mm, actual=1863.507mm, compensation=0.800
; Z HEIGHT: 84.000mm (min=4.0, max=84.0)
; PAINT FLOW: 0.500 (baseline=0.1, max=0.5)
; PAINT FLOW COMPONENTS: base=0.100, width=0.300, opacity=0.100
; FEEDRATE: 475.6 mm/min (z_factor=0.0259, speed_factor=0.765)
; WARNING: Requested stroke width 117.2mm exceeds machine capability.
; H.Airbrush cannot draw strokes wider than 6.6mm at 1mm/s minimum speed.
; Stroke width has been reduced to 6.6mm.
; ===== STROKE PARAMETERS =====
; Color: black
; Width: 117.18mm
; Opacity: 0.25
; Brush: brush_a (index 0)
T0 ; Select Brush A (Black)
; ===== AIRBRUSH SETTINGS =====
; Z-height: 84.00mm
; Paint flow: 0.50
; Feedrate: 475.6mm/min (includes Z scaling)
; Using brush: brush_a (tool 0)
; Path with Brush A (black) at Z=84.000mm
; Using: Air=P2, Flow=A axis
; Drawing Z height: 84.000mm, Travel Z height: 10.000mm
; Machine Z range: 0-84mm (Safe range: 5-80mm)
; === START BRUSH SEQUENCE ===
; START BRUSH A
; Z already at 84.000mm, above safe threshold of 10.000mm, no need to raise
T0 ; Select Tool 0 (Brush A)
G4 P500 ; Wait for tool change to complete
; === END BRUSH SEQUENCE ===
; Coordinate transform: (611.04,1212.28) -> (205.65,262.77)
G0 X205.652 Y262.773 F24000
M400 ; Wait for XY movement to complete
G1 Z84.000 F1200
M400 ; Wait for Z movement to complete
; === ACTIVATE BRUSH AT POSITION ===
; AIR ON FIRST - Important to prevent dripping
M106 P2 S1 ; Brush A air on
; PAINT ON AFTER AIR
G4 P50 ; Short delay before stepper command
G1 U2.400 F200.0 ; Set Brush A flow to 2.400mm
M400 ; Wait for stepper motion to complete
; === BRUSH ACTIVATED ===
G1 F475.56460435427675
; Coordinate transform: (610.12,1212.74) -> (205.31,262.60)
G1 X205.309 Y262.602
; Coordinate transform: (608.82,1213.41) -> (204.83,262.35)
G1 X204.825 Y262.352
; Coordinate transform: (607.23,1214.25) -> (204.23,262.04)
G1 X204.231 Y262.038
; Coordinate transform: (605.42,1215.24) -> (203.56,261.67)
G1 X203.555 Y261.669
; Coordinate transform: (603.47,1216.34) -> (202.83,261.26)
G1 X202.828 Y261.259
; Coordinate transform: (601.45,1217.53) -> (202.08,260.82)
G1 X202.077 Y260.815
; Coordinate transform: (599.42,1218.79) -> (201.32,260.35)
G1 X201.319 Y260.345
; Coordinate transform: (597.40,1220.15) -> (200.56,259.84)
G1 X200.564 Y259.838
; Coordinate transform: (595.44,1221.62) -> (199.83,259.29)
G1 X199.834 Y259.290
; Coordinate transform: (593.66,1223.18) -> (199.17,258.71)
G1 X199.169 Y258.708
; Coordinate transform: (592.11,1224.77) -> (198.59,258.11)
G1 X198.593 Y258.115
; Coordinate transform: (590.81,1226.36) -> (198.11,257.52)
G1 X198.109 Y257.522
; Coordinate transform: (589.75,1227.93) -> (197.71,256.94)
G1 X197.713 Y256.936
; Coordinate transform: (588.91,1229.49) -> (197.40,256.35)
G1 X197.399 Y256.355
; Coordinate transform: (588.27,1231.06) -> (197.16,255.77)
G1 X197.161 Y255.769
; Coordinate transform: (587.82,1232.66) -> (196.99,255.17)
G1 X196.992 Y255.172
; Coordinate transform: (587.54,1234.27) -> (196.89,254.57)
G1 X196.889 Y254.572
; Coordinate transform: (587.42,1235.91) -> (196.85,253.96)
G1 X196.845 Y253.960
; Coordinate transform: (587.45,1237.60) -> (196.86,253.33)
G1 X196.856 Y253.330
; Coordinate transform: (587.61,1239.32) -> (196.91,252.69)
G1 X196.914 Y252.688
; Coordinate transform: (587.88,1241.10) -> (197.02,252.02)
G1 X197.016 Y252.025
; Coordinate transform: (588.29,1242.97) -> (197.17,251.33)
G1 X197.169 Y251.327
; Coordinate transform: (588.86,1244.98) -> (197.38,250.58)
G1 X197.382 Y250.578
; Coordinate transform: (589.63,1247.18) -> (197.67,249.76)
G1 X197.669 Y249.757
; Coordinate transform: (590.63,1249.58) -> (198.04,248.86)
G1 X198.041 Y248.862
; Coordinate transform: (591.89,1252.19) -> (198.51,247.89)
G1 X198.512 Y247.889
; Coordinate transform: (593.47,1255.03) -> (199.10,246.83)
G1 X199.101 Y246.829
; Coordinate transform: (595.44,1258.12) -> (199.83,245.68)
G1 X199.835 Y245.677
; Coordinate transform: (597.88,1261.50) -> (200.75,244.42)
G1 X200.745 Y244.416
; Coordinate transform: (600.88,1265.19) -> (201.86,243.04)
G1 X201.865 Y243.040
; Coordinate transform: (604.51,1269.18) -> (203.22,241.55)
G1 X203.218 Y241.552
; Coordinate transform: (608.74,1273.43) -> (204.79,239.97)
G1 X204.794 Y239.967
; Coordinate transform: (613.55,1277.87) -> (206.59,238.31)
G1 X206.591 Y238.311
; Coordinate transform: (618.93,1282.48) -> (208.60,236.59)
G1 X208.596 Y236.592
; Coordinate transform: (624.69,1287.19) -> (210.74,234.84)
G1 X210.743 Y234.835
; Coordinate transform: (630.60,1291.95) -> (212.95,233.06)
G1 X212.946 Y233.060
M400 ; Wait for drawing to complete
; === STOP BRUSH SEQUENCE ===
; STOP BRUSH A
G4 P50 ; Short delay before stepper command
G1 U0.000 F200.0 ; Close Brush A flow
M400 ; Wait for stepper motion to complete
M106 P2 S0 ; Brush A air off
; Z already at 84.000mm, above safe threshold of 10.000mm, no need to raise
; === END STOP BRUSH SEQUENCE ===
; === PATH END ===


; Path 35/49 (id: path35)
; WIDTH: requested=117.176mm, actual=1863.507mm, compensation=0.800
; Z HEIGHT: 84.000mm (min=4.0, max=84.0)
; PAINT FLOW: 0.500 (baseline=0.1, max=0.5)
; PAINT FLOW COMPONENTS: base=0.100, width=0.300, opacity=0.100
; FEEDRATE: 475.6 mm/min (z_factor=0.0259, speed_factor=0.765)
; WARNING: Requested stroke width 117.2mm exceeds machine capability.
; H.Airbrush cannot draw strokes wider than 6.6mm at 1mm/s minimum speed.
; Stroke width has been reduced to 6.6mm.
; ===== STROKE PARAMETERS =====
; Color: black
; Width: 117.18mm
; Opacity: 0.25
; Brush: brush_a (index 0)
T0 ; Select Brush A (Black)
; ===== AIRBRUSH SETTINGS =====
; Z-height: 84.00mm
; Paint flow: 0.50
; Feedrate: 475.6mm/min (includes Z scaling)
; Using brush: brush_a (tool 0)
; Path with Brush A (black) at Z=84.000mm
; Using: Air=P2, Flow=A axis
; Drawing Z height: 84.000mm, Travel Z height: 10.000mm
; Machine Z range: 0-84mm (Safe range: 5-80mm)
; === START BRUSH SEQUENCE ===
; START BRUSH A
; Z already at 84.000mm, above safe threshold of 10.000mm, no need to raise
T0 ; Select Tool 0 (Brush A)
G4 P500 ; Wait for tool change to complete
; === END BRUSH SEQUENCE ===
; Coordinate transform: (1304.59,1752.82) -> (464.31,61.18)
G0 X464.314 Y61.177 F24000
M400 ; Wait for XY movement to complete
G1 Z84.000 F1200
M400 ; Wait for Z movement to complete
; === ACTIVATE BRUSH AT POSITION ===
; AIR ON FIRST - Important to prevent dripping
M106 P2 S1 ; Brush A air on
; PAINT ON AFTER AIR
G4 P50 ; Short delay before stepper command
G1 U2.400 F200.0 ; Set Brush A flow to 2.400mm
M400 ; Wait for stepper motion to complete
; === BRUSH ACTIVATED ===
G1 F475.56460435427675
; Coordinate transform: (1306.29,1754.12) -> (464.95,60.69)
G1 X464.948 Y60.692
; Coordinate transform: (1308.42,1755.84) -> (465.74,60.05)
G1 X465.742 Y60.051
; Coordinate transform: (1310.70,1757.77) -> (466.59,59.33)
G1 X466.593 Y59.331
; Coordinate transform: (1312.86,1759.79) -> (467.40,58.58)
G1 X467.398 Y58.578
; Coordinate transform: (1314.74,1761.76) -> (468.10,57.84)
G1 X468.099 Y57.843
; Coordinate transform: (1316.25,1763.64) -> (468.66,57.14)
G1 X468.663 Y57.142
; Coordinate transform: (1317.34,1765.43) -> (469.07,56.47)
G1 X469.069 Y56.474
; Coordinate transform: (1317.99,1767.13) -> (469.31,55.84)
G1 X469.311 Y55.840
; Coordinate transform: (1318.20,1768.76) -> (469.39,55.23)
G1 X469.390 Y55.232
; Coordinate transform: (1318.00,1770.37) -> (469.32,54.63)
G1 X469.315 Y54.632
; Coordinate transform: (1317.43,1771.97) -> (469.10,54.04)
G1 X469.103 Y54.035
; Coordinate transform: (1316.53,1773.61) -> (468.77,53.42)
G1 X468.767 Y53.424
; Coordinate transform: (1315.33,1775.32) -> (468.32,52.79)
G1 X468.319 Y52.786
; Coordinate transform: (1313.89,1777.15) -> (467.78,52.10)
G1 X467.782 Y52.103
; Coordinate transform: (1312.23,1779.16) -> (467.16,51.35)
G1 X467.163 Y51.354
; Coordinate transform: (1310.40,1781.40) -> (466.48,50.52)
G1 X466.481 Y50.518
; Coordinate transform: (1308.40,1783.96) -> (465.73,49.56)
G1 X465.735 Y49.563
; Coordinate transform: (1306.26,1786.92) -> (464.94,48.46)
G1 X464.937 Y48.460
; Coordinate transform: (1303.97,1790.41) -> (464.08,47.16)
G1 X464.083 Y47.158
; Coordinate transform: (1301.54,1794.56) -> (463.18,45.61)
G1 X463.176 Y45.610
; Coordinate transform: (1299.01,1799.52) -> (462.23,43.76)
G1 X462.233 Y43.760
; Coordinate transform: (1296.40,1805.49) -> (461.26,41.53)
G1 X461.259 Y41.534
; Coordinate transform: (1293.75,1812.63) -> (460.27,38.87)
G1 X460.271 Y38.871
; Coordinate transform: (1291.14,1821.11) -> (459.30,35.71)
G1 X459.298 Y35.708
; Coordinate transform: (1288.65,1831.00) -> (458.37,32.02)
G1 X458.369 Y32.020
; Coordinate transform: (1286.40,1842.35) -> (457.53,27.79)
G1 X457.530 Y27.787
; Coordinate transform: (1284.45,1854.94) -> (456.80,23.09)
G1 X456.803 Y23.091
; Coordinate transform: (1282.81,1868.15) -> (456.19,18.16)
G1 X456.191 Y18.165
; Coordinate transform: (1281.36,1880.23) -> (455.65,13.66)
G1 X455.650 Y13.659
; Coordinate transform: (1280.03,1889.19) -> (455.15,10.32)
G1 X455.154 Y10.318
; Coordinate transform: (1278.80,1894.77) -> (454.70,8.24)
G1 X454.695 Y8.237
; Coordinate transform: (1277.69,1897.15) -> (454.28,7.35)
G1 X454.281 Y7.349
M400 ; Wait for drawing to complete
; === STOP BRUSH SEQUENCE ===
; STOP BRUSH A
G4 P50 ; Short delay before stepper command
G1 U0.000 F200.0 ; Close Brush A flow
M400 ; Wait for stepper motion to complete
M106 P2 S0 ; Brush A air off
; Z already at 84.000mm, above safe threshold of 10.000mm, no need to raise
; === END STOP BRUSH SEQUENCE ===
; === PATH END ===


; Path 36/49 (id: path36)
; WIDTH: requested=117.176mm, actual=1863.507mm, compensation=0.800
; Z HEIGHT: 84.000mm (min=4.0, max=84.0)
; PAINT FLOW: 0.500 (baseline=0.1, max=0.5)
; PAINT FLOW COMPONENTS: base=0.100, width=0.300, opacity=0.100
; FEEDRATE: 475.6 mm/min (z_factor=0.0259, speed_factor=0.765)
; WARNING: Requested stroke width 117.2mm exceeds machine capability.
; H.Airbrush cannot draw strokes wider than 6.6mm at 1mm/s minimum speed.
; Stroke width has been reduced to 6.6mm.
; ===== STROKE PARAMETERS =====
; Color: black
; Width: 117.18mm
; Opacity: 0.25
; Brush: brush_a (index 0)
T0 ; Select Brush A (Black)
; ===== AIRBRUSH SETTINGS =====
; Z-height: 84.00mm
; Paint flow: 0.50
; Feedrate: 475.6mm/min (includes Z scaling)
; Using brush: brush_a (tool 0)
; Path with Brush A (black) at Z=84.000mm
; Using: Air=P2, Flow=A axis
; Drawing Z height: 84.000mm, Travel Z height: 10.000mm
; Machine Z range: 0-84mm (Safe range: 5-80mm)
; === START BRUSH SEQUENCE ===
; START BRUSH A
; Z already at 84.000mm, above safe threshold of 10.000mm, no need to raise
T0 ; Select Tool 0 (Brush A)
G4 P500 ; Wait for tool change to complete
; === END BRUSH SEQUENCE ===
; Coordinate transform: (1171.78,117.97) -> (414.78,670.90)
G0 X414.782 Y670.898 F24000
M400 ; Wait for XY movement to complete
G1 Z84.000 F1200
M400 ; Wait for Z movement to complete
; === ACTIVATE BRUSH AT POSITION ===
; AIR ON FIRST - Important to prevent dripping
M106 P2 S1 ; Brush A air on
; PAINT ON AFTER AIR
G4 P50 ; Short delay before stepper command
G1 U2.400 F200.0 ; Set Brush A flow to 2.400mm
M400 ; Wait for stepper motion to complete
; === BRUSH ACTIVATED ===
G1 F475.56460435427675
; Coordinate transform: (1171.97,119.40) -> (414.85,670.36)
G1 X414.853 Y670.364
; Coordinate transform: (1172.31,121.26) -> (414.98,669.67)
G1 X414.980 Y669.672
; Coordinate transform: (1172.82,123.31) -> (415.17,668.91)
G1 X415.170 Y668.909
; Coordinate transform: (1173.49,125.29) -> (415.42,668.17)
G1 X415.420 Y668.169
; Coordinate transform: (1174.34,127.00) -> (415.74,667.53)
G1 X415.737 Y667.531
; Coordinate transform: (1175.37,128.28) -> (416.12,667.06)
G1 X416.121 Y667.055
; Coordinate transform: (1176.58,129.01) -> (416.57,666.78)
G1 X416.572 Y666.782
; Coordinate transform: (1178.01,129.16) -> (417.11,666.73)
G1 X417.106 Y666.726
; Coordinate transform: (1179.64,128.76) -> (417.71,666.88)
G1 X417.713 Y666.876
; Coordinate transform: (1181.53,127.87) -> (418.42,667.21)
G1 X418.418 Y667.206
; Coordinate transform: (1183.69,126.63) -> (419.22,667.67)
G1 X419.224 Y667.670
; Coordinate transform: (1186.18,125.17) -> (420.15,668.22)
G1 X420.153 Y668.216
; Coordinate transform: (1189.05,123.64) -> (421.22,668.79)
G1 X421.223 Y668.786
; Coordinate transform: (1192.33,122.19) -> (422.45,669.33)
G1 X422.446 Y669.325
; Coordinate transform: (1196.09,120.96) -> (423.85,669.79)
G1 X423.849 Y669.785
; Coordinate transform: (1200.41,120.04) -> (425.46,670.13)
G1 X425.460 Y670.126
; Coordinate transform: (1205.42,119.53) -> (427.33,670.32)
G1 X427.328 Y670.316
; Coordinate transform: (1211.14,119.47) -> (429.46,670.34)
G1 X429.461 Y670.338
; Coordinate transform: (1217.62,119.88) -> (431.88,670.19)
G1 X431.878 Y670.186
; Coordinate transform: (1224.85,120.75) -> (434.57,669.86)
G1 X434.575 Y669.864
; Coordinate transform: (1232.75,122.02) -> (437.52,669.39)
G1 X437.521 Y669.390
; Coordinate transform: (1241.21,123.62) -> (440.68,668.79)
G1 X440.676 Y668.790
; Coordinate transform: (1250.09,125.48) -> (443.99,668.10)
G1 X443.988 Y668.099
; Coordinate transform: (1259.16,127.44) -> (447.37,667.37)
G1 X447.371 Y667.366
; Coordinate transform: (1268.14,129.35) -> (450.72,666.65)
G1 X450.720 Y666.655
; Coordinate transform: (1276.75,130.99) -> (453.93,666.04)
G1 X453.931 Y666.042
; Coordinate transform: (1284.76,132.19) -> (456.92,665.60)
G1 X456.918 Y665.596
; Coordinate transform: (1292.07,132.85) -> (459.64,665.35)
G1 X459.645 Y665.351
; Coordinate transform: (1298.66,132.96) -> (462.10,665.31)
G1 X462.102 Y665.310
; Coordinate transform: (1304.55,132.51) -> (464.30,665.48)
G1 X464.299 Y665.477
; Coordinate transform: (1309.82,131.49) -> (466.26,665.86)
G1 X466.264 Y665.859
; Coordinate transform: (1314.56,129.91) -> (468.03,666.44)
G1 X468.032 Y666.445
; Coordinate transform: (1318.87,127.91) -> (469.64,667.19)
G1 X469.640 Y667.192
; Coordinate transform: (1322.86,125.63) -> (471.13,668.04)
G1 X471.128 Y668.041
; Coordinate transform: (1326.60,123.24) -> (472.52,668.93)
G1 X472.523 Y668.933
; Coordinate transform: (1330.16,120.79) -> (473.85,669.85)
G1 X473.850 Y669.848
; Coordinate transform: (1333.65,118.60) -> (475.15,670.66)
G1 X475.152 Y670.664
M400 ; Wait for drawing to complete
; === STOP BRUSH SEQUENCE ===
; STOP BRUSH A
G4 P50 ; Short delay before stepper command
G1 U0.000 F200.0 ; Close Brush A flow
M400 ; Wait for stepper motion to complete
M106 P2 S0 ; Brush A air off
; Z already at 84.000mm, above safe threshold of 10.000mm, no need to raise
; === END STOP BRUSH SEQUENCE ===
; === PATH END ===


; Path 37/49 (id: path37)
; WIDTH: requested=117.176mm, actual=1863.507mm, compensation=0.800
; Z HEIGHT: 84.000mm (min=4.0, max=84.0)
; PAINT FLOW: 0.500 (baseline=0.1, max=0.5)
; PAINT FLOW COMPONENTS: base=0.100, width=0.300, opacity=0.100
; FEEDRATE: 475.6 mm/min (z_factor=0.0259, speed_factor=0.765)
; WARNING: Requested stroke width 117.2mm exceeds machine capability.
; H.Airbrush cannot draw strokes wider than 6.6mm at 1mm/s minimum speed.
; Stroke width has been reduced to 6.6mm.
; ===== STROKE PARAMETERS =====
; Color: black
; Width: 117.18mm
; Opacity: 0.25
; Brush: brush_a (index 0)
T0 ; Select Brush A (Black)
; ===== AIRBRUSH SETTINGS =====
; Z-height: 84.00mm
; Paint flow: 0.50
; Feedrate: 475.6mm/min (includes Z scaling)
; Using brush: brush_a (tool 0)
; Path with Brush A (black) at Z=84.000mm
; Using: Air=P2, Flow=A axis
; Drawing Z height: 84.000mm, Travel Z height: 10.000mm
; Machine Z range: 0-84mm (Safe range: 5-80mm)
; === START BRUSH SEQUENCE ===
; START BRUSH A
; Z already at 84.000mm, above safe threshold of 10.000mm, no need to raise
T0 ; Select Tool 0 (Brush A)
G4 P500 ; Wait for tool change to complete
; === END BRUSH SEQUENCE ===
; Coordinate transform: (1714.02,1495.86) -> (617.01,157.01)
G0 X617.012 Y157.011 F24000
M400 ; Wait for XY movement to complete
G1 Z84.000 F1200
M400 ; Wait for Z movement to complete
; === ACTIVATE BRUSH AT POSITION ===
; AIR ON FIRST - Important to prevent dripping
M106 P2 S1 ; Brush A air on
; PAINT ON AFTER AIR
G4 P50 ; Short delay before stepper command
G1 U2.400 F200.0 ; Set Brush A flow to 2.400mm
M400 ; Wait for stepper motion to complete
; === BRUSH ACTIVATED ===
G1 F475.56460435427675
; Coordinate transform: (1714.77,1495.98) -> (617.29,156.97)
G1 X617.292 Y156.966
; Coordinate transform: (1715.92,1496.19) -> (617.72,156.89)
G1 X617.721 Y156.888
; Coordinate transform: (1717.38,1496.48) -> (618.27,156.78)
G1 X618.265 Y156.780
; Coordinate transform: (1719.12,1496.87) -> (618.91,156.63)
G1 X618.914 Y156.635
; Coordinate transform: (1721.06,1497.37) -> (619.64,156.45)
G1 X619.638 Y156.448
; Coordinate transform: (1723.16,1497.96) -> (620.42,156.23)
G1 X620.421 Y156.228
; Coordinate transform: (1725.35,1498.67) -> (621.24,155.96)
G1 X621.238 Y155.963
; Coordinate transform: (1727.62,1499.50) -> (622.08,155.65)
G1 X622.084 Y155.654
; Coordinate transform: (1729.93,1500.47) -> (622.95,155.29)
G1 X622.946 Y155.292
; Coordinate transform: (1732.23,1501.60) -> (623.80,154.87)
G1 X623.803 Y154.870
; Coordinate transform: (1734.48,1502.89) -> (624.64,154.39)
G1 X624.643 Y154.389
; Coordinate transform: (1736.66,1504.37) -> (625.46,153.84)
G1 X625.456 Y153.837
; Coordinate transform: (1738.74,1506.09) -> (626.23,153.20)
G1 X626.231 Y153.196
; Coordinate transform: (1740.70,1508.07) -> (626.96,152.46)
G1 X626.962 Y152.457
; Coordinate transform: (1742.54,1510.39) -> (627.65,151.59)
G1 X627.649 Y151.592
; Coordinate transform: (1744.25,1513.10) -> (628.29,150.58)
G1 X628.286 Y150.581
; Coordinate transform: (1745.79,1516.28) -> (628.86,149.40)
G1 X628.861 Y149.395
; Coordinate transform: (1747.15,1520.06) -> (629.37,147.99)
G1 X629.368 Y147.986
; Coordinate transform: (1748.29,1524.57) -> (629.79,146.30)
G1 X629.793 Y146.304
; Coordinate transform: (1749.19,1529.99) -> (630.13,144.28)
G1 X630.129 Y144.282
; Coordinate transform: (1749.84,1536.44) -> (630.37,141.88)
G1 X630.371 Y141.877
; Coordinate transform: (1750.19,1544.11) -> (630.50,139.02)
G1 X630.502 Y139.016
; Coordinate transform: (1750.20,1553.04) -> (630.51,135.69)
G1 X630.505 Y135.686
; Coordinate transform: (1749.81,1563.28) -> (630.36,131.87)
G1 X630.360 Y131.867
; Coordinate transform: (1748.96,1574.55) -> (630.04,127.66)
G1 X630.043 Y127.664
; Coordinate transform: (1747.58,1586.47) -> (629.53,123.22)
G1 X629.528 Y123.218
; Coordinate transform: (1745.62,1598.60) -> (628.80,118.69)
G1 X628.797 Y118.694
; Coordinate transform: (1743.04,1610.52) -> (627.84,114.25)
G1 X627.835 Y114.248
; Coordinate transform: (1739.81,1622.01) -> (626.63,109.96)
G1 X626.630 Y109.963
; Coordinate transform: (1735.92,1633.00) -> (625.18,105.86)
G1 X625.180 Y105.864
; Coordinate transform: (1731.32,1643.51) -> (623.46,101.94)
G1 X623.464 Y101.945
; Coordinate transform: (1725.92,1653.56) -> (621.45,98.20)
G1 X621.450 Y98.197
; Coordinate transform: (1719.65,1663.14) -> (619.11,94.62)
G1 X619.112 Y94.624
; Coordinate transform: (1712.50,1672.19) -> (616.45,91.25)
G1 X616.445 Y91.248
; Coordinate transform: (1704.54,1680.62) -> (613.48,88.10)
G1 X613.476 Y88.104
; Coordinate transform: (1696.04,1688.33) -> (610.31,85.23)
G1 X610.306 Y85.229
; Coordinate transform: (1687.35,1695.18) -> (607.07,82.67)
G1 X607.065 Y82.674
; Coordinate transform: (1678.92,1701.05) -> (603.92,80.49)
G1 X603.921 Y80.485
; Coordinate transform: (1671.14,1705.82) -> (601.02,78.71)
G1 X601.020 Y78.706
; Coordinate transform: (1664.35,1709.48) -> (598.49,77.34)
G1 X598.487 Y77.341
; Coordinate transform: (1658.75,1712.08) -> (596.40,76.37)
G1 X596.399 Y76.371
; Coordinate transform: (1654.46,1713.67) -> (594.80,75.78)
G1 X594.799 Y75.778
; Coordinate transform: (1651.47,1714.28) -> (593.68,75.55)
G1 X593.684 Y75.551
; Coordinate transform: (1649.72,1713.97) -> (593.03,75.67)
G1 X593.031 Y75.666
; Coordinate transform: (1649.14,1712.74) -> (592.81,76.13)
G1 X592.815 Y76.125
; Coordinate transform: (1649.65,1710.57) -> (593.01,76.93)
G1 X593.005 Y76.934
; Coordinate transform: (1651.18,1707.38) -> (593.58,78.12)
G1 X593.576 Y78.124
M400 ; Wait for drawing to complete
; === STOP BRUSH SEQUENCE ===
; STOP BRUSH A
G4 P50 ; Short delay before stepper command
G1 U0.000 F200.0 ; Close Brush A flow
M400 ; Wait for stepper motion to complete
M106 P2 S0 ; Brush A air off
; Z already at 84.000mm, above safe threshold of 10.000mm, no need to raise
; === END STOP BRUSH SEQUENCE ===
; === PATH END ===


; Path 38/49 (id: path38)
; WIDTH: requested=117.176mm, actual=1863.507mm, compensation=0.800
; Z HEIGHT: 84.000mm (min=4.0, max=84.0)
; PAINT FLOW: 0.500 (baseline=0.1, max=0.5)
; PAINT FLOW COMPONENTS: base=0.100, width=0.300, opacity=0.100
; FEEDRATE: 475.6 mm/min (z_factor=0.0259, speed_factor=0.765)
; WARNING: Requested stroke width 117.2mm exceeds machine capability.
; H.Airbrush cannot draw strokes wider than 6.6mm at 1mm/s minimum speed.
; Stroke width has been reduced to 6.6mm.
; ===== STROKE PARAMETERS =====
; Color: black
; Width: 117.18mm
; Opacity: 0.25
; Brush: brush_a (index 0)
T0 ; Select Brush A (Black)
; ===== AIRBRUSH SETTINGS =====
; Z-height: 84.00mm
; Paint flow: 0.50
; Feedrate: 475.6mm/min (includes Z scaling)
; Using brush: brush_a (tool 0)
; Path with Brush A (black) at Z=84.000mm
; Using: Air=P2, Flow=A axis
; Drawing Z height: 84.000mm, Travel Z height: 10.000mm
; Machine Z range: 0-84mm (Safe range: 5-80mm)
; === START BRUSH SEQUENCE ===
; START BRUSH A
; Z already at 84.000mm, above safe threshold of 10.000mm, no need to raise
T0 ; Select Tool 0 (Brush A)
G4 P500 ; Wait for tool change to complete
; === END BRUSH SEQUENCE ===
; Coordinate transform: (1122.22,258.30) -> (396.30,618.56)
G0 X396.299 Y618.564 F24000
M400 ; Wait for XY movement to complete
G1 Z84.000 F1200
M400 ; Wait for Z movement to complete
; === ACTIVATE BRUSH AT POSITION ===
; AIR ON FIRST - Important to prevent dripping
M106 P2 S1 ; Brush A air on
; PAINT ON AFTER AIR
G4 P50 ; Short delay before stepper command
G1 U2.400 F200.0 ; Set Brush A flow to 2.400mm
M400 ; Wait for stepper motion to complete
; === BRUSH ACTIVATED ===
G1 F475.56460435427675
; Coordinate transform: (1122.34,258.65) -> (396.34,618.43)
G1 X396.343 Y618.432
; Coordinate transform: (1122.69,259.19) -> (396.47,618.23)
G1 X396.474 Y618.229
; Coordinate transform: (1123.26,259.91) -> (396.69,617.96)
G1 X396.686 Y617.961
; Coordinate transform: (1124.02,260.78) -> (396.97,617.64)
G1 X396.970 Y617.638
; Coordinate transform: (1124.96,261.77) -> (397.32,617.27)
G1 X397.320 Y617.269
; Coordinate transform: (1126.06,262.87) -> (397.73,616.86)
G1 X397.731 Y616.858
; Coordinate transform: (1127.32,264.06) -> (398.20,616.41)
G1 X398.201 Y616.413
; Coordinate transform: (1128.72,265.33) -> (398.72,615.94)
G1 X398.723 Y615.940
; Coordinate transform: (1130.25,266.68) -> (399.29,615.44)
G1 X399.293 Y615.438
; Coordinate transform: (1131.92,268.11) -> (399.92,614.90)
G1 X399.916 Y614.905
; Coordinate transform: (1133.75,269.62) -> (400.60,614.34)
G1 X400.599 Y614.341
; Coordinate transform: (1135.77,271.23) -> (401.35,613.74)
G1 X401.352 Y613.741
; Coordinate transform: (1138.02,272.94) -> (402.19,613.10)
G1 X402.191 Y613.101
; Coordinate transform: (1140.55,274.78) -> (403.13,612.42)
G1 X403.135 Y612.416
; Coordinate transform: (1143.43,276.75) -> (404.21,611.68)
G1 X404.209 Y611.681
; Coordinate transform: (1146.74,278.87) -> (405.44,610.89)
G1 X405.443 Y610.892
; Coordinate transform: (1150.59,281.16) -> (406.88,610.04)
G1 X406.879 Y610.038
; Coordinate transform: (1155.08,283.63) -> (408.55,609.12)
G1 X408.554 Y609.116
; Coordinate transform: (1160.35,286.26) -> (410.52,608.13)
G1 X410.519 Y608.134
; Coordinate transform: (1166.38,289.00) -> (412.77,607.11)
G1 X412.768 Y607.112
; Coordinate transform: (1173.04,291.74) -> (415.25,606.09)
G1 X415.252 Y606.091
; Coordinate transform: (1180.23,294.31) -> (417.93,605.13)
G1 X417.934 Y605.131
; Coordinate transform: (1187.72,296.63) -> (420.73,604.27)
G1 X420.727 Y604.267
; Coordinate transform: (1195.36,298.60) -> (423.58,603.53)
G1 X423.576 Y603.531
; Coordinate transform: (1203.16,300.20) -> (426.49,602.93)
G1 X426.485 Y602.935
; Coordinate transform: (1211.13,301.41) -> (429.46,602.48)
G1 X429.458 Y602.484
; Coordinate transform: (1219.28,302.25) -> (432.50,602.17)
G1 X432.497 Y602.171
; Coordinate transform: (1227.64,302.78) -> (435.62,601.98)
G1 X435.615 Y601.975
; Coordinate transform: (1236.20,303.09) -> (438.81,601.86)
G1 X438.808 Y601.859
; Coordinate transform: (1244.93,303.30) -> (442.06,601.78)
G1 X442.064 Y601.779
; Coordinate transform: (1253.84,303.53) -> (445.39,601.70)
G1 X445.387 Y601.695
; Coordinate transform: (1262.94,303.82) -> (448.78,601.58)
G1 X448.780 Y601.585
; Coordinate transform: (1272.27,304.23) -> (452.26,601.43)
G1 X452.260 Y601.432
; Coordinate transform: (1281.89,304.75) -> (455.85,601.24)
G1 X455.848 Y601.240
; Coordinate transform: (1291.79,305.38) -> (459.54,601.00)
G1 X459.540 Y601.003
; Coordinate transform: (1301.99,306.18) -> (463.34,600.71)
G1 X463.344 Y600.706
; Coordinate transform: (1312.62,307.21) -> (467.31,600.32)
G1 X467.309 Y600.320
; Coordinate transform: (1323.85,308.52) -> (471.50,599.83)
G1 X471.497 Y599.832
; Coordinate transform: (1335.77,310.06) -> (475.94,599.26)
G1 X475.943 Y599.260
; Coordinate transform: (1348.28,311.66) -> (480.61,598.66)
G1 X480.608 Y598.661
; Coordinate transform: (1361.13,313.13) -> (485.40,598.11)
G1 X485.401 Y598.114
; Coordinate transform: (1373.92,314.27) -> (490.17,597.69)
G1 X490.171 Y597.687
; Coordinate transform: (1386.37,314.89) -> (494.81,597.46)
G1 X494.814 Y597.456
; Coordinate transform: (1398.40,314.83) -> (499.30,597.48)
G1 X499.301 Y597.480
; Coordinate transform: (1410.02,314.01) -> (503.63,597.78)
G1 X503.634 Y597.784
; Coordinate transform: (1421.23,312.48) -> (507.82,598.36)
G1 X507.815 Y598.356
; Coordinate transform: (1431.98,310.31) -> (511.82,599.16)
G1 X511.824 Y599.165
; Coordinate transform: (1441.92,307.66) -> (515.53,600.15)
G1 X515.532 Y600.154
; Coordinate transform: (1450.68,304.68) -> (518.80,601.27)
G1 X518.799 Y601.265
; Coordinate transform: (1457.99,301.43) -> (521.52,602.48)
G1 X521.525 Y602.476
; Coordinate transform: (1463.85,297.91) -> (523.71,603.79)
G1 X523.710 Y603.790
; Coordinate transform: (1468.27,294.02) -> (525.36,605.24)
G1 X525.359 Y605.239
; Coordinate transform: (1471.32,289.63) -> (526.50,606.88)
G1 X526.496 Y606.879
; Coordinate transform: (1473.16,284.52) -> (527.18,608.79)
G1 X527.183 Y608.785
; Coordinate transform: (1473.94,278.43) -> (527.47,611.05)
G1 X527.473 Y611.054
M400 ; Wait for drawing to complete
; === STOP BRUSH SEQUENCE ===
; STOP BRUSH A
G4 P50 ; Short delay before stepper command
G1 U0.000 F200.0 ; Close Brush A flow
M400 ; Wait for stepper motion to complete
M106 P2 S0 ; Brush A air off
; Z already at 84.000mm, above safe threshold of 10.000mm, no need to raise
; === END STOP BRUSH SEQUENCE ===
; === PATH END ===


; Path 39/49 (id: path39)
; WIDTH: requested=117.176mm, actual=1863.507mm, compensation=0.800
; Z HEIGHT: 84.000mm (min=4.0, max=84.0)
; PAINT FLOW: 0.500 (baseline=0.1, max=0.5)
; PAINT FLOW COMPONENTS: base=0.100, width=0.300, opacity=0.100
; FEEDRATE: 475.6 mm/min (z_factor=0.0259, speed_factor=0.765)
; WARNING: Requested stroke width 117.2mm exceeds machine capability.
; H.Airbrush cannot draw strokes wider than 6.6mm at 1mm/s minimum speed.
; Stroke width has been reduced to 6.6mm.
; ===== STROKE PARAMETERS =====
; Color: black
; Width: 117.18mm
; Opacity: 0.25
; Brush: brush_a (index 0)
T0 ; Select Brush A (Black)
; ===== AIRBRUSH SETTINGS =====
; Z-height: 84.00mm
; Paint flow: 0.50
; Feedrate: 475.6mm/min (includes Z scaling)
; Using brush: brush_a (tool 0)
; Path with Brush A (black) at Z=84.000mm
; Using: Air=P2, Flow=A axis
; Drawing Z height: 84.000mm, Travel Z height: 10.000mm
; Machine Z range: 0-84mm (Safe range: 5-80mm)
; === START BRUSH SEQUENCE ===
; START BRUSH A
; Z already at 84.000mm, above safe threshold of 10.000mm, no need to raise
T0 ; Select Tool 0 (Brush A)
G4 P500 ; Wait for tool change to complete
; === END BRUSH SEQUENCE ===
; Coordinate transform: (471.85,571.50) -> (153.74,501.75)
G0 X153.740 Y501.754 F24000
M400 ; Wait for XY movement to complete
G1 Z84.000 F1200
M400 ; Wait for Z movement to complete
; === ACTIVATE BRUSH AT POSITION ===
; AIR ON FIRST - Important to prevent dripping
M106 P2 S1 ; Brush A air on
; PAINT ON AFTER AIR
G4 P50 ; Short delay before stepper command
G1 U2.400 F200.0 ; Set Brush A flow to 2.400mm
M400 ; Wait for stepper motion to complete
; === BRUSH ACTIVATED ===
G1 F475.56460435427675
; Coordinate transform: (470.60,572.03) -> (153.27,501.55)
G1 X153.273 Y501.554
; Coordinate transform: (468.68,572.81) -> (152.56,501.26)
G1 X152.558 Y501.264
; Coordinate transform: (466.18,573.81) -> (151.63,500.89)
G1 X151.626 Y500.891
; Coordinate transform: (463.18,574.99) -> (150.51,500.45)
G1 X150.507 Y500.451
; Coordinate transform: (459.75,576.32) -> (149.23,499.96)
G1 X149.230 Y499.955
; Coordinate transform: (455.98,577.77) -> (147.82,499.42)
G1 X147.824 Y499.417
; Coordinate transform: (451.93,579.29) -> (146.31,498.85)
G1 X146.312 Y498.847
; Coordinate transform: (447.67,580.86) -> (144.72,498.26)
G1 X144.722 Y498.263
; Coordinate transform: (443.27,582.43) -> (143.08,497.68)
G1 X143.083 Y497.676
; Coordinate transform: (438.80,583.98) -> (141.42,497.10)
G1 X141.416 Y497.101
; Coordinate transform: (434.31,585.45) -> (139.74,496.55)
G1 X139.742 Y496.553
; Coordinate transform: (429.89,586.77) -> (138.09,496.06)
G1 X138.091 Y496.060
; Coordinate transform: (425.63,587.85) -> (136.50,495.66)
G1 X136.503 Y495.657
; Coordinate transform: (421.62,588.65) -> (135.01,495.36)
G1 X135.008 Y495.356
; Coordinate transform: (417.96,589.11) -> (133.64,495.19)
G1 X133.642 Y495.186
; Coordinate transform: (414.71,589.14) -> (132.43,495.17)
G1 X132.432 Y495.174
; Coordinate transform: (411.92,588.69) -> (131.39,495.34)
G1 X131.392 Y495.344
; Coordinate transform: (409.59,587.69) -> (130.52,495.72)
G1 X130.520 Y495.717
; Coordinate transform: (407.68,586.09) -> (129.81,496.31)
G1 X129.807 Y496.313
; Coordinate transform: (406.15,583.85) -> (129.24,497.15)
G1 X129.239 Y497.149
; Coordinate transform: (404.96,580.90) -> (128.80,498.25)
G1 X128.795 Y498.248
; Coordinate transform: (404.04,577.19) -> (128.45,499.63)
G1 X128.451 Y499.633
; Coordinate transform: (403.31,572.61) -> (128.18,501.34)
G1 X128.179 Y501.338
; Coordinate transform: (402.68,567.07) -> (127.94,503.41)
G1 X127.943 Y503.406
; Coordinate transform: (402.07,560.47) -> (127.72,505.87)
G1 X127.717 Y505.869
; Coordinate transform: (401.44,552.71) -> (127.48,508.76)
G1 X127.480 Y508.761
; Coordinate transform: (400.72,543.80) -> (127.21,512.08)
G1 X127.213 Y512.084
; Coordinate transform: (399.92,533.83) -> (126.91,515.80)
G1 X126.914 Y515.803
; Coordinate transform: (399.06,523.11) -> (126.59,519.80)
G1 X126.593 Y519.802
; Coordinate transform: (398.18,512.04) -> (126.27,523.93)
G1 X126.265 Y523.930
; Coordinate transform: (397.33,501.13) -> (125.95,528.00)
G1 X125.950 Y527.998
; Coordinate transform: (396.59,490.94) -> (125.67,531.80)
G1 X125.673 Y531.799
; Coordinate transform: (396.00,481.79) -> (125.45,535.21)
G1 X125.452 Y535.212
; Coordinate transform: (395.61,473.90) -> (125.31,538.15)
G1 X125.307 Y538.154
; Coordinate transform: (395.51,467.28) -> (125.27,540.62)
G1 X125.271 Y540.622
; Coordinate transform: (395.79,461.86) -> (125.38,542.64)
G1 X125.375 Y542.645
; Coordinate transform: (396.55,457.44) -> (125.66,544.29)
G1 X125.658 Y544.294
M400 ; Wait for drawing to complete
; === STOP BRUSH SEQUENCE ===
; STOP BRUSH A
G4 P50 ; Short delay before stepper command
G1 U0.000 F200.0 ; Close Brush A flow
M400 ; Wait for stepper motion to complete
M106 P2 S0 ; Brush A air off
; Z already at 84.000mm, above safe threshold of 10.000mm, no need to raise
; === END STOP BRUSH SEQUENCE ===
; === PATH END ===


; Path 40/49 (id: path40)
; WIDTH: requested=117.176mm, actual=1863.507mm, compensation=0.800
; Z HEIGHT: 84.000mm (min=4.0, max=84.0)
; PAINT FLOW: 0.500 (baseline=0.1, max=0.5)
; PAINT FLOW COMPONENTS: base=0.100, width=0.300, opacity=0.100
; FEEDRATE: 475.6 mm/min (z_factor=0.0259, speed_factor=0.765)
; WARNING: Requested stroke width 117.2mm exceeds machine capability.
; H.Airbrush cannot draw strokes wider than 6.6mm at 1mm/s minimum speed.
; Stroke width has been reduced to 6.6mm.
; ===== STROKE PARAMETERS =====
; Color: black
; Width: 117.18mm
; Opacity: 0.25
; Brush: brush_a (index 0)
T0 ; Select Brush A (Black)
; ===== AIRBRUSH SETTINGS =====
; Z-height: 84.00mm
; Paint flow: 0.50
; Feedrate: 475.6mm/min (includes Z scaling)
; Using brush: brush_a (tool 0)
; Path with Brush A (black) at Z=84.000mm
; Using: Air=P2, Flow=A axis
; Drawing Z height: 84.000mm, Travel Z height: 10.000mm
; Machine Z range: 0-84mm (Safe range: 5-80mm)
; === START BRUSH SEQUENCE ===
; START BRUSH A
; Z already at 84.000mm, above safe threshold of 10.000mm, no need to raise
T0 ; Select Tool 0 (Brush A)
G4 P500 ; Wait for tool change to complete
; === END BRUSH SEQUENCE ===
; Coordinate transform: (216.35,1051.45) -> (58.45,322.76)
G0 X58.453 Y322.755 F24000
M400 ; Wait for XY movement to complete
G1 Z84.000 F1200
M400 ; Wait for Z movement to complete
; === ACTIVATE BRUSH AT POSITION ===
; AIR ON FIRST - Important to prevent dripping
M106 P2 S1 ; Brush A air on
; PAINT ON AFTER AIR
G4 P50 ; Short delay before stepper command
G1 U2.400 F200.0 ; Set Brush A flow to 2.400mm
M400 ; Wait for stepper motion to complete
; === BRUSH ACTIVATED ===
G1 F475.56460435427675
; Coordinate transform: (216.84,1052.46) -> (58.63,322.38)
G1 X58.635 Y322.378
; Coordinate transform: (217.50,1053.90) -> (58.88,321.84)
G1 X58.882 Y321.841
; Coordinate transform: (218.34,1055.68) -> (59.19,321.18)
G1 X59.193 Y321.178
; Coordinate transform: (219.35,1057.70) -> (59.57,320.42)
G1 X59.569 Y320.424
; Coordinate transform: (220.54,1059.84) -> (60.01,319.63)
G1 X60.015 Y319.626
; Coordinate transform: (221.93,1062.00) -> (60.53,318.82)
G1 X60.534 Y318.820
; Coordinate transform: (223.54,1064.10) -> (61.13,318.04)
G1 X61.133 Y318.037
; Coordinate transform: (225.38,1066.06) -> (61.82,317.31)
G1 X61.821 Y317.306
; Coordinate transform: (227.49,1067.85) -> (62.61,316.64)
G1 X62.605 Y316.639
; Coordinate transform: (229.87,1069.44) -> (63.49,316.05)
G1 X63.494 Y316.046
; Coordinate transform: (232.57,1070.82) -> (64.50,315.53)
G1 X64.501 Y315.531
; Coordinate transform: (235.63,1072.02) -> (65.64,315.08)
G1 X65.643 Y315.083
; Coordinate transform: (239.10,1073.03) -> (66.94,314.71)
G1 X66.936 Y314.707
; Coordinate transform: (243.01,1073.86) -> (68.39,314.40)
G1 X68.394 Y314.397
; Coordinate transform: (247.41,1074.53) -> (70.03,314.15)
G1 X70.034 Y314.147
; Coordinate transform: (252.36,1075.08) -> (71.88,313.94)
G1 X71.883 Y313.942
; Coordinate transform: (257.93,1075.52) -> (73.96,313.78)
G1 X73.959 Y313.778
; Coordinate transform: (264.16,1075.84) -> (76.28,313.66)
G1 X76.283 Y313.659
; Coordinate transform: (271.13,1076.07) -> (78.88,313.57)
G1 X78.883 Y313.573
; Coordinate transform: (278.87,1076.15) -> (81.77,313.54)
G1 X81.770 Y313.543
; Coordinate transform: (287.44,1076.05) -> (84.96,313.58)
G1 X84.965 Y313.580
; Coordinate transform: (296.80,1075.67) -> (88.46,313.72)
G1 X88.457 Y313.722
; Coordinate transform: (306.90,1074.95) -> (92.22,313.99)
G1 X92.224 Y313.991
; Coordinate transform: (317.60,1073.80) -> (96.21,314.42)
G1 X96.215 Y314.420
; Coordinate transform: (328.59,1072.21) -> (100.31,315.01)
G1 X100.311 Y315.013
; Coordinate transform: (339.42,1070.19) -> (104.35,315.77)
G1 X104.353 Y315.766
; Coordinate transform: (349.60,1067.79) -> (108.15,316.66)
G1 X108.149 Y316.661
; Coordinate transform: (358.60,1065.09) -> (111.50,317.67)
G1 X111.503 Y317.668
; Coordinate transform: (366.07,1062.16) -> (114.29,318.76)
G1 X114.292 Y318.761
; Coordinate transform: (371.83,1059.04) -> (116.44,319.92)
G1 X116.437 Y319.924
; Coordinate transform: (375.86,1055.70) -> (117.94,321.17)
G1 X117.941 Y321.170
; Coordinate transform: (378.21,1052.11) -> (118.82,322.51)
G1 X118.818 Y322.509
; Coordinate transform: (378.98,1048.19) -> (119.10,323.97)
G1 X119.104 Y323.971
; Coordinate transform: (378.26,1043.82) -> (118.84,325.60)
G1 X118.836 Y325.601
; Coordinate transform: (376.16,1038.89) -> (118.05,327.44)
G1 X118.053 Y327.439
; Coordinate transform: (372.77,1033.30) -> (116.79,329.52)
G1 X116.791 Y329.524
; Coordinate transform: (368.24,1027.06) -> (115.10,331.85)
G1 X115.098 Y331.851
; Coordinate transform: (362.64,1020.14) -> (113.01,334.43)
G1 X113.010 Y334.432
; Coordinate transform: (356.15,1012.65) -> (110.59,337.23)
G1 X110.591 Y337.226
; Coordinate transform: (348.94,1004.71) -> (107.90,340.19)
G1 X107.903 Y340.187
; Coordinate transform: (341.17,996.54) -> (105.00,343.24)
G1 X105.004 Y343.235
; Coordinate transform: (332.96,988.33) -> (101.94,346.30)
G1 X101.941 Y346.296
; Coordinate transform: (324.38,980.33) -> (98.74,349.28)
G1 X98.743 Y349.280
; Coordinate transform: (315.46,972.71) -> (95.41,352.12)
G1 X95.414 Y352.123
; Coordinate transform: (306.25,965.62) -> (91.98,354.77)
G1 X91.981 Y354.767
; Coordinate transform: (296.82,959.17) -> (88.46,357.17)
G1 X88.463 Y357.171
; Coordinate transform: (287.24,953.40) -> (84.89,359.32)
G1 X84.891 Y359.322
; Coordinate transform: (277.57,948.24) -> (81.28,361.25)
G1 X81.283 Y361.249
; Coordinate transform: (267.80,943.52) -> (77.64,363.01)
G1 X77.641 Y363.006
; Coordinate transform: (257.98,939.03) -> (73.98,364.68)
G1 X73.977 Y364.681
; Coordinate transform: (248.15,934.53) -> (70.31,366.36)
G1 X70.312 Y366.362
; Coordinate transform: (238.40,929.77) -> (66.67,368.14)
G1 X66.674 Y368.137
; Coordinate transform: (228.81,924.59) -> (63.10,370.07)
G1 X63.099 Y370.066
; Coordinate transform: (219.44,918.87) -> (59.61,372.20)
G1 X59.606 Y372.200
; Coordinate transform: (210.31,912.55) -> (56.20,374.56)
G1 X56.199 Y374.559
; Coordinate transform: (201.40,905.64) -> (52.88,377.14)
G1 X52.876 Y377.137
; Coordinate transform: (192.66,898.16) -> (49.62,379.92)
G1 X49.618 Y379.923
; Coordinate transform: (183.96,890.17) -> (46.37,382.90)
G1 X46.370 Y382.903
; Coordinate transform: (175.04,881.75) -> (43.05,386.05)
G1 X43.046 Y386.046
; Coordinate transform: (165.74,873.07) -> (39.58,389.28)
G1 X39.577 Y389.282
; Coordinate transform: (155.94,864.52) -> (35.92,392.47)
G1 X35.923 Y392.470
; Coordinate transform: (145.63,856.55) -> (32.08,395.44)
G1 X32.075 Y395.444
; Coordinate transform: (134.81,849.63) -> (28.04,398.02)
G1 X28.042 Y398.024
; Coordinate transform: (123.67,844.13) -> (23.89,400.08)
G1 X23.885 Y400.075
; Coordinate transform: (113.17,840.19) -> (19.97,401.55)
G1 X19.972 Y401.546
; Coordinate transform: (104.71,837.78) -> (16.82,402.44)
G1 X16.817 Y402.442
; Coordinate transform: (99.35,836.68) -> (14.82,402.85)
G1 X14.818 Y402.852
; Coordinate transform: (97.00,836.68) -> (13.94,402.85)
G1 X13.940 Y402.854
; Coordinate transform: (97.51,837.70) -> (14.13,402.47)
G1 X14.130 Y402.474
; Coordinate transform: (100.73,839.71) -> (15.33,401.73)
G1 X15.332 Y401.726
; Coordinate transform: (106.52,842.68) -> (17.49,400.62)
G1 X17.492 Y400.616
; Coordinate transform: (114.64,846.82) -> (20.52,399.07)
G1 X20.518 Y399.071
; Coordinate transform: (123.88,852.27) -> (23.96,397.04)
G1 X23.963 Y397.038
; Coordinate transform: (133.09,858.94) -> (27.40,394.55)
G1 X27.401 Y394.551
; Coordinate transform: (141.39,866.63) -> (30.49,391.68)
G1 X30.494 Y391.682
; Coordinate transform: (148.69,875.02) -> (33.22,388.55)
G1 X33.219 Y388.554
; Coordinate transform: (154.91,883.75) -> (35.54,385.30)
G1 X35.537 Y385.299
; Coordinate transform: (160.03,892.52) -> (37.45,382.03)
G1 X37.446 Y382.029
; Coordinate transform: (164.05,901.12) -> (38.95,378.82)
G1 X38.945 Y378.823
; Coordinate transform: (167.00,909.49) -> (40.05,375.70)
G1 X40.047 Y375.700
; Coordinate transform: (168.92,917.68) -> (40.76,372.65)
G1 X40.762 Y372.646
; Coordinate transform: (169.85,925.76) -> (41.11,369.63)
G1 X41.110 Y369.633
M400 ; Wait for drawing to complete
; === STOP BRUSH SEQUENCE ===
; STOP BRUSH A
G4 P50 ; Short delay before stepper command
G1 U0.000 F200.0 ; Close Brush A flow
M400 ; Wait for stepper motion to complete
M106 P2 S0 ; Brush A air off
; Z already at 84.000mm, above safe threshold of 10.000mm, no need to raise
; === END STOP BRUSH SEQUENCE ===
; === PATH END ===


; Path 41/49 (id: path41)
; WIDTH: requested=117.176mm, actual=1863.507mm, compensation=0.800
; Z HEIGHT: 84.000mm (min=4.0, max=84.0)
; PAINT FLOW: 0.500 (baseline=0.1, max=0.5)
; PAINT FLOW COMPONENTS: base=0.100, width=0.300, opacity=0.100
; FEEDRATE: 475.6 mm/min (z_factor=0.0259, speed_factor=0.765)
; WARNING: Requested stroke width 117.2mm exceeds machine capability.
; H.Airbrush cannot draw strokes wider than 6.6mm at 1mm/s minimum speed.
; Stroke width has been reduced to 6.6mm.
; ===== STROKE PARAMETERS =====
; Color: black
; Width: 117.18mm
; Opacity: 0.25
; Brush: brush_a (index 0)
T0 ; Select Brush A (Black)
; ===== AIRBRUSH SETTINGS =====
; Z-height: 84.00mm
; Paint flow: 0.50
; Feedrate: 475.6mm/min (includes Z scaling)
; Using brush: brush_a (tool 0)
; Path with Brush A (black) at Z=84.000mm
; Using: Air=P2, Flow=A axis
; Drawing Z height: 84.000mm, Travel Z height: 10.000mm
; Machine Z range: 0-84mm (Safe range: 5-80mm)
; === START BRUSH SEQUENCE ===
; START BRUSH A
; Z already at 84.000mm, above safe threshold of 10.000mm, no need to raise
T0 ; Select Tool 0 (Brush A)
G4 P500 ; Wait for tool change to complete
; === END BRUSH SEQUENCE ===
; Coordinate transform: (429.83,1777.76) -> (138.07,51.88)
G0 X138.068 Y51.876 F24000
M400 ; Wait for XY movement to complete
G1 Z84.000 F1200
M400 ; Wait for Z movement to complete
; === ACTIVATE BRUSH AT POSITION ===
; AIR ON FIRST - Important to prevent dripping
M106 P2 S1 ; Brush A air on
; PAINT ON AFTER AIR
G4 P50 ; Short delay before stepper command
G1 U2.400 F200.0 ; Set Brush A flow to 2.400mm
M400 ; Wait for stepper motion to complete
; === BRUSH ACTIVATED ===
G1 F475.56460435427675
; Coordinate transform: (429.17,1777.72) -> (137.82,51.89)
G1 X137.823 Y51.891
; Coordinate transform: (428.31,1777.69) -> (137.50,51.90)
G1 X137.502 Y51.902
; Coordinate transform: (427.28,1777.66) -> (137.12,51.91)
G1 X137.117 Y51.913
; Coordinate transform: (426.10,1777.66) -> (136.68,51.91)
G1 X136.678 Y51.913
; Coordinate transform: (424.80,1777.69) -> (136.19,51.90)
G1 X136.192 Y51.902
; Coordinate transform: (423.38,1777.78) -> (135.67,51.87)
G1 X135.666 Y51.868
; Coordinate transform: (421.86,1777.93) -> (135.10,51.81)
G1 X135.097 Y51.812
; Coordinate transform: (420.21,1778.17) -> (134.48,51.72)
G1 X134.484 Y51.723
; Coordinate transform: (418.44,1778.53) -> (133.82,51.59)
G1 X133.821 Y51.589
; Coordinate transform: (416.50,1779.03) -> (133.10,51.40)
G1 X133.096 Y51.402
; Coordinate transform: (414.35,1779.71) -> (132.29,51.15)
G1 X132.295 Y51.149
; Coordinate transform: (411.94,1780.61) -> (131.40,50.81)
G1 X131.399 Y50.813
; Coordinate transform: (409.23,1781.77) -> (130.39,50.38)
G1 X130.387 Y50.380
; Coordinate transform: (406.14,1783.23) -> (129.23,49.84)
G1 X129.235 Y49.836
; Coordinate transform: (402.63,1785.01) -> (127.93,49.17)
G1 X127.925 Y49.172
; Coordinate transform: (398.65,1787.12) -> (126.44,48.38)
G1 X126.442 Y48.385
; Coordinate transform: (394.17,1789.57) -> (124.77,47.47)
G1 X124.771 Y47.471
; Coordinate transform: (389.25,1792.26) -> (122.93,46.47)
G1 X122.934 Y46.468
; Coordinate transform: (384.05,1795.07) -> (121.00,45.42)
G1 X120.996 Y45.420
; Coordinate transform: (378.73,1797.84) -> (119.01,44.39)
G1 X119.011 Y44.387
; Coordinate transform: (373.43,1800.43) -> (117.03,43.42)
G1 X117.034 Y43.421
; Coordinate transform: (368.27,1802.73) -> (115.11,42.56)
G1 X115.111 Y42.563
; Coordinate transform: (363.33,1804.66) -> (113.27,41.84)
G1 X113.270 Y41.843
; Coordinate transform: (358.68,1806.20) -> (111.53,41.27)
G1 X111.535 Y41.269
; Coordinate transform: (354.36,1807.30) -> (109.92,40.86)
G1 X109.924 Y40.859
; Coordinate transform: (350.39,1807.93) -> (108.44,40.62)
G1 X108.442 Y40.624
; Coordinate transform: (346.75,1808.05) -> (107.08,40.58)
G1 X107.084 Y40.579
; Coordinate transform: (343.43,1807.63) -> (105.85,40.74)
G1 X105.848 Y40.736
; Coordinate transform: (340.41,1806.57) -> (104.72,41.13)
G1 X104.719 Y41.131
; Coordinate transform: (337.61,1804.76) -> (103.67,41.81)
G1 X103.674 Y41.806
M400 ; Wait for drawing to complete
; === STOP BRUSH SEQUENCE ===
; STOP BRUSH A
G4 P50 ; Short delay before stepper command
G1 U0.000 F200.0 ; Close Brush A flow
M400 ; Wait for stepper motion to complete
M106 P2 S0 ; Brush A air off
; Z already at 84.000mm, above safe threshold of 10.000mm, no need to raise
; === END STOP BRUSH SEQUENCE ===
; === PATH END ===


; Path 42/49 (id: path42)
; WIDTH: requested=117.176mm, actual=1863.507mm, compensation=0.800
; Z HEIGHT: 84.000mm (min=4.0, max=84.0)
; PAINT FLOW: 0.500 (baseline=0.1, max=0.5)
; PAINT FLOW COMPONENTS: base=0.100, width=0.300, opacity=0.100
; FEEDRATE: 475.6 mm/min (z_factor=0.0259, speed_factor=0.765)
; WARNING: Requested stroke width 117.2mm exceeds machine capability.
; H.Airbrush cannot draw strokes wider than 6.6mm at 1mm/s minimum speed.
; Stroke width has been reduced to 6.6mm.
; ===== STROKE PARAMETERS =====
; Color: black
; Width: 117.18mm
; Opacity: 0.25
; Brush: brush_a (index 0)
T0 ; Select Brush A (Black)
; ===== AIRBRUSH SETTINGS =====
; Z-height: 84.00mm
; Paint flow: 0.50
; Feedrate: 475.6mm/min (includes Z scaling)
; Using brush: brush_a (tool 0)
; Path with Brush A (black) at Z=84.000mm
; Using: Air=P2, Flow=A axis
; Drawing Z height: 84.000mm, Travel Z height: 10.000mm
; Machine Z range: 0-84mm (Safe range: 5-80mm)
; === START BRUSH SEQUENCE ===
; START BRUSH A
; Z already at 84.000mm, above safe threshold of 10.000mm, no need to raise
T0 ; Select Tool 0 (Brush A)
G4 P500 ; Wait for tool change to complete
; === END BRUSH SEQUENCE ===
; Coordinate transform: (1781.76,1365.93) -> (642.28,205.47)
G0 X642.276 Y205.469 F24000
M400 ; Wait for XY movement to complete
G1 Z84.000 F1200
M400 ; Wait for Z movement to complete
; === ACTIVATE BRUSH AT POSITION ===
; AIR ON FIRST - Important to prevent dripping
M106 P2 S1 ; Brush A air on
; PAINT ON AFTER AIR
G4 P50 ; Short delay before stepper command
G1 U2.400 F200.0 ; Set Brush A flow to 2.400mm
M400 ; Wait for stepper motion to complete
; === BRUSH ACTIVATED ===
G1 F475.56460435427675
; Coordinate transform: (1782.35,1366.07) -> (642.50,205.42)
G1 X642.496 Y205.417
; Coordinate transform: (1783.18,1366.25) -> (642.81,205.35)
G1 X642.805 Y205.350
; Coordinate transform: (1784.22,1366.48) -> (643.19,205.26)
G1 X643.193 Y205.264
; Coordinate transform: (1785.44,1366.75) -> (643.65,205.16)
G1 X643.648 Y205.163
; Coordinate transform: (1786.79,1367.05) -> (644.15,205.05)
G1 X644.152 Y205.051
; Coordinate transform: (1788.25,1367.40) -> (644.70,204.92)
G1 X644.696 Y204.921
; Coordinate transform: (1789.81,1367.78) -> (645.28,204.78)
G1 X645.278 Y204.779
; Coordinate transform: (1791.47,1368.17) -> (645.90,204.63)
G1 X645.897 Y204.634
; Coordinate transform: (1793.23,1368.56) -> (646.55,204.49)
G1 X646.554 Y204.488
; Coordinate transform: (1795.09,1368.93) -> (647.25,204.35)
G1 X647.247 Y204.350
; Coordinate transform: (1797.04,1369.27) -> (647.97,204.22)
G1 X647.975 Y204.223
; Coordinate transform: (1799.07,1369.58) -> (648.73,204.11)
G1 X648.732 Y204.108
; Coordinate transform: (1801.18,1369.83) -> (649.52,204.01)
G1 X649.519 Y204.014
; Coordinate transform: (1803.37,1370.04) -> (650.34,203.94)
G1 X650.335 Y203.936
; Coordinate transform: (1805.67,1370.17) -> (651.19,203.89)
G1 X651.193 Y203.888
; Coordinate transform: (1808.13,1370.20) -> (652.11,203.88)
G1 X652.111 Y203.876
; Coordinate transform: (1810.82,1370.12) -> (653.11,203.91)
G1 X653.114 Y203.906
; Coordinate transform: (1813.81,1369.90) -> (654.23,203.99)
G1 X654.229 Y203.988
; Coordinate transform: (1817.18,1369.51) -> (655.49,204.13)
G1 X655.486 Y204.134
; Coordinate transform: (1821.04,1368.93) -> (656.93,204.35)
G1 X656.925 Y204.350
; Coordinate transform: (1825.53,1368.07) -> (658.60,204.67)
G1 X658.600 Y204.671
; Coordinate transform: (1830.81,1366.88) -> (660.57,205.11)
G1 X660.569 Y205.115
; Coordinate transform: (1837.12,1365.27) -> (662.92,205.72)
G1 X662.922 Y205.715
; Coordinate transform: (1844.66,1363.16) -> (665.73,206.50)
G1 X665.735 Y206.502
; Coordinate transform: (1853.70,1360.47) -> (669.11,207.51)
G1 X669.106 Y207.505
; Coordinate transform: (1864.14,1357.18) -> (673.00,208.73)
G1 X673.000 Y208.732
; Coordinate transform: (1875.27,1353.36) -> (677.15,210.16)
G1 X677.151 Y210.157
; Coordinate transform: (1885.35,1349.14) -> (680.91,211.73)
G1 X680.910 Y211.731
; Coordinate transform: (1892.46,1344.72) -> (683.56,213.38)
G1 X683.562 Y213.379
; Coordinate transform: (1896.30,1340.27) -> (684.99,215.04)
G1 X684.994 Y215.039
; Coordinate transform: (1897.02,1335.90) -> (685.26,216.67)
G1 X685.262 Y216.669
M400 ; Wait for drawing to complete
; === STOP BRUSH SEQUENCE ===
; STOP BRUSH A
G4 P50 ; Short delay before stepper command
G1 U0.000 F200.0 ; Close Brush A flow
M400 ; Wait for stepper motion to complete
M106 P2 S0 ; Brush A air off
; Z already at 84.000mm, above safe threshold of 10.000mm, no need to raise
; === END STOP BRUSH SEQUENCE ===
; === PATH END ===


; Path 43/49 (id: path43)
; WIDTH: requested=117.176mm, actual=1863.507mm, compensation=0.800
; Z HEIGHT: 84.000mm (min=4.0, max=84.0)
; PAINT FLOW: 0.500 (baseline=0.1, max=0.5)
; PAINT FLOW COMPONENTS: base=0.100, width=0.300, opacity=0.100
; FEEDRATE: 475.6 mm/min (z_factor=0.0259, speed_factor=0.765)
; WARNING: Requested stroke width 117.2mm exceeds machine capability.
; H.Airbrush cannot draw strokes wider than 6.6mm at 1mm/s minimum speed.
; Stroke width has been reduced to 6.6mm.
; ===== STROKE PARAMETERS =====
; Color: black
; Width: 117.18mm
; Opacity: 0.25
; Brush: brush_a (index 0)
T0 ; Select Brush A (Black)
; ===== AIRBRUSH SETTINGS =====
; Z-height: 84.00mm
; Paint flow: 0.50
; Feedrate: 475.6mm/min (includes Z scaling)
; Using brush: brush_a (tool 0)
; Path with Brush A (black) at Z=84.000mm
; Using: Air=P2, Flow=A axis
; Drawing Z height: 84.000mm, Travel Z height: 10.000mm
; Machine Z range: 0-84mm (Safe range: 5-80mm)
; === START BRUSH SEQUENCE ===
; START BRUSH A
; Z already at 84.000mm, above safe threshold of 10.000mm, no need to raise
T0 ; Select Tool 0 (Brush A)
G4 P500 ; Wait for tool change to complete
; === END BRUSH SEQUENCE ===
; Coordinate transform: (732.82,148.07) -> (251.07,659.67)
G0 X251.070 Y659.675 F24000
M400 ; Wait for XY movement to complete
G1 Z84.000 F1200
M400 ; Wait for Z movement to complete
; === ACTIVATE BRUSH AT POSITION ===
; AIR ON FIRST - Important to prevent dripping
M106 P2 S1 ; Brush A air on
; PAINT ON AFTER AIR
G4 P50 ; Short delay before stepper command
G1 U2.400 F200.0 ; Set Brush A flow to 2.400mm
M400 ; Wait for stepper motion to complete
; === BRUSH ACTIVATED ===
G1 F475.56460435427675
; Coordinate transform: (733.95,147.61) -> (251.49,659.85)
G1 X251.494 Y659.845
; Coordinate transform: (735.68,146.93) -> (252.14,660.10)
G1 X252.139 Y660.100
; Coordinate transform: (737.91,146.00) -> (252.97,660.45)
G1 X252.969 Y660.445
; Coordinate transform: (740.52,144.82) -> (253.94,660.88)
G1 X253.943 Y660.885
; Coordinate transform: (743.41,143.37) -> (255.02,661.43)
G1 X255.019 Y661.426
; Coordinate transform: (746.46,141.62) -> (256.16,662.08)
G1 X256.159 Y662.080
; Coordinate transform: (749.60,139.54) -> (257.33,662.86)
G1 X257.327 Y662.856
; Coordinate transform: (752.75,137.10) -> (258.50,663.76)
G1 X258.504 Y663.764
; Coordinate transform: (755.90,134.27) -> (259.68,664.82)
G1 X259.677 Y664.821
; Coordinate transform: (759.02,130.98) -> (260.84,666.05)
G1 X260.842 Y666.048
; Coordinate transform: (762.11,127.27) -> (261.99,667.43)
G1 X261.994 Y667.430
; Coordinate transform: (765.15,123.50) -> (263.13,668.83)
G1 X263.128 Y668.835
; Coordinate transform: (768.20,120.02) -> (264.26,670.13)
G1 X264.265 Y670.134
; Coordinate transform: (771.29,117.12) -> (265.42,671.22)
G1 X265.420 Y671.216
; Coordinate transform: (774.51,115.03) -> (266.62,672.00)
G1 X266.618 Y671.996
; Coordinate transform: (777.91,114.06) -> (267.89,672.36)
G1 X267.888 Y672.356
; Coordinate transform: (781.60,114.34) -> (269.26,672.25)
G1 X269.263 Y672.254
; Coordinate transform: (785.68,115.77) -> (270.78,671.72)
G1 X270.784 Y671.721
; Coordinate transform: (790.28,118.09) -> (272.50,670.85)
G1 X272.500 Y670.852
; Coordinate transform: (795.57,121.01) -> (274.47,669.76)
G1 X274.473 Y669.765
; Coordinate transform: (801.60,124.23) -> (276.72,668.57)
G1 X276.722 Y668.565
; Coordinate transform: (808.42,127.43) -> (279.27,667.37)
G1 X279.266 Y667.371
; Coordinate transform: (816.01,130.26) -> (282.10,666.32)
G1 X282.099 Y666.317
; Coordinate transform: (824.24,132.30) -> (285.17,665.55)
G1 X285.168 Y665.553
; Coordinate transform: (832.90,133.25) -> (288.40,665.20)
G1 X288.395 Y665.198
; Coordinate transform: (841.73,132.92) -> (291.69,665.32)
G1 X291.687 Y665.322
; Coordinate transform: (850.53,131.09) -> (294.97,666.01)
G1 X294.971 Y666.007
; Coordinate transform: (859.21,127.59) -> (298.21,667.31)
G1 X298.207 Y667.309
; Coordinate transform: (867.77,122.71) -> (301.40,669.13)
G1 X301.400 Y669.132
; Coordinate transform: (876.27,116.88) -> (304.57,671.31)
G1 X304.570 Y671.306
; Coordinate transform: (884.78,110.74) -> (307.75,673.60)
G1 X307.747 Y673.597
; Coordinate transform: (893.36,105.47) -> (310.95,675.56)
G1 X310.946 Y675.559
; Coordinate transform: (902.06,102.09) -> (314.19,676.82)
G1 X314.190 Y676.823
; Coordinate transform: (910.88,101.13) -> (317.48,677.18)
G1 X317.481 Y677.181
; Coordinate transform: (919.84,102.58) -> (320.82,676.64)
G1 X320.819 Y676.640
; Coordinate transform: (928.90,106.35) -> (324.20,675.23)
G1 X324.199 Y675.233
; Coordinate transform: (938.04,111.67) -> (327.61,673.25)
G1 X327.609 Y673.247
; Coordinate transform: (947.26,117.53) -> (331.05,671.06)
G1 X331.047 Y671.062
; Coordinate transform: (956.53,122.91) -> (334.51,669.06)
G1 X334.505 Y669.056
; Coordinate transform: (965.87,127.34) -> (337.99,667.41)
G1 X337.986 Y667.405
; Coordinate transform: (975.29,130.50) -> (341.50,666.23)
G1 X341.502 Y666.225
; Coordinate transform: (984.86,132.29) -> (345.07,665.56)
G1 X345.068 Y665.558
; Coordinate transform: (994.61,132.83) -> (348.71,665.36)
G1 X348.705 Y665.357
; Coordinate transform: (1004.64,132.40) -> (352.45,665.52)
G1 X352.447 Y665.518
; Coordinate transform: (1015.00,131.24) -> (356.31,665.95)
G1 X356.311 Y665.949
; Coordinate transform: (1025.76,129.64) -> (360.32,666.55)
G1 X360.324 Y666.546
; Coordinate transform: (1036.95,127.90) -> (364.50,667.19)
G1 X364.497 Y667.194
; Coordinate transform: (1048.63,126.24) -> (368.85,667.81)
G1 X368.853 Y667.814
; Coordinate transform: (1060.81,124.79) -> (373.40,668.36)
G1 X373.396 Y668.356
; Coordinate transform: (1073.41,123.62) -> (378.09,668.79)
G1 X378.095 Y668.791
; Coordinate transform: (1086.30,122.76) -> (382.90,669.11)
G1 X382.902 Y669.114
; Coordinate transform: (1099.24,122.18) -> (387.73,669.33)
G1 X387.728 Y669.330
; Coordinate transform: (1111.90,121.84) -> (392.45,669.46)
G1 X392.450 Y669.456
; Coordinate transform: (1123.79,121.65) -> (396.88,669.53)
G1 X396.884 Y669.527
; Coordinate transform: (1134.53,121.51) -> (400.89,669.58)
G1 X400.890 Y669.579
; Coordinate transform: (1143.92,121.37) -> (404.39,669.63)
G1 X404.392 Y669.630
; Coordinate transform: (1151.89,121.23) -> (407.36,669.68)
G1 X407.364 Y669.684
; Coordinate transform: (1158.58,121.10) -> (409.86,669.73)
G1 X409.859 Y669.731
; Coordinate transform: (1164.18,121.02) -> (411.95,669.76)
G1 X411.948 Y669.763
; Coordinate transform: (1168.90,121.00) -> (413.71,669.77)
G1 X413.708 Y669.770
; Coordinate transform: (1172.94,121.06) -> (415.21,669.75)
G1 X415.215 Y669.748
; Coordinate transform: (1176.50,121.21) -> (416.54,669.69)
G1 X416.542 Y669.691
M400 ; Wait for drawing to complete
; === STOP BRUSH SEQUENCE ===
; STOP BRUSH A
G4 P50 ; Short delay before stepper command
G1 U0.000 F200.0 ; Close Brush A flow
M400 ; Wait for stepper motion to complete
M106 P2 S0 ; Brush A air off
; Z already at 84.000mm, above safe threshold of 10.000mm, no need to raise
; === END STOP BRUSH SEQUENCE ===
; === PATH END ===


; Path 44/49 (id: path44)
; WIDTH: requested=117.176mm, actual=1863.507mm, compensation=0.800
; Z HEIGHT: 84.000mm (min=4.0, max=84.0)
; PAINT FLOW: 0.500 (baseline=0.1, max=0.5)
; PAINT FLOW COMPONENTS: base=0.100, width=0.300, opacity=0.100
; FEEDRATE: 475.6 mm/min (z_factor=0.0259, speed_factor=0.765)
; WARNING: Requested stroke width 117.2mm exceeds machine capability.
; H.Airbrush cannot draw strokes wider than 6.6mm at 1mm/s minimum speed.
; Stroke width has been reduced to 6.6mm.
; ===== STROKE PARAMETERS =====
; Color: black
; Width: 117.18mm
; Opacity: 0.25
; Brush: brush_a (index 0)
T0 ; Select Brush A (Black)
; ===== AIRBRUSH SETTINGS =====
; Z-height: 84.00mm
; Paint flow: 0.50
; Feedrate: 475.6mm/min (includes Z scaling)
; Using brush: brush_a (tool 0)
; Path with Brush A (black) at Z=84.000mm
; Using: Air=P2, Flow=A axis
; Drawing Z height: 84.000mm, Travel Z height: 10.000mm
; Machine Z range: 0-84mm (Safe range: 5-80mm)
; === START BRUSH SEQUENCE ===
; START BRUSH A
; Z already at 84.000mm, above safe threshold of 10.000mm, no need to raise
T0 ; Select Tool 0 (Brush A)
G4 P500 ; Wait for tool change to complete
; === END BRUSH SEQUENCE ===
; Coordinate transform: (454.36,1873.47) -> (147.22,16.18)
G0 X147.216 Y16.180 F24000
M400 ; Wait for XY movement to complete
G1 Z84.000 F1200
M400 ; Wait for Z movement to complete
; === ACTIVATE BRUSH AT POSITION ===
; AIR ON FIRST - Important to prevent dripping
M106 P2 S1 ; Brush A air on
; PAINT ON AFTER AIR
G4 P50 ; Short delay before stepper command
G1 U2.400 F200.0 ; Set Brush A flow to 2.400mm
M400 ; Wait for stepper motion to complete
; === BRUSH ACTIVATED ===
G1 F475.56460435427675
; Coordinate transform: (454.98,1871.08) -> (147.45,17.07)
G1 X147.448 Y17.072
; Coordinate transform: (455.89,1868.10) -> (147.79,18.18)
G1 X147.789 Y18.183
; Coordinate transform: (457.05,1865.01) -> (148.22,19.34)
G1 X148.220 Y19.336
; Coordinate transform: (458.40,1862.29) -> (148.73,20.35)
G1 X148.725 Y20.350
; Coordinate transform: (459.91,1860.35) -> (149.29,21.07)
G1 X149.289 Y21.074
; Coordinate transform: (461.55,1859.45) -> (149.90,21.41)
G1 X149.899 Y21.409
; Coordinate transform: (463.29,1859.61) -> (150.55,21.35)
G1 X150.550 Y21.350
; Coordinate transform: (465.15,1860.80) -> (151.24,20.91)
G1 X151.244 Y20.906
; Coordinate transform: (467.15,1862.89) -> (151.99,20.13)
G1 X151.988 Y20.126
; Coordinate transform: (469.33,1865.61) -> (152.80,19.11)
G1 X152.803 Y19.112
; Coordinate transform: (471.77,1868.59) -> (153.71,18.00)
G1 X153.713 Y18.001
; Coordinate transform: (474.55,1871.47) -> (154.75,16.93)
G1 X154.747 Y16.926
; Coordinate transform: (477.72,1873.94) -> (155.93,16.01)
G1 X155.929 Y16.005
; Coordinate transform: (481.37,1875.77) -> (157.29,15.32)
G1 X157.292 Y15.323
; Coordinate transform: (485.58,1876.76) -> (158.86,14.95)
G1 X158.863 Y14.953
; Coordinate transform: (490.41,1876.84) -> (160.66,14.92)
G1 X160.663 Y14.924
; Coordinate transform: (495.89,1876.12) -> (162.71,15.19)
G1 X162.709 Y15.192
; Coordinate transform: (502.09,1874.83) -> (165.02,15.67)
G1 X165.020 Y15.673
; Coordinate transform: (509.02,1873.28) -> (167.60,16.25)
G1 X167.603 Y16.251
; Coordinate transform: (516.69,1871.69) -> (170.46,16.84)
G1 X170.464 Y16.844
; Coordinate transform: (525.09,1870.26) -> (173.60,17.38)
G1 X173.596 Y17.378
; Coordinate transform: (534.16,1869.15) -> (176.98,17.79)
G1 X176.978 Y17.792
; Coordinate transform: (543.78,1868.49) -> (180.57,18.04)
G1 X180.569 Y18.038
; Coordinate transform: (553.86,1868.32) -> (184.33,18.10)
G1 X184.327 Y18.101
; Coordinate transform: (564.28,1868.62) -> (188.21,17.99)
G1 X188.214 Y17.989
; Coordinate transform: (574.93,1869.29) -> (192.18,17.74)
G1 X192.184 Y17.739
; Coordinate transform: (585.67,1870.17) -> (196.19,17.41)
G1 X196.191 Y17.411
; Coordinate transform: (596.39,1871.08) -> (200.19,17.07)
G1 X200.188 Y17.072
; Coordinate transform: (607.07,1871.85) -> (204.17,16.78)
G1 X204.172 Y16.785
; Coordinate transform: (617.75,1872.28) -> (208.16,16.62)
G1 X208.157 Y16.624
; Coordinate transform: (628.49,1872.24) -> (212.16,16.64)
G1 X212.160 Y16.639
; Coordinate transform: (639.25,1871.63) -> (216.17,16.87)
G1 X216.172 Y16.867
; Coordinate transform: (649.95,1870.44) -> (220.16,17.31)
G1 X220.163 Y17.311
; Coordinate transform: (660.56,1868.76) -> (224.12,17.94)
G1 X224.121 Y17.937
; Coordinate transform: (671.05,1866.74) -> (228.03,18.69)
G1 X228.035 Y18.690
; Coordinate transform: (681.39,1864.70) -> (231.89,19.45)
G1 X231.891 Y19.451
; Coordinate transform: (691.60,1862.91) -> (235.70,20.12)
G1 X235.697 Y20.119
; Coordinate transform: (701.76,1861.66) -> (239.49,20.59)
G1 X239.485 Y20.585
; Coordinate transform: (711.95,1861.11) -> (243.29,20.79)
G1 X243.288 Y20.790
; Coordinate transform: (722.19,1861.37) -> (247.11,20.69)
G1 X247.107 Y20.693
; Coordinate transform: (732.41,1862.51) -> (250.92,20.27)
G1 X250.919 Y20.268
; Coordinate transform: (742.49,1864.53) -> (254.68,19.51)
G1 X254.678 Y19.515
; Coordinate transform: (752.25,1867.37) -> (258.32,18.46)
G1 X258.316 Y18.456
; Coordinate transform: (761.61,1870.92) -> (261.81,17.13)
G1 X261.810 Y17.132
; Coordinate transform: (770.68,1875.09) -> (265.19,15.58)
G1 X265.190 Y15.576
; Coordinate transform: (779.52,1879.78) -> (268.49,13.83)
G1 X268.488 Y13.827
; Coordinate transform: (788.10,1884.28) -> (271.69,12.15)
G1 X271.688 Y12.149
; Coordinate transform: (796.19,1887.81) -> (274.71,10.83)
G1 X274.706 Y10.832
; Coordinate transform: (803.66,1889.81) -> (277.49,10.09)
G1 X277.491 Y10.086
; Coordinate transform: (810.41,1890.02) -> (280.01,10.01)
G1 X280.007 Y10.008
; Coordinate transform: (816.36,1888.53) -> (282.23,10.56)
G1 X282.225 Y10.564
; Coordinate transform: (821.47,1885.57) -> (284.13,11.67)
G1 X284.134 Y11.668
; Coordinate transform: (825.77,1881.72) -> (285.74,13.10)
G1 X285.735 Y13.104
; Coordinate transform: (829.24,1877.64) -> (287.03,14.63)
G1 X287.029 Y14.625
; Coordinate transform: (831.91,1873.99) -> (288.03,15.99)
G1 X288.026 Y15.987
M400 ; Wait for drawing to complete
; === STOP BRUSH SEQUENCE ===
; STOP BRUSH A
G4 P50 ; Short delay before stepper command
G1 U0.000 F200.0 ; Close Brush A flow
M400 ; Wait for stepper motion to complete
M106 P2 S0 ; Brush A air off
; Z already at 84.000mm, above safe threshold of 10.000mm, no need to raise
; === END STOP BRUSH SEQUENCE ===
; === PATH END ===


; Path 45/49 (id: path45)
; WIDTH: requested=117.176mm, actual=1863.507mm, compensation=0.800
; Z HEIGHT: 84.000mm (min=4.0, max=84.0)
; PAINT FLOW: 0.500 (baseline=0.1, max=0.5)
; PAINT FLOW COMPONENTS: base=0.100, width=0.300, opacity=0.100
; FEEDRATE: 475.6 mm/min (z_factor=0.0259, speed_factor=0.765)
; WARNING: Requested stroke width 117.2mm exceeds machine capability.
; H.Airbrush cannot draw strokes wider than 6.6mm at 1mm/s minimum speed.
; Stroke width has been reduced to 6.6mm.
; ===== STROKE PARAMETERS =====
; Color: black
; Width: 117.18mm
; Opacity: 0.25
; Brush: brush_a (index 0)
T0 ; Select Brush A (Black)
; ===== AIRBRUSH SETTINGS =====
; Z-height: 84.00mm
; Paint flow: 0.50
; Feedrate: 475.6mm/min (includes Z scaling)
; Using brush: brush_a (tool 0)
; Path with Brush A (black) at Z=84.000mm
; Using: Air=P2, Flow=A axis
; Drawing Z height: 84.000mm, Travel Z height: 10.000mm
; Machine Z range: 0-84mm (Safe range: 5-80mm)
; === START BRUSH SEQUENCE ===
; START BRUSH A
; Z already at 84.000mm, above safe threshold of 10.000mm, no need to raise
T0 ; Select Tool 0 (Brush A)
G4 P500 ; Wait for tool change to complete
; === END BRUSH SEQUENCE ===
; Coordinate transform: (260.05,525.15) -> (74.75,519.04)
G0 X74.748 Y519.042 F24000
M400 ; Wait for XY movement to complete
G1 Z84.000 F1200
M400 ; Wait for Z movement to complete
; === ACTIVATE BRUSH AT POSITION ===
; AIR ON FIRST - Important to prevent dripping
M106 P2 S1 ; Brush A air on
; PAINT ON AFTER AIR
G4 P50 ; Short delay before stepper command
G1 U2.400 F200.0 ; Set Brush A flow to 2.400mm
M400 ; Wait for stepper motion to complete
; === BRUSH ACTIVATED ===
G1 F475.56460435427675
; Coordinate transform: (260.34,524.52) -> (74.86,519.27)
G1 X74.857 Y519.274
; Coordinate transform: (260.84,523.63) -> (75.04,519.61)
G1 X75.044 Y519.607
; Coordinate transform: (261.52,522.52) -> (75.30,520.02)
G1 X75.299 Y520.022
; Coordinate transform: (262.37,521.23) -> (75.61,520.50)
G1 X75.614 Y520.501
; Coordinate transform: (263.34,519.82) -> (75.98,521.03)
G1 X75.978 Y521.026
; Coordinate transform: (264.43,518.33) -> (76.38,521.58)
G1 X76.382 Y521.584
; Coordinate transform: (265.59,516.78) -> (76.82,522.16)
G1 X76.815 Y522.161
; Coordinate transform: (266.83,515.20) -> (77.28,522.75)
G1 X77.280 Y522.751
; Coordinate transform: (268.17,513.59) -> (77.78,523.35)
G1 X77.778 Y523.350
; Coordinate transform: (269.61,511.99) -> (78.31,523.95)
G1 X78.313 Y523.948
; Coordinate transform: (271.14,510.41) -> (78.89,524.54)
G1 X78.886 Y524.539
; Coordinate transform: (272.78,508.86) -> (79.50,525.12)
G1 X79.497 Y525.117
; Coordinate transform: (274.51,507.36) -> (80.14,525.68)
G1 X80.144 Y525.675
; Coordinate transform: (276.35,505.93) -> (80.83,526.21)
G1 X80.828 Y526.209
; Coordinate transform: (278.27,504.57) -> (81.55,526.71)
G1 X81.545 Y526.714
; Coordinate transform: (280.28,503.30) -> (82.30,527.19)
G1 X82.295 Y527.190
; Coordinate transform: (282.37,502.10) -> (83.08,527.64)
G1 X83.075 Y527.639
; Coordinate transform: (284.55,500.95) -> (83.89,528.06)
G1 X83.886 Y528.064
; Coordinate transform: (286.83,499.88) -> (84.74,528.47)
G1 X84.739 Y528.465
; Coordinate transform: (289.28,498.86) -> (85.65,528.85)
G1 X85.651 Y528.845
; Coordinate transform: (291.93,497.90) -> (86.64,529.20)
G1 X86.640 Y529.204
; Coordinate transform: (294.85,497.00) -> (87.73,529.54)
G1 X87.730 Y529.537
; Coordinate transform: (298.09,496.19) -> (88.94,529.84)
G1 X88.937 Y529.839
; Coordinate transform: (301.67,495.49) -> (90.27,530.10)
G1 X90.270 Y530.101
; Coordinate transform: (305.62,494.92) -> (91.75,530.31)
G1 X91.746 Y530.314
; Coordinate transform: (310.02,494.50) -> (93.39,530.47)
G1 X93.387 Y530.469
; Coordinate transform: (314.90,494.28) -> (95.21,530.55)
G1 X95.207 Y530.553
M400 ; Wait for drawing to complete
; === STOP BRUSH SEQUENCE ===
; STOP BRUSH A
G4 P50 ; Short delay before stepper command
G1 U0.000 F200.0 ; Close Brush A flow
M400 ; Wait for stepper motion to complete
M106 P2 S0 ; Brush A air off
; Z already at 84.000mm, above safe threshold of 10.000mm, no need to raise
; === END STOP BRUSH SEQUENCE ===
; === PATH END ===


; Path 46/49 (id: path46)
; WIDTH: requested=117.176mm, actual=1863.507mm, compensation=0.800
; Z HEIGHT: 84.000mm (min=4.0, max=84.0)
; PAINT FLOW: 0.500 (baseline=0.1, max=0.5)
; PAINT FLOW COMPONENTS: base=0.100, width=0.300, opacity=0.100
; FEEDRATE: 475.6 mm/min (z_factor=0.0259, speed_factor=0.765)
; WARNING: Requested stroke width 117.2mm exceeds machine capability.
; H.Airbrush cannot draw strokes wider than 6.6mm at 1mm/s minimum speed.
; Stroke width has been reduced to 6.6mm.
; ===== STROKE PARAMETERS =====
; Color: black
; Width: 117.18mm
; Opacity: 0.25
; Brush: brush_a (index 0)
T0 ; Select Brush A (Black)
; ===== AIRBRUSH SETTINGS =====
; Z-height: 84.00mm
; Paint flow: 0.50
; Feedrate: 475.6mm/min (includes Z scaling)
; Using brush: brush_a (tool 0)
; Path with Brush A (black) at Z=84.000mm
; Using: Air=P2, Flow=A axis
; Drawing Z height: 84.000mm, Travel Z height: 10.000mm
; Machine Z range: 0-84mm (Safe range: 5-80mm)
; === START BRUSH SEQUENCE ===
; START BRUSH A
; Z already at 84.000mm, above safe threshold of 10.000mm, no need to raise
T0 ; Select Tool 0 (Brush A)
G4 P500 ; Wait for tool change to complete
; === END BRUSH SEQUENCE ===
; Coordinate transform: (648.87,732.00) -> (219.76,441.89)
G0 X219.761 Y441.894 F24000
M400 ; Wait for XY movement to complete
G1 Z84.000 F1200
M400 ; Wait for Z movement to complete
; === ACTIVATE BRUSH AT POSITION ===
; AIR ON FIRST - Important to prevent dripping
M106 P2 S1 ; Brush A air on
; PAINT ON AFTER AIR
G4 P50 ; Short delay before stepper command
G1 U2.400 F200.0 ; Set Brush A flow to 2.400mm
M400 ; Wait for stepper motion to complete
; === BRUSH ACTIVATED ===
G1 F475.56460435427675
; Coordinate transform: (650.37,731.30) -> (220.32,442.16)
G1 X220.321 Y442.157
; Coordinate transform: (652.55,730.28) -> (221.13,442.54)
G1 X221.134 Y442.536
; Coordinate transform: (655.31,729.02) -> (222.16,443.01)
G1 X222.164 Y443.007
; Coordinate transform: (658.56,727.56) -> (223.38,443.55)
G1 X223.376 Y443.551
; Coordinate transform: (662.19,725.97) -> (224.73,444.14)
G1 X224.730 Y444.143
; Coordinate transform: (666.13,724.32) -> (226.20,444.76)
G1 X226.197 Y444.759
; Coordinate transform: (670.30,722.66) -> (227.75,445.38)
G1 X227.753 Y445.377
; Coordinate transform: (674.67,721.05) -> (229.38,445.98)
G1 X229.384 Y445.977
; Coordinate transform: (679.23,719.55) -> (231.08,446.54)
G1 X231.084 Y446.539
; Coordinate transform: (683.99,718.18) -> (232.86,447.05)
G1 X232.859 Y447.051
; Coordinate transform: (688.99,716.98) -> (234.72,447.50)
G1 X234.724 Y447.497
; Coordinate transform: (694.28,716.01) -> (236.70,447.86)
G1 X236.696 Y447.859
; Coordinate transform: (699.87,715.28) -> (238.78,448.13)
G1 X238.782 Y448.130
; Coordinate transform: (705.82,714.82) -> (241.00,448.30)
G1 X241.000 Y448.301
; Coordinate transform: (712.13,714.64) -> (243.36,448.37)
G1 X243.356 Y448.368
; Coordinate transform: (718.79,714.76) -> (245.84,448.32)
G1 X245.840 Y448.324
; Coordinate transform: (725.77,715.19) -> (248.44,448.16)
G1 X248.443 Y448.164
; Coordinate transform: (732.93,715.96) -> (251.11,447.88)
G1 X251.113 Y447.877
; Coordinate transform: (740.17,717.09) -> (253.81,447.46)
G1 X253.811 Y447.457
; Coordinate transform: (747.27,718.60) -> (256.46,446.89)
G1 X256.462 Y446.891
; Coordinate transform: (754.08,720.51) -> (259.00,446.18)
G1 X259.001 Y446.178
; Coordinate transform: (760.39,722.80) -> (261.35,445.32)
G1 X261.352 Y445.325
; Coordinate transform: (766.03,725.41) -> (263.46,444.35)
G1 X263.458 Y444.352
; Coordinate transform: (770.92,728.28) -> (265.28,443.28)
G1 X265.279 Y443.282
; Coordinate transform: (774.98,731.34) -> (266.79,442.14)
G1 X266.795 Y442.140
; Coordinate transform: (778.19,734.53) -> (267.99,440.95)
G1 X267.991 Y440.949
; Coordinate transform: (780.55,737.75) -> (268.87,439.75)
G1 X268.873 Y439.749
; Coordinate transform: (782.11,740.88) -> (269.45,438.58)
G1 X269.452 Y438.582
; Coordinate transform: (782.89,743.83) -> (269.74,437.48)
G1 X269.744 Y437.484
; Coordinate transform: (782.95,746.51) -> (269.77,436.48)
G1 X269.766 Y436.484
; Coordinate transform: (782.32,748.87) -> (269.53,435.60)
G1 X269.532 Y435.602
; Coordinate transform: (781.04,750.87) -> (269.06,434.86)
G1 X269.055 Y434.858
; Coordinate transform: (779.15,752.45) -> (268.35,434.27)
G1 X268.351 Y434.268
M400 ; Wait for drawing to complete
; === STOP BRUSH SEQUENCE ===
; STOP BRUSH A
G4 P50 ; Short delay before stepper command
G1 U0.000 F200.0 ; Close Brush A flow
M400 ; Wait for stepper motion to complete
M106 P2 S0 ; Brush A air off
; Z already at 84.000mm, above safe threshold of 10.000mm, no need to raise
; === END STOP BRUSH SEQUENCE ===
; === PATH END ===


; Path 47/49 (id: path47)
; WIDTH: requested=117.176mm, actual=1863.507mm, compensation=0.800
; Z HEIGHT: 84.000mm (min=4.0, max=84.0)
; PAINT FLOW: 0.500 (baseline=0.1, max=0.5)
; PAINT FLOW COMPONENTS: base=0.100, width=0.300, opacity=0.100
; FEEDRATE: 475.6 mm/min (z_factor=0.0259, speed_factor=0.765)
; WARNING: Requested stroke width 117.2mm exceeds machine capability.
; H.Airbrush cannot draw strokes wider than 6.6mm at 1mm/s minimum speed.
; Stroke width has been reduced to 6.6mm.
; ===== STROKE PARAMETERS =====
; Color: black
; Width: 117.18mm
; Opacity: 0.25
; Brush: brush_a (index 0)
T0 ; Select Brush A (Black)
; ===== AIRBRUSH SETTINGS =====
; Z-height: 84.00mm
; Paint flow: 0.50
; Feedrate: 475.6mm/min (includes Z scaling)
; Using brush: brush_a (tool 0)
; Path with Brush A (black) at Z=84.000mm
; Using: Air=P2, Flow=A axis
; Drawing Z height: 84.000mm, Travel Z height: 10.000mm
; Machine Z range: 0-84mm (Safe range: 5-80mm)
; === START BRUSH SEQUENCE ===
; START BRUSH A
; Z already at 84.000mm, above safe threshold of 10.000mm, no need to raise
T0 ; Select Tool 0 (Brush A)
G4 P500 ; Wait for tool change to complete
; === END BRUSH SEQUENCE ===
; Coordinate transform: (1528.52,174.08) -> (547.83,649.97)
G0 X547.829 Y649.974 F24000
M400 ; Wait for XY movement to complete
G1 Z84.000 F1200
M400 ; Wait for Z movement to complete
; === ACTIVATE BRUSH AT POSITION ===
; AIR ON FIRST - Important to prevent dripping
M106 P2 S1 ; Brush A air on
; PAINT ON AFTER AIR
G4 P50 ; Short delay before stepper command
G1 U2.400 F200.0 ; Set Brush A flow to 2.400mm
M400 ; Wait for stepper motion to complete
; === BRUSH ACTIVATED ===
G1 F475.56460435427675
; Coordinate transform: (1527.88,174.41) -> (547.59,649.85)
G1 X547.591 Y649.849
; Coordinate transform: (1526.94,174.91) -> (547.24,649.66)
G1 X547.240 Y649.664
; Coordinate transform: (1525.77,175.54) -> (546.80,649.43)
G1 X546.804 Y649.429
; Coordinate transform: (1524.43,176.25) -> (546.30,649.16)
G1 X546.304 Y649.163
; Coordinate transform: (1523.01,177.02) -> (545.77,648.88)
G1 X545.774 Y648.877
; Coordinate transform: (1521.49,177.82) -> (545.21,648.58)
G1 X545.207 Y648.576
; Coordinate transform: (1519.88,178.67) -> (544.61,648.26)
G1 X544.607 Y648.260
; Coordinate transform: (1518.20,179.58) -> (543.98,647.92)
G1 X543.980 Y647.921
; Coordinate transform: (1516.52,180.61) -> (543.35,647.54)
G1 X543.354 Y647.538
; Coordinate transform: (1515.07,181.71) -> (542.81,647.13)
G1 X542.813 Y647.129
; Coordinate transform: (1513.85,182.84) -> (542.36,646.71)
G1 X542.358 Y646.705
; Coordinate transform: (1512.76,184.09) -> (541.95,646.24)
G1 X541.952 Y646.241
; Coordinate transform: (1511.73,185.45) -> (541.57,645.73)
G1 X541.567 Y645.731
; Coordinate transform: (1510.74,186.93) -> (541.20,645.18)
G1 X541.198 Y645.179
; Coordinate transform: (1509.75,188.51) -> (540.83,644.59)
G1 X540.829 Y644.589
; Coordinate transform: (1508.74,190.19) -> (540.45,643.96)
G1 X540.452 Y643.964
; Coordinate transform: (1507.70,192.01) -> (540.06,643.29)
G1 X540.064 Y643.287
; Coordinate transform: (1506.58,193.99) -> (539.65,642.55)
G1 X539.647 Y642.546
; Coordinate transform: (1505.37,196.20) -> (539.20,641.72)
G1 X539.195 Y641.724
; Coordinate transform: (1504.01,198.67) -> (538.69,640.80)
G1 X538.688 Y640.802
; Coordinate transform: (1502.48,201.48) -> (538.12,639.75)
G1 X538.118 Y639.754
; Coordinate transform: (1500.71,204.71) -> (537.46,638.55)
G1 X537.457 Y638.550
; Coordinate transform: (1498.65,208.45) -> (536.69,637.15)
G1 X536.689 Y637.153
; Coordinate transform: (1496.22,212.66) -> (535.78,635.59)
G1 X535.783 Y635.586
; Coordinate transform: (1493.35,217.24) -> (534.71,633.88)
G1 X534.712 Y633.875
; Coordinate transform: (1489.98,222.16) -> (533.46,632.04)
G1 X533.456 Y632.043
; Coordinate transform: (1486.08,227.22) -> (532.00,630.15)
G1 X532.001 Y630.152
; Coordinate transform: (1481.64,232.21) -> (530.35,628.29)
G1 X530.345 Y628.292
; Coordinate transform: (1476.64,236.91) -> (528.48,626.54)
G1 X528.480 Y626.539
; Coordinate transform: (1471.04,241.20) -> (526.39,624.94)
G1 X526.392 Y624.941
; Coordinate transform: (1464.73,245.06) -> (524.04,623.50)
G1 X524.039 Y623.500
M400 ; Wait for drawing to complete
; === STOP BRUSH SEQUENCE ===
; STOP BRUSH A
G4 P50 ; Short delay before stepper command
G1 U0.000 F200.0 ; Close Brush A flow
M400 ; Wait for stepper motion to complete
M106 P2 S0 ; Brush A air off
; Z already at 84.000mm, above safe threshold of 10.000mm, no need to raise
; === END STOP BRUSH SEQUENCE ===
; === PATH END ===


; Path 48/49 (id: path48)
; WIDTH: requested=117.176mm, actual=1863.507mm, compensation=0.800
; Z HEIGHT: 84.000mm (min=4.0, max=84.0)
; PAINT FLOW: 0.500 (baseline=0.1, max=0.5)
; PAINT FLOW COMPONENTS: base=0.100, width=0.300, opacity=0.100
; FEEDRATE: 475.6 mm/min (z_factor=0.0259, speed_factor=0.765)
; WARNING: Requested stroke width 117.2mm exceeds machine capability.
; H.Airbrush cannot draw strokes wider than 6.6mm at 1mm/s minimum speed.
; Stroke width has been reduced to 6.6mm.
; ===== STROKE PARAMETERS =====
; Color: black
; Width: 117.18mm
; Opacity: 0.25
; Brush: brush_a (index 0)
T0 ; Select Brush A (Black)
; ===== AIRBRUSH SETTINGS =====
; Z-height: 84.00mm
; Paint flow: 0.50
; Feedrate: 475.6mm/min (includes Z scaling)
; Using brush: brush_a (tool 0)
; Path with Brush A (black) at Z=84.000mm
; Using: Air=P2, Flow=A axis
; Drawing Z height: 84.000mm, Travel Z height: 10.000mm
; Machine Z range: 0-84mm (Safe range: 5-80mm)
; === START BRUSH SEQUENCE ===
; START BRUSH A
; Z already at 84.000mm, above safe threshold of 10.000mm, no need to raise
T0 ; Select Tool 0 (Brush A)
G4 P500 ; Wait for tool change to complete
; === END BRUSH SEQUENCE ===
; Coordinate transform: (494.33,364.56) -> (162.12,578.93)
G0 X162.124 Y578.933 F24000
M400 ; Wait for XY movement to complete
G1 Z84.000 F1200
M400 ; Wait for Z movement to complete
; === ACTIVATE BRUSH AT POSITION ===
; AIR ON FIRST - Important to prevent dripping
M106 P2 S1 ; Brush A air on
; PAINT ON AFTER AIR
G4 P50 ; Short delay before stepper command
G1 U2.400 F200.0 ; Set Brush A flow to 2.400mm
M400 ; Wait for stepper motion to complete
; === BRUSH ACTIVATED ===
G1 F475.56460435427675
; Coordinate transform: (494.47,365.04) -> (162.18,578.75)
G1 X162.177 Y578.753
; Coordinate transform: (494.76,365.76) -> (162.29,578.48)
G1 X162.286 Y578.483
; Coordinate transform: (495.20,366.71) -> (162.45,578.13)
G1 X162.449 Y578.132
; Coordinate transform: (495.78,367.83) -> (162.67,577.71)
G1 X162.667 Y577.712
; Coordinate transform: (496.52,369.12) -> (162.94,577.23)
G1 X162.943 Y577.231
; Coordinate transform: (497.41,370.55) -> (163.28,576.70)
G1 X163.275 Y576.699
; Coordinate transform: (498.47,372.09) -> (163.67,576.12)
G1 X163.668 Y576.124
; Coordinate transform: (499.69,373.74) -> (164.12,575.51)
G1 X164.123 Y575.509
; Coordinate transform: (501.09,375.50) -> (164.65,574.85)
G1 X164.647 Y574.853
; Coordinate transform: (502.70,377.37) -> (165.25,574.15)
G1 X165.246 Y574.154
; Coordinate transform: (504.53,379.37) -> (165.93,573.41)
G1 X165.929 Y573.408
; Coordinate transform: (506.62,381.52) -> (166.71,572.61)
G1 X166.707 Y572.608
; Coordinate transform: (509.00,383.83) -> (167.60,571.74)
G1 X167.598 Y571.745
; Coordinate transform: (511.75,386.35) -> (168.62,570.80)
G1 X168.620 Y570.805
; Coordinate transform: (514.90,389.11) -> (169.80,569.78)
G1 X169.799 Y569.777
; Coordinate transform: (518.54,392.15) -> (171.15,568.64)
G1 X171.154 Y568.644
; Coordinate transform: (522.71,395.50) -> (172.71,567.39)
G1 X172.710 Y567.393
; Coordinate transform: (527.51,399.22) -> (174.50,566.00)
G1 X174.501 Y566.005
; Coordinate transform: (533.03,403.34) -> (176.56,564.47)
G1 X176.557 Y564.469
; Coordinate transform: (539.25,407.88) -> (178.88,562.78)
G1 X178.879 Y562.777
; Coordinate transform: (546.21,412.84) -> (181.48,560.93)
G1 X181.475 Y560.926
; Coordinate transform: (553.88,418.20) -> (184.33,558.93)
G1 X184.334 Y558.927
; Coordinate transform: (562.20,423.91) -> (187.44,556.80)
G1 X187.438 Y556.798
; Coordinate transform: (571.12,429.92) -> (190.76,554.56)
G1 X190.764 Y554.555
; Coordinate transform: (580.58,436.13) -> (194.29,552.24)
G1 X194.294 Y552.242
; Coordinate transform: (590.53,442.46) -> (198.00,549.88)
G1 X198.002 Y549.880
; Coordinate transform: (600.90,448.85) -> (201.87,547.50)
G1 X201.870 Y547.498
; Coordinate transform: (611.64,455.21) -> (205.87,545.12)
G1 X205.875 Y545.123
; Coordinate transform: (622.66,461.57) -> (209.99,542.75)
G1 X209.988 Y542.753
; Coordinate transform: (633.86,467.94) -> (214.16,540.38)
G1 X214.162 Y540.377
; Coordinate transform: (644.99,474.26) -> (218.31,538.02)
G1 X218.315 Y538.019
; Coordinate transform: (655.75,480.25) -> (222.33,535.78)
G1 X222.328 Y535.785
; Coordinate transform: (665.92,485.75) -> (226.12,533.74)
G1 X226.121 Y533.735
; Coordinate transform: (675.65,490.73) -> (229.75,531.88)
G1 X229.749 Y531.878
; Coordinate transform: (685.23,495.12) -> (233.32,530.24)
G1 X233.322 Y530.240
; Coordinate transform: (694.64,498.85) -> (236.83,528.85)
G1 X236.832 Y528.850
; Coordinate transform: (703.51,501.88) -> (240.14,527.72)
G1 X240.141 Y527.720
; Coordinate transform: (711.48,504.36) -> (243.11,526.79)
G1 X243.111 Y526.794
; Coordinate transform: (718.69,506.69) -> (245.80,525.92)
G1 X245.801 Y525.923
; Coordinate transform: (725.39,509.29) -> (248.30,524.95)
G1 X248.299 Y524.954
; Coordinate transform: (731.88,512.58) -> (250.72,523.73)
G1 X250.720 Y523.729
; Coordinate transform: (738.51,516.95) -> (253.19,522.10)
G1 X253.192 Y522.099
; Coordinate transform: (745.20,522.50) -> (255.69,520.03)
G1 X255.688 Y520.029
; Coordinate transform: (751.88,529.30) -> (258.18,517.49)
G1 X258.180 Y517.494
; Coordinate transform: (758.53,537.34) -> (260.66,514.49)
G1 X260.659 Y514.495
; Coordinate transform: (765.13,546.48) -> (263.12,511.09)
G1 X263.123 Y511.086
; Coordinate transform: (771.72,556.44) -> (265.58,507.37)
G1 X265.577 Y507.371
; Coordinate transform: (778.36,566.84) -> (268.05,503.49)
G1 X268.054 Y503.491
; Coordinate transform: (785.14,577.25) -> (270.59,499.61)
G1 X270.585 Y499.610
; Coordinate transform: (792.07,587.07) -> (273.17,495.95)
G1 X273.168 Y495.945
; Coordinate transform: (799.10,595.83) -> (275.79,492.68)
G1 X275.789 Y492.680
; Coordinate transform: (806.41,603.48) -> (278.52,489.83)
G1 X278.515 Y489.825
; Coordinate transform: (814.34,610.14) -> (281.47,487.34)
G1 X281.472 Y487.343
; Coordinate transform: (823.13,615.86) -> (284.75,485.21)
G1 X284.751 Y485.210
; Coordinate transform: (832.85,620.67) -> (288.38,483.42)
G1 X288.379 Y483.417
; Coordinate transform: (843.28,624.54) -> (292.27,481.97)
G1 X292.267 Y481.973
; Coordinate transform: (853.98,627.46) -> (296.26,480.88)
G1 X296.259 Y480.883
; Coordinate transform: (864.49,629.46) -> (300.18,480.14)
G1 X300.177 Y480.138
; Coordinate transform: (874.36,630.59) -> (303.86,479.72)
G1 X303.858 Y479.717
; Coordinate transform: (883.38,630.89) -> (307.22,479.61)
G1 X307.223 Y479.605
; Coordinate transform: (891.51,630.40) -> (310.26,479.79)
G1 X310.256 Y479.788
; Coordinate transform: (898.87,629.12) -> (313.00,480.26)
G1 X312.999 Y480.264
; Coordinate transform: (905.68,627.03) -> (315.54,481.04)
G1 X315.539 Y481.042
; Coordinate transform: (912.22,624.08) -> (317.98,482.14)
G1 X317.978 Y482.143
; Coordinate transform: (918.74,620.20) -> (320.41,483.59)
G1 X320.412 Y483.592
; Coordinate transform: (925.50,615.28) -> (322.93,485.43)
G1 X322.933 Y485.427
; Coordinate transform: (932.68,609.19) -> (325.61,487.70)
G1 X325.611 Y487.696
; Coordinate transform: (940.37,601.94) -> (328.48,490.40)
G1 X328.478 Y490.400
; Coordinate transform: (948.59,593.53) -> (331.54,493.54)
G1 X331.541 Y493.539
; Coordinate transform: (957.17,584.12) -> (334.74,497.05)
G1 X334.744 Y497.046
; Coordinate transform: (965.85,573.98) -> (337.98,500.83)
G1 X337.978 Y500.828
; Coordinate transform: (974.19,563.44) -> (341.09,504.76)
G1 X341.092 Y504.759
; Coordinate transform: (981.81,552.82) -> (343.93,508.72)
G1 X343.934 Y508.722
; Coordinate transform: (988.37,542.31) -> (346.38,512.64)
G1 X346.378 Y512.640
; Coordinate transform: (993.68,532.00) -> (348.36,516.49)
G1 X348.358 Y516.486
; Coordinate transform: (997.65,521.88) -> (349.84,520.26)
G1 X349.840 Y520.261
; Coordinate transform: (1000.33,511.85) -> (350.84,524.00)
G1 X350.839 Y524.001
; Coordinate transform: (1001.91,501.79) -> (351.43,527.75)
G1 X351.429 Y527.753
; Coordinate transform: (1002.74,491.71) -> (351.74,531.51)
G1 X351.738 Y531.511
; Coordinate transform: (1003.13,481.82) -> (351.88,535.20)
G1 X351.884 Y535.199
; Coordinate transform: (1003.31,472.42) -> (351.95,538.71)
G1 X351.951 Y538.705
; Coordinate transform: (1003.55,463.83) -> (352.04,541.91)
G1 X352.040 Y541.910
; Coordinate transform: (1003.99,456.20) -> (352.20,544.76)
G1 X352.204 Y544.756
; Coordinate transform: (1004.73,449.57) -> (352.48,547.23)
G1 X352.480 Y547.227
; Coordinate transform: (1005.88,443.93) -> (352.91,549.33)
G1 X352.909 Y549.332
; Coordinate transform: (1007.52,439.20) -> (353.52,551.09)
G1 X353.521 Y551.094
; Coordinate transform: (1009.77,435.33) -> (354.36,552.54)
G1 X354.360 Y552.538
M400 ; Wait for drawing to complete
; === STOP BRUSH SEQUENCE ===
; STOP BRUSH A
G4 P50 ; Short delay before stepper command
G1 U0.000 F200.0 ; Close Brush A flow
M400 ; Wait for stepper motion to complete
M106 P2 S0 ; Brush A air off
; Z already at 84.000mm, above safe threshold of 10.000mm, no need to raise
; === END STOP BRUSH SEQUENCE ===
; === PATH END ===


; Path 49/49 (id: path49)
; WIDTH: requested=117.176mm, actual=1863.507mm, compensation=0.800
; Z HEIGHT: 84.000mm (min=4.0, max=84.0)
; PAINT FLOW: 0.500 (baseline=0.1, max=0.5)
; PAINT FLOW COMPONENTS: base=0.100, width=0.300, opacity=0.100
; FEEDRATE: 475.6 mm/min (z_factor=0.0259, speed_factor=0.765)
; WARNING: Requested stroke width 117.2mm exceeds machine capability.
; H.Airbrush cannot draw strokes wider than 6.6mm at 1mm/s minimum speed.
; Stroke width has been reduced to 6.6mm.
; ===== STROKE PARAMETERS =====
; Color: black
; Width: 117.18mm
; Opacity: 0.25
; Brush: brush_a (index 0)
T0 ; Select Brush A (Black)
; ===== AIRBRUSH SETTINGS =====
; Z-height: 84.00mm
; Paint flow: 0.50
; Feedrate: 475.6mm/min (includes Z scaling)
; Using brush: brush_a (tool 0)
; Path with Brush A (black) at Z=84.000mm
; Using: Air=P2, Flow=A axis
; Drawing Z height: 84.000mm, Travel Z height: 10.000mm
; Machine Z range: 0-84mm (Safe range: 5-80mm)
; === START BRUSH SEQUENCE ===
; START BRUSH A
; Z already at 84.000mm, above safe threshold of 10.000mm, no need to raise
T0 ; Select Tool 0 (Brush A)
G4 P500 ; Wait for tool change to complete
; === END BRUSH SEQUENCE ===
; Coordinate transform: (1098.35,1254.34) -> (387.40,247.09)
G0 X387.396 Y247.087 F24000
M400 ; Wait for XY movement to complete
G1 Z84.000 F1200
M400 ; Wait for Z movement to complete
; === ACTIVATE BRUSH AT POSITION ===
; AIR ON FIRST - Important to prevent dripping
M106 P2 S1 ; Brush A air on
; PAINT ON AFTER AIR
G4 P50 ; Short delay before stepper command
G1 U2.400 F200.0 ; Set Brush A flow to 2.400mm
M400 ; Wait for stepper motion to complete
; === BRUSH ACTIVATED ===
G1 F475.56460435427675
; Coordinate transform: (1098.47,1254.72) -> (387.44,246.95)
G1 X387.441 Y246.945
; Coordinate transform: (1098.87,1255.29) -> (387.59,246.73)
G1 X387.590 Y246.732
; Coordinate transform: (1099.54,1256.01) -> (387.84,246.46)
G1 X387.840 Y246.464
; Coordinate transform: (1100.49,1256.87) -> (388.19,246.14)
G1 X388.194 Y246.143
; Coordinate transform: (1101.70,1257.84) -> (388.65,245.78)
G1 X388.646 Y245.781
; Coordinate transform: (1103.17,1258.94) -> (389.19,245.37)
G1 X389.194 Y245.371
; Coordinate transform: (1104.89,1260.17) -> (389.84,244.91)
G1 X389.835 Y244.912
M400 ; Wait for drawing to complete
; === STOP BRUSH SEQUENCE ===
; STOP BRUSH A
G4 P50 ; Short delay before stepper command
G1 U0.000 F200.0 ; Close Brush A flow
M400 ; Wait for stepper motion to complete
M106 P2 S0 ; Brush A air off
; Z already at 84.000mm, above safe threshold of 10.000mm, no need to raise
; === END STOP BRUSH SEQUENCE ===
; === PATH END ===



; End of G-code
G0 Z20 F1200 ; Raise Z
G0 X0 Y0 F24000 ; Return to origin
G1 U0.000 F200.0 ; Close Brush A flow
G1 V0.000 F200.0 ; Close Brush B flow
M400 ; Wait for stepper motion to complete
M106 P2 S0 ; Brush A air off
M106 P3 S0 ; Brush B air off
M18 ; Disable all motors to prevent overheating
; ===== DRAWING DIMENSIONS =====
; Drawing bounds: X0.0-688.2, Y0.0-680.5
; Width: 688.2mm, Height: 680.5mm
; Machine utilization: 99.0% width, 63.0% height
; ===========================