; Auto-scaling disabled
; SVG width: 1992.0
; SVG height: 1992.0
; Machine working envelope: X0-695 Y0-1080
; User scale factor: 1.0
; User offset: X0.000 Y0.000
; H.Airbrush Dual-Airbrush Plotter G-code
; Generated by H.Airbrush Extension
; IMPORTANT: G28 invokes the machine's homing macro - do not home individual axes
; Maximum feed rates: X/Y: 24000 mm/min, Z: 1200 mm/min
; MOTOR CONTROL: M17 enables motors, M18 disables motors to prevent overheating
; FLOW CONTROL: U/V axis stepper motors (0.0-4.0mm range)
; AIR/PAINT SEQUENCE: Air ON first, then Paint ON; Paint OFF first, then Air OFF
G90 ; Set absolute positioning
G21 ; Set units to millimeters
G17 ; Set working plane to X-Y (G17 = X-Y, G18 = X-Z, G19 = Y-Z)
M17 ; Enable all motors
M84 S0 ; Disable stepper timeout
; Coordinate system: X right, Y forward, Z up

; MACHINE INITIALIZATION
M451 ; CNC mode
G17 ; X-Y plane
G21 ; mm units
G90 ; Absolute positioning
M17 ; Enable all motors
M564 H1 S1 ; Enforce soft limits and require homing
G28 ; Home X, Y, Z axes
G28 U ; Home U axis (Brush A flow control)
G28 V ; Home V axis (Brush B flow control)
G0 Z10.000 F1200 ; Raise Z to safe height
M400 ; Wait for Z movement to complete
G92 Z10.000 ; Set Z height
M84 S0 ; No stepper timeout
; ===== AIRBRUSH SYSTEM INITIALIZATION =====
; 1. Turn off all air solenoids
M106 P2 S0 ; Brush A air off
M106 P3 S0 ; Brush B air off
G4 P500 ; Wait for air to stop completely
; 2. Ensure U and V axes are at minimum position (closed)
G1 U0.000 F200.0 ; Close Brush A flow
G1 V0.000 F200.0 ; Close Brush B flow
M400 ; Wait for stepper motion to complete
; --- Tool Selection ---
T0 ; Select Tool 0 (Brush A) as the default tool
G4 P500 ; Wait for tool selection to complete
; STEPPER AND FAN CONFIGURATION:
; - Brush A: Air=Fan2, Flow=U axis (range: 0.0-4.0mm, OFF=0.0mm, FULL ON=4.0mm)
; - Brush B: Air=Fan3, Flow=V axis (range: 0.0-4.0mm, OFF=0.0mm, FULL ON=4.0mm)
; - Lower 20% of travel (0.0-0.8mm) is effectively OFF (dead zone)
; - U/V axis feedrate: 200 mm/min for smooth flow control
; TOOL SELECTION:
; - Tool 0 = Brush A (Primary Airbrush)
; - Tool 1 = Brush B (Secondary Airbrush)
; - Tool offsets are configured in RepRapFirmware's config.g using G10
; - Switching tools automatically applies the configured offset
; - Soft limits temporarily disabled when using Tool 1
; SAFETY MEASURES:
; - Brush activation only happens after XY positioning and Z lowering
; - Using M400 to ensure all moves complete before next action
; - Air turned on before paint to prevent dripping
; - Paint turned off before air to prevent dripping
; Z TRAVEL OPTIMIZATION:
; - Safe Z threshold: 10.0mm
; - Travel Z height: 10.0mm
; - Z will only be raised for travel if below the safe threshold
; ===== END AIRBRUSH SYSTEM INITIALIZATION =====

; Source SVG: tmpe5cm5xvk.svg
; Paths: 49
; Base Z height: 2.0mm
; Base feedrate: 24000mm/min
; Simplification: No
; Curve resolution: 20
; Debug markers: Yes
; Auto-scaling: Disabled
; Manual scale factor: 1.0

; Path 1/49 (id: path1)
; WIDTH: requested=117.176mm, actual=117.176mm, compensation=1.000
; Z HEIGHT: 84.000mm (min=4.0, max=84.0)
; PAINT FLOW: 0.500 (baseline=0.1, max=0.5)
; PAINT FLOW COMPONENTS: base=0.100, width=0.300, opacity=0.100
; FEEDRATE: 594.5 mm/min (z_factor=0.0259, speed_factor=0.956)
; WARNING: Requested stroke width 117.2mm exceeds machine capability.
; H.Airbrush cannot draw strokes wider than 6.6mm at 1mm/s minimum speed.
; Stroke width has been reduced to 6.6mm.
; ===== STROKE PARAMETERS =====
; Color: black
; Width: 117.18mm
; Opacity: 0.25
; Brush: brush_a (index 0)
T0 ; Select Brush A (Black)
; ===== AIRBRUSH SETTINGS =====
; Z-height: 84.00mm
; Paint flow: 0.50
; Feedrate: 594.5mm/min (includes Z scaling)
; Using brush: brush_a (tool 0)
; Path with Brush A (black) at Z=84.000mm
; Using: Air=P2, Flow=A axis
; Drawing Z height: 84.000mm, Travel Z height: 10.000mm
; Machine Z range: 0-84mm (Safe range: 5-80mm)
; === START BRUSH SEQUENCE ===
; START BRUSH A
; Z already at 10.000mm, above safe threshold of 10.000mm, no need to raise
T0 ; Select Tool 0 (Brush A)
G4 P500 ; Wait for tool change to complete
; === END BRUSH SEQUENCE ===
; Coordinate transform: (756.30,829.27) -> (756.30,1162.73)
G0 X756.296 Y1162.726 F24000
M400 ; Wait for XY movement to complete
G1 Z84.000 F1200
M400 ; Wait for Z movement to complete
; === ACTIVATE BRUSH AT POSITION ===
; AIR ON FIRST - Important to prevent dripping
M106 P2 S1 ; Brush A air on
; PAINT ON AFTER AIR
G4 P50 ; Short delay before stepper command
G1 U2.400 F200.0 ; Set Brush A flow to 2.400mm
M400 ; Wait for stepper motion to complete
; === BRUSH ACTIVATED ===
G1 F594.4557554428459
; Coordinate transform: (756.57,829.05) -> (756.57,1162.95)
G1 X756.574 Y1162.951
; Coordinate transform: (756.98,828.72) -> (756.98,1163.28)
G1 X756.980 Y1163.279
; Coordinate transform: (757.51,828.29) -> (757.51,1163.71)
G1 X757.508 Y1163.706
; Coordinate transform: (758.15,827.77) -> (758.15,1164.22)
G1 X758.153 Y1164.225
; Coordinate transform: (758.91,827.17) -> (758.91,1164.83)
G1 X758.911 Y1164.831
; Coordinate transform: (759.78,826.48) -> (759.78,1165.52)
G1 X759.776 Y1165.518
; Coordinate transform: (760.75,825.71) -> (760.75,1166.29)
G1 X760.747 Y1166.292
; Coordinate transform: (761.84,824.84) -> (761.84,1167.16)
G1 X761.844 Y1167.165
; Coordinate transform: (763.09,823.84) -> (763.09,1168.16)
G1 X763.087 Y1168.161
; Coordinate transform: (764.51,822.69) -> (764.51,1169.31)
G1 X764.508 Y1169.313
; Coordinate transform: (766.14,821.34) -> (766.14,1170.66)
G1 X766.145 Y1170.659
; Coordinate transform: (768.04,819.76) -> (768.04,1172.24)
G1 X768.044 Y1172.238
; Coordinate transform: (770.28,817.89) -> (770.28,1174.11)
G1 X770.277 Y1174.109
; Coordinate transform: (772.93,815.67) -> (772.93,1176.33)
G1 X772.929 Y1176.329
; Coordinate transform: (776.10,813.03) -> (776.10,1178.97)
G1 X776.095 Y1178.972
; Coordinate transform: (779.90,809.87) -> (779.90,1182.13)
G1 X779.899 Y1182.135
; Coordinate transform: (784.42,806.09) -> (784.42,1185.91)
G1 X784.425 Y1185.910
; Coordinate transform: (789.78,801.60) -> (789.78,1190.40)
G1 X789.779 Y1190.401
; Coordinate transform: (796.08,796.35) -> (796.08,1195.65)
G1 X796.076 Y1195.648
; Coordinate transform: (803.32,790.33) -> (803.32,1201.67)
G1 X803.316 Y1201.674
; Coordinate transform: (811.48,783.52) -> (811.48,1208.48)
G1 X811.481 Y1208.476
; Coordinate transform: (820.41,776.08) -> (820.41,1215.92)
G1 X820.412 Y1215.916
; Coordinate transform: (829.94,768.15) -> (829.94,1223.85)
G1 X829.940 Y1223.852
; Coordinate transform: (839.83,759.91) -> (839.83,1232.09)
G1 X839.825 Y1232.090
; Coordinate transform: (849.89,751.51) -> (849.89,1240.49)
G1 X849.892 Y1240.492
; Coordinate transform: (860.02,743.07) -> (860.02,1248.93)
G1 X860.017 Y1248.930
; Coordinate transform: (870.11,734.68) -> (870.11,1257.32)
G1 X870.112 Y1257.322
; Coordinate transform: (880.13,726.36) -> (880.13,1265.64)
G1 X880.133 Y1265.639
; Coordinate transform: (890.08,718.14) -> (890.08,1273.86)
G1 X890.078 Y1273.858
; Coordinate transform: (899.92,710.01) -> (899.92,1281.99)
G1 X899.923 Y1281.987
; Coordinate transform: (909.65,702.01) -> (909.65,1289.99)
G1 X909.646 Y1289.990
; Coordinate transform: (919.24,694.14) -> (919.24,1297.86)
G1 X919.235 Y1297.863
; Coordinate transform: (928.69,686.38) -> (928.69,1305.62)
G1 X928.693 Y1305.621
; Coordinate transform: (938.04,678.70) -> (938.04,1313.30)
G1 X938.038 Y1313.305
; Coordinate transform: (947.29,671.04) -> (947.29,1320.96)
G1 X947.289 Y1320.959
; Coordinate transform: (956.43,663.40) -> (956.43,1328.60)
G1 X956.428 Y1328.601
; Coordinate transform: (965.44,655.78) -> (965.44,1336.22)
G1 X965.442 Y1336.223
; Coordinate transform: (974.36,648.20) -> (974.36,1343.80)
G1 X974.362 Y1343.800
; Coordinate transform: (983.21,640.67) -> (983.21,1351.33)
G1 X983.208 Y1351.326
; Coordinate transform: (992.01,633.20) -> (992.01,1358.80)
G1 X992.010 Y1358.797
; Coordinate transform: (1000.77,625.78) -> (1000.77,1366.22)
G1 X1000.770 Y1366.218
; Coordinate transform: (1009.48,618.42) -> (1009.48,1373.58)
G1 X1009.480 Y1373.584
; Coordinate transform: (1018.13,611.11) -> (1018.13,1380.89)
G1 X1018.130 Y1380.889
; Coordinate transform: (1026.71,603.86) -> (1026.71,1388.14)
G1 X1026.710 Y1388.139
; Coordinate transform: (1035.25,596.65) -> (1035.25,1395.35)
G1 X1035.250 Y1395.346
; Coordinate transform: (1043.73,589.49) -> (1043.73,1402.51)
G1 X1043.730 Y1402.514
; Coordinate transform: (1052.16,582.36) -> (1052.16,1409.64)
G1 X1052.160 Y1409.643
; Coordinate transform: (1060.54,575.28) -> (1060.54,1416.72)
G1 X1060.540 Y1416.723
; Coordinate transform: (1068.86,568.25) -> (1068.86,1423.75)
G1 X1068.860 Y1423.752
; Coordinate transform: (1077.10,561.27) -> (1077.10,1430.73)
G1 X1077.100 Y1430.730
; Coordinate transform: (1085.27,554.34) -> (1085.27,1437.66)
G1 X1085.270 Y1437.657
; Coordinate transform: (1093.38,547.45) -> (1093.38,1444.55)
G1 X1093.380 Y1444.548
; Coordinate transform: (1101.41,540.63) -> (1101.41,1451.37)
G1 X1101.410 Y1451.373
; Coordinate transform: (1109.29,533.92) -> (1109.29,1458.08)
G1 X1109.290 Y1458.078
; Coordinate transform: (1116.92,527.44) -> (1116.92,1464.56)
G1 X1116.920 Y1464.556
; Coordinate transform: (1124.02,521.40) -> (1124.02,1470.60)
G1 X1124.020 Y1470.602
; Coordinate transform: (1130.57,515.81) -> (1130.57,1476.19)
G1 X1130.570 Y1476.193
; Coordinate transform: (1136.45,510.74) -> (1136.45,1481.26)
G1 X1136.450 Y1481.264
; Coordinate transform: (1141.55,506.20) -> (1141.55,1485.80)
G1 X1141.550 Y1485.798
; Coordinate transform: (1145.84,502.19) -> (1145.84,1489.81)
G1 X1145.840 Y1489.805
; Coordinate transform: (1149.34,498.66) -> (1149.34,1493.34)
G1 X1149.340 Y1493.336
; Coordinate transform: (1152.07,495.54) -> (1152.07,1496.46)
G1 X1152.070 Y1496.457
; Coordinate transform: (1154.10,492.78) -> (1154.10,1499.22)
G1 X1154.100 Y1499.218
; Coordinate transform: (1155.48,490.32) -> (1155.48,1501.67)
G1 X1155.480 Y1501.675
; Coordinate transform: (1156.27,488.11) -> (1156.27,1503.89)
G1 X1156.270 Y1503.886
; Coordinate transform: (1156.51,486.09) -> (1156.51,1505.91)
G1 X1156.510 Y1505.914
; Coordinate transform: (1156.25,484.17) -> (1156.25,1507.83)
G1 X1156.250 Y1507.827
; Coordinate transform: (1155.49,482.32) -> (1155.49,1509.68)
G1 X1155.490 Y1509.678
; Coordinate transform: (1154.23,480.49) -> (1154.23,1511.51)
G1 X1154.230 Y1511.509
; Coordinate transform: (1152.47,478.64) -> (1152.47,1513.36)
G1 X1152.470 Y1513.356
; Coordinate transform: (1150.18,476.75) -> (1150.18,1515.25)
G1 X1150.180 Y1515.254
; Coordinate transform: (1147.30,474.75) -> (1147.30,1517.25)
G1 X1147.300 Y1517.246
; Coordinate transform: (1143.75,472.62) -> (1143.75,1519.38)
G1 X1143.750 Y1519.380
; Coordinate transform: (1139.37,470.29) -> (1139.37,1521.71)
G1 X1139.370 Y1521.711
; Coordinate transform: (1134.01,467.69) -> (1134.01,1524.31)
G1 X1134.010 Y1524.307
; Coordinate transform: (1127.46,464.77) -> (1127.46,1527.22)
G1 X1127.460 Y1527.225
; Coordinate transform: (1119.47,461.51) -> (1119.47,1530.49)
G1 X1119.470 Y1530.487
; Coordinate transform: (1109.95,457.95) -> (1109.95,1534.05)
G1 X1109.950 Y1534.045
; Coordinate transform: (1098.89,454.22) -> (1098.89,1537.78)
G1 X1098.890 Y1537.777
; Coordinate transform: (1086.45,450.56) -> (1086.45,1541.44)
G1 X1086.450 Y1541.443
; Coordinate transform: (1072.99,447.22) -> (1072.99,1544.78)
G1 X1072.990 Y1544.783
; Coordinate transform: (1058.98,444.37) -> (1058.98,1547.63)
G1 X1058.980 Y1547.628
; Coordinate transform: (1044.99,442.13) -> (1044.99,1549.87)
G1 X1044.990 Y1549.872
; Coordinate transform: (1031.45,440.52) -> (1031.45,1551.48)
G1 X1031.450 Y1551.477
; Coordinate transform: (1018.58,439.55) -> (1018.58,1552.45)
G1 X1018.580 Y1552.446
; Coordinate transform: (1006.58,439.16) -> (1006.58,1552.84)
G1 X1006.580 Y1552.842
; Coordinate transform: (995.49,439.26) -> (995.49,1552.74)
G1 X995.493 Y1552.740
; Coordinate transform: (985.07,439.81) -> (985.07,1552.19)
G1 X985.071 Y1552.191
; Coordinate transform: (974.98,440.83) -> (974.98,1551.17)
G1 X974.975 Y1551.172
; Coordinate transform: (965.05,442.30) -> (965.05,1549.70)
G1 X965.051 Y1549.704
; Coordinate transform: (955.28,444.13) -> (955.28,1547.87)
G1 X955.282 Y1547.871
; Coordinate transform: (945.79,446.15) -> (945.79,1545.85)
G1 X945.790 Y1545.851
; Coordinate transform: (936.54,448.31) -> (936.54,1543.69)
G1 X936.544 Y1543.690
; Coordinate transform: (927.30,450.71) -> (927.30,1541.29)
G1 X927.304 Y1541.287
; Coordinate transform: (917.38,453.77) -> (917.38,1538.23)
G1 X917.382 Y1538.232
; Coordinate transform: (906.18,457.83) -> (906.18,1534.16)
G1 X906.177 Y1534.165
; Coordinate transform: (893.61,462.88) -> (893.61,1529.12)
G1 X893.607 Y1529.115
; Coordinate transform: (880.27,468.52) -> (880.27,1523.48)
G1 X880.267 Y1523.480
; Coordinate transform: (866.40,474.68) -> (866.40,1517.32)
G1 X866.401 Y1517.321
; Coordinate transform: (852.09,481.24) -> (852.09,1510.76)
G1 X852.087 Y1510.765
; Coordinate transform: (837.70,487.77) -> (837.70,1504.23)
G1 X837.701 Y1504.230
; Coordinate transform: (823.37,493.78) -> (823.37,1498.22)
G1 X823.370 Y1498.221
; Coordinate transform: (808.92,499.23) -> (808.92,1492.77)
G1 X808.920 Y1492.767
; Coordinate transform: (794.65,504.35) -> (794.65,1487.65)
G1 X794.650 Y1487.654
; Coordinate transform: (780.63,509.36) -> (780.63,1482.64)
G1 X780.628 Y1482.640
; Coordinate transform: (766.63,514.52) -> (766.63,1477.48)
G1 X766.633 Y1477.478
; Coordinate transform: (752.76,519.88) -> (752.76,1472.12)
G1 X752.762 Y1472.123
; Coordinate transform: (739.38,525.33) -> (739.38,1466.67)
G1 X739.383 Y1466.671
; Coordinate transform: (726.87,530.78) -> (726.87,1461.22)
G1 X726.871 Y1461.217
; Coordinate transform: (715.31,536.24) -> (715.31,1455.76)
G1 X715.306 Y1455.761
; Coordinate transform: (704.40,541.80) -> (704.40,1450.20)
G1 X704.404 Y1450.196
; Coordinate transform: (693.84,547.68) -> (693.84,1444.32)
G1 X693.842 Y1444.322
; Coordinate transform: (683.82,554.00) -> (683.82,1438.00)
G1 X683.819 Y1438.001
; Coordinate transform: (674.38,560.93) -> (674.38,1431.07)
G1 X674.378 Y1431.067
; Coordinate transform: (665.35,568.51) -> (665.35,1423.49)
G1 X665.352 Y1423.492
; Coordinate transform: (656.35,576.49) -> (656.35,1415.51)
G1 X656.352 Y1415.513
; Coordinate transform: (647.24,584.48) -> (647.24,1407.52)
G1 X647.235 Y1407.519
; Coordinate transform: (638.05,592.09) -> (638.05,1399.91)
G1 X638.053 Y1399.909
; Coordinate transform: (628.84,599.16) -> (628.84,1392.84)
G1 X628.837 Y1392.835
; Coordinate transform: (619.59,605.65) -> (619.59,1386.35)
G1 X619.586 Y1386.349
; Coordinate transform: (610.26,611.64) -> (610.26,1380.36)
G1 X610.265 Y1380.360
; Coordinate transform: (600.82,617.24) -> (600.82,1374.76)
G1 X600.824 Y1374.759
; Coordinate transform: (591.20,622.56) -> (591.20,1369.44)
G1 X591.204 Y1369.443
; Coordinate transform: (581.41,627.67) -> (581.41,1364.33)
G1 X581.408 Y1364.329
; Coordinate transform: (571.43,632.65) -> (571.43,1359.35)
G1 X571.434 Y1359.349
; Coordinate transform: (561.28,637.50) -> (561.28,1354.50)
G1 X561.283 Y1354.499
; Coordinate transform: (551.00,642.20) -> (551.00,1349.80)
G1 X550.999 Y1349.800
; Coordinate transform: (540.60,646.75) -> (540.60,1345.25)
G1 X540.597 Y1345.248
; Coordinate transform: (530.09,651.16) -> (530.09,1340.84)
G1 X530.088 Y1340.841
; Coordinate transform: (519.51,655.41) -> (519.51,1336.59)
G1 X519.508 Y1336.587
; Coordinate transform: (508.90,659.50) -> (508.90,1332.50)
G1 X508.896 Y1332.504
; Coordinate transform: (498.28,663.39) -> (498.28,1328.61)
G1 X498.277 Y1328.609
; Coordinate transform: (487.66,667.09) -> (487.66,1324.91)
G1 X487.661 Y1324.908
; Coordinate transform: (477.05,670.62) -> (477.05,1321.38)
G1 X477.051 Y1321.379
; Coordinate transform: (466.44,674.00) -> (466.44,1317.99)
G1 X466.436 Y1317.995
; Coordinate transform: (455.78,677.27) -> (455.78,1314.73)
G1 X455.779 Y1314.731
; Coordinate transform: (445.06,680.42) -> (445.06,1311.58)
G1 X445.056 Y1311.583
; Coordinate transform: (434.26,683.45) -> (434.26,1308.55)
G1 X434.256 Y1308.547
; Coordinate transform: (423.37,686.38) -> (423.37,1305.62)
G1 X423.367 Y1305.620
; Coordinate transform: (412.37,689.21) -> (412.37,1302.79)
G1 X412.371 Y1302.786
; Coordinate transform: (401.28,691.97) -> (401.28,1300.03)
G1 X401.283 Y1300.034
; Coordinate transform: (390.14,694.66) -> (390.14,1297.34)
G1 X390.136 Y1297.342
; Coordinate transform: (378.96,697.31) -> (378.96,1294.69)
G1 X378.957 Y1294.693
; Coordinate transform: (367.76,699.94) -> (367.76,1292.06)
G1 X367.765 Y1292.062
; Coordinate transform: (356.58,702.56) -> (356.58,1289.44)
G1 X356.577 Y1289.442
; Coordinate transform: (345.39,705.17) -> (345.39,1286.83)
G1 X345.394 Y1286.830
; Coordinate transform: (334.21,707.76) -> (334.21,1284.24)
G1 X334.206 Y1284.242
; Coordinate transform: (323.00,710.31) -> (323.00,1281.69)
G1 X322.996 Y1281.687
; Coordinate transform: (311.76,712.82) -> (311.76,1279.18)
G1 X311.760 Y1279.178
; Coordinate transform: (300.49,715.28) -> (300.49,1276.72)
G1 X300.492 Y1276.724
; Coordinate transform: (289.16,717.67) -> (289.16,1274.33)
G1 X289.164 Y1274.326
; Coordinate transform: (277.75,720.01) -> (277.75,1271.99)
G1 X277.753 Y1271.991
; Coordinate transform: (266.29,722.27) -> (266.29,1269.73)
G1 X266.285 Y1269.727
; Coordinate transform: (254.84,724.48) -> (254.84,1267.52)
G1 X254.837 Y1267.519
; Coordinate transform: (243.46,726.66) -> (243.46,1265.34)
G1 X243.461 Y1265.343
; Coordinate transform: (232.17,728.81) -> (232.17,1263.19)
G1 X232.170 Y1263.190
; Coordinate transform: (220.95,730.96) -> (220.95,1261.04)
G1 X220.948 Y1261.043
; Coordinate transform: (209.78,733.12) -> (209.78,1258.88)
G1 X209.776 Y1258.882
; Coordinate transform: (198.66,735.31) -> (198.66,1256.69)
G1 X198.660 Y1256.686
; Coordinate transform: (187.60,737.55) -> (187.60,1254.45)
G1 X187.602 Y1254.451
; Coordinate transform: (176.58,739.81) -> (176.58,1252.19)
G1 X176.582 Y1252.194
; Coordinate transform: (165.56,742.07) -> (165.56,1249.93)
G1 X165.555 Y1249.933
; Coordinate transform: (154.48,744.33) -> (154.48,1247.67)
G1 X154.483 Y1247.675
; Coordinate transform: (143.37,746.58) -> (143.37,1245.42)
G1 X143.368 Y1245.420
; Coordinate transform: (132.32,748.83) -> (132.32,1243.17)
G1 X132.322 Y1243.170
; Coordinate transform: (121.68,751.07) -> (121.68,1240.93)
G1 X121.679 Y1240.926
; Coordinate transform: (112.95,753.32) -> (112.95,1238.68)
G1 X112.954 Y1238.684
; Coordinate transform: (107.59,755.57) -> (107.59,1236.43)
G1 X107.588 Y1236.431
; Coordinate transform: (105.42,757.82) -> (105.42,1234.18)
G1 X105.418 Y1234.182
; Coordinate transform: (106.28,760.08) -> (106.28,1231.92)
G1 X106.283 Y1231.923
; Coordinate transform: (110.03,762.39) -> (110.03,1229.61)
G1 X110.030 Y1229.611
; Coordinate transform: (116.51,764.85) -> (116.51,1227.15)
G1 X116.507 Y1227.148
; Coordinate transform: (125.03,767.62) -> (125.03,1224.38)
G1 X125.032 Y1224.378
; Coordinate transform: (134.38,770.80) -> (134.38,1221.20)
G1 X134.380 Y1221.204
; Coordinate transform: (143.65,774.49) -> (143.65,1217.51)
G1 X143.650 Y1217.509
; Coordinate transform: (152.80,778.82) -> (152.80,1213.18)
G1 X152.798 Y1213.179
; Coordinate transform: (161.92,783.86) -> (161.92,1208.14)
G1 X161.918 Y1208.137
; Coordinate transform: (171.15,789.65) -> (171.15,1202.35)
G1 X171.150 Y1202.349
; Coordinate transform: (180.53,796.18) -> (180.53,1195.82)
G1 X180.532 Y1195.819
; Coordinate transform: (190.03,803.35) -> (190.03,1188.65)
G1 X190.032 Y1188.646
; Coordinate transform: (199.58,811.05) -> (199.58,1180.95)
G1 X199.583 Y1180.954
; Coordinate transform: (209.13,819.11) -> (209.13,1172.89)
G1 X209.135 Y1172.890
; Coordinate transform: (218.68,827.42) -> (218.68,1164.58)
G1 X218.675 Y1164.581
; Coordinate transform: (228.21,835.86) -> (228.21,1156.14)
G1 X228.208 Y1156.137
; Coordinate transform: (237.67,844.34) -> (237.67,1147.66)
G1 X237.671 Y1147.660
; Coordinate transform: (247.00,852.75) -> (247.00,1139.25)
G1 X247.000 Y1139.252
; Coordinate transform: (256.17,861.04) -> (256.17,1130.96)
G1 X256.171 Y1130.959
; Coordinate transform: (265.21,869.21) -> (265.21,1122.79)
G1 X265.211 Y1122.793
; Coordinate transform: (274.16,877.26) -> (274.16,1114.74)
G1 X274.163 Y1114.740
; Coordinate transform: (283.03,885.22) -> (283.03,1106.78)
G1 X283.028 Y1106.782
; Coordinate transform: (291.80,893.08) -> (291.80,1098.92)
G1 X291.796 Y1098.924
; Coordinate transform: (300.45,900.85) -> (300.45,1091.15)
G1 X300.454 Y1091.150
; Coordinate transform: (308.99,908.53) -> (308.99,1083.47)
G1 X308.989 Y1083.466
; Coordinate transform: (317.40,916.15) -> (317.40,1075.85)
G1 X317.398 Y1075.851
; Coordinate transform: (325.64,923.69) -> (325.64,1068.31)
G1 X325.637 Y1068.314
; Coordinate transform: (333.68,931.15) -> (333.68,1060.85)
G1 X333.677 Y1060.852
; Coordinate transform: (341.49,938.52) -> (341.49,1053.48)
G1 X341.493 Y1053.481
; Coordinate transform: (349.09,945.82) -> (349.09,1046.18)
G1 X349.094 Y1046.184
; Coordinate transform: (356.50,953.04) -> (356.50,1038.95)
G1 X356.505 Y1038.955
; Coordinate transform: (363.75,960.23) -> (363.75,1031.77)
G1 X363.752 Y1031.774
; Coordinate transform: (370.86,967.36) -> (370.86,1024.64)
G1 X370.860 Y1024.642
; Coordinate transform: (377.84,974.47) -> (377.84,1017.53)
G1 X377.840 Y1017.531
; Coordinate transform: (384.70,981.57) -> (384.70,1010.43)
G1 X384.704 Y1010.429
; Coordinate transform: (391.46,988.71) -> (391.46,1003.29)
G1 X391.456 Y1003.291
; Coordinate transform: (398.10,995.90) -> (398.10,996.10)
G1 X398.102 Y996.099
; Coordinate transform: (404.65,1003.20) -> (404.65,988.80)
G1 X404.649 Y988.800
; Coordinate transform: (411.09,1010.58) -> (411.09,981.42)
G1 X411.093 Y981.420
; Coordinate transform: (417.43,1018.04) -> (417.43,973.96)
G1 X417.431 Y973.960
; Coordinate transform: (423.65,1025.55) -> (423.65,966.45)
G1 X423.655 Y966.450
; Coordinate transform: (429.78,1033.10) -> (429.78,958.90)
G1 X429.778 Y958.900
; Coordinate transform: (435.78,1040.71) -> (435.78,951.29)
G1 X435.782 Y951.290
; Coordinate transform: (441.66,1048.42) -> (441.66,943.58)
G1 X441.661 Y943.580
; Coordinate transform: (447.43,1056.27) -> (447.43,935.73)
G1 X447.428 Y935.730
; Coordinate transform: (453.10,1064.34) -> (453.10,927.66)
G1 X453.099 Y927.660
; Coordinate transform: (458.70,1072.61) -> (458.70,919.39)
G1 X458.700 Y919.390
; Coordinate transform: (464.23,1081.07) -> (464.23,910.93)
G1 X464.232 Y910.930
; Coordinate transform: (469.68,1089.69) -> (469.68,902.31)
G1 X469.680 Y902.310
; Coordinate transform: (475.04,1098.47) -> (475.04,893.53)
G1 X475.044 Y893.530
; Coordinate transform: (480.33,1107.44) -> (480.33,884.56)
G1 X480.329 Y884.560
; Coordinate transform: (485.58,1116.59) -> (485.58,875.41)
G1 X485.579 Y875.410
; Coordinate transform: (490.81,1125.91) -> (490.81,866.09)
G1 X490.813 Y866.090
; Coordinate transform: (496.03,1135.39) -> (496.03,856.61)
G1 X496.031 Y856.610
; Coordinate transform: (501.25,1144.98) -> (501.25,847.02)
G1 X501.247 Y847.020
; Coordinate transform: (506.46,1154.67) -> (506.46,837.33)
G1 X506.458 Y837.330
; Coordinate transform: (511.64,1164.43) -> (511.64,827.57)
G1 X511.642 Y827.570
; Coordinate transform: (516.79,1174.32) -> (516.79,817.68)
G1 X516.794 Y817.680
; Coordinate transform: (521.94,1184.36) -> (521.94,807.64)
G1 X521.938 Y807.640
; Coordinate transform: (527.10,1194.52) -> (527.10,797.48)
G1 X527.103 Y797.480
; Coordinate transform: (532.31,1204.69) -> (532.31,787.31)
G1 X532.310 Y787.310
; Coordinate transform: (537.50,1214.76) -> (537.50,777.24)
G1 X537.503 Y777.240
; Coordinate transform: (542.63,1224.65) -> (542.63,767.35)
G1 X542.626 Y767.350
; Coordinate transform: (547.66,1234.30) -> (547.66,757.70)
G1 X547.659 Y757.700
; Coordinate transform: (552.64,1243.58) -> (552.64,748.42)
G1 X552.636 Y748.420
; Coordinate transform: (557.60,1252.30) -> (557.60,739.70)
G1 X557.595 Y739.700
; Coordinate transform: (562.60,1260.26) -> (562.60,731.74)
G1 X562.598 Y731.740
; Coordinate transform: (567.75,1267.30) -> (567.75,724.70)
G1 X567.751 Y724.700
; Coordinate transform: (573.25,1273.38) -> (573.25,718.62)
G1 X573.245 Y718.620
; Coordinate transform: (579.27,1278.51) -> (579.27,713.49)
G1 X579.270 Y713.490
; Coordinate transform: (586.00,1282.88) -> (586.00,709.12)
G1 X586.002 Y709.120
; Coordinate transform: (593.63,1286.71) -> (593.63,705.29)
G1 X593.630 Y705.290
; Coordinate transform: (602.06,1290.19) -> (602.06,701.81)
G1 X602.061 Y701.810
; Coordinate transform: (611.21,1293.51) -> (611.21,698.49)
G1 X611.207 Y698.490
; Coordinate transform: (620.95,1296.89) -> (620.95,695.11)
G1 X620.948 Y695.110
; Coordinate transform: (631.11,1300.53) -> (631.11,691.47)
G1 X631.108 Y691.470
; Coordinate transform: (641.50,1304.63) -> (641.50,687.37)
G1 X641.501 Y687.370
; Coordinate transform: (651.92,1309.34) -> (651.92,682.66)
G1 X651.917 Y682.660
; Coordinate transform: (662.23,1314.86) -> (662.23,677.14)
G1 X662.225 Y677.140
; Coordinate transform: (672.34,1321.53) -> (672.34,670.47)
G1 X672.339 Y670.470
; Coordinate transform: (682.23,1329.60) -> (682.23,662.40)
G1 X682.228 Y662.400
; Coordinate transform: (691.93,1339.16) -> (691.93,652.84)
G1 X691.929 Y652.840
; Coordinate transform: (701.48,1349.75) -> (701.48,642.25)
G1 X701.477 Y642.250
; Coordinate transform: (710.88,1360.55) -> (710.88,631.45)
G1 X710.885 Y631.450
; Coordinate transform: (720.10,1370.94) -> (720.10,621.06)
G1 X720.100 Y621.060
; Coordinate transform: (729.07,1380.81) -> (729.07,611.19)
G1 X729.069 Y611.190
; Coordinate transform: (737.78,1390.13) -> (737.78,601.87)
G1 X737.776 Y601.870
; Coordinate transform: (746.23,1398.92) -> (746.23,593.08)
G1 X746.226 Y593.080
; Coordinate transform: (754.43,1407.19) -> (754.43,584.81)
G1 X754.433 Y584.810
; Coordinate transform: (762.40,1414.97) -> (762.40,577.03)
G1 X762.401 Y577.030
; Coordinate transform: (770.18,1422.35) -> (770.18,569.65)
G1 X770.182 Y569.650
; Coordinate transform: (777.79,1429.38) -> (777.79,562.62)
G1 X777.789 Y562.620
; Coordinate transform: (785.24,1436.05) -> (785.24,555.95)
G1 X785.244 Y555.950
; Coordinate transform: (792.53,1442.33) -> (792.53,549.67)
G1 X792.532 Y549.670
; Coordinate transform: (799.61,1448.11) -> (799.61,543.89)
G1 X799.605 Y543.890
; Coordinate transform: (806.42,1453.28) -> (806.42,538.72)
G1 X806.417 Y538.720
; Coordinate transform: (812.95,1457.80) -> (812.95,534.20)
G1 X812.946 Y534.200
; Coordinate transform: (819.21,1461.68) -> (819.21,530.32)
G1 X819.208 Y530.320
; Coordinate transform: (825.25,1464.97) -> (825.25,527.03)
G1 X825.247 Y527.030
; Coordinate transform: (831.11,1467.76) -> (831.11,524.24)
G1 X831.111 Y524.240
; Coordinate transform: (836.86,1470.18) -> (836.86,521.82)
G1 X836.857 Y521.820
; Coordinate transform: (842.55,1472.32) -> (842.55,519.68)
G1 X842.552 Y519.680
; Coordinate transform: (848.27,1474.18) -> (848.27,517.82)
G1 X848.266 Y517.820
; Coordinate transform: (854.08,1475.77) -> (854.08,516.23)
G1 X854.077 Y516.230
; Coordinate transform: (859.94,1476.95) -> (859.94,515.05)
G1 X859.944 Y515.050
; Coordinate transform: (865.81,1477.57) -> (865.81,514.43)
G1 X865.812 Y514.430
; Coordinate transform: (871.74,1477.45) -> (871.74,514.55)
G1 X871.740 Y514.550
; Coordinate transform: (878.06,1476.47) -> (878.06,515.53)
G1 X878.062 Y515.530
; Coordinate transform: (885.14,1474.47) -> (885.14,517.53)
G1 X885.145 Y517.530
; Coordinate transform: (893.35,1471.48) -> (893.35,520.52)
G1 X893.351 Y520.520
; Coordinate transform: (903.08,1467.51) -> (903.08,524.49)
G1 X903.075 Y524.490
; Coordinate transform: (913.87,1462.59) -> (913.87,529.41)
G1 X913.869 Y529.410
; Coordinate transform: (925.36,1456.77) -> (925.36,535.23)
G1 X925.362 Y535.230
; Coordinate transform: (937.23,1450.14) -> (937.23,541.86)
G1 X937.232 Y541.860
; Coordinate transform: (949.35,1442.77) -> (949.35,549.23)
G1 X949.352 Y549.230
; Coordinate transform: (961.53,1434.70) -> (961.53,557.30)
G1 X961.527 Y557.300
; Coordinate transform: (973.49,1426.31) -> (973.49,565.69)
G1 X973.487 Y565.690
; Coordinate transform: (984.78,1419.03) -> (984.78,572.97)
G1 X984.778 Y572.970
; Coordinate transform: (995.37,1413.96) -> (995.37,578.04)
G1 X995.370 Y578.040
; Coordinate transform: (1005.96,1410.96) -> (1005.96,581.04)
G1 X1005.960 Y581.040
; Coordinate transform: (1017.06,1409.65) -> (1017.06,582.35)
G1 X1017.060 Y582.350
; Coordinate transform: (1028.65,1409.74) -> (1028.65,582.26)
G1 X1028.650 Y582.260
; Coordinate transform: (1040.26,1411.13) -> (1040.26,580.87)
G1 X1040.260 Y580.870
; Coordinate transform: (1051.44,1414.03) -> (1051.44,577.97)
G1 X1051.440 Y577.970
; Coordinate transform: (1061.78,1418.79) -> (1061.78,573.21)
G1 X1061.780 Y573.210
; Coordinate transform: (1070.89,1425.52) -> (1070.89,566.48)
G1 X1070.890 Y566.480
; Coordinate transform: (1078.32,1434.10) -> (1078.32,557.90)
G1 X1078.320 Y557.900
; Coordinate transform: (1083.87,1444.32) -> (1083.87,547.68)
G1 X1083.870 Y547.680
; Coordinate transform: (1087.46,1455.90) -> (1087.46,536.10)
G1 X1087.460 Y536.100
; Coordinate transform: (1089.41,1468.27) -> (1089.41,523.73)
G1 X1089.410 Y523.730
; Coordinate transform: (1090.24,1480.71) -> (1090.24,511.29)
G1 X1090.240 Y511.290
; Coordinate transform: (1090.64,1492.42) -> (1090.64,499.58)
G1 X1090.640 Y499.580
; Coordinate transform: (1091.11,1503.00) -> (1091.11,489.00)
G1 X1091.110 Y489.000
; Coordinate transform: (1091.76,1512.48) -> (1091.76,479.52)
G1 X1091.760 Y479.520
; Coordinate transform: (1092.62,1521.03) -> (1092.62,470.97)
G1 X1092.620 Y470.970
; Coordinate transform: (1093.61,1528.89) -> (1093.61,463.11)
G1 X1093.610 Y463.110
; Coordinate transform: (1094.73,1536.24) -> (1094.73,455.76)
G1 X1094.730 Y455.760
; Coordinate transform: (1095.98,1543.27) -> (1095.98,448.73)
G1 X1095.980 Y448.730
; Coordinate transform: (1097.40,1549.98) -> (1097.40,442.02)
G1 X1097.400 Y442.020
; Coordinate transform: (1099.04,1556.37) -> (1099.04,435.63)
G1 X1099.040 Y435.630
; Coordinate transform: (1100.98,1562.40) -> (1100.98,429.60)
G1 X1100.980 Y429.600
; Coordinate transform: (1103.27,1568.02) -> (1103.27,423.98)
G1 X1103.270 Y423.980
; Coordinate transform: (1105.92,1573.18) -> (1105.92,418.82)
G1 X1105.920 Y418.820
; Coordinate transform: (1108.85,1577.82) -> (1108.85,414.18)
G1 X1108.850 Y414.180
; Coordinate transform: (1111.99,1581.84) -> (1111.99,410.16)
G1 X1111.990 Y410.160
; Coordinate transform: (1115.26,1585.17) -> (1115.26,406.83)
G1 X1115.260 Y406.830
; Coordinate transform: (1118.61,1587.62) -> (1118.61,404.38)
G1 X1118.610 Y404.380
; Coordinate transform: (1122.07,1589.11) -> (1122.07,402.89)
G1 X1122.070 Y402.890
; Coordinate transform: (1125.67,1589.58) -> (1125.67,402.42)
G1 X1125.670 Y402.420
; Coordinate transform: (1129.52,1588.99) -> (1129.52,403.01)
G1 X1129.520 Y403.010
; Coordinate transform: (1133.71,1587.31) -> (1133.71,404.69)
G1 X1133.710 Y404.690
; Coordinate transform: (1138.36,1584.47) -> (1138.36,407.53)
G1 X1138.360 Y407.530
; Coordinate transform: (1143.62,1580.33) -> (1143.62,411.67)
G1 X1143.620 Y411.670
; Coordinate transform: (1149.69,1574.68) -> (1149.69,417.32)
G1 X1149.690 Y417.320
; Coordinate transform: (1156.51,1567.30) -> (1156.51,424.70)
G1 X1156.510 Y424.700
; Coordinate transform: (1164.08,1557.86) -> (1164.08,434.14)
G1 X1164.080 Y434.140
; Coordinate transform: (1171.61,1547.31) -> (1171.61,444.69)
G1 X1171.610 Y444.690
; Coordinate transform: (1178.36,1537.18) -> (1178.36,454.82)
G1 X1178.360 Y454.820
; Coordinate transform: (1184.13,1528.36) -> (1184.13,463.64)
G1 X1184.130 Y463.640
; Coordinate transform: (1189.13,1520.25) -> (1189.13,471.75)
G1 X1189.130 Y471.750
; Coordinate transform: (1193.51,1512.48) -> (1193.51,479.52)
G1 X1193.510 Y479.520
; Coordinate transform: (1197.13,1504.97) -> (1197.13,487.03)
G1 X1197.130 Y487.030
; Coordinate transform: (1199.79,1497.79) -> (1199.79,494.21)
G1 X1199.790 Y494.210
; Coordinate transform: (1201.29,1490.99) -> (1201.29,501.01)
G1 X1201.290 Y501.010
; Coordinate transform: (1201.51,1484.49) -> (1201.51,507.51)
G1 X1201.510 Y507.510
; Coordinate transform: (1200.40,1478.13) -> (1200.40,513.87)
G1 X1200.400 Y513.870
; Coordinate transform: (1197.90,1471.74) -> (1197.90,520.26)
G1 X1197.900 Y520.260
; Coordinate transform: (1194.04,1465.20) -> (1194.04,526.80)
G1 X1194.040 Y526.800
; Coordinate transform: (1188.84,1458.40) -> (1188.84,533.60)
G1 X1188.840 Y533.600
; Coordinate transform: (1182.34,1451.34) -> (1182.34,540.66)
G1 X1182.340 Y540.660
; Coordinate transform: (1174.79,1444.04) -> (1174.79,547.96)
G1 X1174.790 Y547.960
; Coordinate transform: (1166.61,1436.53) -> (1166.61,555.47)
G1 X1166.610 Y555.470
; Coordinate transform: (1158.03,1428.81) -> (1158.03,563.19)
G1 X1158.030 Y563.190
; Coordinate transform: (1149.16,1420.79) -> (1149.16,571.21)
G1 X1149.160 Y571.210
; Coordinate transform: (1140.11,1412.48) -> (1140.11,579.52)
G1 X1140.110 Y579.520
; Coordinate transform: (1131.10,1404.14) -> (1131.10,587.86)
G1 X1131.100 Y587.860
; Coordinate transform: (1122.14,1395.91) -> (1122.14,596.09)
G1 X1122.140 Y596.090
; Coordinate transform: (1113.20,1387.80) -> (1113.20,604.20)
G1 X1113.200 Y604.200
; Coordinate transform: (1104.24,1380.00) -> (1104.24,612.00)
G1 X1104.240 Y612.000
; Coordinate transform: (1095.49,1372.74) -> (1095.49,619.26)
G1 X1095.490 Y619.260
; Coordinate transform: (1086.91,1366.03) -> (1086.91,625.97)
G1 X1086.910 Y625.970
; Coordinate transform: (1078.28,1359.67) -> (1078.28,632.33)
G1 X1078.280 Y632.330
; Coordinate transform: (1069.30,1353.39) -> (1069.30,638.61)
G1 X1069.300 Y638.610
; Coordinate transform: (1059.84,1347.00) -> (1059.84,645.00)
G1 X1059.840 Y645.000
; Coordinate transform: (1049.99,1340.68) -> (1049.99,651.32)
G1 X1049.990 Y651.320
; Coordinate transform: (1039.90,1334.94) -> (1039.90,657.06)
G1 X1039.900 Y657.060
; Coordinate transform: (1029.10,1330.35) -> (1029.10,661.65)
G1 X1029.100 Y661.650
; Coordinate transform: (1017.54,1326.68) -> (1017.54,665.32)
G1 X1017.540 Y665.320
; Coordinate transform: (1005.16,1323.50) -> (1005.16,668.50)
G1 X1005.160 Y668.500
; Coordinate transform: (991.79,1320.52) -> (991.79,671.48)
G1 X991.788 Y671.480
; Coordinate transform: (977.41,1317.65) -> (977.41,674.35)
G1 X977.409 Y674.350
; Coordinate transform: (962.79,1315.03) -> (962.79,676.97)
G1 X962.794 Y676.970
; Coordinate transform: (948.56,1312.85) -> (948.56,679.15)
G1 X948.559 Y679.150
; Coordinate transform: (934.94,1311.16) -> (934.94,680.84)
G1 X934.938 Y680.840
; Coordinate transform: (921.93,1310.14) -> (921.93,681.86)
G1 X921.933 Y681.860
; Coordinate transform: (908.78,1309.99) -> (908.78,682.01)
G1 X908.785 Y682.010
; Coordinate transform: (894.92,1310.56) -> (894.92,681.44)
G1 X894.925 Y681.440
; Coordinate transform: (880.68,1311.58) -> (880.68,680.42)
G1 X880.679 Y680.420
; Coordinate transform: (866.53,1312.87) -> (866.53,679.13)
G1 X866.529 Y679.130
; Coordinate transform: (852.75,1314.32) -> (852.75,677.68)
G1 X852.751 Y677.680
; Coordinate transform: (839.24,1315.86) -> (839.24,676.14)
G1 X839.238 Y676.140
; Coordinate transform: (825.90,1317.52) -> (825.90,674.48)
G1 X825.903 Y674.480
; Coordinate transform: (812.71,1319.49) -> (812.71,672.51)
G1 X812.709 Y672.510
; Coordinate transform: (799.41,1322.24) -> (799.41,669.76)
G1 X799.410 Y669.760
; Coordinate transform: (785.76,1326.29) -> (785.76,665.71)
G1 X785.765 Y665.710
; Coordinate transform: (771.93,1331.97) -> (771.93,660.03)
G1 X771.933 Y660.030
; Coordinate transform: (758.46,1339.17) -> (758.46,652.83)
G1 X758.460 Y652.830
; Coordinate transform: (745.73,1347.00) -> (745.73,645.00)
G1 X745.731 Y645.000
; Coordinate transform: (733.76,1354.57) -> (733.76,637.43)
G1 X733.761 Y637.430
; Coordinate transform: (722.32,1361.59) -> (722.32,630.41)
G1 X722.322 Y630.410
; Coordinate transform: (711.15,1367.98) -> (711.15,624.02)
G1 X711.155 Y624.020
; Coordinate transform: (699.99,1374.01) -> (699.99,617.99)
G1 X699.988 Y617.990
; Coordinate transform: (688.61,1379.95) -> (688.61,612.05)
G1 X688.605 Y612.050
; Coordinate transform: (676.87,1386.00) -> (676.87,606.00)
G1 X676.868 Y606.000
; Coordinate transform: (664.76,1392.27) -> (664.76,599.73)
G1 X664.760 Y599.730
; Coordinate transform: (652.34,1398.74) -> (652.34,593.26)
G1 X652.340 Y593.260
; Coordinate transform: (639.74,1405.33) -> (639.74,586.67)
G1 X639.744 Y586.670
; Coordinate transform: (627.10,1411.87) -> (627.10,580.13)
G1 X627.102 Y580.130
; Coordinate transform: (614.52,1418.17) -> (614.52,573.83)
G1 X614.522 Y573.830
; Coordinate transform: (602.07,1424.09) -> (602.07,567.91)
G1 X602.069 Y567.910
; Coordinate transform: (589.83,1429.56) -> (589.83,562.44)
G1 X589.827 Y562.440
; Coordinate transform: (577.89,1434.56) -> (577.89,557.44)
G1 X577.887 Y557.440
; Coordinate transform: (566.29,1439.17) -> (566.29,552.83)
G1 X566.294 Y552.830
; Coordinate transform: (555.05,1443.44) -> (555.05,548.56)
G1 X555.047 Y548.560
; Coordinate transform: (544.13,1447.48) -> (544.13,544.52)
G1 X544.130 Y544.520
; Coordinate transform: (533.48,1451.39) -> (533.48,540.61)
G1 X533.478 Y540.610
; Coordinate transform: (522.99,1455.22) -> (522.99,536.78)
G1 X522.992 Y536.780
; Coordinate transform: (512.60,1459.04) -> (512.60,532.96)
G1 X512.596 Y532.960
; Coordinate transform: (502.22,1462.89) -> (502.22,529.11)
G1 X502.220 Y529.110
; Coordinate transform: (491.85,1466.83) -> (491.85,525.17)
G1 X491.845 Y525.170
; Coordinate transform: (481.46,1470.88) -> (481.46,521.12)
G1 X481.461 Y521.120
; Coordinate transform: (471.05,1475.04) -> (471.05,516.96)
G1 X471.054 Y516.960
; Coordinate transform: (460.62,1479.34) -> (460.62,512.66)
G1 X460.619 Y512.660
; Coordinate transform: (450.16,1483.74) -> (450.16,508.26)
G1 X450.161 Y508.260
; Coordinate transform: (439.69,1488.22) -> (439.69,503.78)
G1 X439.688 Y503.780
; Coordinate transform: (429.21,1492.75) -> (429.21,499.25)
G1 X429.209 Y499.250
; Coordinate transform: (418.76,1497.31) -> (418.76,494.69)
G1 X418.757 Y494.690
; Coordinate transform: (408.36,1501.89) -> (408.36,490.11)
G1 X408.355 Y490.110
; Coordinate transform: (398.00,1506.48) -> (398.00,485.52)
G1 X398.000 Y485.520
; Coordinate transform: (387.68,1511.12) -> (387.68,480.88)
G1 X387.681 Y480.880
; Coordinate transform: (377.40,1515.79) -> (377.40,476.21)
G1 X377.401 Y476.210
; Coordinate transform: (367.14,1520.48) -> (367.14,471.52)
G1 X367.145 Y471.520
; Coordinate transform: (356.88,1525.20) -> (356.88,466.80)
G1 X356.884 Y466.800
; Coordinate transform: (346.58,1529.96) -> (346.58,462.04)
G1 X346.585 Y462.040
; Coordinate transform: (336.23,1534.74) -> (336.23,457.26)
G1 X336.226 Y457.260
; Coordinate transform: (325.79,1539.55) -> (325.79,452.45)
G1 X325.793 Y452.450
; Coordinate transform: (315.31,1544.38) -> (315.31,447.62)
G1 X315.314 Y447.620
; Coordinate transform: (304.84,1549.20) -> (304.84,442.80)
G1 X304.841 Y442.800
; Coordinate transform: (294.42,1554.00) -> (294.42,438.00)
G1 X294.421 Y438.000
; Coordinate transform: (284.09,1558.76) -> (284.09,433.24)
G1 X284.087 Y433.240
; Coordinate transform: (273.88,1563.45) -> (273.88,428.55)
G1 X273.877 Y428.550
; Coordinate transform: (263.82,1568.07) -> (263.82,423.93)
G1 X263.816 Y423.930
; Coordinate transform: (253.91,1572.62) -> (253.91,419.38)
G1 X253.905 Y419.380
; Coordinate transform: (244.05,1577.15) -> (244.05,414.85)
G1 X244.053 Y414.850
; Coordinate transform: (234.04,1581.76) -> (234.04,410.24)
G1 X234.044 Y410.240
; Coordinate transform: (223.60,1586.62) -> (223.60,405.38)
G1 X223.599 Y405.380
; Coordinate transform: (212.95,1591.61) -> (212.95,400.39)
G1 X212.950 Y400.390
; Coordinate transform: (202.61,1596.49) -> (202.61,395.51)
G1 X202.607 Y395.510
; Coordinate transform: (193.06,1601.06) -> (193.06,390.94)
G1 X193.055 Y390.940
; Coordinate transform: (184.40,1605.29) -> (184.40,386.71)
G1 X184.395 Y386.710
; Coordinate transform: (176.55,1609.27) -> (176.55,382.73)
G1 X176.550 Y382.730
; Coordinate transform: (169.34,1613.16) -> (169.34,378.84)
G1 X169.343 Y378.840
; Coordinate transform: (162.62,1617.08) -> (162.62,374.92)
G1 X162.619 Y374.920
; Coordinate transform: (156.24,1621.15) -> (156.24,370.85)
G1 X156.238 Y370.850
; Coordinate transform: (150.03,1625.46) -> (150.03,366.54)
G1 X150.032 Y366.540
; Coordinate transform: (143.81,1630.13) -> (143.81,361.87)
G1 X143.808 Y361.870
; Coordinate transform: (137.48,1635.18) -> (137.48,356.82)
G1 X137.479 Y356.820
; Coordinate transform: (131.06,1640.63) -> (131.06,351.37)
G1 X131.055 Y351.370
; Coordinate transform: (124.61,1646.49) -> (124.61,345.51)
G1 X124.610 Y345.510
; Coordinate transform: (118.92,1652.80) -> (118.92,339.20)
G1 X118.922 Y339.200
; Coordinate transform: (114.62,1659.64) -> (114.62,332.36)
G1 X114.621 Y332.360
; Coordinate transform: (112.34,1667.01) -> (112.34,324.99)
G1 X112.338 Y324.990
; Coordinate transform: (112.45,1674.94) -> (112.45,317.06)
G1 X112.450 Y317.060
; Coordinate transform: (114.92,1683.49) -> (114.92,308.51)
G1 X114.920 Y308.510
; Coordinate transform: (119.31,1692.74) -> (119.31,299.26)
G1 X119.309 Y299.260
; Coordinate transform: (125.06,1702.79) -> (125.06,289.21)
G1 X125.062 Y289.210
; Coordinate transform: (131.63,1713.63) -> (131.63,278.37)
G1 X131.627 Y278.370
; Coordinate transform: (138.26,1725.06) -> (138.26,266.94)
G1 X138.264 Y266.940
; Coordinate transform: (144.86,1736.87) -> (144.86,255.13)
G1 X144.856 Y255.130
; Coordinate transform: (151.25,1748.93) -> (151.25,243.07)
G1 X151.254 Y243.070
; Coordinate transform: (157.39,1761.13) -> (157.39,230.87)
G1 X157.392 Y230.870
; Coordinate transform: (163.28,1773.47) -> (163.28,218.53)
G1 X163.277 Y218.530
; Coordinate transform: (168.95,1785.85) -> (168.95,206.15)
G1 X168.951 Y206.150
; Coordinate transform: (174.50,1798.08) -> (174.50,193.92)
G1 X174.499 Y193.920
; Coordinate transform: (180.16,1809.49) -> (180.16,182.51)
G1 X180.165 Y182.510
; Coordinate transform: (186.18,1819.57) -> (186.18,172.43)
G1 X186.176 Y172.430
; Coordinate transform: (192.68,1828.11) -> (192.68,163.89)
G1 X192.681 Y163.890
; Coordinate transform: (199.75,1835.20) -> (199.75,156.80)
G1 X199.752 Y156.800
; Coordinate transform: (207.36,1840.93) -> (207.36,151.07)
G1 X207.362 Y151.070
; Coordinate transform: (215.52,1845.31) -> (215.52,146.69)
G1 X215.517 Y146.690
; Coordinate transform: (224.39,1848.27) -> (224.39,143.73)
G1 X224.387 Y143.730
; Coordinate transform: (234.09,1849.90) -> (234.09,142.10)
G1 X234.095 Y142.100
; Coordinate transform: (244.70,1850.26) -> (244.70,141.74)
G1 X244.702 Y141.740
; Coordinate transform: (256.05,1849.54) -> (256.05,142.46)
G1 X256.048 Y142.460
; Coordinate transform: (267.92,1848.04) -> (267.92,143.96)
G1 X267.922 Y143.960
; Coordinate transform: (280.06,1846.20) -> (280.06,145.80)
G1 X280.057 Y145.800
; Coordinate transform: (292.24,1844.38) -> (292.24,147.62)
G1 X292.237 Y147.620
; Coordinate transform: (304.44,1842.68) -> (304.44,149.32)
G1 X304.437 Y149.320
; Coordinate transform: (316.64,1841.08) -> (316.64,150.92)
G1 X316.642 Y150.920
; Coordinate transform: (328.79,1839.56) -> (328.79,152.44)
G1 X328.789 Y152.440
; Coordinate transform: (340.82,1838.10) -> (340.82,153.90)
G1 X340.825 Y153.900
; Coordinate transform: (352.73,1836.68) -> (352.73,155.32)
G1 X352.728 Y155.320
; Coordinate transform: (364.51,1835.26) -> (364.51,156.74)
G1 X364.506 Y156.740
; Coordinate transform: (376.17,1833.80) -> (376.17,158.20)
G1 X376.168 Y158.200
; Coordinate transform: (387.80,1832.24) -> (387.80,159.76)
G1 X387.802 Y159.760
; Coordinate transform: (399.50,1830.53) -> (399.50,161.47)
G1 X399.500 Y161.470
; Coordinate transform: (411.29,1828.65) -> (411.29,163.35)
G1 X411.293 Y163.350
; Coordinate transform: (423.09,1826.66) -> (423.09,165.34)
G1 X423.093 Y165.340
; Coordinate transform: (434.70,1824.74) -> (434.70,167.26)
G1 X434.697 Y167.260
; Coordinate transform: (445.93,1823.05) -> (445.93,168.95)
G1 X445.929 Y168.950
; Coordinate transform: (456.71,1821.60) -> (456.71,170.40)
G1 X456.714 Y170.400
; Coordinate transform: (467.05,1820.37) -> (467.05,171.63)
G1 X467.054 Y171.630
; Coordinate transform: (477.00,1819.35) -> (477.00,172.65)
G1 X477.004 Y172.650
; Coordinate transform: (486.61,1818.47) -> (486.61,173.53)
G1 X486.611 Y173.530
; Coordinate transform: (495.91,1817.57) -> (495.91,174.43)
G1 X495.910 Y174.430
; Coordinate transform: (504.88,1816.60) -> (504.88,175.40)
G1 X504.882 Y175.400
; Coordinate transform: (513.53,1815.54) -> (513.53,176.46)
G1 X513.526 Y176.460
; Coordinate transform: (521.87,1814.40) -> (521.87,177.60)
G1 X521.868 Y177.600
; Coordinate transform: (529.93,1813.18) -> (529.93,178.82)
G1 X529.934 Y178.820
; Coordinate transform: (537.75,1811.84) -> (537.75,180.16)
G1 X537.755 Y180.160
; Coordinate transform: (545.33,1810.37) -> (545.33,181.63)
G1 X545.327 Y181.630
; Coordinate transform: (552.66,1808.75) -> (552.66,183.25)
G1 X552.663 Y183.250
; Coordinate transform: (559.79,1806.92) -> (559.79,185.08)
G1 X559.794 Y185.080
; Coordinate transform: (566.76,1804.87) -> (566.76,187.13)
G1 X566.760 Y187.130
; Coordinate transform: (573.59,1802.56) -> (573.59,189.44)
G1 X573.585 Y189.440
; Coordinate transform: (580.29,1799.96) -> (580.29,192.04)
G1 X580.287 Y192.040
; Coordinate transform: (586.88,1797.07) -> (586.88,194.93)
G1 X586.877 Y194.930
; Coordinate transform: (593.36,1793.90) -> (593.36,198.10)
G1 X593.361 Y198.100
; Coordinate transform: (599.73,1790.41) -> (599.73,201.59)
G1 X599.733 Y201.590
; Coordinate transform: (606.02,1786.55) -> (606.02,205.45)
G1 X606.018 Y205.450
; Coordinate transform: (612.22,1782.27) -> (612.22,209.73)
G1 X612.219 Y209.730
; Coordinate transform: (618.35,1777.54) -> (618.35,214.46)
G1 X618.353 Y214.460
; Coordinate transform: (624.45,1772.34) -> (624.45,219.66)
G1 X624.451 Y219.660
; Coordinate transform: (630.57,1766.59) -> (630.57,225.41)
G1 X630.568 Y225.410
; Coordinate transform: (636.74,1760.31) -> (636.74,231.69)
G1 X636.741 Y231.690
; Coordinate transform: (642.90,1753.47) -> (642.90,238.53)
G1 X642.898 Y238.530
; Coordinate transform: (648.99,1746.05) -> (648.99,245.95)
G1 X648.991 Y245.950
; Coordinate transform: (654.97,1738.02) -> (654.97,253.98)
G1 X654.972 Y253.980
; Coordinate transform: (660.84,1729.37) -> (660.84,262.63)
G1 X660.836 Y262.630
; Coordinate transform: (666.58,1720.12) -> (666.58,271.88)
G1 X666.577 Y271.880
; Coordinate transform: (672.13,1710.38) -> (672.13,281.62)
G1 X672.130 Y281.620
; Coordinate transform: (677.44,1700.24) -> (677.44,291.76)
G1 X677.441 Y291.760
; Coordinate transform: (682.46,1689.81) -> (682.46,302.19)
G1 X682.463 Y302.190
; Coordinate transform: (687.23,1679.22) -> (687.23,312.78)
G1 X687.226 Y312.780
; Coordinate transform: (691.74,1668.67) -> (691.74,323.33)
G1 X691.741 Y323.330
; Coordinate transform: (696.01,1658.40) -> (696.01,333.60)
G1 X696.010 Y333.600
; Coordinate transform: (700.18,1648.49) -> (700.18,343.51)
G1 X700.176 Y343.510
; Coordinate transform: (704.18,1639.25) -> (704.18,352.75)
G1 X704.183 Y352.750
; Coordinate transform: (708.05,1630.78) -> (708.05,361.22)
G1 X708.054 Y361.220
; Coordinate transform: (711.76,1623.08) -> (711.76,368.92)
G1 X711.765 Y368.920
; Coordinate transform: (715.28,1616.10) -> (715.28,375.90)
G1 X715.279 Y375.900
; Coordinate transform: (718.58,1609.75) -> (718.58,382.25)
G1 X718.575 Y382.250
; Coordinate transform: (721.66,1603.91) -> (721.66,388.09)
G1 X721.659 Y388.090
; Coordinate transform: (724.43,1598.27) -> (724.43,393.73)
G1 X724.430 Y393.730
; Coordinate transform: (727.03,1592.68) -> (727.03,399.32)
G1 X727.035 Y399.320
; Coordinate transform: (729.49,1586.95) -> (729.49,405.05)
G1 X729.486 Y405.050
; Coordinate transform: (731.79,1580.90) -> (731.79,411.10)
G1 X731.788 Y411.100
; Coordinate transform: (733.95,1574.34) -> (733.95,417.66)
G1 X733.947 Y417.660
; Coordinate transform: (735.98,1567.15) -> (735.98,424.85)
G1 X735.975 Y424.850
; Coordinate transform: (737.90,1559.14) -> (737.90,432.86)
G1 X737.898 Y432.860
; Coordinate transform: (739.80,1550.12) -> (739.80,441.88)
G1 X739.801 Y441.880
; Coordinate transform: (741.76,1539.90) -> (741.76,452.10)
G1 X741.763 Y452.100
; Coordinate transform: (743.84,1528.36) -> (743.84,463.64)
G1 X743.840 Y463.640
; Coordinate transform: (746.01,1515.56) -> (746.01,476.44)
G1 X746.008 Y476.440
; Coordinate transform: (748.13,1501.74) -> (748.13,490.26)
G1 X748.131 Y490.260
; Coordinate transform: (749.96,1487.41) -> (749.96,504.59)
G1 X749.956 Y504.590
; Coordinate transform: (751.19,1473.09) -> (751.19,518.91)
G1 X751.191 Y518.910
; Coordinate transform: (751.64,1459.11) -> (751.64,532.89)
G1 X751.643 Y532.890
; Coordinate transform: (751.29,1445.59) -> (751.29,546.41)
G1 X751.292 Y546.410
; Coordinate transform: (750.24,1432.56) -> (750.24,559.44)
G1 X750.243 Y559.440
; Coordinate transform: (748.69,1420.02) -> (748.69,571.98)
G1 X748.686 Y571.980
; Coordinate transform: (746.83,1407.92) -> (746.83,584.08)
G1 X746.826 Y584.080
; Coordinate transform: (744.88,1396.12) -> (744.88,595.88)
G1 X744.876 Y595.880
; Coordinate transform: (743.03,1384.51) -> (743.03,607.49)
G1 X743.035 Y607.490
; Coordinate transform: (741.45,1372.89) -> (741.45,619.11)
G1 X741.451 Y619.110
; Coordinate transform: (740.22,1361.01) -> (740.22,630.99)
G1 X740.219 Y630.990
; Coordinate transform: (739.39,1348.66) -> (739.39,643.34)
G1 X739.391 Y643.340
; Coordinate transform: (738.98,1336.21) -> (738.98,655.79)
G1 X738.977 Y655.790
; Coordinate transform: (738.91,1324.76) -> (738.91,667.24)
G1 X738.906 Y667.240
; Coordinate transform: (739.01,1314.48) -> (739.01,677.52)
G1 X739.014 Y677.520
; Coordinate transform: (739.11,1304.89) -> (739.11,687.11)
G1 X739.106 Y687.110
; Coordinate transform: (738.99,1294.84) -> (738.99,697.16)
G1 X738.993 Y697.160
; Coordinate transform: (738.55,1283.83) -> (738.55,708.17)
G1 X738.549 Y708.170
; Coordinate transform: (737.69,1271.64) -> (737.69,720.36)
G1 X737.691 Y720.360
; Coordinate transform: (736.40,1258.40) -> (736.40,733.60)
G1 X736.401 Y733.600
; Coordinate transform: (734.67,1244.26) -> (734.67,747.74)
G1 X734.667 Y747.740
; Coordinate transform: (732.46,1229.21) -> (732.46,762.79)
G1 X732.462 Y762.790
; Coordinate transform: (729.82,1213.34) -> (729.82,778.66)
G1 X729.824 Y778.660
; Coordinate transform: (726.97,1197.12) -> (726.97,794.88)
G1 X726.967 Y794.880
; Coordinate transform: (724.09,1181.05) -> (724.09,810.95)
G1 X724.089 Y810.950
; Coordinate transform: (721.27,1165.34) -> (721.27,826.66)
G1 X721.266 Y826.660
; Coordinate transform: (718.51,1150.03) -> (718.51,841.97)
G1 X718.512 Y841.970
; Coordinate transform: (715.83,1135.15) -> (715.83,856.85)
G1 X715.833 Y856.850
; Coordinate transform: (713.24,1120.70) -> (713.24,871.30)
G1 X713.240 Y871.300
; Coordinate transform: (710.73,1106.71) -> (710.73,885.29)
G1 X710.729 Y885.290
; Coordinate transform: (708.30,1093.22) -> (708.30,898.78)
G1 X708.299 Y898.780
; Coordinate transform: (705.88,1080.26) -> (705.88,911.74)
G1 X705.878 Y911.740
; Coordinate transform: (703.49,1068.11) -> (703.49,923.89)
G1 X703.487 Y923.890
; Coordinate transform: (701.13,1056.73) -> (701.13,935.27)
G1 X701.132 Y935.270
; Coordinate transform: (698.83,1046.12) -> (698.83,945.88)
G1 X698.826 Y945.880
; Coordinate transform: (696.56,1036.27) -> (696.56,955.73)
G1 X696.557 Y955.730
; Coordinate transform: (694.29,1027.10) -> (694.29,964.90)
G1 X694.288 Y964.900
; Coordinate transform: (691.97,1018.48) -> (691.97,973.52)
G1 X691.968 Y973.520
; Coordinate transform: (689.55,1010.28) -> (689.55,981.72)
G1 X689.552 Y981.720
; Coordinate transform: (686.99,1002.43) -> (686.99,989.57)
G1 X686.991 Y989.570
; Coordinate transform: (684.29,994.88) -> (684.29,997.12)
G1 X684.291 Y997.124
; Coordinate transform: (681.47,987.57) -> (681.47,1004.43)
G1 X681.472 Y1004.430
; Coordinate transform: (678.53,980.39) -> (678.53,1011.61)
G1 X678.535 Y1011.610
; Coordinate transform: (675.47,973.20) -> (675.47,1018.80)
G1 X675.470 Y1018.800
; Coordinate transform: (672.25,965.91) -> (672.25,1026.09)
G1 X672.248 Y1026.087
; Coordinate transform: (668.86,958.42) -> (668.86,1033.58)
G1 X668.862 Y1033.580
; Coordinate transform: (665.32,950.67) -> (665.32,1041.33)
G1 X665.321 Y1041.334
; Coordinate transform: (661.62,942.57) -> (661.62,1049.43)
G1 X661.617 Y1049.427
; Coordinate transform: (657.71,934.05) -> (657.71,1057.95)
G1 X657.711 Y1057.945
; Coordinate transform: (653.57,925.02) -> (653.57,1066.97)
G1 X653.574 Y1066.975
; Coordinate transform: (649.22,915.43) -> (649.22,1076.57)
G1 X649.220 Y1076.567
; Coordinate transform: (644.68,905.28) -> (644.68,1086.72)
G1 X644.685 Y1086.721
; Coordinate transform: (640.02,894.58) -> (640.02,1097.42)
G1 X640.021 Y1097.418
; Coordinate transform: (635.27,883.46) -> (635.27,1108.55)
G1 X635.274 Y1108.545
; Coordinate transform: (630.49,872.03) -> (630.49,1119.97)
G1 X630.492 Y1119.972
; Coordinate transform: (625.77,860.42) -> (625.77,1131.58)
G1 X625.766 Y1131.583
; Coordinate transform: (621.20,848.69) -> (621.20,1143.31)
G1 X621.199 Y1143.314
; Coordinate transform: (616.81,836.77) -> (616.81,1155.23)
G1 X616.809 Y1155.230
; Coordinate transform: (612.57,824.67) -> (612.57,1167.33)
G1 X612.566 Y1167.331
; Coordinate transform: (608.46,812.42) -> (608.46,1179.58)
G1 X608.457 Y1179.581
; Coordinate transform: (604.48,800.11) -> (604.48,1191.89)
G1 X604.477 Y1191.891
; Coordinate transform: (600.63,787.86) -> (600.63,1204.14)
G1 X600.631 Y1204.137
; Coordinate transform: (596.94,775.80) -> (596.94,1216.20)
G1 X596.938 Y1216.195
; Coordinate transform: (593.43,763.94) -> (593.43,1228.06)
G1 X593.427 Y1228.056
; Coordinate transform: (590.07,752.24) -> (590.07,1239.76)
G1 X590.068 Y1239.758
; Coordinate transform: (586.82,740.74) -> (586.82,1251.26)
G1 X586.824 Y1251.263
; Coordinate transform: (583.68,729.50) -> (583.68,1262.50)
G1 X583.676 Y1262.502
; Coordinate transform: (580.62,718.59) -> (580.62,1273.41)
G1 X580.617 Y1273.413
; Coordinate transform: (577.64,707.98) -> (577.64,1284.02)
G1 X577.641 Y1284.022
; Coordinate transform: (574.77,697.70) -> (574.77,1294.30)
G1 X574.773 Y1294.298
; Coordinate transform: (572.04,687.76) -> (572.04,1304.24)
G1 X572.043 Y1304.243
; Coordinate transform: (569.63,678.29) -> (569.63,1313.71)
G1 X569.632 Y1313.711
; Coordinate transform: (567.47,669.42) -> (567.47,1322.58)
G1 X567.473 Y1322.578
; Coordinate transform: (565.34,660.83) -> (565.34,1331.17)
G1 X565.340 Y1331.166
; Coordinate transform: (563.24,652.51) -> (563.24,1339.49)
G1 X563.242 Y1339.493
; Coordinate transform: (561.10,644.26) -> (561.10,1347.74)
G1 X561.102 Y1347.743
; Coordinate transform: (558.84,635.87) -> (558.84,1356.13)
G1 X558.835 Y1356.127
; Coordinate transform: (556.34,627.13) -> (556.34,1364.87)
G1 X556.338 Y1364.873
; Coordinate transform: (553.51,617.78) -> (553.51,1374.22)
G1 X553.511 Y1374.222
; Coordinate transform: (550.27,607.60) -> (550.27,1384.40)
G1 X550.267 Y1384.399
; Coordinate transform: (546.58,596.48) -> (546.58,1395.52)
G1 X546.577 Y1395.520
; Coordinate transform: (542.46,584.40) -> (542.46,1407.60)
G1 X542.460 Y1407.602
; Coordinate transform: (538.00,571.49) -> (538.00,1420.51)
G1 X537.996 Y1420.514
; Coordinate transform: (533.33,558.00) -> (533.33,1434.00)
G1 X533.327 Y1434.001
; Coordinate transform: (528.57,544.25) -> (528.57,1447.76)
G1 X528.568 Y1447.755
; Coordinate transform: (523.80,530.48) -> (523.80,1461.52)
G1 X523.796 Y1461.517
; Coordinate transform: (519.06,516.90) -> (519.06,1475.10)
G1 X519.056 Y1475.101
; Coordinate transform: (514.37,503.58) -> (514.37,1488.42)
G1 X514.371 Y1488.422
; Coordinate transform: (509.74,490.52) -> (509.74,1501.47)
G1 X509.743 Y1501.475
; Coordinate transform: (505.20,477.73) -> (505.20,1514.27)
G1 X505.196 Y1514.267
; Coordinate transform: (500.77,465.21) -> (500.77,1526.79)
G1 X500.768 Y1526.788
; Coordinate transform: (496.48,452.97) -> (496.48,1539.03)
G1 X496.483 Y1539.033
; Coordinate transform: (492.34,440.98) -> (492.34,1551.02)
G1 X492.340 Y1551.020
; Coordinate transform: (488.31,429.21) -> (488.31,1562.79)
G1 X488.314 Y1562.794
; Coordinate transform: (484.37,417.59) -> (484.37,1574.41)
G1 X484.367 Y1574.410
; Coordinate transform: (480.47,406.10) -> (480.47,1585.90)
G1 X480.468 Y1585.899
; Coordinate transform: (476.60,394.73) -> (476.60,1597.27)
G1 X476.597 Y1597.274
; Coordinate transform: (472.75,383.45) -> (472.75,1608.55)
G1 X472.750 Y1608.546
; Coordinate transform: (468.91,372.27) -> (468.91,1619.73)
G1 X468.906 Y1619.727
; Coordinate transform: (465.04,361.17) -> (465.04,1630.83)
G1 X465.040 Y1630.833
; Coordinate transform: (461.14,350.11) -> (461.14,1641.89)
G1 X461.139 Y1641.886
; Coordinate transform: (457.19,339.08) -> (457.19,1652.92)
G1 X457.187 Y1652.924
; Coordinate transform: (453.17,328.03) -> (453.17,1663.97)
G1 X453.166 Y1663.966
; Coordinate transform: (449.09,317.01) -> (449.09,1674.99)
G1 X449.087 Y1674.994
; Coordinate transform: (444.98,306.02) -> (444.98,1685.98)
G1 X444.978 Y1685.979
; Coordinate transform: (440.87,295.10) -> (440.87,1696.90)
G1 X440.867 Y1696.903
; Coordinate transform: (436.77,284.24) -> (436.77,1707.76)
G1 X436.767 Y1707.757
; Coordinate transform: (432.68,273.46) -> (432.68,1718.54)
G1 X432.677 Y1718.543
; Coordinate transform: (428.59,262.73) -> (428.59,1729.27)
G1 X428.589 Y1729.273
; Coordinate transform: (424.51,252.03) -> (424.51,1739.97)
G1 X424.506 Y1739.970
; Coordinate transform: (420.44,241.37) -> (420.44,1750.63)
G1 X420.445 Y1750.633
; Coordinate transform: (416.43,230.74) -> (416.43,1761.26)
G1 X416.430 Y1761.259
; Coordinate transform: (412.46,220.14) -> (412.46,1771.86)
G1 X412.460 Y1771.862
; Coordinate transform: (408.52,209.53) -> (408.52,1782.47)
G1 X408.519 Y1782.466
; Coordinate transform: (404.59,198.94) -> (404.59,1793.06)
G1 X404.589 Y1793.061
; Coordinate transform: (400.68,188.38) -> (400.68,1803.62)
G1 X400.675 Y1803.625
; Coordinate transform: (396.79,177.84) -> (396.79,1814.16)
G1 X396.790 Y1814.163
; Coordinate transform: (392.94,167.31) -> (392.94,1824.69)
G1 X392.942 Y1824.687
; Coordinate transform: (389.14,156.82) -> (389.14,1835.18)
G1 X389.136 Y1835.178
; Coordinate transform: (385.37,146.37) -> (385.37,1845.63)
G1 X385.366 Y1845.627
; Coordinate transform: (381.61,135.94) -> (381.61,1856.06)
G1 X381.610 Y1856.059
; Coordinate transform: (377.86,125.76) -> (377.86,1866.24)
G1 X377.856 Y1866.236
; Coordinate transform: (374.12,116.84) -> (374.12,1875.16)
G1 X374.115 Y1875.160
; Coordinate transform: (370.40,110.45) -> (370.40,1881.55)
G1 X370.399 Y1881.551
; Coordinate transform: (366.71,107.30) -> (366.71,1884.70)
G1 X366.715 Y1884.696
; Coordinate transform: (363.06,107.24) -> (363.06,1884.76)
G1 X363.058 Y1884.760
; Coordinate transform: (359.39,110.10) -> (359.39,1881.90)
G1 X359.387 Y1881.897
; Coordinate transform: (355.60,115.74) -> (355.60,1876.26)
G1 X355.602 Y1876.263
; Coordinate transform: (351.52,123.62) -> (351.52,1868.38)
G1 X351.517 Y1868.384
; Coordinate transform: (346.98,132.59) -> (346.98,1859.41)
G1 X346.979 Y1859.412
; Coordinate transform: (341.87,141.61) -> (341.87,1850.39)
G1 X341.869 Y1850.389
; Coordinate transform: (336.08,150.67) -> (336.08,1841.33)
G1 X336.085 Y1841.333
; Coordinate transform: (329.57,159.81) -> (329.57,1832.19)
G1 X329.568 Y1832.189
; Coordinate transform: (322.39,169.14) -> (322.39,1822.86)
G1 X322.389 Y1822.864
; Coordinate transform: (314.68,178.63) -> (314.68,1813.37)
G1 X314.675 Y1813.366
; Coordinate transform: (306.61,188.25) -> (306.61,1803.75)
G1 X306.608 Y1803.753
; Coordinate transform: (298.34,197.91) -> (298.34,1794.09)
G1 X298.341 Y1794.094
; Coordinate transform: (289.99,207.56) -> (289.99,1784.44)
G1 X289.989 Y1784.445
; Coordinate transform: (281.63,217.16) -> (281.63,1774.84)
G1 X281.626 Y1774.835
; Coordinate transform: (273.30,226.71) -> (273.30,1765.29)
G1 X273.297 Y1765.287
; Coordinate transform: (265.02,236.18) -> (265.02,1755.82)
G1 X265.025 Y1755.822
; Coordinate transform: (256.83,245.55) -> (256.83,1746.45)
G1 X256.830 Y1746.447
; Coordinate transform: (248.73,254.83) -> (248.73,1737.17)
G1 X248.730 Y1737.171
; Coordinate transform: (240.72,264.01) -> (240.72,1727.99)
G1 X240.720 Y1727.994
; Coordinate transform: (232.80,273.11) -> (232.80,1718.89)
G1 X232.799 Y1718.894
; Coordinate transform: (224.96,282.13) -> (224.96,1709.87)
G1 X224.960 Y1709.872
; Coordinate transform: (217.21,291.07) -> (217.21,1700.93)
G1 X217.208 Y1700.927
; Coordinate transform: (209.54,299.95) -> (209.54,1692.05)
G1 X209.540 Y1692.049
; Coordinate transform: (201.95,308.76) -> (201.95,1683.24)
G1 X201.950 Y1683.237
; Coordinate transform: (194.44,317.52) -> (194.44,1674.47)
G1 X194.438 Y1674.475
; Coordinate transform: (187.01,326.22) -> (187.01,1665.78)
G1 X187.011 Y1665.777
; Coordinate transform: (179.66,334.86) -> (179.66,1657.14)
G1 X179.664 Y1657.139
; Coordinate transform: (172.38,343.44) -> (172.38,1648.56)
G1 X172.384 Y1648.557
; Coordinate transform: (165.15,351.98) -> (165.15,1640.02)
G1 X165.151 Y1640.020
; Coordinate transform: (157.94,360.50) -> (157.94,1631.50)
G1 X157.944 Y1631.502
; Coordinate transform: (150.75,369.02) -> (150.75,1622.98)
G1 X150.746 Y1622.977
; Coordinate transform: (143.56,377.57) -> (143.56,1614.43)
G1 X143.555 Y1614.434
; Coordinate transform: (136.46,386.11) -> (136.46,1605.89)
G1 X136.459 Y1605.892
; Coordinate transform: (129.66,394.63) -> (129.66,1597.37)
G1 X129.656 Y1597.367
; Coordinate transform: (123.57,403.15) -> (123.57,1588.85)
G1 X123.574 Y1588.852
; Coordinate transform: (119.07,411.65) -> (119.07,1580.35)
G1 X119.066 Y1580.354
; Coordinate transform: (116.73,420.17) -> (116.73,1571.83)
G1 X116.726 Y1571.833
; Coordinate transform: (116.84,428.74) -> (116.84,1563.26)
G1 X116.844 Y1563.260
; Coordinate transform: (119.33,437.43) -> (119.33,1554.57)
G1 X119.329 Y1554.571
; Coordinate transform: (123.77,446.31) -> (123.77,1545.69)
G1 X123.773 Y1545.693
; Coordinate transform: (129.55,455.41) -> (129.55,1536.59)
G1 X129.550 Y1536.594
; Coordinate transform: (135.87,464.75) -> (135.87,1527.25)
G1 X135.872 Y1527.248
; Coordinate transform: (142.37,474.30) -> (142.37,1517.70)
G1 X142.367 Y1517.697
; Coordinate transform: (148.92,484.00) -> (148.92,1508.00)
G1 X148.922 Y1507.997
; Coordinate transform: (155.44,493.79) -> (155.44,1498.21)
G1 X155.443 Y1498.207
; Coordinate transform: (161.92,503.62) -> (161.92,1488.38)
G1 X161.924 Y1488.376
; Coordinate transform: (168.37,513.47) -> (168.37,1478.53)
G1 X168.371 Y1478.528
; Coordinate transform: (174.79,523.33) -> (174.79,1468.67)
G1 X174.791 Y1468.671
; Coordinate transform: (181.19,533.17) -> (181.19,1458.83)
G1 X181.194 Y1458.834
; Coordinate transform: (187.56,542.94) -> (187.56,1449.06)
G1 X187.565 Y1449.058
; Coordinate transform: (193.89,552.63) -> (193.89,1439.37)
G1 X193.891 Y1439.370
; Coordinate transform: (200.17,562.21) -> (200.17,1429.79)
G1 X200.166 Y1429.791
; Coordinate transform: (206.39,571.70) -> (206.39,1420.30)
G1 X206.392 Y1420.301
; Coordinate transform: (212.59,581.17) -> (212.59,1410.83)
G1 X212.585 Y1410.833
; Coordinate transform: (218.73,590.62) -> (218.73,1401.38)
G1 X218.734 Y1401.376
; Coordinate transform: (224.82,600.06) -> (224.82,1391.94)
G1 X224.825 Y1391.940
; Coordinate transform: (230.84,609.42) -> (230.84,1382.58)
G1 X230.836 Y1382.581
; Coordinate transform: (236.77,618.64) -> (236.77,1373.36)
G1 X236.770 Y1373.360
; Coordinate transform: (242.65,627.69) -> (242.65,1364.31)
G1 X242.649 Y1364.307
; Coordinate transform: (248.50,636.54) -> (248.50,1355.46)
G1 X248.505 Y1355.458
; Coordinate transform: (254.35,645.11) -> (254.35,1346.89)
G1 X254.352 Y1346.894
; Coordinate transform: (260.16,653.29) -> (260.16,1338.71)
G1 X260.161 Y1338.710
; Coordinate transform: (265.92,660.99) -> (265.92,1331.01)
G1 X265.916 Y1331.015
; Coordinate transform: (271.60,668.11) -> (271.60,1323.89)
G1 X271.601 Y1323.889
; Coordinate transform: (277.20,674.61) -> (277.20,1317.39)
G1 X277.202 Y1317.393
; Coordinate transform: (282.72,680.45) -> (282.72,1311.55)
G1 X282.716 Y1311.551
; Coordinate transform: (288.13,685.66) -> (288.13,1306.34)
G1 X288.127 Y1306.336
; Coordinate transform: (293.43,690.29) -> (293.43,1301.71)
G1 X293.432 Y1301.708
; Coordinate transform: (298.66,694.42) -> (298.66,1297.58)
G1 X298.660 Y1297.575
; Coordinate transform: (303.86,698.19) -> (303.86,1293.81)
G1 X303.861 Y1293.811
; Coordinate transform: (309.11,701.72) -> (309.11,1290.28)
G1 X309.109 Y1290.281
; Coordinate transform: (314.48,705.16) -> (314.48,1286.84)
G1 X314.481 Y1286.842
; Coordinate transform: (320.03,708.65) -> (320.03,1283.35)
G1 X320.034 Y1283.349
; Coordinate transform: (325.84,712.34) -> (325.84,1279.66)
G1 X325.841 Y1279.657
; Coordinate transform: (331.95,716.39) -> (331.95,1275.61)
G1 X331.951 Y1275.609
; Coordinate transform: (338.41,720.96) -> (338.41,1271.04)
G1 X338.410 Y1271.037
; Coordinate transform: (345.27,726.20) -> (345.27,1265.80)
G1 X345.270 Y1265.801
; Coordinate transform: (352.54,732.22) -> (352.54,1259.78)
G1 X352.538 Y1259.778
; Coordinate transform: (360.23,739.17) -> (360.23,1252.83)
G1 X360.232 Y1252.832
; Coordinate transform: (368.27,747.01) -> (368.27,1244.99)
G1 X368.270 Y1244.986
; Coordinate transform: (376.58,755.74) -> (376.58,1236.26)
G1 X376.577 Y1236.265
; Coordinate transform: (385.04,765.15) -> (385.04,1226.85)
G1 X385.036 Y1226.850
; Coordinate transform: (393.52,775.06) -> (393.52,1216.94)
G1 X393.519 Y1216.938
; Coordinate transform: (401.91,785.25) -> (401.91,1206.75)
G1 X401.907 Y1206.752
; Coordinate transform: (410.11,795.53) -> (410.11,1196.47)
G1 X410.109 Y1196.474
; Coordinate transform: (418.09,805.78) -> (418.09,1186.22)
G1 X418.091 Y1186.220
; Coordinate transform: (425.82,815.93) -> (425.82,1176.07)
G1 X425.817 Y1176.071
; Coordinate transform: (433.26,825.89) -> (433.26,1166.11)
G1 X433.258 Y1166.109
; Coordinate transform: (440.38,835.60) -> (440.38,1156.40)
G1 X440.380 Y1156.397
; Coordinate transform: (447.19,845.06) -> (447.19,1146.94)
G1 X447.190 Y1146.940
; Coordinate transform: (453.73,854.29) -> (453.73,1137.70)
G1 X453.727 Y1137.705
; Coordinate transform: (460.05,863.37) -> (460.05,1128.63)
G1 X460.054 Y1128.628
; Coordinate transform: (466.17,872.38) -> (466.17,1119.62)
G1 X466.166 Y1119.620
; Coordinate transform: (472.07,881.34) -> (472.07,1110.66)
G1 X472.068 Y1110.657
; Coordinate transform: (477.75,890.28) -> (477.75,1101.72)
G1 X477.753 Y1101.717
; Coordinate transform: (483.23,899.17) -> (483.23,1092.83)
G1 X483.230 Y1092.831
; Coordinate transform: (488.52,908.00) -> (488.52,1084.00)
G1 X488.522 Y1084.003
; Coordinate transform: (493.64,916.78) -> (493.64,1075.22)
G1 X493.637 Y1075.222
; Coordinate transform: (498.58,925.47) -> (498.58,1066.53)
G1 X498.579 Y1066.533
; Coordinate transform: (503.34,934.04) -> (503.34,1057.96)
G1 X503.336 Y1057.964
; Coordinate transform: (507.90,942.48) -> (507.90,1049.52)
G1 X507.902 Y1049.517
; Coordinate transform: (512.31,950.84) -> (512.31,1041.16)
G1 X512.306 Y1041.161
; Coordinate transform: (516.59,959.18) -> (516.59,1032.82)
G1 X516.589 Y1032.822
; Coordinate transform: (520.77,967.55) -> (520.77,1024.45)
G1 X520.773 Y1024.447
; Coordinate transform: (524.90,976.03) -> (524.90,1015.97)
G1 X524.897 Y1015.972
; Coordinate transform: (529.03,984.59) -> (529.03,1007.41)
G1 X529.028 Y1007.413
; Coordinate transform: (533.20,993.22) -> (533.20,998.78)
G1 X533.200 Y998.779
; Coordinate transform: (537.43,1001.91) -> (537.43,990.09)
G1 X537.429 Y990.090
; Coordinate transform: (541.76,1010.71) -> (541.76,981.29)
G1 X541.757 Y981.290
; Coordinate transform: (546.23,1019.74) -> (546.23,972.26)
G1 X546.229 Y972.260
; Coordinate transform: (550.83,1028.93) -> (550.83,963.07)
G1 X550.826 Y963.070
; Coordinate transform: (555.54,1038.26) -> (555.54,953.74)
G1 X555.536 Y953.740
; Coordinate transform: (560.36,1047.74) -> (560.36,944.26)
G1 X560.363 Y944.260
; Coordinate transform: (565.37,1057.43) -> (565.37,934.57)
G1 X565.370 Y934.570
; Coordinate transform: (570.62,1067.43) -> (570.62,924.57)
G1 X570.618 Y924.570
; Coordinate transform: (576.14,1077.76) -> (576.14,914.24)
G1 X576.145 Y914.240
; Coordinate transform: (581.95,1088.33) -> (581.95,903.67)
G1 X581.946 Y903.670
; Coordinate transform: (588.03,1099.08) -> (588.03,892.92)
G1 X588.032 Y892.920
; Coordinate transform: (594.42,1110.02) -> (594.42,881.98)
G1 X594.425 Y881.980
; Coordinate transform: (601.13,1121.11) -> (601.13,870.89)
G1 X601.129 Y870.890
; Coordinate transform: (608.13,1132.32) -> (608.13,859.68)
G1 X608.130 Y859.680
; Coordinate transform: (615.33,1143.56) -> (615.33,848.44)
G1 X615.331 Y848.440
; Coordinate transform: (622.59,1154.72) -> (622.59,837.28)
G1 X622.585 Y837.280
; Coordinate transform: (629.77,1165.72) -> (629.77,826.28)
G1 X629.770 Y826.280
; Coordinate transform: (636.82,1176.53) -> (636.82,815.47)
G1 X636.817 Y815.470
; Coordinate transform: (643.67,1187.15) -> (643.67,804.85)
G1 X643.670 Y804.850
; Coordinate transform: (650.29,1197.57) -> (650.29,794.43)
G1 X650.289 Y794.430
; Coordinate transform: (656.63,1207.75) -> (656.63,784.25)
G1 X656.633 Y784.250
; Coordinate transform: (662.67,1217.61) -> (662.67,774.39)
G1 X662.675 Y774.390
; Coordinate transform: (668.28,1227.10) -> (668.28,764.90)
G1 X668.277 Y764.900
; Coordinate transform: (673.45,1235.88) -> (673.45,756.12)
G1 X673.450 Y756.120
; Coordinate transform: (678.14,1243.70) -> (678.14,748.30)
G1 X678.138 Y748.300
; Coordinate transform: (682.30,1250.36) -> (682.30,741.64)
G1 X682.302 Y741.640
; Coordinate transform: (685.97,1255.86) -> (685.97,736.14)
G1 X685.968 Y736.140
; Coordinate transform: (689.16,1260.23) -> (689.16,731.77)
G1 X689.157 Y731.770
; Coordinate transform: (691.89,1263.57) -> (691.89,728.43)
G1 X691.888 Y728.430
; Coordinate transform: (694.16,1265.95) -> (694.16,726.05)
G1 X694.164 Y726.050
; Coordinate transform: (695.99,1267.43) -> (695.99,724.57)
G1 X695.992 Y724.570
; Coordinate transform: (697.39,1268.06) -> (697.39,723.94)
G1 X697.387 Y723.940
; Coordinate transform: (698.37,1267.91) -> (698.37,724.09)
G1 X698.372 Y724.090
; Coordinate transform: (698.98,1266.99) -> (698.98,725.01)
G1 X698.975 Y725.010
; Coordinate transform: (699.23,1265.32) -> (699.23,726.68)
G1 X699.232 Y726.680
; Coordinate transform: (699.17,1262.88) -> (699.17,729.12)
G1 X699.171 Y729.120
; Coordinate transform: (698.82,1259.64) -> (698.82,732.36)
G1 X698.823 Y732.360
; Coordinate transform: (698.21,1255.53) -> (698.21,736.47)
G1 X698.211 Y736.470
; Coordinate transform: (697.35,1250.43) -> (697.35,741.57)
G1 X697.352 Y741.570
; Coordinate transform: (696.26,1244.20) -> (696.26,747.80)
G1 X696.261 Y747.800
; Coordinate transform: (694.94,1236.65) -> (694.94,755.35)
G1 X694.944 Y755.350
; Coordinate transform: (693.43,1227.71) -> (693.43,764.29)
G1 X693.434 Y764.290
; Coordinate transform: (691.77,1217.40) -> (691.77,774.60)
G1 X691.766 Y774.600
; Coordinate transform: (690.01,1205.87) -> (690.01,786.13)
G1 X690.011 Y786.130
; Coordinate transform: (688.24,1193.32) -> (688.24,798.68)
G1 X688.236 Y798.680
; Coordinate transform: (686.49,1179.97) -> (686.49,812.03)
G1 X686.494 Y812.030
; Coordinate transform: (684.82,1166.07) -> (684.82,825.93)
G1 X684.815 Y825.930
; Coordinate transform: (683.20,1151.84) -> (683.20,840.16)
G1 X683.196 Y840.160
; Coordinate transform: (681.60,1137.52) -> (681.60,854.48)
G1 X681.601 Y854.480
; Coordinate transform: (679.97,1123.29) -> (679.97,868.71)
G1 X679.973 Y868.710
; Coordinate transform: (678.25,1109.33) -> (678.25,882.67)
G1 X678.248 Y882.670
; Coordinate transform: (676.37,1095.82) -> (676.37,896.18)
G1 X676.369 Y896.180
; Coordinate transform: (674.28,1082.98) -> (674.28,909.02)
G1 X674.279 Y909.020
; Coordinate transform: (671.92,1070.97) -> (671.92,921.03)
G1 X671.917 Y921.030
; Coordinate transform: (669.25,1059.90) -> (669.25,932.10)
G1 X669.249 Y932.100
; Coordinate transform: (666.20,1049.76) -> (666.20,942.24)
G1 X666.197 Y942.240
; Coordinate transform: (662.65,1040.50) -> (662.65,951.50)
G1 X662.650 Y951.500
; Coordinate transform: (658.48,1032.04) -> (658.48,959.96)
G1 X658.476 Y959.960
; Coordinate transform: (653.62,1024.33) -> (653.62,967.67)
G1 X653.615 Y967.670
; Coordinate transform: (648.10,1017.33) -> (648.10,974.67)
G1 X648.098 Y974.670
; Coordinate transform: (641.94,1011.00) -> (641.94,981.00)
G1 X641.941 Y981.000
; Coordinate transform: (635.13,1005.24) -> (635.13,986.76)
G1 X635.127 Y986.760
; Coordinate transform: (627.64,999.93) -> (627.64,992.07)
G1 X627.638 Y992.074
; Coordinate transform: (619.47,994.92) -> (619.47,997.08)
G1 X619.468 Y997.078
; Coordinate transform: (610.70,990.11) -> (610.70,1001.89)
G1 X610.697 Y1001.891
; Coordinate transform: (601.50,985.39) -> (601.50,1006.61)
G1 X601.500 Y1006.607
; Coordinate transform: (592.11,980.67) -> (592.11,1011.33)
G1 X592.106 Y1011.332
; Coordinate transform: (582.72,975.82) -> (582.72,1016.18)
G1 X582.717 Y1016.185
; Coordinate transform: (573.51,970.72) -> (573.51,1021.28)
G1 X573.514 Y1021.280
; Coordinate transform: (564.63,965.32) -> (564.63,1026.68)
G1 X564.627 Y1026.685
; Coordinate transform: (556.18,959.61) -> (556.18,1032.39)
G1 X556.176 Y1032.395
; Coordinate transform: (548.28,953.59) -> (548.28,1038.41)
G1 X548.278 Y1038.408
; Coordinate transform: (540.89,947.23) -> (540.89,1044.77)
G1 X540.890 Y1044.771
; Coordinate transform: (533.94,940.43) -> (533.94,1051.57)
G1 X533.941 Y1051.569
; Coordinate transform: (527.32,933.12) -> (527.32,1058.88)
G1 X527.315 Y1058.875
; Coordinate transform: (520.93,925.25) -> (520.93,1066.75)
G1 X520.930 Y1066.751
; Coordinate transform: (514.74,916.78) -> (514.74,1075.22)
G1 X514.737 Y1075.220
; Coordinate transform: (508.72,907.76) -> (508.72,1084.24)
G1 X508.717 Y1084.241
; Coordinate transform: (502.90,898.23) -> (502.90,1093.77)
G1 X502.897 Y1093.768
; Coordinate transform: (497.27,888.28) -> (497.27,1103.72)
G1 X497.275 Y1103.719
; Coordinate transform: (491.86,877.93) -> (491.86,1114.07)
G1 X491.863 Y1114.072
; Coordinate transform: (486.67,867.22) -> (486.67,1124.78)
G1 X486.665 Y1124.784
; Coordinate transform: (481.71,856.14) -> (481.71,1135.86)
G1 X481.708 Y1135.857
; Coordinate transform: (477.01,844.66) -> (477.01,1147.34)
G1 X477.011 Y1147.335
; Coordinate transform: (472.60,832.73) -> (472.60,1159.27)
G1 X472.597 Y1159.272
; Coordinate transform: (468.50,820.30) -> (468.50,1171.70)
G1 X468.501 Y1171.696
; Coordinate transform: (464.78,807.40) -> (464.78,1184.60)
G1 X464.784 Y1184.598
; Coordinate transform: (461.45,794.11) -> (461.45,1197.89)
G1 X461.452 Y1197.887
; Coordinate transform: (458.53,780.54) -> (458.53,1211.46)
G1 X458.530 Y1211.461
; Coordinate transform: (456.06,766.82) -> (456.06,1225.18)
G1 X456.059 Y1225.183
; Coordinate transform: (454.05,753.13) -> (454.05,1238.87)
G1 X454.046 Y1238.870
; Coordinate transform: (452.47,739.69) -> (452.47,1252.31)
G1 X452.473 Y1252.311
; Coordinate transform: (451.31,726.73) -> (451.31,1265.27)
G1 X451.315 Y1265.268
; Coordinate transform: (450.53,714.40) -> (450.53,1277.60)
G1 X450.534 Y1277.599
; Coordinate transform: (450.05,702.70) -> (450.05,1289.30)
G1 X450.050 Y1289.296
; Coordinate transform: (449.76,691.52) -> (449.76,1300.48)
G1 X449.760 Y1300.477
; Coordinate transform: (449.53,680.61) -> (449.53,1311.39)
G1 X449.527 Y1311.388
; Coordinate transform: (449.21,669.66) -> (449.21,1322.34)
G1 X449.211 Y1322.335
; Coordinate transform: (448.68,658.37) -> (448.68,1333.63)
G1 X448.681 Y1333.633
; Coordinate transform: (447.83,646.43) -> (447.83,1345.57)
G1 X447.831 Y1345.568
; Coordinate transform: (446.60,633.73) -> (446.60,1358.27)
G1 X446.599 Y1358.269
; Coordinate transform: (444.98,620.31) -> (444.98,1371.69)
G1 X444.975 Y1371.693
; Coordinate transform: (443.00,606.33) -> (443.00,1385.67)
G1 X443.004 Y1385.666
; Coordinate transform: (440.76,592.06) -> (440.76,1399.94)
G1 X440.764 Y1399.941
; Coordinate transform: (438.33,577.73) -> (438.33,1414.27)
G1 X438.332 Y1414.273
; Coordinate transform: (435.76,563.52) -> (435.76,1428.48)
G1 X435.759 Y1428.484
; Coordinate transform: (433.07,549.55) -> (433.07,1442.45)
G1 X433.072 Y1442.448
; Coordinate transform: (430.26,535.92) -> (430.26,1456.08)
G1 X430.262 Y1456.084
; Coordinate transform: (427.30,522.63) -> (427.30,1469.37)
G1 X427.295 Y1469.372
; Coordinate transform: (424.14,509.66) -> (424.14,1482.34)
G1 X424.137 Y1482.344
; Coordinate transform: (420.77,496.98) -> (420.77,1495.02)
G1 X420.771 Y1495.023
; Coordinate transform: (417.19,484.59) -> (417.19,1507.41)
G1 X417.188 Y1507.406
; Coordinate transform: (413.38,472.50) -> (413.38,1519.50)
G1 X413.381 Y1519.497
; Coordinate transform: (409.33,460.67) -> (409.33,1531.33)
G1 X409.326 Y1531.328
; Coordinate transform: (404.99,449.06) -> (404.99,1542.94)
G1 X404.992 Y1542.939
; Coordinate transform: (400.34,437.64) -> (400.34,1554.36)
G1 X400.343 Y1554.358
; Coordinate transform: (395.37,426.40) -> (395.37,1565.60)
G1 X395.370 Y1565.604
; Coordinate transform: (390.07,415.30) -> (390.07,1576.70)
G1 X390.070 Y1576.701
; Coordinate transform: (384.50,404.36) -> (384.50,1587.64)
G1 X384.496 Y1587.637
; Coordinate transform: (378.70,393.59) -> (378.70,1598.41)
G1 X378.702 Y1598.407
; Coordinate transform: (372.74,383.00) -> (372.74,1609.00)
G1 X372.744 Y1609.004
; Coordinate transform: (366.66,372.58) -> (366.66,1619.42)
G1 X366.661 Y1619.417
; Coordinate transform: (360.48,362.34) -> (360.48,1629.66)
G1 X360.475 Y1629.656
; Coordinate transform: (354.20,352.26) -> (354.20,1639.74)
G1 X354.203 Y1639.741
; Coordinate transform: (347.85,342.29) -> (347.85,1649.71)
G1 X347.852 Y1649.711
; Coordinate transform: (341.45,332.45) -> (341.45,1659.55)
G1 X341.450 Y1659.553
; Coordinate transform: (335.03,322.75) -> (335.03,1669.25)
G1 X335.034 Y1669.251
; Coordinate transform: (328.67,313.20) -> (328.67,1678.80)
G1 X328.666 Y1678.804
; Coordinate transform: (322.40,303.83) -> (322.40,1688.17)
G1 X322.400 Y1688.169
; Coordinate transform: (316.29,294.69) -> (316.29,1697.31)
G1 X316.291 Y1697.308
; Coordinate transform: (310.42,285.84) -> (310.42,1706.16)
G1 X310.419 Y1706.160
; Coordinate transform: (304.89,277.25) -> (304.89,1714.75)
G1 X304.887 Y1714.747
; Coordinate transform: (299.81,269.10) -> (299.81,1722.90)
G1 X299.814 Y1722.896
; Coordinate transform: (295.17,261.42) -> (295.17,1730.58)
G1 X295.168 Y1730.579
; Coordinate transform: (290.93,254.17) -> (290.93,1737.83)
G1 X290.933 Y1737.828
; Coordinate transform: (287.09,247.28) -> (287.09,1744.72)
G1 X287.093 Y1744.722
; Coordinate transform: (283.57,240.59) -> (283.57,1751.40)
G1 X283.570 Y1751.405
; Coordinate transform: (280.21,234.04) -> (280.21,1757.95)
G1 X280.214 Y1757.955
; Coordinate transform: (276.89,227.49) -> (276.89,1764.51)
G1 X276.889 Y1764.513
; Coordinate transform: (273.44,220.78) -> (273.44,1771.22)
G1 X273.441 Y1771.221
; Coordinate transform: (269.72,213.76) -> (269.72,1778.24)
G1 X269.721 Y1778.243
; Coordinate transform: (265.58,206.28) -> (265.58,1785.72)
G1 X265.578 Y1785.721
; Coordinate transform: (260.87,198.19) -> (260.87,1793.81)
G1 X260.865 Y1793.811
; Coordinate transform: (255.50,189.43) -> (255.50,1802.57)
G1 X255.504 Y1802.574
; Coordinate transform: (249.48,179.98) -> (249.48,1812.02)
G1 X249.477 Y1812.024
; Coordinate transform: (242.81,169.92) -> (242.81,1822.08)
G1 X242.808 Y1822.078
; Coordinate transform: (235.62,159.41) -> (235.62,1832.59)
G1 X235.624 Y1832.594
; Coordinate transform: (228.07,148.57) -> (228.07,1843.43)
G1 X228.066 Y1843.426
; Coordinate transform: (220.31,137.59) -> (220.31,1854.41)
G1 X220.305 Y1854.407
; Coordinate transform: (212.47,126.83) -> (212.47,1865.17)
G1 X212.467 Y1865.166
; Coordinate transform: (204.65,117.26) -> (204.65,1874.74)
G1 X204.654 Y1874.739
; Coordinate transform: (196.90,110.28) -> (196.90,1881.72)
G1 X196.902 Y1881.721
; Coordinate transform: (189.27,106.56) -> (189.27,1885.44)
G1 X189.271 Y1885.436
; Coordinate transform: (181.77,105.95) -> (181.77,1886.05)
G1 X181.773 Y1886.046
; Coordinate transform: (174.38,108.29) -> (174.38,1883.71)
G1 X174.381 Y1883.709
; Coordinate transform: (167.01,113.42) -> (167.01,1878.58)
G1 X167.007 Y1878.580
; Coordinate transform: (159.48,121.17) -> (159.48,1870.83)
G1 X159.484 Y1870.825
; Coordinate transform: (151.68,130.59) -> (151.68,1861.41)
G1 X151.680 Y1861.410
; Coordinate transform: (143.60,140.36) -> (143.60,1851.64)
G1 X143.597 Y1851.636
; Coordinate transform: (135.35,150.18) -> (135.35,1841.82)
G1 X135.347 Y1841.821
; Coordinate transform: (127.22,159.93) -> (127.22,1832.07)
G1 X127.221 Y1832.072
; Coordinate transform: (120.06,169.63) -> (120.06,1822.37)
G1 X120.060 Y1822.371
; Coordinate transform: (114.96,179.27) -> (114.96,1812.73)
G1 X114.959 Y1812.733
; Coordinate transform: (112.76,188.84) -> (112.76,1803.15)
G1 X112.761 Y1803.155
; Coordinate transform: (113.57,198.36) -> (113.57,1793.64)
G1 X113.573 Y1793.642
; Coordinate transform: (117.24,207.86) -> (117.24,1784.14)
G1 X117.237 Y1784.138
; Coordinate transform: (123.12,217.44) -> (123.12,1774.56)
G1 X123.118 Y1774.559
; Coordinate transform: (130.33,227.10) -> (130.33,1764.90)
G1 X130.328 Y1764.900
; Coordinate transform: (137.82,236.81) -> (137.82,1755.19)
G1 X137.822 Y1755.194
; Coordinate transform: (145.24,246.48) -> (145.24,1745.52)
G1 X145.235 Y1745.520
; Coordinate transform: (152.35,256.00) -> (152.35,1736.00)
G1 X152.350 Y1736.001
; Coordinate transform: (159.02,265.21) -> (159.02,1726.79)
G1 X159.017 Y1726.791
; Coordinate transform: (165.12,273.99) -> (165.12,1718.01)
G1 X165.125 Y1718.006
; Coordinate transform: (170.61,282.30) -> (170.61,1709.70)
G1 X170.612 Y1709.699
; Coordinate transform: (175.49,290.13) -> (175.49,1701.87)
G1 X175.489 Y1701.872
; Coordinate transform: (179.83,297.52) -> (179.83,1694.48)
G1 X179.826 Y1694.479
; Coordinate transform: (183.74,304.60) -> (183.74,1687.40)
G1 X183.739 Y1687.402
; Coordinate transform: (187.38,311.50) -> (187.38,1680.50)
G1 X187.383 Y1680.502
; Coordinate transform: (190.94,318.38) -> (190.94,1673.62)
G1 X190.942 Y1673.618
; Coordinate transform: (194.61,325.42) -> (194.61,1666.58)
G1 X194.611 Y1666.583
; Coordinate transform: (198.56,332.76) -> (198.56,1659.24)
G1 X198.564 Y1659.236
; Coordinate transform: (202.97,340.56) -> (202.97,1651.44)
G1 X202.974 Y1651.437
; Coordinate transform: (208.00,348.94) -> (208.00,1643.06)
G1 X208.005 Y1643.056
; Coordinate transform: (213.73,357.99) -> (213.73,1634.01)
G1 X213.732 Y1634.013
; Coordinate transform: (220.14,367.67) -> (220.14,1624.33)
G1 X220.142 Y1624.330
; Coordinate transform: (227.18,377.93) -> (227.18,1614.07)
G1 X227.178 Y1614.071
; Coordinate transform: (234.67,388.61) -> (234.67,1603.39)
G1 X234.668 Y1603.395
; Coordinate transform: (242.44,399.52) -> (242.44,1592.47)
G1 X242.439 Y1592.475
; Coordinate transform: (250.30,410.54) -> (250.30,1581.46)
G1 X250.298 Y1581.465
; Coordinate transform: (258.11,421.55) -> (258.11,1570.45)
G1 X258.113 Y1570.453
; Coordinate transform: (265.82,432.51) -> (265.82,1559.49)
G1 X265.820 Y1559.494
; Coordinate transform: (273.39,443.36) -> (273.39,1548.64)
G1 X273.395 Y1548.638
; Coordinate transform: (280.83,454.07) -> (280.83,1537.93)
G1 X280.830 Y1537.932
; Coordinate transform: (288.12,464.60) -> (288.12,1527.40)
G1 X288.125 Y1527.401
; Coordinate transform: (295.30,474.98) -> (295.30,1517.02)
G1 X295.297 Y1517.023
; Coordinate transform: (302.35,485.22) -> (302.35,1506.78)
G1 X302.350 Y1506.781
; Coordinate transform: (309.26,495.35) -> (309.26,1496.65)
G1 X309.257 Y1496.646
; Coordinate transform: (316.00,505.41) -> (316.00,1486.59)
G1 X316.005 Y1486.590
; Coordinate transform: (322.57,515.38) -> (322.57,1476.62)
G1 X322.572 Y1476.616
; Coordinate transform: (328.94,525.28) -> (328.94,1466.72)
G1 X328.943 Y1466.721
; Coordinate transform: (335.07,535.10) -> (335.07,1456.90)
G1 X335.066 Y1456.905
; Coordinate transform: (340.90,544.84) -> (340.90,1447.16)
G1 X340.901 Y1447.165
; Coordinate transform: (346.38,554.51) -> (346.38,1437.49)
G1 X346.385 Y1437.488
; Coordinate transform: (351.48,564.12) -> (351.48,1427.88)
G1 X351.480 Y1427.876
; Coordinate transform: (356.19,573.66) -> (356.19,1418.34)
G1 X356.190 Y1418.338
; Coordinate transform: (360.52,583.13) -> (360.52,1408.87)
G1 X360.522 Y1408.874
; Coordinate transform: (364.48,592.49) -> (364.48,1399.51)
G1 X364.482 Y1399.510
; Coordinate transform: (368.08,601.70) -> (368.08,1390.30)
G1 X368.083 Y1390.301
; Coordinate transform: (371.32,610.68) -> (371.32,1381.32)
G1 X371.321 Y1381.315
; Coordinate transform: (374.19,619.33) -> (374.19,1372.67)
G1 X374.190 Y1372.671
; Coordinate transform: (376.68,627.51) -> (376.68,1364.49)
G1 X376.680 Y1364.491
; Coordinate transform: (378.79,635.11) -> (378.79,1356.89)
G1 X378.785 Y1356.892
; Coordinate transform: (380.50,642.01) -> (380.50,1349.99)
G1 X380.499 Y1349.993
; Coordinate transform: (381.82,648.13) -> (381.82,1343.87)
G1 X381.821 Y1343.872
; Coordinate transform: (382.77,653.43) -> (382.77,1338.57)
G1 X382.774 Y1338.567
; Coordinate transform: (383.39,657.93) -> (383.39,1334.07)
G1 X383.392 Y1334.070
; Coordinate transform: (383.71,661.65) -> (383.71,1330.35)
G1 X383.709 Y1330.349
; Coordinate transform: (383.78,664.67) -> (383.78,1327.33)
G1 X383.776 Y1327.332
; Coordinate transform: (383.63,667.06) -> (383.63,1324.94)
G1 X383.630 Y1324.938
; Coordinate transform: (383.30,668.90) -> (383.30,1323.10)
G1 X383.300 Y1323.096
; Coordinate transform: (382.80,670.26) -> (382.80,1321.74)
G1 X382.803 Y1321.739
; Coordinate transform: (382.16,671.19) -> (382.16,1320.81)
G1 X382.161 Y1320.809
; Coordinate transform: (381.38,671.74) -> (381.38,1320.26)
G1 X381.380 Y1320.264
; Coordinate transform: (380.45,671.92) -> (380.45,1320.08)
G1 X380.455 Y1320.080
; Coordinate transform: (379.38,671.76) -> (379.38,1320.24)
G1 X379.379 Y1320.244
; Coordinate transform: (378.13,671.24) -> (378.13,1320.76)
G1 X378.126 Y1320.763
; Coordinate transform: (376.67,670.34) -> (376.67,1321.66)
G1 X376.666 Y1321.662
; Coordinate transform: (374.94,669.01) -> (374.94,1322.99)
G1 X374.942 Y1322.986
; Coordinate transform: (372.88,667.20) -> (372.88,1324.80)
G1 X372.885 Y1324.801
; Coordinate transform: (370.40,664.81) -> (370.40,1327.19)
G1 X370.399 Y1327.194
; Coordinate transform: (367.36,661.71) -> (367.36,1330.29)
G1 X367.356 Y1330.286
; Coordinate transform: (363.59,657.76) -> (363.59,1334.24)
G1 X363.591 Y1334.241
; Coordinate transform: (358.94,652.77) -> (358.94,1339.23)
G1 X358.939 Y1339.234
; Coordinate transform: (353.24,646.60) -> (353.24,1345.40)
G1 X353.239 Y1345.399
; Coordinate transform: (346.29,639.12) -> (346.29,1352.88)
G1 X346.289 Y1352.884
; Coordinate transform: (338.02,630.31) -> (338.02,1361.69)
G1 X338.024 Y1361.692
; Coordinate transform: (328.42,620.27) -> (328.42,1371.73)
G1 X328.418 Y1371.731
; Coordinate transform: (317.70,609.28) -> (317.70,1382.72)
G1 X317.701 Y1382.717
; Coordinate transform: (306.22,597.71) -> (306.22,1394.29)
G1 X306.224 Y1394.289
; Coordinate transform: (294.41,585.92) -> (294.41,1406.08)
G1 X294.414 Y1406.084
; Coordinate transform: (282.64,574.14) -> (282.64,1417.86)
G1 X282.645 Y1417.855
; Coordinate transform: (271.13,562.50) -> (271.13,1429.50)
G1 X271.134 Y1429.501
; Coordinate transform: (260.00,550.99) -> (260.00,1441.01)
G1 X260.001 Y1441.011
; Coordinate transform: (249.32,539.60) -> (249.32,1452.40)
G1 X249.325 Y1452.398
; Coordinate transform: (239.16,528.32) -> (239.16,1463.68)
G1 X239.155 Y1463.685
; Coordinate transform: (229.50,517.13) -> (229.50,1474.87)
G1 X229.503 Y1474.872
; Coordinate transform: (220.35,506.01) -> (220.35,1485.99)
G1 X220.353 Y1485.991
; Coordinate transform: (211.72,494.93) -> (211.72,1497.07)
G1 X211.716 Y1497.067
; Coordinate transform: (203.62,483.89) -> (203.62,1508.11)
G1 X203.617 Y1508.106
; Coordinate transform: (196.08,472.88) -> (196.08,1519.12)
G1 X196.079 Y1519.118
; Coordinate transform: (189.12,461.95) -> (189.12,1530.05)
G1 X189.125 Y1530.046
; Coordinate transform: (182.78,451.18) -> (182.78,1540.82)
G1 X182.778 Y1540.823
; Coordinate transform: (177.05,440.64) -> (177.05,1551.36)
G1 X177.048 Y1551.356
; Coordinate transform: (171.94,430.43) -> (171.94,1561.57)
G1 X171.936 Y1561.574
; Coordinate transform: (167.38,420.60) -> (167.38,1571.40)
G1 X167.383 Y1571.400
; Coordinate transform: (163.30,411.22) -> (163.30,1580.78)
G1 X163.301 Y1580.784
; Coordinate transform: (159.61,402.29) -> (159.61,1589.71)
G1 X159.607 Y1589.708
; Coordinate transform: (155.96,393.69) -> (155.96,1598.31)
G1 X155.962 Y1598.311
; Coordinate transform: (152.30,385.46) -> (152.30,1606.54)
G1 X152.297 Y1606.536
; Coordinate transform: (148.38,377.53) -> (148.38,1614.47)
G1 X148.380 Y1614.470
; Coordinate transform: (143.96,369.76) -> (143.96,1622.24)
G1 X143.962 Y1622.241
; Coordinate transform: (138.85,362.01) -> (138.85,1629.99)
G1 X138.853 Y1629.993
; Coordinate transform: (132.95,354.12) -> (132.95,1637.88)
G1 X132.952 Y1637.875
; Coordinate transform: (126.21,345.97) -> (126.21,1646.03)
G1 X126.208 Y1646.033
; Coordinate transform: (119.42,337.50) -> (119.42,1654.50)
G1 X119.421 Y1654.501
; Coordinate transform: (113.58,328.72) -> (113.58,1663.28)
G1 X113.580 Y1663.282
; Coordinate transform: (109.81,319.71) -> (109.81,1672.29)
G1 X109.809 Y1672.293
; Coordinate transform: (108.90,310.52) -> (108.90,1681.47)
G1 X108.903 Y1681.475
; Coordinate transform: (110.92,301.23) -> (110.92,1690.77)
G1 X110.916 Y1690.769
; Coordinate transform: (115.45,291.84) -> (115.45,1700.16)
G1 X115.449 Y1700.162
; Coordinate transform: (121.50,282.35) -> (121.50,1709.65)
G1 X121.498 Y1709.646
; Coordinate transform: (128.11,272.82) -> (128.11,1719.18)
G1 X128.107 Y1719.179
; Coordinate transform: (134.47,263.23) -> (134.47,1728.77)
G1 X134.467 Y1728.773
; Coordinate transform: (140.23,253.51) -> (140.23,1738.49)
G1 X140.230 Y1738.486
; Coordinate transform: (145.58,243.60) -> (145.58,1748.40)
G1 X145.584 Y1748.396
; Coordinate transform: (150.72,233.45) -> (150.72,1758.55)
G1 X150.717 Y1758.550
; Coordinate transform: (155.86,223.04) -> (155.86,1768.96)
G1 X155.857 Y1768.960
; Coordinate transform: (161.19,212.41) -> (161.19,1779.59)
G1 X161.189 Y1779.591
; Coordinate transform: (166.84,201.64) -> (166.84,1790.36)
G1 X166.842 Y1790.356
; Coordinate transform: (172.77,190.89) -> (172.77,1801.11)
G1 X172.771 Y1801.108
; Coordinate transform: (178.91,180.34) -> (178.91,1811.66)
G1 X178.909 Y1811.664
; Coordinate transform: (185.13,170.14) -> (185.13,1821.86)
G1 X185.132 Y1821.857
; Coordinate transform: (191.31,160.40) -> (191.31,1831.60)
G1 X191.315 Y1831.596
; Coordinate transform: (197.42,151.12) -> (197.42,1840.88)
G1 X197.423 Y1840.878
; Coordinate transform: (203.49,142.16) -> (203.49,1849.85)
G1 X203.492 Y1849.845
; Coordinate transform: (209.63,133.42) -> (209.63,1858.58)
G1 X209.630 Y1858.576
; Coordinate transform: (215.98,124.90) -> (215.98,1867.10)
G1 X215.980 Y1867.096
; Coordinate transform: (222.69,117.43) -> (222.69,1874.57)
G1 X222.689 Y1874.572
; Coordinate transform: (229.88,111.87) -> (229.88,1880.13)
G1 X229.880 Y1880.129
; Coordinate transform: (237.60,109.22) -> (237.60,1882.79)
G1 X237.599 Y1882.785
; Coordinate transform: (245.77,109.50) -> (245.77,1882.50)
G1 X245.766 Y1882.499
; Coordinate transform: (254.37,112.58) -> (254.37,1879.42)
G1 X254.374 Y1879.425
; Coordinate transform: (263.48,118.09) -> (263.48,1873.91)
G1 X263.479 Y1873.909
; Coordinate transform: (272.99,124.93) -> (272.99,1867.07)
G1 X272.989 Y1867.068
; Coordinate transform: (282.69,132.13) -> (282.69,1859.87)
G1 X282.686 Y1859.873
; Coordinate transform: (292.36,138.73) -> (292.36,1853.27)
G1 X292.358 Y1853.269
; Coordinate transform: (301.81,144.68) -> (301.81,1847.32)
G1 X301.811 Y1847.321
; Coordinate transform: (310.92,150.00) -> (310.92,1842.00)
G1 X310.924 Y1841.996
; Coordinate transform: (319.68,154.86) -> (319.68,1837.14)
G1 X319.676 Y1837.138
; Coordinate transform: (328.17,159.49) -> (328.17,1832.51)
G1 X328.173 Y1832.511
; Coordinate transform: (336.43,164.13) -> (336.43,1827.87)
G1 X336.430 Y1827.869
; Coordinate transform: (344.56,169.03) -> (344.56,1822.97)
G1 X344.565 Y1822.967
; Coordinate transform: (352.71,174.37) -> (352.71,1817.63)
G1 X352.708 Y1817.626
; Coordinate transform: (360.96,180.34) -> (360.96,1811.66)
G1 X360.960 Y1811.658
; Coordinate transform: (369.38,186.96) -> (369.38,1805.04)
G1 X369.383 Y1805.036
; Coordinate transform: (377.99,194.24) -> (377.99,1797.76)
G1 X377.987 Y1797.764
; Coordinate transform: (386.74,202.07) -> (386.74,1789.93)
G1 X386.738 Y1789.934
; Coordinate transform: (395.57,210.31) -> (395.57,1781.69)
G1 X395.569 Y1781.689
; Coordinate transform: (404.40,218.80) -> (404.40,1773.20)
G1 X404.402 Y1773.201
; Coordinate transform: (413.24,227.38) -> (413.24,1764.62)
G1 X413.242 Y1764.621
; Coordinate transform: (422.15,235.93) -> (422.15,1756.07)
G1 X422.155 Y1756.066
; Coordinate transform: (431.24,244.38) -> (431.24,1747.62)
G1 X431.237 Y1747.616
; Coordinate transform: (440.56,252.63) -> (440.56,1739.37)
G1 X440.558 Y1739.366
; Coordinate transform: (450.23,260.62) -> (450.23,1731.38)
G1 X450.231 Y1731.382
; Coordinate transform: (460.36,268.31) -> (460.36,1723.68)
G1 X460.358 Y1723.685
; Coordinate transform: (471.02,275.71) -> (471.02,1716.29)
G1 X471.018 Y1716.294
; Coordinate transform: (482.26,282.75) -> (482.26,1709.25)
G1 X482.261 Y1709.252
; Coordinate transform: (494.07,289.39) -> (494.07,1702.61)
G1 X494.069 Y1702.609
; Coordinate transform: (506.32,295.63) -> (506.32,1696.37)
G1 X506.319 Y1696.370
; Coordinate transform: (518.87,301.49) -> (518.87,1690.51)
G1 X518.874 Y1690.511
; Coordinate transform: (531.61,307.05) -> (531.61,1684.95)
G1 X531.610 Y1684.955
; Coordinate transform: (544.43,312.39) -> (544.43,1679.61)
G1 X544.431 Y1679.609
; Coordinate transform: (557.20,317.57) -> (557.20,1674.43)
G1 X557.201 Y1674.431
; Coordinate transform: (569.78,322.60) -> (569.78,1669.40)
G1 X569.780 Y1669.398
; Coordinate transform: (582.05,327.53) -> (582.05,1664.47)
G1 X582.049 Y1664.467
; Coordinate transform: (593.92,332.42) -> (593.92,1659.58)
G1 X593.916 Y1659.583
; Coordinate transform: (605.36,337.33) -> (605.36,1654.67)
G1 X605.361 Y1654.668
; Coordinate transform: (616.41,342.35) -> (616.41,1649.65)
G1 X616.410 Y1649.653
; Coordinate transform: (627.08,347.49) -> (627.08,1644.51)
G1 X627.075 Y1644.510
; Coordinate transform: (637.33,352.80) -> (637.33,1639.20)
G1 X637.325 Y1639.196
; Coordinate transform: (647.16,358.37) -> (647.16,1633.63)
G1 X647.159 Y1633.635
; Coordinate transform: (656.62,364.27) -> (656.62,1627.73)
G1 X656.618 Y1627.726
; Coordinate transform: (665.78,370.72) -> (665.78,1621.28)
G1 X665.781 Y1621.280
; Coordinate transform: (674.74,377.83) -> (674.74,1614.17)
G1 X674.735 Y1614.173
; Coordinate transform: (683.58,385.62) -> (683.58,1606.38)
G1 X683.577 Y1606.375
; Coordinate transform: (692.31,393.94) -> (692.31,1598.06)
G1 X692.312 Y1598.057
; Coordinate transform: (700.94,402.46) -> (700.94,1589.54)
G1 X700.937 Y1589.540
; Coordinate transform: (709.44,411.03) -> (709.44,1580.97)
G1 X709.436 Y1580.970
; Coordinate transform: (717.81,419.57) -> (717.81,1572.43)
G1 X717.807 Y1572.427
; Coordinate transform: (726.09,428.00) -> (726.09,1564.00)
G1 X726.085 Y1563.999
; Coordinate transform: (734.27,436.21) -> (734.27,1555.79)
G1 X734.268 Y1555.789
; Coordinate transform: (742.35,444.08) -> (742.35,1547.92)
G1 X742.349 Y1547.917
; Coordinate transform: (750.25,451.48) -> (750.25,1540.52)
G1 X750.254 Y1540.521
; Coordinate transform: (757.94,458.22) -> (757.94,1533.78)
G1 X757.943 Y1533.780
; Coordinate transform: (765.45,464.15) -> (765.45,1527.85)
G1 X765.451 Y1527.853
; Coordinate transform: (772.86,469.19) -> (772.86,1522.81)
G1 X772.859 Y1522.811
; Coordinate transform: (780.26,473.37) -> (780.26,1518.63)
G1 X780.264 Y1518.630
; Coordinate transform: (787.71,476.91) -> (787.71,1515.09)
G1 X787.711 Y1515.092
; Coordinate transform: (795.26,479.94) -> (795.26,1512.06)
G1 X795.257 Y1512.060
; Coordinate transform: (802.92,482.58) -> (802.92,1509.42)
G1 X802.924 Y1509.424
; Coordinate transform: (810.70,484.90) -> (810.70,1507.10)
G1 X810.698 Y1507.095
; Coordinate transform: (818.48,486.97) -> (818.48,1505.03)
G1 X818.479 Y1505.028
; Coordinate transform: (826.13,488.79) -> (826.13,1503.21)
G1 X826.126 Y1503.213
; Coordinate transform: (833.64,490.34) -> (833.64,1501.66)
G1 X833.642 Y1501.663
; Coordinate transform: (841.12,491.57) -> (841.12,1500.43)
G1 X841.117 Y1500.433
; Coordinate transform: (848.71,492.55) -> (848.71,1499.45)
G1 X848.711 Y1499.452
; Coordinate transform: (856.65,493.37) -> (856.65,1498.63)
G1 X856.653 Y1498.629
; Coordinate transform: (864.81,494.26) -> (864.81,1497.74)
G1 X864.809 Y1497.744
; Coordinate transform: (873.03,495.43) -> (873.03,1496.57)
G1 X873.026 Y1496.566
; Coordinate transform: (881.04,497.04) -> (881.04,1494.96)
G1 X881.045 Y1494.962
; Coordinate transform: (888.69,499.17) -> (888.69,1492.83)
G1 X888.691 Y1492.832
; Coordinate transform: (896.00,501.90) -> (896.00,1490.10)
G1 X895.996 Y1490.098
; Coordinate transform: (903.10,505.37) -> (903.10,1486.63)
G1 X903.102 Y1486.635
; Coordinate transform: (910.32,509.74) -> (910.32,1482.26)
G1 X910.320 Y1482.265
; Coordinate transform: (917.92,515.22) -> (917.92,1476.78)
G1 X917.920 Y1476.776
; Coordinate transform: (926.01,522.03) -> (926.01,1469.97)
G1 X926.007 Y1469.969
; Coordinate transform: (934.56,530.27) -> (934.56,1461.73)
G1 X934.562 Y1461.730
; Coordinate transform: (943.45,539.91) -> (943.45,1452.09)
G1 X943.451 Y1452.088
; Coordinate transform: (952.60,550.56) -> (952.60,1441.44)
G1 X952.597 Y1441.438
; Coordinate transform: (961.73,561.60) -> (961.73,1430.40)
G1 X961.729 Y1430.403
; Coordinate transform: (970.55,572.48) -> (970.55,1419.52)
G1 X970.554 Y1419.523
; Coordinate transform: (978.81,582.95) -> (978.81,1409.05)
G1 X978.814 Y1409.051
; Coordinate transform: (986.48,592.77) -> (986.48,1399.23)
G1 X986.484 Y1399.231
; Coordinate transform: (993.56,601.94) -> (993.56,1390.06)
G1 X993.564 Y1390.059
; Coordinate transform: (1000.13,610.57) -> (1000.13,1381.43)
G1 X1000.130 Y1381.431
; Coordinate transform: (1006.39,618.95) -> (1006.39,1373.05)
G1 X1006.390 Y1373.053
; Coordinate transform: (1012.55,627.29) -> (1012.55,1364.71)
G1 X1012.550 Y1364.713
; Coordinate transform: (1018.83,635.85) -> (1018.83,1356.15)
G1 X1018.830 Y1356.154
; Coordinate transform: (1025.39,644.80) -> (1025.39,1347.20)
G1 X1025.390 Y1347.200
; Coordinate transform: (1032.34,654.30) -> (1032.34,1337.70)
G1 X1032.340 Y1337.704
; Coordinate transform: (1039.69,664.32) -> (1039.69,1327.68)
G1 X1039.690 Y1327.678
; Coordinate transform: (1047.38,674.81) -> (1047.38,1317.19)
G1 X1047.380 Y1317.194
; Coordinate transform: (1055.26,685.60) -> (1055.26,1306.40)
G1 X1055.260 Y1306.399
; Coordinate transform: (1063.19,696.52) -> (1063.19,1295.48)
G1 X1063.190 Y1295.477
; Coordinate transform: (1071.08,707.45) -> (1071.08,1284.55)
G1 X1071.080 Y1284.553
; Coordinate transform: (1078.87,718.31) -> (1078.87,1273.69)
G1 X1078.870 Y1273.691
; Coordinate transform: (1086.52,729.09) -> (1086.52,1262.91)
G1 X1086.520 Y1262.912
; Coordinate transform: (1094.00,739.74) -> (1094.00,1252.26)
G1 X1094.000 Y1252.263
; Coordinate transform: (1101.28,750.21) -> (1101.28,1241.79)
G1 X1101.280 Y1241.794
; Coordinate transform: (1108.29,760.47) -> (1108.29,1231.53)
G1 X1108.290 Y1231.535
; Coordinate transform: (1114.97,770.52) -> (1114.97,1221.48)
G1 X1114.970 Y1221.481
; Coordinate transform: (1121.28,780.39) -> (1121.28,1211.61)
G1 X1121.280 Y1211.608
; Coordinate transform: (1127.18,790.10) -> (1127.18,1201.90)
G1 X1127.180 Y1201.896
; Coordinate transform: (1132.74,799.63) -> (1132.74,1192.37)
G1 X1132.740 Y1192.367
; Coordinate transform: (1138.02,808.87) -> (1138.02,1183.13)
G1 X1138.020 Y1183.132
; Coordinate transform: (1143.14,817.49) -> (1143.14,1174.51)
G1 X1143.140 Y1174.511
; Coordinate transform: (1148.20,825.25) -> (1148.20,1166.75)
G1 X1148.200 Y1166.752
; Coordinate transform: (1153.29,831.98) -> (1153.29,1160.02)
G1 X1153.290 Y1160.016
; Coordinate transform: (1158.52,837.57) -> (1158.52,1154.43)
G1 X1158.520 Y1154.435
; Coordinate transform: (1164.02,841.91) -> (1164.02,1150.09)
G1 X1164.020 Y1150.090
; Coordinate transform: (1169.86,845.00) -> (1169.86,1147.00)
G1 X1169.860 Y1147.001
; Coordinate transform: (1176.16,846.84) -> (1176.16,1145.16)
G1 X1176.160 Y1145.163
; Coordinate transform: (1182.96,847.48) -> (1182.96,1144.52)
G1 X1182.960 Y1144.517
; Coordinate transform: (1190.34,847.03) -> (1190.34,1144.97)
G1 X1190.340 Y1144.970
; Coordinate transform: (1198.18,845.69) -> (1198.18,1146.31)
G1 X1198.180 Y1146.306
; Coordinate transform: (1206.21,843.80) -> (1206.21,1148.20)
G1 X1206.210 Y1148.196
; Coordinate transform: (1213.97,841.74) -> (1213.97,1150.26)
G1 X1213.970 Y1150.260
; Coordinate transform: (1221.05,839.84) -> (1221.05,1152.16)
G1 X1221.050 Y1152.163
; Coordinate transform: (1227.50,838.16) -> (1227.50,1153.84)
G1 X1227.500 Y1153.840
; Coordinate transform: (1233.56,836.74) -> (1233.56,1155.26)
G1 X1233.560 Y1155.261
; Coordinate transform: (1239.60,835.40) -> (1239.60,1156.60)
G1 X1239.600 Y1156.598
; Coordinate transform: (1245.95,834.03) -> (1245.95,1157.97)
G1 X1245.950 Y1157.969
; Coordinate transform: (1252.91,832.53) -> (1252.91,1159.47)
G1 X1252.910 Y1159.468
; Coordinate transform: (1260.46,830.90) -> (1260.46,1161.10)
G1 X1260.460 Y1161.096
; Coordinate transform: (1268.58,829.16) -> (1268.58,1162.84)
G1 X1268.580 Y1162.842
; Coordinate transform: (1277.17,827.36) -> (1277.17,1164.64)
G1 X1277.170 Y1164.642
; Coordinate transform: (1286.12,825.55) -> (1286.12,1166.45)
G1 X1286.120 Y1166.445
; Coordinate transform: (1295.31,823.77) -> (1295.31,1168.23)
G1 X1295.310 Y1168.228
; Coordinate transform: (1304.96,821.83) -> (1304.96,1170.17)
G1 X1304.960 Y1170.168
; Coordinate transform: (1315.50,819.38) -> (1315.50,1172.62)
G1 X1315.500 Y1172.622
; Coordinate transform: (1327.45,815.77) -> (1327.45,1176.23)
G1 X1327.450 Y1176.226
; Coordinate transform: (1340.71,810.81) -> (1340.71,1181.19)
G1 X1340.710 Y1181.187
; Coordinate transform: (1354.66,804.85) -> (1354.66,1187.15)
G1 X1354.660 Y1187.148
; Coordinate transform: (1368.63,798.71) -> (1368.63,1193.29)
G1 X1368.630 Y1193.293
; Coordinate transform: (1382.15,793.16) -> (1382.15,1198.84)
G1 X1382.150 Y1198.841
; Coordinate transform: (1394.96,788.37) -> (1394.96,1203.63)
G1 X1394.960 Y1203.630
; Coordinate transform: (1407.43,784.19) -> (1407.43,1207.81)
G1 X1407.430 Y1207.812
; Coordinate transform: (1420.29,780.46) -> (1420.29,1211.54)
G1 X1420.290 Y1211.538
; Coordinate transform: (1433.89,777.10) -> (1433.89,1214.90)
G1 X1433.890 Y1214.903
; Coordinate transform: (1447.70,773.78) -> (1447.70,1218.22)
G1 X1447.700 Y1218.222
; Coordinate transform: (1461.48,770.36) -> (1461.48,1221.64)
G1 X1461.480 Y1221.643
; Coordinate transform: (1475.35,767.00) -> (1475.35,1225.00)
G1 X1475.350 Y1225.003
; Coordinate transform: (1489.22,763.86) -> (1489.22,1228.14)
G1 X1489.220 Y1228.139
; Coordinate transform: (1502.89,760.95) -> (1502.89,1231.05)
G1 X1502.890 Y1231.052
; Coordinate transform: (1516.33,758.15) -> (1516.33,1233.85)
G1 X1516.330 Y1233.847
; Coordinate transform: (1529.48,755.44) -> (1529.48,1236.56)
G1 X1529.480 Y1236.560
; Coordinate transform: (1542.19,752.74) -> (1542.19,1239.26)
G1 X1542.190 Y1239.259
; Coordinate transform: (1554.38,749.84) -> (1554.38,1242.16)
G1 X1554.380 Y1242.162
; Coordinate transform: (1566.27,746.57) -> (1566.27,1245.43)
G1 X1566.270 Y1245.431
; Coordinate transform: (1578.06,743.15) -> (1578.06,1248.85)
G1 X1578.060 Y1248.851
; Coordinate transform: (1589.49,739.82) -> (1589.49,1252.18)
G1 X1589.490 Y1252.183
; Coordinate transform: (1600.22,736.81) -> (1600.22,1255.19)
G1 X1600.220 Y1255.191
; Coordinate transform: (1609.97,734.40) -> (1609.97,1257.60)
G1 X1609.970 Y1257.602
; Coordinate transform: (1618.60,732.89) -> (1618.60,1259.11)
G1 X1618.600 Y1259.105
; Coordinate transform: (1626.04,732.56) -> (1626.04,1259.44)
G1 X1626.040 Y1259.439
; Coordinate transform: (1632.25,733.59) -> (1632.25,1258.41)
G1 X1632.250 Y1258.409
; Coordinate transform: (1637.24,736.01) -> (1637.24,1255.99)
G1 X1637.240 Y1255.991
; Coordinate transform: (1641.04,739.82) -> (1641.04,1252.18)
G1 X1641.040 Y1252.178
; Coordinate transform: (1643.75,745.04) -> (1643.75,1246.96)
G1 X1643.750 Y1246.962
; Coordinate transform: (1645.49,751.65) -> (1645.49,1240.35)
G1 X1645.490 Y1240.347
; Coordinate transform: (1646.39,759.62) -> (1646.39,1232.38)
G1 X1646.390 Y1232.375
; Coordinate transform: (1646.58,768.88) -> (1646.58,1223.12)
G1 X1646.580 Y1223.119
; Coordinate transform: (1646.20,779.38) -> (1646.20,1212.62)
G1 X1646.200 Y1212.625
; Coordinate transform: (1645.40,791.03) -> (1645.40,1200.97)
G1 X1645.400 Y1200.971
; Coordinate transform: (1644.33,803.61) -> (1644.33,1188.39)
G1 X1644.330 Y1188.388
; Coordinate transform: (1643.62,816.46) -> (1643.62,1175.55)
G1 X1643.620 Y1175.545
; Coordinate transform: (1644.33,828.71) -> (1644.33,1163.29)
G1 X1644.330 Y1163.289
; Coordinate transform: (1647.31,839.91) -> (1647.31,1152.09)
G1 X1647.310 Y1152.094
; Coordinate transform: (1652.82,850.03) -> (1652.82,1141.97)
G1 X1652.820 Y1141.966
; Coordinate transform: (1660.72,859.37) -> (1660.72,1132.63)
G1 X1660.720 Y1132.635
; Coordinate transform: (1670.23,868.27) -> (1670.23,1123.73)
G1 X1670.230 Y1123.730
; Coordinate transform: (1679.82,876.98) -> (1679.82,1115.03)
G1 X1679.820 Y1115.025
; Coordinate transform: (1688.67,885.24) -> (1688.67,1106.76)
G1 X1688.670 Y1106.765
; Coordinate transform: (1696.19,892.78) -> (1696.19,1099.22)
G1 X1696.190 Y1099.220
; Coordinate transform: (1702.23,899.55) -> (1702.23,1092.45)
G1 X1702.230 Y1092.445
; Coordinate transform: (1707.08,905.49) -> (1707.08,1086.51)
G1 X1707.080 Y1086.506
; Coordinate transform: (1711.22,910.70) -> (1711.22,1081.30)
G1 X1711.220 Y1081.304
; Coordinate transform: (1715.16,915.33) -> (1715.16,1076.67)
G1 X1715.160 Y1076.669
; Coordinate transform: (1719.40,919.61) -> (1719.40,1072.39)
G1 X1719.400 Y1072.395
; Coordinate transform: (1724.36,923.74) -> (1724.36,1068.26)
G1 X1724.360 Y1068.260
; Coordinate transform: (1730.43,928.02) -> (1730.43,1063.98)
G1 X1730.430 Y1063.983
; Coordinate transform: (1738.03,932.73) -> (1738.03,1059.27)
G1 X1738.030 Y1059.268
; Coordinate transform: (1747.72,938.07) -> (1747.72,1053.93)
G1 X1747.720 Y1053.929
; Coordinate transform: (1759.71,944.07) -> (1759.71,1047.93)
G1 X1759.710 Y1047.932
; Coordinate transform: (1773.37,950.53) -> (1773.37,1041.47)
G1 X1773.370 Y1041.471
; Coordinate transform: (1787.20,957.15) -> (1787.20,1034.85)
G1 X1787.200 Y1034.850
; Coordinate transform: (1800.71,963.77) -> (1800.71,1028.23)
G1 X1800.710 Y1028.232
; Coordinate transform: (1813.79,970.33) -> (1813.79,1021.67)
G1 X1813.790 Y1021.675
; Coordinate transform: (1826.42,976.78) -> (1826.42,1015.22)
G1 X1826.420 Y1015.217
; Coordinate transform: (1838.72,983.12) -> (1838.72,1008.88)
G1 X1838.720 Y1008.884
; Coordinate transform: (1850.82,989.30) -> (1850.82,1002.70)
G1 X1850.820 Y1002.698
; Coordinate transform: (1862.62,995.33) -> (1862.62,996.67)
G1 X1862.620 Y996.672
; Coordinate transform: (1873.42,1001.19) -> (1873.42,990.81)
G1 X1873.420 Y990.810
; Coordinate transform: (1881.55,1006.90) -> (1881.55,985.10)
G1 X1881.550 Y985.100
; Coordinate transform: (1886.34,1012.47) -> (1886.34,979.53)
G1 X1886.340 Y979.530
; Coordinate transform: (1887.97,1017.92) -> (1887.97,974.08)
G1 X1887.970 Y974.080
; Coordinate transform: (1886.60,1023.28) -> (1886.60,968.72)
G1 X1886.600 Y968.720
; Coordinate transform: (1882.38,1028.63) -> (1882.38,963.37)
G1 X1882.380 Y963.370
; Coordinate transform: (1875.46,1034.09) -> (1875.46,957.91)
G1 X1875.460 Y957.910
; Coordinate transform: (1866.04,1039.91) -> (1866.04,952.09)
G1 X1866.040 Y952.090
; Coordinate transform: (1855.53,1046.20) -> (1855.53,945.80)
G1 X1855.530 Y945.800
; Coordinate transform: (1844.86,1052.96) -> (1844.86,939.04)
G1 X1844.860 Y939.040
; Coordinate transform: (1834.14,1060.20) -> (1834.14,931.80)
G1 X1834.140 Y931.800
; Coordinate transform: (1823.16,1067.84) -> (1823.16,924.16)
G1 X1823.160 Y924.160
; Coordinate transform: (1811.95,1075.76) -> (1811.95,916.24)
G1 X1811.950 Y916.240
; Coordinate transform: (1800.73,1083.78) -> (1800.73,908.22)
G1 X1800.730 Y908.220
; Coordinate transform: (1789.62,1091.75) -> (1789.62,900.25)
G1 X1789.620 Y900.250
; Coordinate transform: (1778.65,1099.63) -> (1778.65,892.37)
G1 X1778.650 Y892.370
; Coordinate transform: (1767.88,1107.38) -> (1767.88,884.62)
G1 X1767.880 Y884.620
; Coordinate transform: (1757.32,1115.02) -> (1757.32,876.98)
G1 X1757.320 Y876.980
; Coordinate transform: (1746.95,1122.55) -> (1746.95,869.45)
G1 X1746.950 Y869.450
; Coordinate transform: (1737.14,1130.05) -> (1737.14,861.95)
G1 X1737.140 Y861.950
; Coordinate transform: (1728.63,1137.62) -> (1728.63,854.38)
G1 X1728.630 Y854.380
; Coordinate transform: (1722.30,1145.37) -> (1722.30,846.63)
G1 X1722.300 Y846.630
; Coordinate transform: (1718.45,1153.38) -> (1718.45,838.62)
G1 X1718.450 Y838.620
; Coordinate transform: (1717.33,1161.75) -> (1717.33,830.25)
G1 X1717.330 Y830.250
; Coordinate transform: (1718.92,1170.61) -> (1718.92,821.39)
G1 X1718.920 Y821.390
; Coordinate transform: (1722.86,1180.08) -> (1722.86,811.92)
G1 X1722.860 Y811.920
; Coordinate transform: (1728.37,1190.10) -> (1728.37,801.90)
G1 X1728.370 Y801.900
; Coordinate transform: (1734.44,1200.50) -> (1734.44,791.50)
G1 X1734.440 Y791.500
; Coordinate transform: (1740.66,1211.13) -> (1740.66,780.87)
G1 X1740.660 Y780.870
; Coordinate transform: (1746.88,1221.85) -> (1746.88,770.15)
G1 X1746.880 Y770.150
; Coordinate transform: (1753.06,1232.60) -> (1753.06,759.40)
G1 X1753.060 Y759.400
; Coordinate transform: (1759.21,1243.32) -> (1759.21,748.68)
G1 X1759.210 Y748.680
; Coordinate transform: (1765.36,1254.01) -> (1765.36,737.99)
G1 X1765.360 Y737.990
; Coordinate transform: (1771.48,1264.63) -> (1771.48,727.37)
G1 X1771.480 Y727.370
; Coordinate transform: (1777.59,1275.16) -> (1777.59,716.84)
G1 X1777.590 Y716.840
; Coordinate transform: (1783.64,1285.55) -> (1783.64,706.45)
G1 X1783.640 Y706.450
; Coordinate transform: (1789.62,1295.79) -> (1789.62,696.21)
G1 X1789.620 Y696.210
; Coordinate transform: (1795.55,1305.90) -> (1795.55,686.10)
G1 X1795.550 Y686.100
; Coordinate transform: (1801.45,1315.94) -> (1801.45,676.06)
G1 X1801.450 Y676.060
; Coordinate transform: (1807.34,1325.93) -> (1807.34,666.07)
G1 X1807.340 Y666.070
; Coordinate transform: (1813.21,1335.83) -> (1813.21,656.17)
G1 X1813.210 Y656.170
; Coordinate transform: (1819.05,1345.64) -> (1819.05,646.36)
G1 X1819.050 Y646.360
; Coordinate transform: (1824.85,1355.36) -> (1824.85,636.64)
G1 X1824.850 Y636.640
; Coordinate transform: (1830.62,1364.99) -> (1830.62,627.01)
G1 X1830.620 Y627.010
; Coordinate transform: (1836.37,1374.54) -> (1836.37,617.46)
G1 X1836.370 Y617.460
; Coordinate transform: (1842.08,1383.96) -> (1842.08,608.04)
G1 X1842.080 Y608.040
; Coordinate transform: (1847.76,1393.28) -> (1847.76,598.72)
G1 X1847.760 Y598.720
; Coordinate transform: (1853.33,1402.55) -> (1853.33,589.45)
G1 X1853.330 Y589.450
; Coordinate transform: (1858.63,1411.86) -> (1858.63,580.14)
G1 X1858.630 Y580.140
; Coordinate transform: (1863.48,1421.25) -> (1863.48,570.75)
G1 X1863.480 Y570.750
; Coordinate transform: (1867.30,1430.79) -> (1867.30,561.21)
G1 X1867.300 Y561.210
; Coordinate transform: (1869.50,1440.39) -> (1869.50,551.61)
G1 X1869.500 Y551.610
; Coordinate transform: (1869.76,1450.02) -> (1869.76,541.98)
G1 X1869.760 Y541.980
; Coordinate transform: (1868.05,1459.68) -> (1868.05,532.32)
G1 X1868.050 Y532.320
; Coordinate transform: (1864.70,1469.39) -> (1864.70,522.61)
G1 X1864.700 Y522.610
; Coordinate transform: (1860.25,1479.16) -> (1860.25,512.84)
G1 X1860.250 Y512.840
; Coordinate transform: (1855.39,1488.99) -> (1855.39,503.01)
G1 X1855.390 Y503.010
; Coordinate transform: (1850.30,1498.87) -> (1850.30,493.13)
G1 X1850.300 Y493.130
; Coordinate transform: (1845.12,1508.78) -> (1845.12,483.22)
G1 X1845.120 Y483.220
; Coordinate transform: (1840.01,1518.79) -> (1840.01,473.21)
G1 X1840.010 Y473.210
; Coordinate transform: (1834.96,1528.86) -> (1834.96,463.14)
G1 X1834.960 Y463.140
; Coordinate transform: (1829.94,1538.99) -> (1829.94,453.01)
G1 X1829.940 Y453.010
; Coordinate transform: (1824.96,1549.15) -> (1824.96,442.85)
G1 X1824.960 Y442.850
; Coordinate transform: (1819.98,1559.28) -> (1819.98,432.72)
G1 X1819.980 Y432.720
; Coordinate transform: (1814.98,1569.33) -> (1814.98,422.67)
G1 X1814.980 Y422.670
; Coordinate transform: (1809.94,1579.29) -> (1809.94,412.71)
G1 X1809.940 Y412.710
; Coordinate transform: (1804.87,1589.15) -> (1804.87,402.85)
G1 X1804.870 Y402.850
; Coordinate transform: (1799.79,1598.91) -> (1799.79,393.09)
G1 X1799.790 Y393.090
; Coordinate transform: (1794.69,1608.59) -> (1794.69,383.41)
G1 X1794.690 Y383.410
; Coordinate transform: (1789.59,1618.23) -> (1789.59,373.77)
G1 X1789.590 Y373.770
; Coordinate transform: (1784.48,1627.86) -> (1784.48,364.14)
G1 X1784.480 Y364.140
; Coordinate transform: (1779.35,1637.54) -> (1779.35,354.46)
G1 X1779.350 Y354.460
; Coordinate transform: (1774.17,1647.23) -> (1774.17,344.77)
G1 X1774.170 Y344.770
; Coordinate transform: (1768.90,1656.83) -> (1768.90,335.17)
G1 X1768.900 Y335.170
; Coordinate transform: (1763.54,1666.25) -> (1763.54,325.75)
G1 X1763.540 Y325.750
; Coordinate transform: (1758.08,1675.44) -> (1758.08,316.56)
G1 X1758.080 Y316.560
; Coordinate transform: (1752.50,1684.40) -> (1752.50,307.60)
G1 X1752.500 Y307.600
; Coordinate transform: (1746.82,1693.15) -> (1746.82,298.85)
G1 X1746.820 Y298.850
; Coordinate transform: (1740.97,1701.55) -> (1740.97,290.45)
G1 X1740.970 Y290.450
; Coordinate transform: (1734.94,1709.47) -> (1734.94,282.53)
G1 X1734.940 Y282.530
; Coordinate transform: (1728.63,1716.68) -> (1728.63,275.32)
G1 X1728.630 Y275.320
; Coordinate transform: (1721.96,1723.11) -> (1721.96,268.89)
G1 X1721.960 Y268.890
; Coordinate transform: (1714.95,1728.72) -> (1714.95,263.28)
G1 X1714.950 Y263.280
; Coordinate transform: (1707.60,1733.39) -> (1707.60,258.61)
G1 X1707.600 Y258.610
; Coordinate transform: (1699.91,1737.18) -> (1699.91,254.82)
G1 X1699.910 Y254.820
; Coordinate transform: (1691.81,1740.01) -> (1691.81,251.99)
G1 X1691.810 Y251.990
; Coordinate transform: (1683.17,1741.81) -> (1683.17,250.19)
G1 X1683.170 Y250.190
; Coordinate transform: (1673.86,1742.47) -> (1673.86,249.53)
G1 X1673.860 Y249.530
; Coordinate transform: (1663.87,1742.08) -> (1663.87,249.92)
G1 X1663.870 Y249.920
; Coordinate transform: (1653.32,1740.73) -> (1653.32,251.27)
G1 X1653.320 Y251.270
; Coordinate transform: (1642.31,1738.62) -> (1642.31,253.38)
G1 X1642.310 Y253.380
; Coordinate transform: (1630.98,1735.92) -> (1630.98,256.08)
G1 X1630.980 Y256.080
; Coordinate transform: (1619.40,1732.84) -> (1619.40,259.16)
G1 X1619.400 Y259.160
; Coordinate transform: (1607.68,1729.55) -> (1607.68,262.45)
G1 X1607.680 Y262.450
; Coordinate transform: (1595.90,1726.19) -> (1595.90,265.81)
G1 X1595.900 Y265.810
; Coordinate transform: (1584.11,1722.73) -> (1584.11,269.27)
G1 X1584.110 Y269.270
; Coordinate transform: (1572.30,1719.14) -> (1572.30,272.86)
G1 X1572.300 Y272.860
; Coordinate transform: (1560.50,1715.46) -> (1560.50,276.54)
G1 X1560.500 Y276.540
; Coordinate transform: (1548.73,1711.73) -> (1548.73,280.27)
G1 X1548.730 Y280.270
; Coordinate transform: (1537.03,1708.03) -> (1537.03,283.97)
G1 X1537.030 Y283.970
; Coordinate transform: (1525.40,1704.37) -> (1525.40,287.63)
G1 X1525.400 Y287.630
; Coordinate transform: (1513.83,1700.72) -> (1513.83,291.28)
G1 X1513.830 Y291.280
; Coordinate transform: (1502.33,1697.07) -> (1502.33,294.93)
G1 X1502.330 Y294.930
; Coordinate transform: (1490.92,1693.46) -> (1490.92,298.54)
G1 X1490.920 Y298.540
; Coordinate transform: (1479.63,1689.90) -> (1479.63,302.10)
G1 X1479.630 Y302.100
; Coordinate transform: (1468.43,1686.38) -> (1468.43,305.62)
G1 X1468.430 Y305.620
; Coordinate transform: (1457.31,1682.89) -> (1457.31,309.11)
G1 X1457.310 Y309.110
; Coordinate transform: (1446.32,1679.46) -> (1446.32,312.54)
G1 X1446.320 Y312.540
; Coordinate transform: (1435.56,1676.16) -> (1435.56,315.84)
G1 X1435.560 Y315.840
; Coordinate transform: (1425.10,1673.06) -> (1425.10,318.94)
G1 X1425.100 Y318.940
; Coordinate transform: (1414.96,1670.20) -> (1414.96,321.80)
G1 X1414.960 Y321.800
; Coordinate transform: (1405.25,1667.74) -> (1405.25,324.26)
G1 X1405.250 Y324.260
; Coordinate transform: (1396.30,1666.06) -> (1396.30,325.94)
G1 X1396.300 Y325.940
; Coordinate transform: (1388.71,1665.87) -> (1388.71,326.13)
G1 X1388.710 Y326.130
; Coordinate transform: (1382.86,1667.65) -> (1382.86,324.35)
G1 X1382.860 Y324.350
; Coordinate transform: (1378.90,1671.65) -> (1378.90,320.35)
G1 X1378.900 Y320.350
; Coordinate transform: (1376.74,1677.88) -> (1376.74,314.12)
G1 X1376.740 Y314.120
; Coordinate transform: (1375.93,1685.98) -> (1375.93,306.02)
G1 X1375.930 Y306.020
; Coordinate transform: (1375.84,1695.45) -> (1375.84,296.55)
G1 X1375.840 Y296.550
; Coordinate transform: (1375.96,1705.81) -> (1375.96,286.19)
G1 X1375.960 Y286.190
; Coordinate transform: (1376.01,1716.79) -> (1376.01,275.21)
G1 X1376.010 Y275.210
; Coordinate transform: (1375.91,1728.29) -> (1375.91,263.71)
G1 X1375.910 Y263.710
; Coordinate transform: (1375.75,1740.29) -> (1375.75,251.71)
G1 X1375.750 Y251.710
; Coordinate transform: (1375.63,1752.69) -> (1375.63,239.31)
G1 X1375.630 Y239.310
; Coordinate transform: (1375.60,1765.36) -> (1375.60,226.64)
G1 X1375.600 Y226.640
; Coordinate transform: (1375.62,1778.14) -> (1375.62,213.86)
G1 X1375.620 Y213.860
; Coordinate transform: (1375.67,1790.93) -> (1375.67,201.07)
G1 X1375.670 Y201.070
; Coordinate transform: (1375.70,1803.64) -> (1375.70,188.36)
G1 X1375.700 Y188.360
; Coordinate transform: (1375.74,1816.23) -> (1375.74,175.77)
G1 X1375.740 Y175.770
; Coordinate transform: (1375.75,1828.59) -> (1375.75,163.41)
G1 X1375.750 Y163.410
; Coordinate transform: (1375.59,1840.29) -> (1375.59,151.71)
G1 X1375.590 Y151.710
; Coordinate transform: (1375.08,1850.67) -> (1375.08,141.33)
G1 X1375.080 Y141.330
; Coordinate transform: (1374.14,1859.41) -> (1374.14,132.59)
G1 X1374.140 Y132.590
; Coordinate transform: (1372.76,1866.48) -> (1372.76,125.52)
G1 X1372.760 Y125.520
; Coordinate transform: (1370.99,1871.58) -> (1370.99,120.42)
G1 X1370.990 Y120.420
; Coordinate transform: (1368.89,1874.53) -> (1368.89,117.47)
G1 X1368.890 Y117.470
; Coordinate transform: (1366.44,1875.24) -> (1366.44,116.76)
G1 X1366.440 Y116.760
; Coordinate transform: (1363.56,1873.71) -> (1363.56,118.29)
G1 X1363.560 Y118.290
; Coordinate transform: (1360.12,1870.08) -> (1360.12,121.92)
G1 X1360.120 Y121.920
; Coordinate transform: (1355.97,1864.56) -> (1355.97,127.44)
G1 X1355.970 Y127.440
; Coordinate transform: (1350.95,1857.46) -> (1350.95,134.54)
G1 X1350.950 Y134.540
; Coordinate transform: (1344.92,1849.18) -> (1344.92,142.82)
G1 X1344.920 Y142.820
; Coordinate transform: (1337.91,1840.15) -> (1337.91,151.85)
G1 X1337.910 Y151.850
; Coordinate transform: (1330.01,1830.85) -> (1330.01,161.15)
G1 X1330.010 Y161.150
; Coordinate transform: (1321.33,1821.54) -> (1321.33,170.46)
G1 X1321.330 Y170.460
; Coordinate transform: (1312.03,1812.31) -> (1312.03,179.69)
G1 X1312.030 Y179.690
; Coordinate transform: (1302.31,1803.25) -> (1302.31,188.75)
G1 X1302.310 Y188.750
; Coordinate transform: (1292.34,1794.43) -> (1292.34,197.57)
G1 X1292.340 Y197.570
; Coordinate transform: (1282.35,1785.91) -> (1282.35,206.09)
G1 X1282.350 Y206.090
; Coordinate transform: (1272.70,1777.99) -> (1272.70,214.01)
G1 X1272.700 Y214.010
; Coordinate transform: (1264.28,1771.73) -> (1264.28,220.27)
G1 X1264.280 Y220.270
; Coordinate transform: (1257.92,1768.22) -> (1257.92,223.78)
G1 X1257.920 Y223.780
; Coordinate transform: (1253.48,1767.32) -> (1253.48,224.68)
G1 X1253.480 Y224.680
; Coordinate transform: (1250.82,1768.96) -> (1250.82,223.04)
G1 X1250.820 Y223.040
; Coordinate transform: (1249.79,1773.03) -> (1249.79,218.97)
G1 X1249.790 Y218.970
; Coordinate transform: (1250.23,1779.46) -> (1250.23,212.54)
G1 X1250.230 Y212.540
; Coordinate transform: (1251.97,1788.19) -> (1251.97,203.81)
G1 X1251.970 Y203.810
; Coordinate transform: (1254.51,1798.81) -> (1254.51,193.19)
G1 X1254.510 Y193.190
; Coordinate transform: (1257.08,1810.38) -> (1257.08,181.62)
G1 X1257.080 Y181.620
; Coordinate transform: (1259.27,1822.55) -> (1259.27,169.45)
G1 X1259.270 Y169.450
; Coordinate transform: (1260.97,1835.29) -> (1260.97,156.71)
G1 X1260.970 Y156.710
; Coordinate transform: (1262.19,1848.60) -> (1262.19,143.40)
G1 X1262.190 Y143.400
; Coordinate transform: (1262.92,1862.23) -> (1262.92,129.77)
G1 X1262.920 Y129.770
; Coordinate transform: (1263.14,1875.15) -> (1263.14,116.85)
G1 X1263.140 Y116.850
; Coordinate transform: (1262.79,1884.98) -> (1262.79,107.02)
G1 X1262.790 Y107.020
; Coordinate transform: (1262.09,1891.41) -> (1262.09,100.59)
G1 X1262.090 Y100.590
; Coordinate transform: (1261.11,1894.61) -> (1261.11,97.39)
G1 X1261.110 Y97.390
; Coordinate transform: (1259.90,1894.73) -> (1259.90,97.27)
G1 X1259.900 Y97.270
; Coordinate transform: (1258.45,1891.94) -> (1258.45,100.06)
G1 X1258.450 Y100.060
; Coordinate transform: (1256.76,1886.36) -> (1256.76,105.64)
G1 X1256.760 Y105.640
; Coordinate transform: (1254.80,1878.17) -> (1254.80,113.83)
G1 X1254.800 Y113.830
; Coordinate transform: (1252.39,1867.50) -> (1252.39,124.50)
G1 X1252.390 Y124.500
; Coordinate transform: (1249.47,1855.92) -> (1249.47,136.08)
G1 X1249.470 Y136.080
; Coordinate transform: (1246.00,1844.83) -> (1246.00,147.17)
G1 X1246.000 Y147.170
; Coordinate transform: (1241.93,1834.56) -> (1241.93,157.44)
G1 X1241.930 Y157.440
; Coordinate transform: (1237.16,1825.06) -> (1237.16,166.94)
G1 X1237.160 Y166.940
; Coordinate transform: (1231.73,1816.39) -> (1231.73,175.61)
G1 X1231.730 Y175.610
; Coordinate transform: (1225.74,1808.74) -> (1225.74,183.26)
G1 X1225.740 Y183.260
; Coordinate transform: (1219.77,1802.99) -> (1219.77,189.01)
G1 X1219.770 Y189.010
; Coordinate transform: (1214.31,1799.94) -> (1214.31,192.06)
G1 X1214.310 Y192.060
; Coordinate transform: (1209.51,1799.95) -> (1209.51,192.05)
G1 X1209.510 Y192.050
; Coordinate transform: (1205.25,1802.87) -> (1205.25,189.13)
G1 X1205.250 Y189.130
; Coordinate transform: (1201.38,1808.57) -> (1201.38,183.43)
G1 X1201.380 Y183.430
; Coordinate transform: (1197.66,1816.92) -> (1197.66,175.08)
G1 X1197.660 Y175.080
; Coordinate transform: (1193.86,1827.50) -> (1193.86,164.50)
G1 X1193.860 Y164.500
; Coordinate transform: (1189.63,1839.64) -> (1189.63,152.36)
G1 X1189.630 Y152.360
; Coordinate transform: (1184.71,1852.76) -> (1184.71,139.24)
G1 X1184.710 Y139.240
; Coordinate transform: (1179.05,1866.26) -> (1179.05,125.74)
G1 X1179.050 Y125.740
; Coordinate transform: (1172.81,1878.68) -> (1172.81,113.32)
G1 X1172.810 Y113.320
; Coordinate transform: (1166.19,1887.82) -> (1166.19,104.18)
G1 X1166.190 Y104.180
; Coordinate transform: (1159.54,1893.59) -> (1159.54,98.41)
G1 X1159.540 Y98.410
; Coordinate transform: (1152.93,1896.16) -> (1152.93,95.84)
G1 X1152.930 Y95.840
; Coordinate transform: (1146.38,1895.69) -> (1146.38,96.31)
G1 X1146.380 Y96.310
; Coordinate transform: (1139.89,1892.32) -> (1139.89,99.68)
G1 X1139.890 Y99.680
; Coordinate transform: (1133.42,1886.21) -> (1133.42,105.79)
G1 X1133.420 Y105.790
; Coordinate transform: (1126.92,1877.49) -> (1126.92,114.51)
G1 X1126.920 Y114.510
; Coordinate transform: (1120.17,1866.34) -> (1120.17,125.66)
G1 X1120.170 Y125.660
; Coordinate transform: (1113.10,1854.63) -> (1113.10,137.37)
G1 X1113.100 Y137.370
; Coordinate transform: (1105.69,1843.73) -> (1105.69,148.27)
G1 X1105.690 Y148.270
; Coordinate transform: (1097.95,1834.19) -> (1097.95,157.81)
G1 X1097.950 Y157.810
; Coordinate transform: (1089.93,1826.27) -> (1089.93,165.73)
G1 X1089.930 Y165.730
; Coordinate transform: (1081.75,1820.11) -> (1081.75,171.89)
G1 X1081.750 Y171.890
; Coordinate transform: (1073.50,1815.77) -> (1073.50,176.23)
G1 X1073.500 Y176.230
; Coordinate transform: (1065.21,1813.30) -> (1065.21,178.70)
G1 X1065.210 Y178.700
; Coordinate transform: (1056.89,1812.64) -> (1056.89,179.36)
G1 X1056.890 Y179.360
; Coordinate transform: (1048.56,1813.79) -> (1048.56,178.21)
G1 X1048.560 Y178.210
; Coordinate transform: (1040.22,1816.74) -> (1040.22,175.26)
G1 X1040.220 Y175.260
; Coordinate transform: (1031.85,1821.47) -> (1031.85,170.53)
G1 X1031.850 Y170.530
; Coordinate transform: (1023.42,1827.93) -> (1023.42,164.07)
G1 X1023.420 Y164.070
; Coordinate transform: (1014.85,1836.03) -> (1014.85,155.97)
G1 X1014.850 Y155.970
; Coordinate transform: (1006.18,1845.55) -> (1006.18,146.45)
G1 X1006.180 Y146.450
; Coordinate transform: (997.48,1856.13) -> (997.48,135.87)
G1 X997.478 Y135.870
; Coordinate transform: (988.82,1867.03) -> (988.82,124.97)
G1 X988.816 Y124.970
; Coordinate transform: (980.26,1876.80) -> (980.26,115.20)
G1 X980.261 Y115.200
; Coordinate transform: (971.83,1883.79) -> (971.83,108.21)
G1 X971.832 Y108.210
; Coordinate transform: (963.58,1887.51) -> (963.58,104.49)
G1 X963.576 Y104.490
; Coordinate transform: (955.50,1888.12) -> (955.50,103.88)
G1 X955.495 Y103.880
; Coordinate transform: (947.55,1885.79) -> (947.55,106.21)
G1 X947.552 Y106.210
; Coordinate transform: (939.68,1880.66) -> (939.68,111.34)
G1 X939.676 Y111.340
; Coordinate transform: (931.74,1872.89) -> (931.74,119.11)
G1 X931.735 Y119.110
; Coordinate transform: (923.72,1863.67) -> (923.72,128.33)
G1 X923.716 Y128.330
; Coordinate transform: (915.81,1854.64) -> (915.81,137.36)
G1 X915.810 Y137.360
; Coordinate transform: (908.38,1846.85) -> (908.38,145.15)
G1 X908.383 Y145.150
; Coordinate transform: (901.86,1840.78) -> (901.86,151.22)
G1 X901.855 Y151.220
; Coordinate transform: (896.30,1836.41) -> (896.30,155.59)
G1 X896.299 Y155.590
; Coordinate transform: (891.66,1833.60) -> (891.66,158.40)
G1 X891.661 Y158.400
; Coordinate transform: (887.83,1832.17) -> (887.83,159.83)
G1 X887.831 Y159.830
; Coordinate transform: (884.68,1831.99) -> (884.68,160.01)
G1 X884.679 Y160.010
; Coordinate transform: (882.07,1832.97) -> (882.07,159.03)
G1 X882.073 Y159.030
; Coordinate transform: (879.90,1835.12) -> (879.90,156.88)
G1 X879.899 Y156.880
; Coordinate transform: (878.06,1838.53) -> (878.06,153.47)
G1 X878.064 Y153.470
; Coordinate transform: (876.51,1843.39) -> (876.51,148.61)
G1 X876.506 Y148.610
; Coordinate transform: (875.19,1849.98) -> (875.19,142.02)
G1 X875.189 Y142.020
; Coordinate transform: (874.07,1858.46) -> (874.07,133.54)
G1 X874.073 Y133.540
; Coordinate transform: (873.15,1868.94) -> (873.15,123.06)
G1 X873.146 Y123.060
; Coordinate transform: (872.26,1880.04) -> (872.26,111.96)
G1 X872.264 Y111.960
; Coordinate transform: (871.24,1889.62) -> (871.24,102.38)
G1 X871.236 Y102.380
; Coordinate transform: (869.92,1895.82) -> (869.92,96.18)
G1 X869.917 Y96.180
; Coordinate transform: (868.30,1898.79) -> (868.30,93.21)
G1 X868.303 Y93.210
; Coordinate transform: (866.39,1898.72) -> (866.39,93.28)
G1 X866.390 Y93.280
; Coordinate transform: (864.17,1895.75) -> (864.17,96.25)
G1 X864.169 Y96.250
; Coordinate transform: (861.62,1890.03) -> (861.62,101.97)
G1 X861.618 Y101.970
; Coordinate transform: (858.71,1881.70) -> (858.71,110.30)
G1 X858.705 Y110.300
; Coordinate transform: (855.42,1872.41) -> (855.42,119.59)
G1 X855.417 Y119.590
; Coordinate transform: (851.69,1863.91) -> (851.69,128.09)
G1 X851.690 Y128.090
; Coordinate transform: (847.28,1857.00) -> (847.28,135.00)
G1 X847.280 Y135.000
; Coordinate transform: (842.01,1851.73) -> (842.01,140.27)
G1 X842.006 Y140.270
; Coordinate transform: (835.86,1847.74) -> (835.86,144.26)
G1 X835.864 Y144.260
; Coordinate transform: (828.89,1844.77) -> (828.89,147.23)
G1 X828.888 Y147.230
; Coordinate transform: (821.17,1842.67) -> (821.17,149.33)
G1 X821.170 Y149.330
; Coordinate transform: (812.81,1841.40) -> (812.81,150.60)
G1 X812.813 Y150.600
; Coordinate transform: (803.67,1840.95) -> (803.67,151.05)
G1 X803.670 Y151.050
; Coordinate transform: (793.56,1841.34) -> (793.56,150.66)
G1 X793.563 Y150.660
; Coordinate transform: (782.51,1842.46) -> (782.51,149.54)
G1 X782.511 Y149.540
; Coordinate transform: (770.74,1844.26) -> (770.74,147.74)
G1 X770.743 Y147.740
; Coordinate transform: (758.47,1846.75) -> (758.47,145.25)
G1 X758.466 Y145.250
; Coordinate transform: (745.78,1850.11) -> (745.78,141.89)
G1 X745.777 Y141.890
; Coordinate transform: (732.76,1854.41) -> (732.76,137.59)
G1 X732.760 Y137.590
; Coordinate transform: (719.66,1859.69) -> (719.66,132.31)
G1 X719.665 Y132.310
; Coordinate transform: (706.73,1865.90) -> (706.73,126.10)
G1 X706.727 Y126.100
; Coordinate transform: (694.01,1872.33) -> (694.01,119.67)
G1 X694.010 Y119.670
; Coordinate transform: (681.45,1878.23) -> (681.45,113.77)
G1 X681.449 Y113.770
; Coordinate transform: (669.03,1882.67) -> (669.03,109.33)
G1 X669.027 Y109.330
; Coordinate transform: (656.75,1884.87) -> (656.75,107.13)
G1 X656.752 Y107.130
; Coordinate transform: (644.56,1884.49) -> (644.56,107.51)
G1 X644.556 Y107.510
; Coordinate transform: (632.36,1881.62) -> (632.36,110.38)
G1 X632.360 Y110.380
; Coordinate transform: (620.24,1876.82) -> (620.24,115.18)
G1 X620.238 Y115.180
; Coordinate transform: (608.22,1870.99) -> (608.22,121.01)
G1 X608.221 Y121.010
; Coordinate transform: (596.27,1865.00) -> (596.27,127.00)
G1 X596.275 Y127.000
; Coordinate transform: (584.33,1859.65) -> (584.33,132.35)
G1 X584.329 Y132.350
; Coordinate transform: (572.31,1855.58) -> (572.31,136.42)
G1 X572.308 Y136.420
; Coordinate transform: (560.25,1852.84) -> (560.25,139.16)
G1 X560.249 Y139.160
; Coordinate transform: (548.11,1851.49) -> (548.11,140.51)
G1 X548.108 Y140.510
; Coordinate transform: (535.76,1851.49) -> (535.76,140.51)
G1 X535.762 Y140.510
; Coordinate transform: (523.11,1852.79) -> (523.11,139.21)
G1 X523.106 Y139.210
; Coordinate transform: (510.09,1855.33) -> (510.09,136.67)
G1 X510.089 Y136.670
; Coordinate transform: (496.69,1859.04) -> (496.69,132.96)
G1 X496.689 Y132.960
; Coordinate transform: (482.89,1863.81) -> (482.89,128.19)
G1 X482.892 Y128.190
; Coordinate transform: (468.87,1868.87) -> (468.87,123.13)
G1 X468.869 Y123.130
; Coordinate transform: (454.98,1873.05) -> (454.98,118.95)
G1 X454.981 Y118.950
; Coordinate transform: (441.46,1875.50) -> (441.46,116.50)
G1 X441.465 Y116.500
; Coordinate transform: (428.30,1875.84) -> (428.30,116.16)
G1 X428.296 Y116.160
; Coordinate transform: (415.44,1874.10) -> (415.44,117.90)
G1 X415.440 Y117.900
; Coordinate transform: (402.92,1870.68) -> (402.92,121.32)
G1 X402.918 Y121.320
; Coordinate transform: (390.75,1866.13) -> (390.75,125.87)
G1 X390.748 Y125.870
; Coordinate transform: (378.90,1861.13) -> (378.90,130.87)
G1 X378.904 Y130.870
; Coordinate transform: (367.30,1856.36) -> (367.30,135.64)
G1 X367.298 Y135.640
; Coordinate transform: (355.81,1851.92) -> (355.81,140.08)
G1 X355.814 Y140.080
; Coordinate transform: (344.44,1847.82) -> (344.44,144.18)
G1 X344.442 Y144.180
; Coordinate transform: (333.18,1844.02) -> (333.18,147.98)
G1 X333.181 Y147.980
; Coordinate transform: (322.02,1840.44) -> (322.02,151.56)
G1 X322.024 Y151.560
; Coordinate transform: (310.98,1836.94) -> (310.98,155.06)
G1 X310.975 Y155.060
; Coordinate transform: (300.09,1833.40) -> (300.09,158.60)
G1 X300.086 Y158.600
; Coordinate transform: (289.37,1829.69) -> (289.37,162.31)
G1 X289.365 Y162.310
; Coordinate transform: (278.80,1825.70) -> (278.80,166.30)
G1 X278.796 Y166.300
; Coordinate transform: (268.34,1821.38) -> (268.34,170.62)
G1 X268.343 Y170.620
; Coordinate transform: (258.01,1816.67) -> (258.01,175.33)
G1 X258.011 Y175.330
; Coordinate transform: (247.79,1811.49) -> (247.79,180.51)
G1 X247.787 Y180.510
; Coordinate transform: (237.69,1805.84) -> (237.69,186.16)
G1 X237.689 Y186.160
; Coordinate transform: (227.75,1799.72) -> (227.75,192.28)
G1 X227.753 Y192.280
; Coordinate transform: (218.01,1793.17) -> (218.01,198.83)
G1 X218.012 Y198.830
; Coordinate transform: (208.53,1786.28) -> (208.53,205.72)
G1 X208.526 Y205.720
; Coordinate transform: (199.30,1779.18) -> (199.30,212.82)
G1 X199.304 Y212.820
; Coordinate transform: (190.33,1771.97) -> (190.33,220.03)
G1 X190.334 Y220.030
; Coordinate transform: (181.57,1764.72) -> (181.57,227.28)
G1 X181.573 Y227.280
; Coordinate transform: (173.02,1757.51) -> (173.02,234.49)
G1 X173.018 Y234.490
; Coordinate transform: (164.64,1750.41) -> (164.64,241.59)
G1 X164.642 Y241.590
; Coordinate transform: (156.38,1743.47) -> (156.38,248.53)
G1 X156.377 Y248.530
; Coordinate transform: (148.15,1736.76) -> (148.15,255.24)
G1 X148.147 Y255.240
; Coordinate transform: (139.88,1730.40) -> (139.88,261.60)
G1 X139.879 Y261.600
; Coordinate transform: (131.62,1724.49) -> (131.62,267.51)
G1 X131.615 Y267.510
; Coordinate transform: (123.38,1719.18) -> (123.38,272.82)
G1 X123.382 Y272.820
; Coordinate transform: (116.12,1714.54) -> (116.12,277.46)
G1 X116.122 Y277.460
; Coordinate transform: (110.62,1710.57) -> (110.62,281.43)
G1 X110.624 Y281.430
; Coordinate transform: (107.74,1707.23) -> (107.74,284.77)
G1 X107.741 Y284.770
; Coordinate transform: (107.81,1704.48) -> (107.81,287.52)
G1 X107.811 Y287.520
; Coordinate transform: (110.67,1702.25) -> (110.67,289.75)
G1 X110.667 Y289.750
; Coordinate transform: (115.73,1700.49) -> (115.73,291.51)
G1 X115.726 Y291.510
; Coordinate transform: (122.14,1699.15) -> (122.14,292.85)
G1 X122.136 Y292.850
; Coordinate transform: (129.32,1698.18) -> (129.32,293.82)
G1 X129.317 Y293.820
; Coordinate transform: (136.81,1697.48) -> (136.81,294.52)
G1 X136.811 Y294.520
; Coordinate transform: (144.68,1696.95) -> (144.68,295.05)
G1 X144.676 Y295.050
; Coordinate transform: (153.25,1696.47) -> (153.25,295.53)
G1 X153.255 Y295.530
; Coordinate transform: (162.84,1695.94) -> (162.84,296.06)
G1 X162.845 Y296.060
; Coordinate transform: (173.72,1695.27) -> (173.72,296.73)
G1 X173.724 Y296.730
; Coordinate transform: (186.00,1694.40) -> (186.00,297.60)
G1 X185.999 Y297.600
; Coordinate transform: (199.60,1693.34) -> (199.60,298.66)
G1 X199.598 Y298.660
; Coordinate transform: (214.26,1692.11) -> (214.26,299.89)
G1 X214.263 Y299.890
; Coordinate transform: (229.61,1690.76) -> (229.61,301.24)
G1 X229.607 Y301.240
; Coordinate transform: (245.34,1689.32) -> (245.34,302.68)
G1 X245.336 Y302.680
; Coordinate transform: (261.36,1687.75) -> (261.36,304.25)
G1 X261.356 Y304.250
; Coordinate transform: (277.57,1685.95) -> (277.57,306.05)
G1 X277.568 Y306.050
; Coordinate transform: (293.70,1683.98) -> (293.70,308.02)
G1 X293.702 Y308.020
; Coordinate transform: (309.33,1682.22) -> (309.33,309.78)
G1 X309.331 Y309.780
; Coordinate transform: (324.30,1680.84) -> (324.30,311.16)
G1 X324.302 Y311.160
; Coordinate transform: (338.78,1679.67) -> (338.78,312.33)
G1 X338.782 Y312.330
; Coordinate transform: (352.96,1678.53) -> (352.96,313.47)
G1 X352.965 Y313.470
; Coordinate transform: (366.91,1677.37) -> (366.91,314.63)
G1 X366.914 Y314.630
; Coordinate transform: (380.58,1676.22) -> (380.58,315.78)
G1 X380.583 Y315.780
; Coordinate transform: (393.90,1675.14) -> (393.90,316.86)
G1 X393.897 Y316.860
; Coordinate transform: (406.82,1674.19) -> (406.82,317.81)
G1 X406.825 Y317.810
; Coordinate transform: (419.39,1673.40) -> (419.39,318.60)
G1 X419.386 Y318.600
; Coordinate transform: (431.61,1672.80) -> (431.61,319.20)
G1 X431.606 Y319.200
; Coordinate transform: (443.49,1672.38) -> (443.49,319.62)
G1 X443.491 Y319.620
; Coordinate transform: (455.03,1672.12) -> (455.03,319.88)
G1 X455.032 Y319.880
; Coordinate transform: (466.24,1672.01) -> (466.24,319.99)
G1 X466.240 Y319.990
; Coordinate transform: (477.17,1672.05) -> (477.17,319.95)
G1 X477.166 Y319.950
; Coordinate transform: (487.83,1672.21) -> (487.83,319.79)
G1 X487.833 Y319.790
; Coordinate transform: (498.25,1672.49) -> (498.25,319.51)
G1 X498.253 Y319.510
; Coordinate transform: (508.45,1672.88) -> (508.45,319.12)
G1 X508.447 Y319.120
; Coordinate transform: (518.40,1673.36) -> (518.40,318.64)
G1 X518.401 Y318.640
; Coordinate transform: (528.08,1673.92) -> (528.08,318.08)
G1 X528.075 Y318.080
; Coordinate transform: (537.44,1674.52) -> (537.44,317.48)
G1 X537.439 Y317.480
; Coordinate transform: (546.51,1675.12) -> (546.51,316.88)
G1 X546.512 Y316.880
; Coordinate transform: (555.32,1675.69) -> (555.32,316.31)
G1 X555.315 Y316.310
; Coordinate transform: (563.83,1676.12) -> (563.83,315.88)
G1 X563.830 Y315.880
; Coordinate transform: (572.02,1676.38) -> (572.02,315.62)
G1 X572.021 Y315.620
; Coordinate transform: (579.88,1676.46) -> (579.88,315.54)
G1 X579.875 Y315.540
; Coordinate transform: (587.42,1676.37) -> (587.42,315.63)
G1 X587.424 Y315.630
; Coordinate transform: (594.69,1676.13) -> (594.69,315.87)
G1 X594.692 Y315.870
; Coordinate transform: (601.61,1675.72) -> (601.61,316.28)
G1 X601.612 Y316.280
; Coordinate transform: (608.16,1675.16) -> (608.16,316.84)
G1 X608.157 Y316.840
; Coordinate transform: (614.32,1674.44) -> (614.32,317.56)
G1 X614.315 Y317.560
; Coordinate transform: (620.14,1673.58) -> (620.14,318.42)
G1 X620.142 Y318.420
; Coordinate transform: (625.71,1672.59) -> (625.71,319.41)
G1 X625.705 Y319.410
; Coordinate transform: (631.11,1671.51) -> (631.11,320.49)
G1 X631.114 Y320.490
; Coordinate transform: (636.42,1670.40) -> (636.42,321.60)
G1 X636.418 Y321.600
; Coordinate transform: (641.63,1669.30) -> (641.63,322.70)
G1 X641.634 Y322.700
; Coordinate transform: (646.77,1668.26) -> (646.77,323.74)
G1 X646.773 Y323.740
; Coordinate transform: (651.84,1667.28) -> (651.84,324.72)
G1 X651.837 Y324.720
; Coordinate transform: (656.83,1666.40) -> (656.83,325.60)
G1 X656.825 Y325.600
; Coordinate transform: (661.73,1665.64) -> (661.73,326.36)
G1 X661.728 Y326.360
; Coordinate transform: (666.57,1665.05) -> (666.57,326.95)
G1 X666.566 Y326.950
; Coordinate transform: (671.39,1664.65) -> (671.39,327.35)
G1 X671.386 Y327.350
; Coordinate transform: (676.25,1664.51) -> (676.25,327.49)
G1 X676.251 Y327.490
; Coordinate transform: (681.24,1664.65) -> (681.24,327.35)
G1 X681.240 Y327.350
; Coordinate transform: (686.47,1665.13) -> (686.47,326.87)
G1 X686.467 Y326.870
; Coordinate transform: (692.06,1665.98) -> (692.06,326.02)
G1 X692.062 Y326.020
; Coordinate transform: (698.16,1667.28) -> (698.16,324.72)
G1 X698.163 Y324.720
; Coordinate transform: (704.93,1669.09) -> (704.93,322.91)
G1 X704.931 Y322.910
; Coordinate transform: (712.57,1671.50) -> (712.57,320.50)
G1 X712.567 Y320.500
; Coordinate transform: (721.24,1674.59) -> (721.24,317.41)
G1 X721.243 Y317.410
; Coordinate transform: (731.07,1678.39) -> (731.07,313.61)
G1 X731.073 Y313.610
; Coordinate transform: (742.03,1682.79) -> (742.03,309.21)
G1 X742.034 Y309.210
; Coordinate transform: (753.79,1687.53) -> (753.79,304.47)
G1 X753.787 Y304.470
; Coordinate transform: (766.02,1692.40) -> (766.02,299.60)
G1 X766.016 Y299.600
; Coordinate transform: (778.47,1697.22) -> (778.47,294.78)
G1 X778.474 Y294.780
; Coordinate transform: (790.91,1701.74) -> (790.91,290.26)
G1 X790.911 Y290.260
; Coordinate transform: (803.14,1705.69) -> (803.14,286.31)
G1 X803.143 Y286.310
; Coordinate transform: (814.87,1708.89) -> (814.87,283.11)
G1 X814.872 Y283.110
; Coordinate transform: (825.91,1711.27) -> (825.91,280.73)
G1 X825.915 Y280.730
; Coordinate transform: (836.30,1712.93) -> (836.30,279.07)
G1 X836.300 Y279.070
; Coordinate transform: (846.17,1713.91) -> (846.17,278.09)
G1 X846.169 Y278.090
; Coordinate transform: (855.50,1714.24) -> (855.50,277.76)
G1 X855.503 Y277.760
; Coordinate transform: (864.37,1713.96) -> (864.37,278.04)
G1 X864.373 Y278.040
; Coordinate transform: (872.89,1713.14) -> (872.89,278.86)
G1 X872.893 Y278.860
; Coordinate transform: (880.80,1712.15) -> (880.80,279.85)
G1 X880.797 Y279.850
; Coordinate transform: (887.80,1711.32) -> (887.80,280.68)
G1 X887.802 Y280.680
; Coordinate transform: (893.61,1711.00) -> (893.61,281.00)
G1 X893.607 Y281.000
; Coordinate transform: (898.04,1711.40) -> (898.04,280.60)
G1 X898.044 Y280.600
; Coordinate transform: (901.41,1712.52) -> (901.41,279.48)
G1 X901.407 Y279.480
; Coordinate transform: (903.92,1714.37) -> (903.92,277.63)
G1 X903.920 Y277.630
; Coordinate transform: (905.75,1717.00) -> (905.75,275.00)
G1 X905.752 Y275.000
M400 ; Wait for drawing to complete
; === STOP BRUSH SEQUENCE ===
; STOP BRUSH A
G4 P50 ; Short delay before stepper command
G1 U0.000 F200.0 ; Close Brush A flow
M400 ; Wait for stepper motion to complete
M106 P2 S0 ; Brush A air off
; Z already at 84.000mm, above safe threshold of 10.000mm, no need to raise
; === END STOP BRUSH SEQUENCE ===
; === PATH END ===


; Path 2/49 (id: path2)
; WIDTH: requested=117.176mm, actual=117.176mm, compensation=1.000
; Z HEIGHT: 84.000mm (min=4.0, max=84.0)
; PAINT FLOW: 0.500 (baseline=0.1, max=0.5)
; PAINT FLOW COMPONENTS: base=0.100, width=0.300, opacity=0.100
; FEEDRATE: 594.5 mm/min (z_factor=0.0259, speed_factor=0.956)
; WARNING: Requested stroke width 117.2mm exceeds machine capability.
; H.Airbrush cannot draw strokes wider than 6.6mm at 1mm/s minimum speed.
; Stroke width has been reduced to 6.6mm.
; ===== STROKE PARAMETERS =====
; Color: black
; Width: 117.18mm
; Opacity: 0.25
; Brush: brush_a (index 0)
T0 ; Select Brush A (Black)
; ===== AIRBRUSH SETTINGS =====
; Z-height: 84.00mm
; Paint flow: 0.50
; Feedrate: 594.5mm/min (includes Z scaling)
; Using brush: brush_a (tool 0)
; Path with Brush A (black) at Z=84.000mm
; Using: Air=P2, Flow=A axis
; Drawing Z height: 84.000mm, Travel Z height: 10.000mm
; Machine Z range: 0-84mm (Safe range: 5-80mm)
; === START BRUSH SEQUENCE ===
; START BRUSH A
; Z already at 84.000mm, above safe threshold of 10.000mm, no need to raise
T0 ; Select Tool 0 (Brush A)
G4 P500 ; Wait for tool change to complete
; === END BRUSH SEQUENCE ===
; Coordinate transform: (878.69,137.66) -> (878.69,1854.34)
G0 X878.693 Y1854.339 F24000
M400 ; Wait for XY movement to complete
G1 Z84.000 F1200
M400 ; Wait for Z movement to complete
; === ACTIVATE BRUSH AT POSITION ===
; AIR ON FIRST - Important to prevent dripping
M106 P2 S1 ; Brush A air on
; PAINT ON AFTER AIR
G4 P50 ; Short delay before stepper command
G1 U2.400 F200.0 ; Set Brush A flow to 2.400mm
M400 ; Wait for stepper motion to complete
; === BRUSH ACTIVATED ===
G1 F594.4557554428459
; Coordinate transform: (878.44,138.32) -> (878.44,1853.68)
G1 X878.439 Y1853.676
; Coordinate transform: (878.07,139.28) -> (878.07,1852.72)
G1 X878.070 Y1852.719
; Coordinate transform: (877.59,140.50) -> (877.59,1851.50)
G1 X877.590 Y1851.504
; Coordinate transform: (877.00,141.94) -> (877.00,1850.06)
G1 X877.000 Y1850.056
; Coordinate transform: (876.31,143.60) -> (876.31,1848.40)
G1 X876.309 Y1848.401
; Coordinate transform: (875.51,145.44) -> (875.51,1846.56)
G1 X875.515 Y1846.562
; Coordinate transform: (874.61,147.46) -> (874.61,1844.54)
G1 X874.610 Y1844.543
; Coordinate transform: (873.59,149.69) -> (873.59,1842.32)
G1 X873.586 Y1842.315
; Coordinate transform: (872.42,152.17) -> (872.42,1839.83)
G1 X872.419 Y1839.831
; Coordinate transform: (871.09,154.98) -> (871.09,1837.02)
G1 X871.087 Y1837.022
; Coordinate transform: (869.55,158.20) -> (869.55,1833.80)
G1 X869.551 Y1833.799
; Coordinate transform: (867.76,161.95) -> (867.76,1830.05)
G1 X867.765 Y1830.054
; Coordinate transform: (865.68,166.34) -> (865.68,1825.66)
G1 X865.678 Y1825.659
; Coordinate transform: (863.24,171.46) -> (863.24,1820.54)
G1 X863.238 Y1820.538
; Coordinate transform: (860.39,177.40) -> (860.39,1814.60)
G1 X860.394 Y1814.599
; Coordinate transform: (857.13,184.21) -> (857.13,1807.79)
G1 X857.129 Y1807.789
; Coordinate transform: (853.44,191.83) -> (853.44,1800.17)
G1 X853.437 Y1800.171
; Coordinate transform: (849.34,200.19) -> (849.34,1791.82)
G1 X849.338 Y1791.815
; Coordinate transform: (844.89,209.10) -> (844.89,1782.90)
G1 X844.891 Y1782.903
; Coordinate transform: (840.22,218.34) -> (840.22,1773.66)
G1 X840.215 Y1773.664
; Coordinate transform: (835.43,227.68) -> (835.43,1764.33)
G1 X835.429 Y1764.325
; Coordinate transform: (830.63,236.98) -> (830.63,1755.02)
G1 X830.626 Y1755.016
; Coordinate transform: (825.95,246.05) -> (825.95,1745.95)
G1 X825.951 Y1745.946
; Coordinate transform: (821.56,254.45) -> (821.56,1737.55)
G1 X821.562 Y1737.547
; Coordinate transform: (817.52,261.80) -> (817.52,1730.20)
G1 X817.518 Y1730.198
; Coordinate transform: (813.78,267.92) -> (813.78,1724.08)
G1 X813.776 Y1724.081
; Coordinate transform: (810.17,273.00) -> (810.17,1719.00)
G1 X810.167 Y1718.996
; Coordinate transform: (806.51,277.35) -> (806.51,1714.65)
G1 X806.513 Y1714.655
; Coordinate transform: (802.63,281.21) -> (802.63,1710.79)
G1 X802.634 Y1710.785
; Coordinate transform: (798.41,284.79) -> (798.41,1707.21)
G1 X798.415 Y1707.213
; Coordinate transform: (793.78,288.17) -> (793.78,1703.83)
G1 X793.780 Y1703.830
; Coordinate transform: (788.64,291.46) -> (788.64,1700.54)
G1 X788.642 Y1700.537
; Coordinate transform: (782.95,294.75) -> (782.95,1697.24)
G1 X782.951 Y1697.245
; Coordinate transform: (776.71,298.06) -> (776.71,1693.94)
G1 X776.714 Y1693.938
; Coordinate transform: (769.93,301.34) -> (769.93,1690.66)
G1 X769.931 Y1690.661
; Coordinate transform: (762.59,304.54) -> (762.59,1687.46)
G1 X762.585 Y1687.460
; Coordinate transform: (754.59,307.60) -> (754.59,1684.40)
G1 X754.585 Y1684.401
; Coordinate transform: (745.79,310.50) -> (745.79,1681.49)
G1 X745.792 Y1681.495
; Coordinate transform: (736.08,313.26) -> (736.08,1678.74)
G1 X736.075 Y1678.736
; Coordinate transform: (725.57,315.84) -> (725.57,1676.16)
G1 X725.569 Y1676.161
; Coordinate transform: (714.54,318.15) -> (714.54,1673.85)
G1 X714.536 Y1673.845
; Coordinate transform: (703.25,320.12) -> (703.25,1671.88)
G1 X703.248 Y1671.884
; Coordinate transform: (691.82,321.65) -> (691.82,1670.35)
G1 X691.818 Y1670.351
; Coordinate transform: (680.27,322.69) -> (680.27,1669.31)
G1 X680.270 Y1669.311
; Coordinate transform: (668.65,323.16) -> (668.65,1668.84)
G1 X668.649 Y1668.841
; Coordinate transform: (656.98,323.02) -> (656.98,1668.98)
G1 X656.982 Y1668.981
; Coordinate transform: (645.27,322.25) -> (645.27,1669.75)
G1 X645.267 Y1669.747
; Coordinate transform: (633.50,320.89) -> (633.50,1671.11)
G1 X633.500 Y1671.106
; Coordinate transform: (621.74,319.01) -> (621.74,1672.99)
G1 X621.740 Y1672.990
; Coordinate transform: (610.00,316.67) -> (610.00,1675.33)
G1 X610.004 Y1675.334
; Coordinate transform: (598.25,313.89) -> (598.25,1678.11)
G1 X598.248 Y1678.108
; Coordinate transform: (586.41,310.68) -> (586.41,1681.32)
G1 X586.408 Y1681.320
; Coordinate transform: (574.50,307.03) -> (574.50,1684.97)
G1 X574.500 Y1684.971
; Coordinate transform: (562.66,302.96) -> (562.66,1689.04)
G1 X562.660 Y1689.040
; Coordinate transform: (551.02,298.52) -> (551.02,1693.48)
G1 X551.023 Y1693.482
; Coordinate transform: (539.72,293.72) -> (539.72,1698.28)
G1 X539.715 Y1698.281
; Coordinate transform: (528.82,288.52) -> (528.82,1703.48)
G1 X528.824 Y1703.476
; Coordinate transform: (518.41,282.89) -> (518.41,1709.11)
G1 X518.415 Y1709.111
; Coordinate transform: (508.58,276.75) -> (508.58,1715.25)
G1 X508.578 Y1715.253
; Coordinate transform: (499.42,270.05) -> (499.42,1721.95)
G1 X499.422 Y1721.953
; Coordinate transform: (491.07,262.79) -> (491.07,1729.21)
G1 X491.075 Y1729.208
; Coordinate transform: (483.65,254.96) -> (483.65,1737.04)
G1 X483.646 Y1737.042
; Coordinate transform: (477.22,246.51) -> (477.22,1745.49)
G1 X477.216 Y1745.485
; Coordinate transform: (471.81,237.40) -> (471.81,1754.60)
G1 X471.811 Y1754.603
; Coordinate transform: (467.45,227.52) -> (467.45,1764.48)
G1 X467.447 Y1764.476
; Coordinate transform: (464.14,216.86) -> (464.14,1775.14)
G1 X464.144 Y1775.141
; Coordinate transform: (461.94,205.41) -> (461.94,1786.59)
G1 X461.939 Y1786.587
; Coordinate transform: (460.84,193.23) -> (460.84,1798.77)
G1 X460.843 Y1798.767
; Coordinate transform: (460.82,180.42) -> (460.82,1811.58)
G1 X460.825 Y1811.579
; Coordinate transform: (461.79,167.10) -> (461.79,1824.90)
G1 X461.793 Y1824.902
; Coordinate transform: (463.60,153.41) -> (463.60,1838.59)
G1 X463.596 Y1838.588
; Coordinate transform: (466.05,139.55) -> (466.05,1852.45)
G1 X466.046 Y1852.454
; Coordinate transform: (468.95,125.83) -> (468.95,1866.17)
G1 X468.954 Y1866.167
; Coordinate transform: (472.15,113.44) -> (472.15,1878.56)
G1 X472.153 Y1878.561
; Coordinate transform: (475.54,104.38) -> (475.54,1887.62)
G1 X475.541 Y1887.616
; Coordinate transform: (478.95,98.71) -> (478.95,1893.29)
G1 X478.950 Y1893.295
; Coordinate transform: (482.35,96.23) -> (482.35,1895.77)
G1 X482.352 Y1895.765
; Coordinate transform: (485.75,96.81) -> (485.75,1895.19)
G1 X485.755 Y1895.188
; Coordinate transform: (489.19,100.28) -> (489.19,1891.72)
G1 X489.187 Y1891.716
; Coordinate transform: (492.69,106.50) -> (492.69,1885.50)
G1 X492.694 Y1885.499
; Coordinate transform: (496.39,115.31) -> (496.39,1876.69)
G1 X496.391 Y1876.687
; Coordinate transform: (500.61,126.50) -> (500.61,1865.50)
G1 X500.612 Y1865.496
; Coordinate transform: (505.47,138.44) -> (505.47,1853.56)
G1 X505.473 Y1853.564
; Coordinate transform: (511.04,150.28) -> (511.04,1841.72)
G1 X511.040 Y1841.720
; Coordinate transform: (517.33,161.89) -> (517.33,1830.11)
G1 X517.330 Y1830.108
; Coordinate transform: (524.29,173.28) -> (524.29,1818.72)
G1 X524.292 Y1818.723
; Coordinate transform: (531.86,184.39) -> (531.86,1807.61)
G1 X531.864 Y1807.610
; Coordinate transform: (539.97,195.13) -> (539.97,1796.87)
G1 X539.966 Y1796.870
; Coordinate transform: (548.52,205.39) -> (548.52,1786.61)
G1 X548.517 Y1786.614
; Coordinate transform: (557.42,215.06) -> (557.42,1776.94)
G1 X557.423 Y1776.940
; Coordinate transform: (566.61,224.03) -> (566.61,1767.97)
G1 X566.610 Y1767.972
; Coordinate transform: (576.01,232.19) -> (576.01,1759.81)
G1 X576.015 Y1759.812
; Coordinate transform: (585.60,239.44) -> (585.60,1752.56)
G1 X585.597 Y1752.563
; Coordinate transform: (595.33,245.69) -> (595.33,1746.31)
G1 X595.325 Y1746.309
; Coordinate transform: (605.16,250.90) -> (605.16,1741.10)
G1 X605.160 Y1741.104
; Coordinate transform: (615.05,255.01) -> (615.05,1736.99)
G1 X615.051 Y1736.992
; Coordinate transform: (624.91,257.97) -> (624.91,1734.03)
G1 X624.914 Y1734.033
; Coordinate transform: (634.67,259.74) -> (634.67,1732.26)
G1 X634.673 Y1732.265
; Coordinate transform: (644.29,260.31) -> (644.29,1731.69)
G1 X644.294 Y1731.692
; Coordinate transform: (653.77,259.71) -> (653.77,1732.29)
G1 X653.770 Y1732.287
; Coordinate transform: (663.10,258.01) -> (663.10,1733.99)
G1 X663.098 Y1733.985
; Coordinate transform: (672.26,255.27) -> (672.26,1736.73)
G1 X672.264 Y1736.734
; Coordinate transform: (681.24,251.51) -> (681.24,1740.49)
G1 X681.239 Y1740.488
; Coordinate transform: (689.96,246.78) -> (689.96,1745.21)
G1 X689.964 Y1745.215
; Coordinate transform: (698.40,241.09) -> (698.40,1750.91)
G1 X698.401 Y1750.910
; Coordinate transform: (706.51,234.36) -> (706.51,1757.64)
G1 X706.509 Y1757.639
; Coordinate transform: (714.31,226.47) -> (714.31,1765.53)
G1 X714.314 Y1765.534
; Coordinate transform: (721.87,217.46) -> (721.87,1774.54)
G1 X721.868 Y1774.543
; Coordinate transform: (729.20,207.46) -> (729.20,1784.54)
G1 X729.201 Y1784.538
; Coordinate transform: (736.30,196.77) -> (736.30,1795.23)
G1 X736.299 Y1795.228
; Coordinate transform: (743.16,185.58) -> (743.16,1806.42)
G1 X743.159 Y1806.419
; Coordinate transform: (749.78,174.07) -> (749.78,1817.93)
G1 X749.776 Y1817.933
; Coordinate transform: (756.11,162.44) -> (756.11,1829.56)
G1 X756.114 Y1829.561
; Coordinate transform: (762.10,150.88) -> (762.10,1841.12)
G1 X762.102 Y1841.121
; Coordinate transform: (767.70,139.46) -> (767.70,1852.55)
G1 X767.704 Y1852.545
; Coordinate transform: (772.88,128.33) -> (772.88,1863.67)
G1 X772.884 Y1863.673
; Coordinate transform: (777.66,118.11) -> (777.66,1873.89)
G1 X777.659 Y1873.886
; Coordinate transform: (782.06,110.17) -> (782.06,1881.83)
G1 X782.063 Y1881.826
; Coordinate transform: (786.13,105.56) -> (786.13,1886.44)
G1 X786.132 Y1886.442
; Coordinate transform: (789.93,104.10) -> (789.93,1887.90)
G1 X789.926 Y1887.899
; Coordinate transform: (793.49,105.65) -> (793.49,1886.35)
G1 X793.486 Y1886.354
; Coordinate transform: (796.83,110.04) -> (796.83,1881.96)
G1 X796.826 Y1881.957
; Coordinate transform: (799.93,117.15) -> (799.93,1874.85)
G1 X799.932 Y1874.851
; Coordinate transform: (802.77,125.85) -> (802.77,1866.15)
G1 X802.768 Y1866.154
; Coordinate transform: (805.26,135.00) -> (805.26,1857.00)
G1 X805.263 Y1856.996
; Coordinate transform: (807.33,143.89) -> (807.33,1848.11)
G1 X807.332 Y1848.106
; Coordinate transform: (808.86,152.54) -> (808.86,1839.46)
G1 X808.855 Y1839.457
; Coordinate transform: (809.74,161.08) -> (809.74,1830.92)
G1 X809.740 Y1830.917
; Coordinate transform: (809.91,169.72) -> (809.91,1822.28)
G1 X809.915 Y1822.279
; Coordinate transform: (809.38,178.47) -> (809.38,1813.53)
G1 X809.382 Y1813.526
; Coordinate transform: (808.16,187.33) -> (808.16,1804.67)
G1 X808.164 Y1804.667
; Coordinate transform: (806.31,196.19) -> (806.31,1795.81)
G1 X806.307 Y1795.806
; Coordinate transform: (803.88,204.89) -> (803.88,1787.11)
G1 X803.877 Y1787.110
; Coordinate transform: (800.95,213.24) -> (800.95,1778.76)
G1 X800.947 Y1778.761
; Coordinate transform: (797.61,221.06) -> (797.61,1770.94)
G1 X797.610 Y1770.941
; Coordinate transform: (793.94,228.19) -> (793.94,1763.81)
G1 X793.936 Y1763.813
; Coordinate transform: (789.99,234.41) -> (789.99,1757.59)
G1 X789.989 Y1757.593
; Coordinate transform: (785.79,239.53) -> (785.79,1752.47)
G1 X785.794 Y1752.473
; Coordinate transform: (781.34,243.49) -> (781.34,1748.51)
G1 X781.340 Y1748.515
; Coordinate transform: (776.56,246.29) -> (776.56,1745.71)
G1 X776.564 Y1745.707
; Coordinate transform: (771.35,248.02) -> (771.35,1743.98)
G1 X771.354 Y1743.982
; Coordinate transform: (765.65,248.74) -> (765.65,1743.26)
G1 X765.655 Y1743.257
; Coordinate transform: (759.39,248.55) -> (759.39,1743.45)
G1 X759.386 Y1743.450
; Coordinate transform: (752.47,247.50) -> (752.47,1744.50)
G1 X752.467 Y1744.504
; Coordinate transform: (744.84,245.60) -> (744.84,1746.40)
G1 X744.840 Y1746.400
; Coordinate transform: (736.47,242.87) -> (736.47,1749.13)
G1 X736.473 Y1749.132
; Coordinate transform: (727.42,239.29) -> (727.42,1752.71)
G1 X727.425 Y1752.708
; Coordinate transform: (717.77,234.81) -> (717.77,1757.19)
G1 X717.768 Y1757.195
; Coordinate transform: (707.55,229.29) -> (707.55,1762.71)
G1 X707.546 Y1762.714
; Coordinate transform: (696.76,222.68) -> (696.76,1769.32)
G1 X696.757 Y1769.320
; Coordinate transform: (685.42,214.89) -> (685.42,1777.11)
G1 X685.424 Y1777.109
; Coordinate transform: (673.60,205.93) -> (673.60,1786.07)
G1 X673.604 Y1786.069
; Coordinate transform: (661.44,195.91) -> (661.44,1796.09)
G1 X661.440 Y1796.090
; Coordinate transform: (649.16,185.09) -> (649.16,1806.91)
G1 X649.161 Y1806.909
; Coordinate transform: (637.00,173.76) -> (637.00,1818.24)
G1 X637.001 Y1818.239
; Coordinate transform: (625.13,162.15) -> (625.13,1829.85)
G1 X625.128 Y1829.846
; Coordinate transform: (613.65,150.44) -> (613.65,1841.56)
G1 X613.651 Y1841.560
; Coordinate transform: (602.64,138.74) -> (602.64,1853.26)
G1 X602.645 Y1853.261
; Coordinate transform: (592.17,127.31) -> (592.17,1864.69)
G1 X592.169 Y1864.687
; Coordinate transform: (582.30,117.01) -> (582.30,1874.99)
G1 X582.296 Y1874.989
; Coordinate transform: (573.10,109.30) -> (573.10,1882.70)
G1 X573.099 Y1882.703
; Coordinate transform: (564.58,104.89) -> (564.58,1887.11)
G1 X564.576 Y1887.110
; Coordinate transform: (556.70,103.62) -> (556.70,1888.38)
G1 X556.700 Y1888.376
; Coordinate transform: (549.46,105.34) -> (549.46,1886.66)
G1 X549.460 Y1886.659
; Coordinate transform: (542.88,109.89) -> (542.88,1882.11)
G1 X542.875 Y1882.112
; Coordinate transform: (537.01,117.11) -> (537.01,1874.89)
G1 X537.007 Y1874.890
; Coordinate transform: (531.92,126.19) -> (531.92,1865.81)
G1 X531.923 Y1865.814
; Coordinate transform: (527.58,135.91) -> (527.58,1856.09)
G1 X527.581 Y1856.087
; Coordinate transform: (523.90,145.57) -> (523.90,1846.43)
G1 X523.905 Y1846.430
; Coordinate transform: (520.80,155.13) -> (520.80,1836.87)
G1 X520.800 Y1836.866
; Coordinate transform: (518.18,164.71) -> (518.18,1827.29)
G1 X518.177 Y1827.288
; Coordinate transform: (515.97,174.40) -> (515.97,1817.60)
G1 X515.967 Y1817.596
; Coordinate transform: (514.12,184.25) -> (514.12,1807.75)
G1 X514.120 Y1807.746
; Coordinate transform: (512.62,194.22) -> (512.62,1797.78)
G1 X512.621 Y1797.782
; Coordinate transform: (511.48,204.20) -> (511.48,1787.80)
G1 X511.484 Y1787.796
; Coordinate transform: (510.76,214.06) -> (510.76,1777.94)
G1 X510.761 Y1777.937
; Coordinate transform: (510.52,223.63) -> (510.52,1768.37)
G1 X510.524 Y1768.372
; Coordinate transform: (510.82,232.79) -> (510.82,1759.20)
G1 X510.824 Y1759.205
; Coordinate transform: (511.69,241.51) -> (511.69,1750.49)
G1 X511.693 Y1750.485
; Coordinate transform: (513.12,249.79) -> (513.12,1742.21)
G1 X513.118 Y1742.212
; Coordinate transform: (515.08,257.64) -> (515.08,1734.36)
G1 X515.083 Y1734.360
; Coordinate transform: (517.52,265.13) -> (517.52,1726.87)
G1 X517.521 Y1726.869
; Coordinate transform: (520.37,272.33) -> (520.37,1719.67)
G1 X520.373 Y1719.668
; Coordinate transform: (523.56,279.38) -> (523.56,1712.62)
G1 X523.557 Y1712.624
; Coordinate transform: (527.02,286.40) -> (527.02,1705.60)
G1 X527.016 Y1705.596
; Coordinate transform: (530.70,293.62) -> (530.70,1698.38)
G1 X530.698 Y1698.378
; Coordinate transform: (534.53,301.26) -> (534.53,1690.74)
G1 X534.533 Y1690.744
; Coordinate transform: (538.45,309.53) -> (538.45,1682.47)
G1 X538.453 Y1682.472
; Coordinate transform: (542.38,318.67) -> (542.38,1673.33)
G1 X542.380 Y1673.329
; Coordinate transform: (546.22,328.89) -> (546.22,1663.11)
G1 X546.218 Y1663.105
; Coordinate transform: (549.86,340.33) -> (549.86,1651.67)
G1 X549.864 Y1651.667
; Coordinate transform: (553.24,353.05) -> (553.24,1638.95)
G1 X553.238 Y1638.949
; Coordinate transform: (556.32,366.98) -> (556.32,1625.02)
G1 X556.320 Y1625.019
; Coordinate transform: (559.17,381.89) -> (559.17,1610.11)
G1 X559.169 Y1610.109
; Coordinate transform: (561.90,397.44) -> (561.90,1594.57)
G1 X561.902 Y1594.565
; Coordinate transform: (564.67,413.25) -> (564.67,1578.74)
G1 X564.674 Y1578.745
; Coordinate transform: (567.62,429.05) -> (567.62,1562.95)
G1 X567.616 Y1562.946
; Coordinate transform: (570.81,444.57) -> (570.81,1547.43)
G1 X570.812 Y1547.430
; Coordinate transform: (574.27,459.57) -> (574.27,1532.43)
G1 X574.268 Y1532.430
; Coordinate transform: (577.93,473.89) -> (577.93,1518.11)
G1 X577.927 Y1518.105
; Coordinate transform: (581.76,487.62) -> (581.76,1504.38)
G1 X581.759 Y1504.385
; Coordinate transform: (585.76,500.88) -> (585.76,1491.12)
G1 X585.763 Y1491.125
; Coordinate transform: (589.86,513.65) -> (589.86,1478.35)
G1 X589.859 Y1478.352
; Coordinate transform: (593.93,525.81) -> (593.93,1466.19)
G1 X593.931 Y1466.191
; Coordinate transform: (597.63,537.28) -> (597.63,1454.72)
G1 X597.635 Y1454.718
; Coordinate transform: (600.99,548.10) -> (600.99,1443.90)
G1 X600.991 Y1443.903
; Coordinate transform: (604.16,558.19) -> (604.16,1433.81)
G1 X604.162 Y1433.811
; Coordinate transform: (607.23,567.51) -> (607.23,1424.49)
G1 X607.226 Y1424.492
; Coordinate transform: (610.28,575.92) -> (610.28,1416.08)
G1 X610.280 Y1416.079
; Coordinate transform: (613.43,583.39) -> (613.43,1408.61)
G1 X613.432 Y1408.612
; Coordinate transform: (616.80,589.93) -> (616.80,1402.07)
G1 X616.803 Y1402.065
; Coordinate transform: (620.50,595.69) -> (620.50,1396.31)
G1 X620.504 Y1396.314
; Coordinate transform: (624.63,600.82) -> (624.63,1391.18)
G1 X624.634 Y1391.181
; Coordinate transform: (629.29,605.51) -> (629.29,1386.49)
G1 X629.295 Y1386.490
; Coordinate transform: (634.59,609.99) -> (634.59,1382.01)
G1 X634.591 Y1382.006
; Coordinate transform: (640.59,614.48) -> (640.59,1377.52)
G1 X640.593 Y1377.516
; Coordinate transform: (647.38,619.20) -> (647.38,1372.80)
G1 X647.380 Y1372.804
; Coordinate transform: (655.00,624.26) -> (655.00,1367.74)
G1 X654.999 Y1367.736
; Coordinate transform: (663.46,629.80) -> (663.46,1362.20)
G1 X663.464 Y1362.203
; Coordinate transform: (672.78,635.89) -> (672.78,1356.11)
G1 X672.779 Y1356.106
; Coordinate transform: (682.92,642.55) -> (682.92,1349.45)
G1 X682.925 Y1349.452
; Coordinate transform: (693.81,649.73) -> (693.81,1342.27)
G1 X693.813 Y1342.274
; Coordinate transform: (705.29,657.35) -> (705.29,1334.65)
G1 X705.292 Y1334.651
; Coordinate transform: (717.18,665.30) -> (717.18,1326.70)
G1 X717.181 Y1326.696
; Coordinate transform: (729.30,673.39) -> (729.30,1318.61)
G1 X729.297 Y1318.605
; Coordinate transform: (741.44,681.49) -> (741.44,1310.51)
G1 X741.439 Y1310.509
; Coordinate transform: (753.48,689.46) -> (753.48,1302.55)
G1 X753.479 Y1302.545
; Coordinate transform: (765.34,697.18) -> (765.34,1294.82)
G1 X765.335 Y1294.820
; Coordinate transform: (776.92,704.54) -> (776.92,1287.46)
G1 X776.924 Y1287.463
; Coordinate transform: (788.16,711.39) -> (788.16,1280.61)
G1 X788.161 Y1280.606
; Coordinate transform: (798.96,717.61) -> (798.96,1274.39)
G1 X798.958 Y1274.386
; Coordinate transform: (809.28,723.12) -> (809.28,1268.88)
G1 X809.277 Y1268.885
; Coordinate transform: (819.14,727.84) -> (819.14,1264.16)
G1 X819.143 Y1264.157
; Coordinate transform: (828.61,731.83) -> (828.61,1260.17)
G1 X828.613 Y1260.174
; Coordinate transform: (837.78,735.17) -> (837.78,1256.83)
G1 X837.779 Y1256.829
; Coordinate transform: (846.76,738.02) -> (846.76,1253.98)
G1 X846.761 Y1253.982
; Coordinate transform: (855.69,740.54) -> (855.69,1251.46)
G1 X855.689 Y1251.458
; Coordinate transform: (864.70,742.93) -> (864.70,1249.07)
G1 X864.702 Y1249.067
; Coordinate transform: (873.95,745.39) -> (873.95,1246.61)
G1 X873.947 Y1246.613
; Coordinate transform: (883.54,748.07) -> (883.54,1243.93)
G1 X883.539 Y1243.927
; Coordinate transform: (893.58,751.14) -> (893.58,1240.86)
G1 X893.577 Y1240.859
; Coordinate transform: (904.11,754.69) -> (904.11,1237.31)
G1 X904.107 Y1237.313
; Coordinate transform: (915.12,758.76) -> (915.12,1233.24)
G1 X915.115 Y1233.241
; Coordinate transform: (926.55,763.35) -> (926.55,1228.65)
G1 X926.554 Y1228.651
; Coordinate transform: (938.34,768.38) -> (938.34,1223.62)
G1 X938.337 Y1223.623
; Coordinate transform: (950.33,773.71) -> (950.33,1218.29)
G1 X950.333 Y1218.294
; Coordinate transform: (962.40,779.20) -> (962.40,1212.80)
G1 X962.403 Y1212.797
; Coordinate transform: (974.42,784.76) -> (974.42,1207.24)
G1 X974.421 Y1207.237
; Coordinate transform: (986.29,790.33) -> (986.29,1201.67)
G1 X986.294 Y1201.671
; Coordinate transform: (997.97,795.88) -> (997.97,1196.12)
G1 X997.973 Y1196.118
; Coordinate transform: (1009.41,801.40) -> (1009.41,1190.60)
G1 X1009.410 Y1190.600
; Coordinate transform: (1020.54,806.86) -> (1020.54,1185.14)
G1 X1020.540 Y1185.140
; Coordinate transform: (1031.27,812.21) -> (1031.27,1179.79)
G1 X1031.270 Y1179.790
; Coordinate transform: (1041.36,817.44) -> (1041.36,1174.56)
G1 X1041.360 Y1174.558
; Coordinate transform: (1050.74,822.26) -> (1050.74,1169.74)
G1 X1050.740 Y1169.743
; Coordinate transform: (1059.26,826.49) -> (1059.26,1165.51)
G1 X1059.260 Y1165.509
; Coordinate transform: (1066.85,830.02) -> (1066.85,1161.97)
G1 X1066.850 Y1161.975
; Coordinate transform: (1073.52,832.81) -> (1073.52,1159.19)
G1 X1073.520 Y1159.193
; Coordinate transform: (1079.31,834.84) -> (1079.31,1157.16)
G1 X1079.310 Y1157.157
; Coordinate transform: (1084.33,836.17) -> (1084.33,1155.83)
G1 X1084.330 Y1155.832
; Coordinate transform: (1088.64,836.82) -> (1088.64,1155.18)
G1 X1088.640 Y1155.176
; Coordinate transform: (1092.32,836.84) -> (1092.32,1155.16)
G1 X1092.320 Y1155.162
; Coordinate transform: (1095.43,836.23) -> (1095.43,1155.77)
G1 X1095.430 Y1155.769
; Coordinate transform: (1098.04,835.01) -> (1098.04,1156.99)
G1 X1098.040 Y1156.986
; Coordinate transform: (1100.24,833.18) -> (1100.24,1158.82)
G1 X1100.240 Y1158.817
; Coordinate transform: (1102.08,830.71) -> (1102.08,1161.29)
G1 X1102.080 Y1161.292
; Coordinate transform: (1103.62,827.53) -> (1103.62,1164.47)
G1 X1103.620 Y1164.465
; Coordinate transform: (1104.90,823.58) -> (1104.90,1168.42)
G1 X1104.900 Y1168.416
; Coordinate transform: (1105.99,818.75) -> (1105.99,1173.25)
G1 X1105.990 Y1173.247
; Coordinate transform: (1106.96,812.93) -> (1106.96,1179.07)
G1 X1106.960 Y1179.071
; Coordinate transform: (1107.82,806.05) -> (1107.82,1185.95)
G1 X1107.820 Y1185.951
; Coordinate transform: (1108.61,798.01) -> (1108.61,1193.99)
G1 X1108.610 Y1193.992
; Coordinate transform: (1109.33,788.87) -> (1109.33,1203.13)
G1 X1109.330 Y1203.133
; Coordinate transform: (1109.94,778.68) -> (1109.94,1213.32)
G1 X1109.940 Y1213.324
; Coordinate transform: (1110.47,767.52) -> (1110.47,1224.48)
G1 X1110.470 Y1224.481
; Coordinate transform: (1110.94,755.48) -> (1110.94,1236.52)
G1 X1110.940 Y1236.523
; Coordinate transform: (1111.43,742.64) -> (1111.43,1249.36)
G1 X1111.430 Y1249.356
; Coordinate transform: (1112.08,729.15) -> (1112.08,1262.85)
G1 X1112.080 Y1262.854
; Coordinate transform: (1113.01,715.14) -> (1113.01,1276.86)
G1 X1113.010 Y1276.858
; Coordinate transform: (1114.37,700.79) -> (1114.37,1291.21)
G1 X1114.370 Y1291.209
; Coordinate transform: (1116.16,686.22) -> (1116.16,1305.78)
G1 X1116.160 Y1305.778
; Coordinate transform: (1118.36,671.54) -> (1118.36,1320.46)
G1 X1118.360 Y1320.457
; Coordinate transform: (1120.87,656.87) -> (1120.87,1335.13)
G1 X1120.870 Y1335.134
; Coordinate transform: (1123.61,642.32) -> (1123.61,1349.68)
G1 X1123.610 Y1349.685
; Coordinate transform: (1126.54,628.03) -> (1126.54,1363.97)
G1 X1126.540 Y1363.971
; Coordinate transform: (1129.61,614.18) -> (1129.61,1377.82)
G1 X1129.610 Y1377.824
; Coordinate transform: (1132.80,600.95) -> (1132.80,1391.05)
G1 X1132.800 Y1391.054
; Coordinate transform: (1136.02,588.55) -> (1136.02,1403.45)
G1 X1136.020 Y1403.454
; Coordinate transform: (1139.20,577.19) -> (1139.20,1414.81)
G1 X1139.200 Y1414.813
; Coordinate transform: (1142.25,567.09) -> (1142.25,1424.91)
G1 X1142.250 Y1424.906
; Coordinate transform: (1145.09,558.47) -> (1145.09,1433.53)
G1 X1145.090 Y1433.526
; Coordinate transform: (1147.63,551.48) -> (1147.63,1440.52)
G1 X1147.630 Y1440.517
; Coordinate transform: (1149.83,546.19) -> (1149.83,1445.81)
G1 X1149.830 Y1445.806
; Coordinate transform: (1151.66,542.62) -> (1151.66,1449.38)
G1 X1151.660 Y1449.380
; Coordinate transform: (1153.15,540.74) -> (1153.15,1451.26)
G1 X1153.150 Y1451.265
; Coordinate transform: (1154.35,540.48) -> (1154.35,1451.53)
G1 X1154.350 Y1451.525
; Coordinate transform: (1155.28,541.77) -> (1155.28,1450.23)
G1 X1155.280 Y1450.230
; Coordinate transform: (1156.00,544.57) -> (1156.00,1447.43)
G1 X1156.000 Y1447.435
; Coordinate transform: (1156.54,548.79) -> (1156.54,1443.21)
G1 X1156.540 Y1443.206
; Coordinate transform: (1156.94,554.42) -> (1156.94,1437.58)
G1 X1156.940 Y1437.583
; Coordinate transform: (1157.22,561.41) -> (1157.22,1430.59)
G1 X1157.220 Y1430.588
; Coordinate transform: (1157.39,569.73) -> (1157.39,1422.28)
G1 X1157.390 Y1422.275
; Coordinate transform: (1157.44,579.29) -> (1157.44,1412.71)
G1 X1157.440 Y1412.706
; Coordinate transform: (1157.36,590.03) -> (1157.36,1401.97)
G1 X1157.360 Y1401.969
; Coordinate transform: (1157.12,601.83) -> (1157.12,1390.17)
G1 X1157.120 Y1390.172
; Coordinate transform: (1156.69,614.52) -> (1156.69,1377.48)
G1 X1156.690 Y1377.483
; Coordinate transform: (1156.06,627.82) -> (1156.06,1364.18)
G1 X1156.060 Y1364.176
; Coordinate transform: (1155.24,641.44) -> (1155.24,1350.56)
G1 X1155.240 Y1350.557
; Coordinate transform: (1154.26,655.09) -> (1154.26,1336.91)
G1 X1154.260 Y1336.913
; Coordinate transform: (1153.16,668.57) -> (1153.16,1323.43)
G1 X1153.160 Y1323.427
; Coordinate transform: (1152.00,681.83) -> (1152.00,1310.17)
G1 X1152.000 Y1310.171
; Coordinate transform: (1150.90,694.81) -> (1150.90,1297.19)
G1 X1150.900 Y1297.192
; Coordinate transform: (1150.03,707.40) -> (1150.03,1284.60)
G1 X1150.030 Y1284.601
; Coordinate transform: (1149.50,719.39) -> (1149.50,1272.61)
G1 X1149.500 Y1272.613
; Coordinate transform: (1149.39,730.50) -> (1149.39,1261.50)
G1 X1149.390 Y1261.496
; Coordinate transform: (1149.69,740.57) -> (1149.69,1251.43)
G1 X1149.690 Y1251.434
; Coordinate transform: (1150.40,749.52) -> (1150.40,1242.48)
G1 X1150.400 Y1242.479
; Coordinate transform: (1151.52,757.42) -> (1151.52,1234.58)
G1 X1151.520 Y1234.584
; Coordinate transform: (1153.07,764.39) -> (1153.07,1227.61)
G1 X1153.070 Y1227.606
; Coordinate transform: (1155.07,770.62) -> (1155.07,1221.38)
G1 X1155.070 Y1221.381
; Coordinate transform: (1157.55,776.28) -> (1157.55,1215.72)
G1 X1157.550 Y1215.716
; Coordinate transform: (1160.54,781.59) -> (1160.54,1210.41)
G1 X1160.540 Y1210.413
; Coordinate transform: (1164.00,786.61) -> (1164.00,1205.39)
G1 X1164.000 Y1205.394
; Coordinate transform: (1167.89,791.44) -> (1167.89,1200.56)
G1 X1167.890 Y1200.557
; Coordinate transform: (1172.13,796.21) -> (1172.13,1195.79)
G1 X1172.130 Y1195.790
; Coordinate transform: (1176.68,800.97) -> (1176.68,1191.03)
G1 X1176.680 Y1191.032
; Coordinate transform: (1181.52,805.76) -> (1181.52,1186.24)
G1 X1181.520 Y1186.242
; Coordinate transform: (1186.52,810.69) -> (1186.52,1181.31)
G1 X1186.520 Y1181.311
; Coordinate transform: (1191.65,815.78) -> (1191.65,1176.22)
G1 X1191.650 Y1176.219
; Coordinate transform: (1196.74,821.03) -> (1196.74,1170.97)
G1 X1196.740 Y1170.971
; Coordinate transform: (1201.58,826.52) -> (1201.58,1165.48)
G1 X1201.580 Y1165.482
; Coordinate transform: (1206.05,832.30) -> (1206.05,1159.70)
G1 X1206.050 Y1159.696
; Coordinate transform: (1210.10,838.48) -> (1210.10,1153.52)
G1 X1210.100 Y1153.517
; Coordinate transform: (1213.69,845.16) -> (1213.69,1146.84)
G1 X1213.690 Y1146.841
; Coordinate transform: (1216.83,852.46) -> (1216.83,1139.54)
G1 X1216.830 Y1139.540
; Coordinate transform: (1219.66,860.47) -> (1219.66,1131.53)
G1 X1219.660 Y1131.531
; Coordinate transform: (1222.50,869.15) -> (1222.50,1122.85)
G1 X1222.500 Y1122.854
; Coordinate transform: (1225.59,878.45) -> (1225.59,1113.55)
G1 X1225.590 Y1113.547
; Coordinate transform: (1229.22,888.30) -> (1229.22,1103.70)
G1 X1229.220 Y1103.697
; Coordinate transform: (1233.65,898.42) -> (1233.65,1093.58)
G1 X1233.650 Y1093.579
; Coordinate transform: (1239.12,908.53) -> (1239.12,1083.47)
G1 X1239.120 Y1083.470
; Coordinate transform: (1245.80,918.40) -> (1245.80,1073.60)
G1 X1245.800 Y1073.601
; Coordinate transform: (1253.74,928.03) -> (1253.74,1063.97)
G1 X1253.740 Y1063.973
; Coordinate transform: (1262.60,937.43) -> (1262.60,1054.57)
G1 X1262.600 Y1054.572
; Coordinate transform: (1271.96,946.68) -> (1271.96,1045.32)
G1 X1271.960 Y1045.316
; Coordinate transform: (1281.58,955.78) -> (1281.58,1036.22)
G1 X1281.580 Y1036.220
; Coordinate transform: (1291.34,964.67) -> (1291.34,1027.33)
G1 X1291.340 Y1027.328
; Coordinate transform: (1301.28,973.40) -> (1301.28,1018.60)
G1 X1301.280 Y1018.602
; Coordinate transform: (1311.42,981.97) -> (1311.42,1010.03)
G1 X1311.420 Y1010.030
; Coordinate transform: (1321.67,990.34) -> (1321.67,1001.66)
G1 X1321.670 Y1001.658
; Coordinate transform: (1332.00,998.54) -> (1332.00,993.46)
G1 X1332.000 Y993.464
; Coordinate transform: (1342.40,1006.60) -> (1342.40,985.40)
G1 X1342.400 Y985.400
; Coordinate transform: (1352.73,1014.56) -> (1352.73,977.44)
G1 X1352.730 Y977.440
; Coordinate transform: (1362.94,1022.40) -> (1362.94,969.60)
G1 X1362.940 Y969.600
; Coordinate transform: (1373.07,1030.03) -> (1373.07,961.97)
G1 X1373.070 Y961.970
; Coordinate transform: (1383.43,1037.37) -> (1383.43,954.63)
G1 X1383.430 Y954.630
; Coordinate transform: (1394.16,1044.25) -> (1394.16,947.75)
G1 X1394.160 Y947.750
; Coordinate transform: (1405.23,1050.66) -> (1405.23,941.34)
G1 X1405.230 Y941.340
; Coordinate transform: (1416.47,1056.75) -> (1416.47,935.25)
G1 X1416.470 Y935.250
; Coordinate transform: (1427.72,1062.67) -> (1427.72,929.33)
G1 X1427.720 Y929.330
; Coordinate transform: (1438.79,1068.37) -> (1438.79,923.63)
G1 X1438.790 Y923.630
; Coordinate transform: (1449.53,1073.77) -> (1449.53,918.23)
G1 X1449.530 Y918.230
; Coordinate transform: (1459.81,1078.73) -> (1459.81,913.27)
G1 X1459.810 Y913.270
; Coordinate transform: (1469.70,1083.30) -> (1469.70,908.70)
G1 X1469.700 Y908.700
; Coordinate transform: (1479.40,1087.55) -> (1479.40,904.45)
G1 X1479.400 Y904.450
; Coordinate transform: (1489.14,1091.59) -> (1489.14,900.41)
G1 X1489.140 Y900.410
; Coordinate transform: (1498.82,1095.38) -> (1498.82,896.62)
G1 X1498.820 Y896.620
; Coordinate transform: (1508.38,1098.90) -> (1508.38,893.10)
G1 X1508.380 Y893.100
; Coordinate transform: (1517.75,1102.18) -> (1517.75,889.82)
G1 X1517.750 Y889.820
; Coordinate transform: (1526.93,1105.21) -> (1526.93,886.79)
G1 X1526.930 Y886.790
; Coordinate transform: (1535.93,1107.99) -> (1535.93,884.01)
G1 X1535.930 Y884.010
; Coordinate transform: (1544.82,1110.47) -> (1544.82,881.53)
G1 X1544.820 Y881.530
; Coordinate transform: (1553.81,1112.59) -> (1553.81,879.41)
G1 X1553.810 Y879.410
; Coordinate transform: (1563.17,1114.29) -> (1563.17,877.71)
G1 X1563.170 Y877.710
; Coordinate transform: (1572.88,1115.59) -> (1572.88,876.41)
G1 X1572.880 Y876.410
; Coordinate transform: (1582.83,1116.57) -> (1582.83,875.43)
G1 X1582.830 Y875.430
; Coordinate transform: (1592.83,1117.34) -> (1592.83,874.66)
G1 X1592.830 Y874.660
; Coordinate transform: (1602.84,1117.94) -> (1602.84,874.06)
G1 X1602.840 Y874.060
; Coordinate transform: (1613.01,1118.32) -> (1613.01,873.68)
G1 X1613.010 Y873.680
; Coordinate transform: (1623.56,1118.41) -> (1623.56,873.59)
G1 X1623.560 Y873.590
; Coordinate transform: (1634.63,1118.15) -> (1634.63,873.85)
G1 X1634.630 Y873.850
; Coordinate transform: (1646.02,1117.62) -> (1646.02,874.38)
G1 X1646.020 Y874.380
; Coordinate transform: (1657.43,1116.87) -> (1657.43,875.13)
G1 X1657.430 Y875.130
; Coordinate transform: (1668.59,1115.90) -> (1668.59,876.10)
G1 X1668.590 Y876.100
; Coordinate transform: (1679.46,1114.55) -> (1679.46,877.45)
G1 X1679.460 Y877.450
; Coordinate transform: (1690.19,1112.62) -> (1690.19,879.38)
G1 X1690.190 Y879.380
; Coordinate transform: (1701.05,1110.04) -> (1701.05,881.96)
G1 X1701.050 Y881.960
; Coordinate transform: (1712.50,1106.87) -> (1712.50,885.13)
G1 X1712.500 Y885.130
; Coordinate transform: (1725.69,1103.30) -> (1725.69,888.70)
G1 X1725.690 Y888.700
; Coordinate transform: (1740.77,1099.40) -> (1740.77,892.60)
G1 X1740.770 Y892.600
; Coordinate transform: (1756.30,1095.11) -> (1756.30,896.89)
G1 X1756.300 Y896.890
; Coordinate transform: (1771.43,1090.46) -> (1771.43,901.54)
G1 X1771.430 Y901.540
; Coordinate transform: (1786.10,1085.58) -> (1786.10,906.42)
G1 X1786.100 Y906.420
; Coordinate transform: (1800.34,1080.65) -> (1800.34,911.35)
G1 X1800.340 Y911.350
; Coordinate transform: (1814.12,1075.85) -> (1814.12,916.15)
G1 X1814.120 Y916.150
; Coordinate transform: (1827.38,1071.43) -> (1827.38,920.57)
G1 X1827.380 Y920.570
; Coordinate transform: (1840.01,1067.59) -> (1840.01,924.41)
G1 X1840.010 Y924.410
; Coordinate transform: (1852.18,1064.47) -> (1852.18,927.53)
G1 X1852.180 Y927.530
; Coordinate transform: (1864.00,1062.13) -> (1864.00,929.87)
G1 X1864.000 Y929.870
; Coordinate transform: (1874.89,1060.61) -> (1874.89,931.39)
G1 X1874.890 Y931.390
; Coordinate transform: (1883.34,1059.93) -> (1883.34,932.07)
G1 X1883.340 Y932.070
; Coordinate transform: (1888.52,1059.92) -> (1888.52,932.08)
G1 X1888.520 Y932.080
; Coordinate transform: (1890.55,1060.42) -> (1890.55,931.58)
G1 X1890.550 Y931.580
; Coordinate transform: (1889.59,1061.38) -> (1889.59,930.62)
G1 X1889.590 Y930.620
; Coordinate transform: (1885.79,1062.80) -> (1885.79,929.20)
G1 X1885.790 Y929.200
; Coordinate transform: (1879.32,1064.77) -> (1879.32,927.23)
G1 X1879.320 Y927.230
; Coordinate transform: (1870.39,1067.56) -> (1870.39,924.44)
G1 X1870.390 Y924.440
; Coordinate transform: (1860.39,1071.22) -> (1860.39,920.78)
G1 X1860.390 Y920.780
; Coordinate transform: (1850.61,1075.80) -> (1850.61,916.20)
G1 X1850.610 Y916.200
; Coordinate transform: (1840.98,1081.34) -> (1840.98,910.66)
G1 X1840.980 Y910.660
; Coordinate transform: (1831.40,1087.88) -> (1831.40,904.12)
G1 X1831.400 Y904.120
; Coordinate transform: (1821.76,1095.42) -> (1821.76,896.58)
G1 X1821.760 Y896.580
; Coordinate transform: (1812.30,1103.91) -> (1812.30,888.09)
G1 X1812.300 Y888.090
; Coordinate transform: (1803.23,1113.31) -> (1803.23,878.69)
G1 X1803.230 Y878.690
; Coordinate transform: (1794.74,1123.65) -> (1794.74,868.35)
G1 X1794.740 Y868.350
; Coordinate transform: (1786.97,1134.85) -> (1786.97,857.15)
G1 X1786.970 Y857.150
; Coordinate transform: (1780.07,1146.81) -> (1780.07,845.19)
G1 X1780.070 Y845.190
; Coordinate transform: (1774.12,1159.38) -> (1774.12,832.62)
G1 X1774.120 Y832.620
; Coordinate transform: (1769.15,1172.36) -> (1769.15,819.64)
G1 X1769.150 Y819.640
; Coordinate transform: (1765.12,1185.52) -> (1765.12,806.48)
G1 X1765.120 Y806.480
; Coordinate transform: (1761.93,1198.64) -> (1761.93,793.36)
G1 X1761.930 Y793.360
; Coordinate transform: (1759.41,1211.62) -> (1759.41,780.38)
G1 X1759.410 Y780.380
; Coordinate transform: (1757.37,1224.41) -> (1757.37,767.59)
G1 X1757.370 Y767.590
; Coordinate transform: (1755.60,1237.01) -> (1755.60,754.99)
G1 X1755.600 Y754.990
; Coordinate transform: (1753.87,1249.51) -> (1753.87,742.49)
G1 X1753.870 Y742.490
; Coordinate transform: (1751.99,1261.97) -> (1751.99,730.03)
G1 X1751.990 Y730.030
; Coordinate transform: (1749.80,1274.50) -> (1749.80,717.50)
G1 X1749.800 Y717.500
; Coordinate transform: (1747.14,1287.15) -> (1747.14,704.85)
G1 X1747.140 Y704.850
; Coordinate transform: (1743.92,1299.95) -> (1743.92,692.05)
G1 X1743.920 Y692.050
; Coordinate transform: (1740.09,1312.93) -> (1740.09,679.07)
G1 X1740.090 Y679.070
; Coordinate transform: (1735.71,1326.06) -> (1735.71,665.94)
G1 X1735.710 Y665.940
; Coordinate transform: (1730.91,1339.29) -> (1730.91,652.71)
G1 X1730.910 Y652.710
; Coordinate transform: (1725.82,1352.56) -> (1725.82,639.44)
G1 X1725.820 Y639.440
; Coordinate transform: (1720.60,1365.75) -> (1720.60,626.25)
G1 X1720.600 Y626.250
; Coordinate transform: (1715.34,1378.75) -> (1715.34,613.25)
G1 X1715.340 Y613.250
; Coordinate transform: (1710.11,1391.48) -> (1710.11,600.52)
G1 X1710.110 Y600.520
; Coordinate transform: (1704.92,1403.98) -> (1704.92,588.02)
G1 X1704.920 Y588.020
; Coordinate transform: (1699.79,1416.31) -> (1699.79,575.69)
G1 X1699.790 Y575.690
; Coordinate transform: (1694.71,1428.50) -> (1694.71,563.50)
G1 X1694.710 Y563.500
; Coordinate transform: (1689.71,1440.53) -> (1689.71,551.47)
G1 X1689.710 Y551.470
; Coordinate transform: (1684.78,1452.37) -> (1684.78,539.63)
G1 X1684.780 Y539.630
; Coordinate transform: (1679.90,1463.97) -> (1679.90,528.03)
G1 X1679.900 Y528.030
; Coordinate transform: (1675.04,1475.31) -> (1675.04,516.69)
G1 X1675.040 Y516.690
; Coordinate transform: (1670.18,1486.39) -> (1670.18,505.61)
G1 X1670.180 Y505.610
; Coordinate transform: (1665.31,1497.23) -> (1665.31,494.77)
G1 X1665.310 Y494.770
; Coordinate transform: (1660.44,1507.90) -> (1660.44,484.10)
G1 X1660.440 Y484.100
; Coordinate transform: (1655.58,1518.46) -> (1655.58,473.54)
G1 X1655.580 Y473.540
; Coordinate transform: (1650.74,1528.96) -> (1650.74,463.04)
G1 X1650.740 Y463.040
; Coordinate transform: (1645.95,1539.43) -> (1645.95,452.57)
G1 X1645.950 Y452.570
; Coordinate transform: (1641.21,1549.87) -> (1641.21,442.13)
G1 X1641.210 Y442.130
; Coordinate transform: (1636.50,1560.30) -> (1636.50,431.70)
G1 X1636.500 Y431.700
; Coordinate transform: (1631.82,1570.71) -> (1631.82,421.29)
G1 X1631.820 Y421.290
; Coordinate transform: (1627.18,1581.12) -> (1627.18,410.88)
G1 X1627.180 Y410.880
; Coordinate transform: (1622.55,1591.56) -> (1622.55,400.44)
G1 X1622.550 Y400.440
; Coordinate transform: (1617.92,1601.96) -> (1617.92,390.04)
G1 X1617.920 Y390.040
; Coordinate transform: (1613.28,1612.29) -> (1613.28,379.71)
G1 X1613.280 Y379.710
; Coordinate transform: (1608.63,1622.47) -> (1608.63,369.53)
G1 X1608.630 Y369.530
; Coordinate transform: (1604.00,1632.41) -> (1604.00,359.59)
G1 X1604.000 Y359.590
; Coordinate transform: (1599.43,1641.99) -> (1599.43,350.01)
G1 X1599.430 Y350.010
; Coordinate transform: (1594.90,1651.09) -> (1594.90,340.91)
G1 X1594.900 Y340.910
; Coordinate transform: (1590.47,1659.61) -> (1590.47,332.39)
G1 X1590.470 Y332.390
; Coordinate transform: (1586.15,1667.53) -> (1586.15,324.47)
G1 X1586.150 Y324.470
; Coordinate transform: (1581.94,1674.87) -> (1581.94,317.13)
G1 X1581.940 Y317.130
; Coordinate transform: (1577.82,1681.67) -> (1577.82,310.33)
G1 X1577.820 Y310.330
; Coordinate transform: (1573.80,1687.98) -> (1573.80,304.02)
G1 X1573.800 Y304.020
; Coordinate transform: (1569.82,1693.86) -> (1569.82,298.14)
G1 X1569.820 Y298.140
; Coordinate transform: (1565.82,1699.43) -> (1565.82,292.57)
G1 X1565.820 Y292.570
; Coordinate transform: (1561.75,1704.86) -> (1561.75,287.14)
G1 X1561.750 Y287.140
; Coordinate transform: (1557.53,1710.28) -> (1557.53,281.72)
G1 X1557.530 Y281.720
; Coordinate transform: (1553.08,1715.88) -> (1553.08,276.12)
G1 X1553.080 Y276.120
; Coordinate transform: (1548.32,1721.84) -> (1548.32,270.16)
G1 X1548.320 Y270.160
; Coordinate transform: (1543.18,1728.33) -> (1543.18,263.67)
G1 X1543.180 Y263.670
; Coordinate transform: (1537.61,1735.51) -> (1537.61,256.49)
G1 X1537.610 Y256.490
; Coordinate transform: (1531.54,1743.46) -> (1531.54,248.54)
G1 X1531.540 Y248.540
; Coordinate transform: (1524.98,1752.26) -> (1524.98,239.74)
G1 X1524.980 Y239.740
; Coordinate transform: (1517.95,1761.80) -> (1517.95,230.20)
G1 X1517.950 Y230.200
; Coordinate transform: (1510.51,1771.91) -> (1510.51,220.09)
G1 X1510.510 Y220.090
; Coordinate transform: (1502.74,1782.33) -> (1502.74,209.67)
G1 X1502.740 Y209.670
; Coordinate transform: (1494.65,1792.53) -> (1494.65,199.47)
G1 X1494.650 Y199.470
; Coordinate transform: (1486.25,1802.10) -> (1486.25,189.90)
G1 X1486.250 Y189.900
; Coordinate transform: (1477.57,1810.62) -> (1477.57,181.38)
G1 X1477.570 Y181.380
; Coordinate transform: (1468.68,1818.02) -> (1468.68,173.98)
G1 X1468.680 Y173.980
; Coordinate transform: (1459.74,1824.19) -> (1459.74,167.81)
G1 X1459.740 Y167.810
; Coordinate transform: (1450.93,1829.32) -> (1450.93,162.68)
G1 X1450.930 Y162.680
; Coordinate transform: (1442.36,1833.40) -> (1442.36,158.60)
G1 X1442.360 Y158.600
; Coordinate transform: (1434.15,1836.44) -> (1434.15,155.56)
G1 X1434.150 Y155.560
; Coordinate transform: (1426.44,1838.44) -> (1426.44,153.56)
G1 X1426.440 Y153.560
; Coordinate transform: (1419.36,1839.37) -> (1419.36,152.63)
G1 X1419.360 Y152.630
; Coordinate transform: (1412.96,1839.16) -> (1412.96,152.84)
G1 X1412.960 Y152.840
; Coordinate transform: (1407.23,1837.75) -> (1407.23,154.25)
G1 X1407.230 Y154.250
; Coordinate transform: (1402.13,1835.07) -> (1402.13,156.93)
G1 X1402.130 Y156.930
; Coordinate transform: (1397.57,1831.12) -> (1397.57,160.88)
G1 X1397.570 Y160.880
; Coordinate transform: (1393.44,1825.93) -> (1393.44,166.07)
G1 X1393.440 Y166.070
; Coordinate transform: (1389.72,1819.72) -> (1389.72,172.28)
G1 X1389.720 Y172.280
; Coordinate transform: (1386.39,1812.69) -> (1386.39,179.31)
G1 X1386.390 Y179.310
; Coordinate transform: (1383.41,1804.92) -> (1383.41,187.08)
G1 X1383.410 Y187.080
; Coordinate transform: (1380.68,1796.37) -> (1380.68,195.63)
G1 X1380.680 Y195.630
; Coordinate transform: (1378.14,1787.05) -> (1378.14,204.95)
G1 X1378.140 Y204.950
; Coordinate transform: (1375.72,1776.99) -> (1375.72,215.01)
G1 X1375.720 Y215.010
; Coordinate transform: (1373.41,1766.37) -> (1373.41,225.63)
G1 X1373.410 Y225.630
; Coordinate transform: (1371.21,1755.40) -> (1371.21,236.60)
G1 X1371.210 Y236.600
; Coordinate transform: (1369.10,1744.33) -> (1369.10,247.67)
G1 X1369.100 Y247.670
; Coordinate transform: (1366.97,1733.35) -> (1366.97,258.65)
G1 X1366.970 Y258.650
; Coordinate transform: (1364.65,1722.62) -> (1364.65,269.38)
G1 X1364.650 Y269.380
; Coordinate transform: (1362.07,1712.26) -> (1362.07,279.74)
G1 X1362.070 Y279.740
; Coordinate transform: (1359.28,1702.50) -> (1359.28,289.50)
G1 X1359.280 Y289.500
; Coordinate transform: (1356.88,1694.03) -> (1356.88,297.97)
G1 X1356.880 Y297.970
; Coordinate transform: (1355.50,1687.47) -> (1355.50,304.53)
G1 X1355.500 Y304.530
; Coordinate transform: (1355.60,1683.22) -> (1355.60,308.78)
G1 X1355.600 Y308.780
; Coordinate transform: (1357.32,1681.33) -> (1357.32,310.67)
G1 X1357.320 Y310.670
; Coordinate transform: (1360.63,1681.59) -> (1360.63,310.41)
G1 X1360.630 Y310.410
; Coordinate transform: (1365.44,1683.80) -> (1365.44,308.20)
G1 X1365.440 Y308.200
; Coordinate transform: (1371.51,1687.48) -> (1371.51,304.52)
G1 X1371.510 Y304.520
; Coordinate transform: (1378.46,1691.98) -> (1378.46,300.02)
G1 X1378.460 Y300.020
; Coordinate transform: (1385.99,1696.72) -> (1385.99,295.28)
G1 X1385.990 Y295.280
; Coordinate transform: (1394.16,1701.51) -> (1394.16,290.49)
G1 X1394.160 Y290.490
; Coordinate transform: (1403.20,1706.40) -> (1403.20,285.60)
G1 X1403.200 Y285.600
; Coordinate transform: (1413.45,1711.59) -> (1413.45,280.41)
G1 X1413.450 Y280.410
; Coordinate transform: (1424.99,1717.22) -> (1424.99,274.78)
G1 X1424.990 Y274.780
; Coordinate transform: (1437.61,1723.27) -> (1437.61,268.73)
G1 X1437.610 Y268.730
; Coordinate transform: (1450.84,1729.64) -> (1450.84,262.36)
G1 X1450.840 Y262.360
; Coordinate transform: (1464.14,1736.25) -> (1464.14,255.75)
G1 X1464.140 Y255.750
; Coordinate transform: (1477.02,1742.97) -> (1477.02,249.03)
G1 X1477.020 Y249.030
; Coordinate transform: (1489.07,1749.73) -> (1489.07,242.27)
G1 X1489.070 Y242.270
; Coordinate transform: (1500.18,1756.55) -> (1500.18,235.45)
G1 X1500.180 Y235.450
; Coordinate transform: (1510.43,1763.57) -> (1510.43,228.43)
G1 X1510.430 Y228.430
; Coordinate transform: (1520.06,1770.95) -> (1520.06,221.05)
G1 X1520.060 Y221.050
; Coordinate transform: (1529.35,1778.77) -> (1529.35,213.23)
G1 X1529.350 Y213.230
; Coordinate transform: (1538.47,1786.74) -> (1538.47,205.26)
G1 X1538.470 Y205.260
; Coordinate transform: (1547.52,1794.43) -> (1547.52,197.57)
G1 X1547.520 Y197.570
; Coordinate transform: (1556.65,1801.93) -> (1556.65,190.07)
G1 X1556.650 Y190.070
; Coordinate transform: (1565.94,1809.40) -> (1565.94,182.60)
G1 X1565.940 Y182.600
; Coordinate transform: (1575.32,1816.81) -> (1575.32,175.19)
G1 X1575.320 Y175.190
; Coordinate transform: (1584.64,1824.11) -> (1584.64,167.89)
G1 X1584.640 Y167.890
; Coordinate transform: (1593.71,1831.35) -> (1593.71,160.65)
G1 X1593.710 Y160.650
; Coordinate transform: (1602.42,1838.50) -> (1602.42,153.50)
G1 X1602.420 Y153.500
; Coordinate transform: (1610.91,1845.41) -> (1610.91,146.59)
G1 X1610.910 Y146.590
; Coordinate transform: (1619.46,1852.20) -> (1619.46,139.80)
G1 X1619.460 Y139.800
; Coordinate transform: (1628.06,1858.80) -> (1628.06,133.20)
G1 X1628.060 Y133.200
; Coordinate transform: (1636.65,1865.06) -> (1636.65,126.94)
G1 X1636.650 Y126.940
; Coordinate transform: (1645.11,1870.26) -> (1645.11,121.74)
G1 X1645.110 Y121.740
; Coordinate transform: (1653.35,1873.72) -> (1653.35,118.28)
G1 X1653.350 Y118.280
; Coordinate transform: (1661.28,1875.06) -> (1661.28,116.94)
G1 X1661.280 Y116.940
; Coordinate transform: (1668.86,1874.21) -> (1668.86,117.79)
G1 X1668.860 Y117.790
; Coordinate transform: (1676.12,1871.35) -> (1676.12,120.65)
G1 X1676.120 Y120.650
; Coordinate transform: (1683.25,1866.80) -> (1683.25,125.20)
G1 X1683.250 Y125.200
; Coordinate transform: (1690.41,1860.89) -> (1690.41,131.11)
G1 X1690.410 Y131.110
; Coordinate transform: (1697.76,1854.01) -> (1697.76,137.99)
G1 X1697.760 Y137.990
; Coordinate transform: (1705.36,1846.54) -> (1705.36,145.46)
G1 X1705.360 Y145.460
; Coordinate transform: (1713.19,1838.87) -> (1713.19,153.13)
G1 X1713.190 Y153.130
; Coordinate transform: (1721.31,1831.10) -> (1721.31,160.90)
G1 X1721.310 Y160.900
; Coordinate transform: (1729.70,1823.17) -> (1729.70,168.83)
G1 X1729.700 Y168.830
; Coordinate transform: (1738.27,1815.02) -> (1738.27,176.98)
G1 X1738.270 Y176.980
; Coordinate transform: (1746.83,1806.65) -> (1746.83,185.35)
G1 X1746.830 Y185.350
; Coordinate transform: (1755.46,1798.13) -> (1755.46,193.87)
G1 X1755.460 Y193.870
; Coordinate transform: (1764.23,1789.49) -> (1764.23,202.51)
G1 X1764.230 Y202.510
; Coordinate transform: (1773.03,1781.00) -> (1773.03,211.00)
G1 X1773.030 Y211.000
; Coordinate transform: (1781.81,1772.79) -> (1781.81,219.21)
G1 X1781.810 Y219.210
; Coordinate transform: (1790.60,1764.77) -> (1790.60,227.23)
G1 X1790.600 Y227.230
; Coordinate transform: (1799.53,1756.74) -> (1799.53,235.26)
G1 X1799.530 Y235.260
; Coordinate transform: (1808.73,1748.58) -> (1808.73,243.42)
G1 X1808.730 Y243.420
; Coordinate transform: (1818.16,1740.35) -> (1818.16,251.65)
G1 X1818.160 Y251.650
; Coordinate transform: (1827.68,1732.08) -> (1827.68,259.92)
G1 X1827.680 Y259.920
; Coordinate transform: (1837.19,1723.69) -> (1837.19,268.31)
G1 X1837.190 Y268.310
; Coordinate transform: (1846.69,1715.16) -> (1846.69,276.84)
G1 X1846.690 Y276.840
; Coordinate transform: (1856.09,1706.53) -> (1856.09,285.47)
G1 X1856.090 Y285.470
; Coordinate transform: (1864.91,1697.61) -> (1864.91,294.39)
G1 X1864.910 Y294.390
; Coordinate transform: (1872.40,1688.07) -> (1872.40,303.93)
G1 X1872.400 Y303.930
; Coordinate transform: (1877.62,1677.68) -> (1877.62,314.32)
G1 X1877.620 Y314.320
; Coordinate transform: (1879.91,1666.61) -> (1879.91,325.39)
G1 X1879.910 Y325.390
; Coordinate transform: (1879.28,1655.24) -> (1879.28,336.76)
G1 X1879.280 Y336.760
; Coordinate transform: (1875.81,1643.83) -> (1875.81,348.17)
G1 X1875.810 Y348.170
; Coordinate transform: (1869.72,1632.35) -> (1869.72,359.65)
G1 X1869.720 Y359.650
; Coordinate transform: (1862.12,1620.91) -> (1862.12,371.09)
G1 X1862.120 Y371.090
; Coordinate transform: (1854.45,1609.74) -> (1854.45,382.26)
G1 X1854.450 Y382.260
; Coordinate transform: (1847.35,1599.01) -> (1847.35,392.99)
G1 X1847.350 Y392.990
; Coordinate transform: (1841.02,1588.75) -> (1841.02,403.25)
G1 X1841.020 Y403.250
; Coordinate transform: (1835.41,1578.88) -> (1835.41,413.12)
G1 X1835.410 Y413.120
; Coordinate transform: (1830.35,1569.29) -> (1830.35,422.71)
G1 X1830.350 Y422.710
; Coordinate transform: (1825.65,1559.86) -> (1825.65,432.14)
G1 X1825.650 Y432.140
; Coordinate transform: (1821.09,1550.49) -> (1821.09,441.51)
G1 X1821.090 Y441.510
; Coordinate transform: (1816.43,1541.07) -> (1816.43,450.93)
G1 X1816.430 Y450.930
; Coordinate transform: (1811.41,1531.55) -> (1811.41,460.45)
G1 X1811.410 Y460.450
; Coordinate transform: (1805.87,1521.83) -> (1805.87,470.17)
G1 X1805.870 Y470.170
; Coordinate transform: (1799.65,1511.83) -> (1799.65,480.17)
G1 X1799.650 Y480.170
; Coordinate transform: (1792.70,1501.48) -> (1792.70,490.52)
G1 X1792.700 Y490.520
; Coordinate transform: (1785.09,1490.84) -> (1785.09,501.16)
G1 X1785.090 Y501.160
; Coordinate transform: (1777.00,1480.04) -> (1777.00,511.96)
G1 X1777.000 Y511.960
; Coordinate transform: (1768.71,1469.25) -> (1768.71,522.75)
G1 X1768.710 Y522.750
; Coordinate transform: (1760.49,1458.62) -> (1760.49,533.38)
G1 X1760.490 Y533.380
; Coordinate transform: (1752.55,1448.24) -> (1752.55,543.76)
G1 X1752.550 Y543.760
; Coordinate transform: (1745.05,1438.16) -> (1745.05,553.84)
G1 X1745.050 Y553.840
; Coordinate transform: (1738.13,1428.47) -> (1738.13,563.53)
G1 X1738.130 Y563.530
; Coordinate transform: (1731.81,1419.24) -> (1731.81,572.76)
G1 X1731.810 Y572.760
; Coordinate transform: (1726.05,1410.43) -> (1726.05,581.57)
G1 X1726.050 Y581.570
; Coordinate transform: (1720.71,1401.93) -> (1720.71,590.07)
G1 X1720.710 Y590.070
; Coordinate transform: (1715.62,1393.60) -> (1715.62,598.40)
G1 X1715.620 Y598.400
; Coordinate transform: (1710.58,1385.30) -> (1710.58,606.70)
G1 X1710.580 Y606.700
; Coordinate transform: (1705.42,1376.90) -> (1705.42,615.10)
G1 X1705.420 Y615.100
; Coordinate transform: (1699.94,1368.31) -> (1699.94,623.69)
G1 X1699.940 Y623.690
; Coordinate transform: (1693.97,1359.49) -> (1693.97,632.51)
G1 X1693.970 Y632.510
; Coordinate transform: (1687.42,1350.41) -> (1687.42,641.59)
G1 X1687.420 Y641.590
; Coordinate transform: (1680.21,1341.09) -> (1680.21,650.91)
G1 X1680.210 Y650.910
; Coordinate transform: (1672.47,1331.63) -> (1672.47,660.37)
G1 X1672.470 Y660.370
; Coordinate transform: (1664.75,1322.40) -> (1664.75,669.60)
G1 X1664.750 Y669.600
; Coordinate transform: (1658.68,1314.25) -> (1658.68,677.75)
G1 X1658.680 Y677.750
; Coordinate transform: (1655.56,1307.76) -> (1655.56,684.24)
G1 X1655.560 Y684.240
; Coordinate transform: (1655.29,1302.75) -> (1655.29,689.25)
G1 X1655.290 Y689.250
; Coordinate transform: (1657.75,1299.08) -> (1657.75,692.92)
G1 X1657.750 Y692.920
; Coordinate transform: (1662.83,1296.64) -> (1662.83,695.36)
G1 X1662.830 Y695.360
; Coordinate transform: (1670.42,1295.29) -> (1670.42,696.71)
G1 X1670.420 Y696.710
; Coordinate transform: (1680.41,1294.92) -> (1680.41,697.08)
G1 X1680.410 Y697.080
; Coordinate transform: (1691.51,1294.89) -> (1691.51,697.11)
G1 X1691.510 Y697.110
; Coordinate transform: (1702.56,1294.69) -> (1702.56,697.31)
G1 X1702.560 Y697.310
; Coordinate transform: (1712.95,1294.08) -> (1712.95,697.92)
G1 X1712.950 Y697.920
; Coordinate transform: (1722.64,1293.17) -> (1722.64,698.83)
G1 X1722.640 Y698.830
; Coordinate transform: (1731.70,1292.11) -> (1731.70,699.89)
G1 X1731.700 Y699.890
; Coordinate transform: (1740.17,1290.97) -> (1740.17,701.03)
G1 X1740.170 Y701.030
; Coordinate transform: (1748.37,1290.00) -> (1748.37,702.00)
G1 X1748.370 Y702.000
; Coordinate transform: (1756.45,1289.21) -> (1756.45,702.79)
G1 X1756.450 Y702.790
; Coordinate transform: (1764.66,1288.61) -> (1764.66,703.39)
G1 X1764.660 Y703.390
; Coordinate transform: (1773.26,1288.20) -> (1773.26,703.80)
G1 X1773.260 Y703.800
; Coordinate transform: (1782.52,1287.92) -> (1782.52,704.08)
G1 X1782.520 Y704.080
; Coordinate transform: (1792.63,1287.69) -> (1792.63,704.31)
G1 X1792.630 Y704.310
; Coordinate transform: (1803.75,1287.40) -> (1803.75,704.60)
G1 X1803.750 Y704.600
; Coordinate transform: (1815.98,1286.94) -> (1815.98,705.06)
G1 X1815.980 Y705.060
; Coordinate transform: (1829.31,1286.22) -> (1829.31,705.78)
G1 X1829.310 Y705.780
; Coordinate transform: (1843.55,1285.20) -> (1843.55,706.80)
G1 X1843.550 Y706.800
; Coordinate transform: (1858.47,1283.87) -> (1858.47,708.13)
G1 X1858.470 Y708.130
; Coordinate transform: (1873.32,1282.30) -> (1873.32,709.70)
G1 X1873.320 Y709.700
; Coordinate transform: (1885.63,1280.56) -> (1885.63,711.44)
G1 X1885.630 Y711.440
; Coordinate transform: (1894.40,1278.80) -> (1894.40,713.20)
G1 X1894.400 Y713.200
; Coordinate transform: (1899.81,1277.04) -> (1899.81,714.96)
G1 X1899.810 Y714.960
; Coordinate transform: (1902.01,1275.30) -> (1902.01,716.70)
G1 X1902.010 Y716.700
; Coordinate transform: (1901.18,1273.56) -> (1901.18,718.44)
G1 X1901.180 Y718.440
; Coordinate transform: (1897.46,1271.81) -> (1897.46,720.19)
G1 X1897.460 Y720.190
; Coordinate transform: (1891.00,1269.99) -> (1891.00,722.01)
G1 X1891.000 Y722.010
; Coordinate transform: (1881.94,1268.09) -> (1881.94,723.91)
G1 X1881.940 Y723.910
; Coordinate transform: (1870.42,1265.95) -> (1870.42,726.05)
G1 X1870.420 Y726.050
; Coordinate transform: (1857.52,1263.31) -> (1857.52,728.69)
G1 X1857.520 Y728.690
; Coordinate transform: (1845.07,1260.01) -> (1845.07,731.99)
G1 X1845.070 Y731.990
; Coordinate transform: (1833.54,1255.91) -> (1833.54,736.09)
G1 X1833.540 Y736.090
; Coordinate transform: (1823.05,1250.94) -> (1823.05,741.06)
G1 X1823.050 Y741.060
; Coordinate transform: (1813.71,1245.03) -> (1813.71,746.97)
G1 X1813.710 Y746.970
; Coordinate transform: (1805.61,1238.14) -> (1805.61,753.86)
G1 X1805.610 Y753.860
; Coordinate transform: (1798.81,1230.35) -> (1798.81,761.65)
G1 X1798.810 Y761.650
; Coordinate transform: (1793.30,1221.71) -> (1793.30,770.29)
G1 X1793.300 Y770.290
; Coordinate transform: (1789.02,1212.37) -> (1789.02,779.63)
G1 X1789.020 Y779.630
; Coordinate transform: (1785.91,1202.48) -> (1785.91,789.52)
G1 X1785.910 Y789.520
; Coordinate transform: (1783.93,1192.22) -> (1783.93,799.78)
G1 X1783.930 Y799.780
; Coordinate transform: (1783.02,1181.82) -> (1783.02,810.18)
G1 X1783.020 Y810.180
; Coordinate transform: (1783.12,1171.51) -> (1783.12,820.49)
G1 X1783.120 Y820.490
; Coordinate transform: (1784.20,1161.52) -> (1784.20,830.48)
G1 X1784.200 Y830.480
; Coordinate transform: (1786.21,1152.07) -> (1786.21,839.93)
G1 X1786.210 Y839.930
; Coordinate transform: (1789.07,1143.30) -> (1789.07,848.70)
G1 X1789.070 Y848.700
; Coordinate transform: (1792.71,1135.34) -> (1792.71,856.66)
G1 X1792.710 Y856.660
; Coordinate transform: (1797.03,1128.22) -> (1797.03,863.78)
G1 X1797.030 Y863.780
; Coordinate transform: (1801.98,1121.99) -> (1801.98,870.01)
G1 X1801.980 Y870.010
; Coordinate transform: (1807.52,1116.62) -> (1807.52,875.38)
G1 X1807.520 Y875.380
; Coordinate transform: (1813.59,1112.13) -> (1813.59,879.87)
G1 X1813.590 Y879.870
; Coordinate transform: (1820.21,1108.58) -> (1820.21,883.42)
G1 X1820.210 Y883.420
; Coordinate transform: (1827.35,1106.03) -> (1827.35,885.97)
G1 X1827.350 Y885.970
; Coordinate transform: (1835.01,1104.60) -> (1835.01,887.40)
G1 X1835.010 Y887.400
; Coordinate transform: (1843.28,1104.46) -> (1843.28,887.54)
G1 X1843.280 Y887.540
; Coordinate transform: (1852.33,1105.78) -> (1852.33,886.22)
G1 X1852.330 Y886.220
; Coordinate transform: (1862.17,1108.69) -> (1862.17,883.31)
G1 X1862.170 Y883.310
; Coordinate transform: (1872.49,1113.28) -> (1872.49,878.72)
G1 X1872.490 Y878.720
; Coordinate transform: (1881.75,1119.50) -> (1881.75,872.50)
G1 X1881.750 Y872.500
; Coordinate transform: (1888.14,1127.08) -> (1888.14,864.92)
G1 X1888.140 Y864.920
; Coordinate transform: (1891.48,1135.35) -> (1891.48,856.65)
G1 X1891.480 Y856.650
; Coordinate transform: (1891.86,1144.07) -> (1891.86,847.93)
G1 X1891.860 Y847.930
; Coordinate transform: (1889.38,1153.10) -> (1889.38,838.90)
G1 X1889.380 Y838.900
; Coordinate transform: (1884.18,1162.34) -> (1884.18,829.66)
G1 X1884.180 Y829.660
; Coordinate transform: (1876.40,1171.85) -> (1876.40,820.15)
G1 X1876.400 Y820.150
; Coordinate transform: (1866.52,1181.81) -> (1866.52,810.19)
G1 X1866.520 Y810.190
; Coordinate transform: (1856.32,1191.95) -> (1856.32,800.05)
G1 X1856.320 Y800.050
; Coordinate transform: (1847.03,1201.90) -> (1847.03,790.10)
G1 X1847.030 Y790.100
; Coordinate transform: (1839.02,1211.30) -> (1839.02,780.70)
G1 X1839.020 Y780.700
; Coordinate transform: (1832.33,1219.92) -> (1832.33,772.08)
G1 X1832.330 Y772.080
; Coordinate transform: (1826.93,1227.63) -> (1826.93,764.37)
G1 X1826.930 Y764.370
; Coordinate transform: (1822.73,1234.44) -> (1822.73,757.56)
G1 X1822.730 Y757.560
; Coordinate transform: (1819.64,1240.43) -> (1819.64,751.57)
G1 X1819.640 Y751.570
; Coordinate transform: (1817.55,1245.72) -> (1817.55,746.28)
G1 X1817.550 Y746.280
; Coordinate transform: (1816.38,1250.43) -> (1816.38,741.57)
G1 X1816.380 Y741.570
; Coordinate transform: (1816.05,1254.74) -> (1816.05,737.26)
G1 X1816.050 Y737.260
; Coordinate transform: (1816.51,1258.82) -> (1816.51,733.18)
G1 X1816.510 Y733.180
; Coordinate transform: (1817.71,1262.82) -> (1817.71,729.18)
G1 X1817.710 Y729.180
; Coordinate transform: (1819.64,1266.92) -> (1819.64,725.08)
G1 X1819.640 Y725.080
; Coordinate transform: (1822.32,1271.29) -> (1822.32,720.71)
G1 X1822.320 Y720.710
; Coordinate transform: (1825.76,1276.13) -> (1825.76,715.87)
G1 X1825.760 Y715.870
; Coordinate transform: (1830.03,1281.68) -> (1830.03,710.32)
G1 X1830.030 Y710.320
; Coordinate transform: (1835.19,1288.17) -> (1835.19,703.83)
G1 X1835.190 Y703.830
; Coordinate transform: (1841.28,1295.84) -> (1841.28,696.16)
G1 X1841.280 Y696.160
; Coordinate transform: (1848.32,1304.81) -> (1848.32,687.19)
G1 X1848.320 Y687.190
; Coordinate transform: (1856.19,1315.17) -> (1856.19,676.83)
G1 X1856.190 Y676.830
; Coordinate transform: (1864.59,1326.76) -> (1864.59,665.24)
G1 X1864.590 Y665.240
; Coordinate transform: (1872.56,1339.24) -> (1872.56,652.76)
G1 X1872.560 Y652.760
; Coordinate transform: (1878.76,1352.19) -> (1878.76,639.81)
G1 X1878.760 Y639.810
; Coordinate transform: (1882.06,1365.19) -> (1882.06,626.81)
G1 X1882.060 Y626.810
; Coordinate transform: (1882.28,1377.91) -> (1882.28,614.09)
G1 X1882.280 Y614.090
; Coordinate transform: (1879.58,1390.21) -> (1879.58,601.79)
G1 X1879.580 Y601.790
; Coordinate transform: (1874.08,1402.05) -> (1874.08,589.95)
G1 X1874.080 Y589.950
; Coordinate transform: (1866.73,1413.56) -> (1866.73,578.44)
G1 X1866.730 Y578.440
; Coordinate transform: (1858.50,1424.85) -> (1858.50,567.15)
G1 X1858.500 Y567.150
; Coordinate transform: (1850.20,1435.97) -> (1850.20,556.03)
G1 X1850.200 Y556.030
; Coordinate transform: (1841.88,1446.84) -> (1841.88,545.16)
G1 X1841.880 Y545.160
; Coordinate transform: (1833.55,1457.34) -> (1833.55,534.66)
G1 X1833.550 Y534.660
; Coordinate transform: (1825.18,1467.29) -> (1825.18,524.71)
G1 X1825.180 Y524.710
; Coordinate transform: (1816.78,1476.56) -> (1816.78,515.44)
G1 X1816.780 Y515.440
; Coordinate transform: (1808.29,1485.05) -> (1808.29,506.95)
G1 X1808.290 Y506.950
; Coordinate transform: (1799.62,1492.78) -> (1799.62,499.22)
G1 X1799.620 Y499.220
; Coordinate transform: (1790.54,1499.88) -> (1790.54,492.12)
G1 X1790.540 Y492.120
; Coordinate transform: (1780.84,1506.55) -> (1780.84,485.45)
G1 X1780.840 Y485.450
; Coordinate transform: (1770.34,1513.03) -> (1770.34,478.97)
G1 X1770.340 Y478.970
; Coordinate transform: (1758.94,1519.52) -> (1758.94,472.48)
G1 X1758.940 Y472.480
; Coordinate transform: (1746.75,1526.16) -> (1746.75,465.84)
G1 X1746.750 Y465.840
; Coordinate transform: (1734.05,1533.01) -> (1734.05,458.99)
G1 X1734.050 Y458.990
; Coordinate transform: (1721.19,1540.07) -> (1721.19,451.93)
G1 X1721.190 Y451.930
; Coordinate transform: (1708.53,1547.33) -> (1708.53,444.67)
G1 X1708.530 Y444.670
; Coordinate transform: (1696.38,1554.78) -> (1696.38,437.22)
G1 X1696.380 Y437.220
; Coordinate transform: (1684.95,1562.38) -> (1684.95,429.62)
G1 X1684.950 Y429.620
; Coordinate transform: (1674.40,1570.10) -> (1674.40,421.90)
G1 X1674.400 Y421.900
; Coordinate transform: (1664.75,1577.94) -> (1664.75,414.06)
G1 X1664.750 Y414.060
; Coordinate transform: (1655.92,1585.91) -> (1655.92,406.09)
G1 X1655.920 Y406.090
; Coordinate transform: (1647.86,1594.01) -> (1647.86,397.99)
G1 X1647.860 Y397.990
; Coordinate transform: (1640.47,1602.18) -> (1640.47,389.82)
G1 X1640.470 Y389.820
; Coordinate transform: (1633.67,1610.39) -> (1633.67,381.61)
G1 X1633.670 Y381.610
; Coordinate transform: (1627.37,1618.57) -> (1627.37,373.43)
G1 X1627.370 Y373.430
; Coordinate transform: (1621.51,1626.65) -> (1621.51,365.35)
G1 X1621.510 Y365.350
; Coordinate transform: (1616.09,1634.58) -> (1616.09,357.42)
G1 X1616.090 Y357.420
; Coordinate transform: (1611.09,1642.24) -> (1611.09,349.76)
G1 X1611.090 Y349.760
; Coordinate transform: (1606.56,1649.54) -> (1606.56,342.46)
G1 X1606.560 Y342.460
; Coordinate transform: (1602.50,1656.39) -> (1602.50,335.61)
G1 X1602.500 Y335.610
; Coordinate transform: (1598.95,1662.75) -> (1598.95,329.25)
G1 X1598.950 Y329.250
; Coordinate transform: (1595.89,1668.65) -> (1595.89,323.35)
G1 X1595.890 Y323.350
; Coordinate transform: (1593.36,1674.14) -> (1593.36,317.86)
G1 X1593.360 Y317.860
; Coordinate transform: (1591.34,1679.28) -> (1591.34,312.72)
G1 X1591.340 Y312.720
; Coordinate transform: (1589.86,1684.13) -> (1589.86,307.87)
G1 X1589.860 Y307.870
; Coordinate transform: (1588.94,1688.82) -> (1588.94,303.18)
G1 X1588.940 Y303.180
; Coordinate transform: (1588.60,1693.41) -> (1588.60,298.59)
G1 X1588.600 Y298.590
; Coordinate transform: (1588.88,1698.03) -> (1588.88,293.97)
G1 X1588.880 Y293.970
; Coordinate transform: (1589.83,1702.81) -> (1589.83,289.19)
G1 X1589.830 Y289.190
; Coordinate transform: (1591.51,1707.90) -> (1591.51,284.10)
G1 X1591.510 Y284.100
; Coordinate transform: (1594.01,1713.43) -> (1594.01,278.57)
G1 X1594.010 Y278.570
; Coordinate transform: (1597.41,1719.57) -> (1597.41,272.43)
G1 X1597.410 Y272.430
; Coordinate transform: (1601.79,1726.50) -> (1601.79,265.50)
G1 X1601.790 Y265.500
; Coordinate transform: (1607.14,1734.41) -> (1607.14,257.59)
G1 X1607.140 Y257.590
; Coordinate transform: (1613.37,1743.20) -> (1613.37,248.80)
G1 X1613.370 Y248.800
; Coordinate transform: (1620.23,1752.60) -> (1620.23,239.40)
G1 X1620.230 Y239.400
; Coordinate transform: (1627.38,1761.89) -> (1627.38,230.11)
G1 X1627.380 Y230.110
; Coordinate transform: (1634.62,1770.74) -> (1634.62,221.26)
G1 X1634.620 Y221.260
; Coordinate transform: (1641.93,1779.25) -> (1641.93,212.75)
G1 X1641.930 Y212.750
; Coordinate transform: (1649.36,1787.66) -> (1649.36,204.34)
G1 X1649.360 Y204.340
; Coordinate transform: (1656.77,1796.05) -> (1656.77,195.95)
G1 X1656.770 Y195.950
; Coordinate transform: (1663.92,1804.18) -> (1663.92,187.82)
G1 X1663.920 Y187.820
; Coordinate transform: (1670.63,1811.73) -> (1670.63,180.27)
G1 X1670.630 Y180.270
; Coordinate transform: (1677.03,1818.61) -> (1677.03,173.39)
G1 X1677.030 Y173.390
; Coordinate transform: (1683.27,1824.86) -> (1683.27,167.14)
G1 X1683.270 Y167.140
; Coordinate transform: (1689.38,1830.61) -> (1689.38,161.39)
G1 X1689.380 Y161.390
; Coordinate transform: (1695.31,1835.90) -> (1695.31,156.10)
G1 X1695.310 Y156.100
; Coordinate transform: (1701.12,1840.81) -> (1701.12,151.19)
G1 X1701.120 Y151.190
; Coordinate transform: (1707.03,1845.48) -> (1707.03,146.52)
G1 X1707.030 Y146.520
; Coordinate transform: (1713.37,1850.22) -> (1713.37,141.78)
G1 X1713.370 Y141.780
; Coordinate transform: (1720.55,1855.16) -> (1720.55,136.84)
G1 X1720.550 Y136.840
; Coordinate transform: (1728.65,1860.32) -> (1728.65,131.68)
G1 X1728.650 Y131.680
; Coordinate transform: (1737.59,1865.68) -> (1737.59,126.32)
G1 X1737.590 Y126.320
; Coordinate transform: (1747.02,1870.68) -> (1747.02,121.32)
G1 X1747.020 Y121.320
; Coordinate transform: (1756.88,1874.85) -> (1756.88,117.15)
G1 X1756.880 Y117.150
; Coordinate transform: (1767.46,1877.86) -> (1767.46,114.14)
G1 X1767.460 Y114.140
; Coordinate transform: (1778.76,1879.22) -> (1778.76,112.78)
G1 X1778.760 Y112.780
; Coordinate transform: (1790.67,1878.64) -> (1790.67,113.36)
G1 X1790.670 Y113.360
; Coordinate transform: (1802.94,1876.06) -> (1802.94,115.94)
G1 X1802.940 Y115.940
; Coordinate transform: (1815.36,1871.75) -> (1815.36,120.25)
G1 X1815.360 Y120.250
; Coordinate transform: (1827.84,1866.03) -> (1827.84,125.97)
G1 X1827.840 Y125.970
; Coordinate transform: (1840.32,1859.33) -> (1840.32,132.67)
G1 X1840.320 Y132.670
; Coordinate transform: (1852.66,1852.21) -> (1852.66,139.79)
G1 X1852.660 Y139.790
; Coordinate transform: (1864.63,1844.84) -> (1864.63,147.16)
G1 X1864.630 Y147.160
; Coordinate transform: (1875.60,1837.30) -> (1875.60,154.70)
G1 X1875.600 Y154.700
; Coordinate transform: (1884.26,1829.46) -> (1884.26,162.54)
G1 X1884.260 Y162.540
; Coordinate transform: (1889.61,1821.39) -> (1889.61,170.61)
G1 X1889.610 Y170.610
; Coordinate transform: (1891.79,1813.36) -> (1891.79,178.64)
G1 X1891.790 Y178.640
; Coordinate transform: (1890.95,1805.44) -> (1890.95,186.56)
G1 X1890.950 Y186.560
; Coordinate transform: (1887.22,1797.78) -> (1887.22,194.22)
G1 X1887.220 Y194.220
; Coordinate transform: (1880.75,1790.43) -> (1880.75,201.57)
G1 X1880.750 Y201.570
; Coordinate transform: (1872.08,1783.38) -> (1872.08,208.62)
G1 X1872.080 Y208.620
; Coordinate transform: (1862.47,1776.54) -> (1862.47,215.46)
G1 X1862.470 Y215.460
; Coordinate transform: (1852.69,1769.66) -> (1852.69,222.34)
G1 X1852.690 Y222.340
; Coordinate transform: (1842.96,1762.62) -> (1842.96,229.38)
G1 X1842.960 Y229.380
; Coordinate transform: (1833.54,1755.55) -> (1833.54,236.45)
G1 X1833.540 Y236.450
; Coordinate transform: (1824.62,1748.58) -> (1824.62,243.42)
G1 X1824.620 Y243.420
; Coordinate transform: (1816.11,1741.65) -> (1816.11,250.35)
G1 X1816.110 Y250.350
; Coordinate transform: (1807.78,1734.57) -> (1807.78,257.43)
G1 X1807.780 Y257.430
; Coordinate transform: (1799.59,1727.03) -> (1799.59,264.97)
G1 X1799.590 Y264.970
; Coordinate transform: (1791.49,1718.79) -> (1791.49,273.21)
G1 X1791.490 Y273.210
; Coordinate transform: (1783.48,1709.72) -> (1783.48,282.28)
G1 X1783.480 Y282.280
; Coordinate transform: (1775.55,1699.72) -> (1775.55,292.28)
G1 X1775.550 Y292.280
; Coordinate transform: (1767.68,1688.88) -> (1767.68,303.12)
G1 X1767.680 Y303.120
; Coordinate transform: (1759.87,1677.65) -> (1759.87,314.35)
G1 X1759.870 Y314.350
; Coordinate transform: (1752.00,1666.17) -> (1752.00,325.83)
G1 X1752.000 Y325.830
; Coordinate transform: (1743.86,1654.36) -> (1743.86,337.64)
G1 X1743.860 Y337.640
; Coordinate transform: (1735.29,1642.31) -> (1735.29,349.69)
G1 X1735.290 Y349.690
; Coordinate transform: (1726.33,1630.25) -> (1726.33,361.75)
G1 X1726.330 Y361.750
; Coordinate transform: (1717.17,1618.35) -> (1717.17,373.65)
G1 X1717.170 Y373.650
; Coordinate transform: (1708.15,1606.82) -> (1708.15,385.18)
G1 X1708.150 Y385.180
; Coordinate transform: (1699.77,1595.87) -> (1699.77,396.13)
G1 X1699.770 Y396.130
; Coordinate transform: (1692.25,1585.62) -> (1692.25,406.38)
G1 X1692.250 Y406.380
; Coordinate transform: (1685.70,1575.99) -> (1685.70,416.01)
G1 X1685.700 Y416.010
; Coordinate transform: (1680.11,1566.81) -> (1680.11,425.19)
G1 X1680.110 Y425.190
; Coordinate transform: (1675.31,1557.83) -> (1675.31,434.17)
G1 X1675.310 Y434.170
; Coordinate transform: (1671.12,1548.86) -> (1671.12,443.14)
G1 X1671.120 Y443.140
; Coordinate transform: (1667.33,1539.73) -> (1667.33,452.27)
G1 X1667.330 Y452.270
; Coordinate transform: (1663.70,1530.30) -> (1663.70,461.70)
G1 X1663.700 Y461.700
; Coordinate transform: (1660.01,1520.50) -> (1660.01,471.50)
G1 X1660.010 Y471.500
; Coordinate transform: (1656.03,1510.23) -> (1656.03,481.77)
G1 X1656.030 Y481.770
; Coordinate transform: (1651.54,1499.42) -> (1651.54,492.58)
G1 X1651.540 Y492.580
; Coordinate transform: (1646.40,1488.07) -> (1646.40,503.93)
G1 X1646.400 Y503.930
; Coordinate transform: (1640.50,1476.23) -> (1640.50,515.77)
G1 X1640.500 Y515.770
; Coordinate transform: (1633.82,1464.01) -> (1633.82,527.99)
G1 X1633.820 Y527.990
; Coordinate transform: (1626.47,1451.57) -> (1626.47,540.43)
G1 X1626.470 Y540.430
; Coordinate transform: (1618.55,1439.07) -> (1618.55,552.93)
G1 X1618.550 Y552.930
; Coordinate transform: (1610.37,1426.78) -> (1610.37,565.22)
G1 X1610.370 Y565.220
; Coordinate transform: (1602.96,1415.38) -> (1602.96,576.62)
G1 X1602.960 Y576.620
; Coordinate transform: (1598.35,1405.91) -> (1598.35,586.09)
G1 X1598.350 Y586.090
; Coordinate transform: (1596.58,1398.27) -> (1596.58,593.73)
G1 X1596.580 Y593.730
; Coordinate transform: (1597.52,1392.30) -> (1597.52,599.70)
G1 X1597.520 Y599.700
; Coordinate transform: (1601.06,1387.87) -> (1601.06,604.13)
G1 X1601.060 Y604.130
; Coordinate transform: (1607.08,1384.92) -> (1607.08,607.08)
G1 X1607.080 Y607.080
; Coordinate transform: (1615.41,1383.43) -> (1615.41,608.57)
G1 X1615.410 Y608.570
; Coordinate transform: (1625.93,1383.37) -> (1625.93,608.63)
G1 X1625.930 Y608.630
; Coordinate transform: (1637.96,1384.46) -> (1637.96,607.54)
G1 X1637.960 Y607.540
; Coordinate transform: (1649.82,1385.91) -> (1649.82,606.09)
G1 X1649.820 Y606.090
; Coordinate transform: (1660.78,1387.38) -> (1660.78,604.62)
G1 X1660.780 Y604.620
; Coordinate transform: (1670.62,1388.84) -> (1670.62,603.16)
G1 X1670.620 Y603.160
; Coordinate transform: (1679.38,1390.33) -> (1679.38,601.67)
G1 X1679.380 Y601.670
; Coordinate transform: (1687.24,1391.92) -> (1687.24,600.08)
G1 X1687.240 Y600.080
; Coordinate transform: (1694.41,1393.64) -> (1694.41,598.36)
G1 X1694.410 Y598.360
; Coordinate transform: (1701.16,1395.56) -> (1701.16,596.44)
G1 X1701.160 Y596.440
; Coordinate transform: (1707.78,1397.72) -> (1707.78,594.28)
G1 X1707.780 Y594.280
; Coordinate transform: (1714.54,1400.14) -> (1714.54,591.86)
G1 X1714.540 Y591.860
; Coordinate transform: (1721.73,1402.86) -> (1721.73,589.14)
G1 X1721.730 Y589.140
; Coordinate transform: (1729.59,1405.91) -> (1729.59,586.09)
G1 X1729.590 Y586.090
; Coordinate transform: (1738.35,1409.29) -> (1738.35,582.71)
G1 X1738.350 Y582.710
; Coordinate transform: (1748.09,1412.93) -> (1748.09,579.07)
G1 X1748.090 Y579.070
; Coordinate transform: (1758.77,1416.71) -> (1758.77,575.29)
G1 X1758.770 Y575.290
; Coordinate transform: (1770.20,1420.48) -> (1770.20,571.52)
G1 X1770.200 Y571.520
; Coordinate transform: (1782.02,1424.05) -> (1782.02,567.95)
G1 X1782.020 Y567.950
; Coordinate transform: (1793.79,1427.23) -> (1793.79,564.77)
G1 X1793.790 Y564.770
; Coordinate transform: (1805.16,1429.91) -> (1805.16,562.09)
G1 X1805.160 Y562.090
; Coordinate transform: (1815.86,1432.06) -> (1815.86,559.94)
G1 X1815.860 Y559.940
; Coordinate transform: (1825.82,1433.71) -> (1825.82,558.29)
G1 X1825.820 Y558.290
; Coordinate transform: (1835.14,1435.00) -> (1835.14,557.00)
G1 X1835.140 Y557.000
; Coordinate transform: (1844.05,1436.05) -> (1844.05,555.95)
G1 X1844.050 Y555.950
; Coordinate transform: (1852.86,1436.98) -> (1852.86,555.02)
G1 X1852.860 Y555.020
; Coordinate transform: (1861.71,1437.93) -> (1861.71,554.07)
G1 X1861.710 Y554.070
; Coordinate transform: (1870.49,1438.99) -> (1870.49,553.01)
G1 X1870.490 Y553.010
; Coordinate transform: (1878.17,1440.25) -> (1878.17,551.75)
G1 X1878.170 Y551.750
; Coordinate transform: (1883.71,1441.76) -> (1883.71,550.24)
G1 X1883.710 Y550.240
; Coordinate transform: (1886.31,1443.57) -> (1886.31,548.43)
G1 X1886.310 Y548.430
; Coordinate transform: (1885.88,1445.68) -> (1885.88,546.32)
G1 X1885.880 Y546.320
; Coordinate transform: (1882.58,1448.17) -> (1882.58,543.83)
G1 X1882.580 Y543.830
; Coordinate transform: (1876.95,1451.13) -> (1876.95,540.87)
G1 X1876.950 Y540.870
; Coordinate transform: (1869.98,1454.64) -> (1869.98,537.36)
G1 X1869.980 Y537.360
; Coordinate transform: (1862.59,1458.78) -> (1862.59,533.22)
G1 X1862.590 Y533.220
; Coordinate transform: (1855.60,1463.64) -> (1855.60,528.36)
G1 X1855.600 Y528.360
; Coordinate transform: (1849.18,1469.28) -> (1849.18,522.72)
G1 X1849.180 Y522.720
; Coordinate transform: (1843.27,1475.70) -> (1843.27,516.30)
G1 X1843.270 Y516.300
; Coordinate transform: (1837.79,1482.89) -> (1837.79,509.11)
G1 X1837.790 Y509.110
; Coordinate transform: (1832.66,1490.78) -> (1832.66,501.22)
G1 X1832.660 Y501.220
; Coordinate transform: (1827.80,1499.27) -> (1827.80,492.73)
G1 X1827.800 Y492.730
; Coordinate transform: (1823.17,1508.32) -> (1823.17,483.68)
G1 X1823.170 Y483.680
; Coordinate transform: (1818.73,1517.90) -> (1818.73,474.10)
G1 X1818.730 Y474.100
; Coordinate transform: (1814.36,1528.00) -> (1814.36,464.00)
G1 X1814.360 Y464.000
; Coordinate transform: (1809.90,1538.63) -> (1809.90,453.37)
G1 X1809.900 Y453.370
; Coordinate transform: (1805.18,1549.82) -> (1805.18,442.18)
G1 X1805.180 Y442.180
; Coordinate transform: (1799.98,1561.53) -> (1799.98,430.47)
G1 X1799.980 Y430.470
; Coordinate transform: (1794.15,1573.68) -> (1794.15,418.32)
G1 X1794.150 Y418.320
; Coordinate transform: (1787.67,1586.09) -> (1787.67,405.91)
G1 X1787.670 Y405.910
; Coordinate transform: (1780.61,1598.54) -> (1780.61,393.46)
G1 X1780.610 Y393.460
; Coordinate transform: (1773.21,1610.76) -> (1773.21,381.24)
G1 X1773.210 Y381.240
; Coordinate transform: (1765.66,1622.57) -> (1765.66,369.43)
G1 X1765.660 Y369.430
; Coordinate transform: (1758.07,1633.86) -> (1758.07,358.14)
G1 X1758.070 Y358.140
; Coordinate transform: (1750.41,1644.55) -> (1750.41,347.45)
G1 X1750.410 Y347.450
; Coordinate transform: (1742.54,1654.65) -> (1742.54,337.35)
G1 X1742.540 Y337.350
; Coordinate transform: (1734.19,1664.14) -> (1734.19,327.86)
G1 X1734.190 Y327.860
; Coordinate transform: (1725.19,1673.03) -> (1725.19,318.97)
G1 X1725.190 Y318.970
; Coordinate transform: (1715.38,1681.33) -> (1715.38,310.67)
G1 X1715.380 Y310.670
; Coordinate transform: (1704.80,1689.01) -> (1704.80,302.99)
G1 X1704.800 Y302.990
; Coordinate transform: (1693.67,1696.00) -> (1693.67,296.00)
G1 X1693.670 Y296.000
; Coordinate transform: (1682.37,1702.21) -> (1682.37,289.79)
G1 X1682.370 Y289.790
; Coordinate transform: (1671.32,1707.54) -> (1671.32,284.46)
G1 X1671.320 Y284.460
; Coordinate transform: (1660.96,1712.03) -> (1660.96,279.97)
G1 X1660.960 Y279.970
; Coordinate transform: (1651.66,1715.78) -> (1651.66,276.22)
G1 X1651.660 Y276.220
; Coordinate transform: (1643.63,1718.93) -> (1643.63,273.07)
G1 X1643.630 Y273.070
; Coordinate transform: (1636.96,1721.69) -> (1636.96,270.31)
G1 X1636.960 Y270.310
; Coordinate transform: (1631.59,1724.27) -> (1631.59,267.73)
G1 X1631.590 Y267.730
; Coordinate transform: (1627.41,1726.92) -> (1627.41,265.08)
G1 X1627.410 Y265.080
; Coordinate transform: (1624.28,1729.87) -> (1624.28,262.13)
G1 X1624.280 Y262.130
; Coordinate transform: (1622.01,1733.27) -> (1622.01,258.73)
G1 X1622.010 Y258.730
; Coordinate transform: (1620.40,1737.18) -> (1620.40,254.82)
G1 X1620.400 Y254.820
; Coordinate transform: (1619.23,1741.67) -> (1619.23,250.33)
G1 X1619.230 Y250.330
; Coordinate transform: (1618.32,1746.83) -> (1618.32,245.17)
G1 X1618.320 Y245.170
; Coordinate transform: (1617.46,1752.58) -> (1617.46,239.42)
G1 X1617.460 Y239.420
; Coordinate transform: (1616.43,1758.82) -> (1616.43,233.18)
G1 X1616.430 Y233.180
; Coordinate transform: (1615.03,1765.49) -> (1615.03,226.51)
G1 X1615.030 Y226.510
; Coordinate transform: (1613.11,1772.68) -> (1613.11,219.32)
G1 X1613.110 Y219.320
; Coordinate transform: (1610.52,1780.50) -> (1610.52,211.50)
G1 X1610.520 Y211.500
; Coordinate transform: (1607.20,1789.08) -> (1607.20,202.92)
G1 X1607.200 Y202.920
; Coordinate transform: (1603.13,1798.47) -> (1603.13,193.53)
G1 X1603.130 Y193.530
; Coordinate transform: (1598.31,1808.42) -> (1598.31,183.58)
G1 X1598.310 Y183.580
; Coordinate transform: (1592.66,1818.80) -> (1592.66,173.20)
G1 X1592.660 Y173.200
; Coordinate transform: (1586.22,1829.55) -> (1586.22,162.45)
G1 X1586.220 Y162.450
; Coordinate transform: (1579.02,1840.75) -> (1579.02,151.25)
G1 X1579.020 Y151.250
; Coordinate transform: (1571.10,1852.18) -> (1571.10,139.82)
G1 X1571.100 Y139.820
; Coordinate transform: (1562.63,1863.73) -> (1562.63,128.27)
G1 X1562.630 Y128.270
; Coordinate transform: (1553.68,1874.91) -> (1553.68,117.09)
G1 X1553.680 Y117.090
; Coordinate transform: (1544.59,1884.47) -> (1544.59,107.53)
G1 X1544.590 Y107.530
; Coordinate transform: (1535.55,1891.08) -> (1535.55,100.92)
G1 X1535.550 Y100.920
; Coordinate transform: (1526.60,1894.45) -> (1526.60,97.55)
G1 X1526.600 Y97.550
; Coordinate transform: (1517.71,1894.75) -> (1517.71,97.25)
G1 X1517.710 Y97.250
; Coordinate transform: (1508.78,1892.15) -> (1508.78,99.85)
G1 X1508.780 Y99.850
; Coordinate transform: (1499.68,1886.81) -> (1499.68,105.19)
G1 X1499.680 Y105.190
; Coordinate transform: (1490.51,1878.86) -> (1490.51,113.14)
G1 X1490.510 Y113.140
; Coordinate transform: (1481.45,1868.98) -> (1481.45,123.02)
G1 X1481.450 Y123.020
; Coordinate transform: (1472.86,1858.37) -> (1472.86,133.63)
G1 X1472.860 Y133.630
; Coordinate transform: (1464.77,1847.98) -> (1464.77,144.02)
G1 X1464.770 Y144.020
; Coordinate transform: (1457.32,1838.14) -> (1457.32,153.86)
G1 X1457.320 Y153.860
; Coordinate transform: (1450.54,1828.50) -> (1450.54,163.50)
G1 X1450.540 Y163.500
; Coordinate transform: (1444.38,1818.35) -> (1444.38,173.65)
G1 X1444.380 Y173.650
; Coordinate transform: (1438.75,1807.34) -> (1438.75,184.66)
G1 X1438.750 Y184.660
; Coordinate transform: (1433.78,1795.73) -> (1433.78,196.27)
G1 X1433.780 Y196.270
; Coordinate transform: (1429.59,1783.77) -> (1429.59,208.23)
G1 X1429.590 Y208.230
; Coordinate transform: (1426.24,1771.64) -> (1426.24,220.36)
G1 X1426.240 Y220.360
; Coordinate transform: (1423.77,1759.60) -> (1423.77,232.40)
G1 X1423.770 Y232.400
; Coordinate transform: (1422.23,1747.94) -> (1422.23,244.06)
G1 X1422.230 Y244.060
; Coordinate transform: (1421.65,1736.90) -> (1421.65,255.10)
G1 X1421.650 Y255.100
; Coordinate transform: (1422.12,1726.57) -> (1422.12,265.43)
G1 X1422.120 Y265.430
; Coordinate transform: (1423.72,1716.91) -> (1423.72,275.09)
G1 X1423.720 Y275.090
; Coordinate transform: (1426.54,1707.73) -> (1426.54,284.27)
G1 X1426.540 Y284.270
; Coordinate transform: (1430.59,1698.74) -> (1430.59,293.26)
G1 X1430.590 Y293.260
; Coordinate transform: (1435.91,1689.58) -> (1435.91,302.42)
G1 X1435.910 Y302.420
; Coordinate transform: (1442.47,1679.91) -> (1442.47,312.09)
G1 X1442.470 Y312.090
; Coordinate transform: (1450.13,1669.41) -> (1450.13,322.59)
G1 X1450.130 Y322.590
; Coordinate transform: (1458.75,1657.86) -> (1458.75,334.14)
G1 X1458.750 Y334.140
; Coordinate transform: (1468.04,1645.27) -> (1468.04,346.73)
G1 X1468.040 Y346.730
; Coordinate transform: (1477.74,1631.82) -> (1477.74,360.18)
G1 X1477.740 Y360.180
; Coordinate transform: (1487.61,1617.84) -> (1487.61,374.16)
G1 X1487.610 Y374.160
; Coordinate transform: (1497.44,1603.67) -> (1497.44,388.33)
G1 X1497.440 Y388.330
; Coordinate transform: (1507.13,1589.61) -> (1507.13,402.39)
G1 X1507.130 Y402.390
; Coordinate transform: (1516.61,1575.84) -> (1516.61,416.16)
G1 X1516.610 Y416.160
; Coordinate transform: (1525.89,1562.48) -> (1525.89,429.52)
G1 X1525.890 Y429.520
; Coordinate transform: (1534.96,1549.54) -> (1534.96,442.46)
G1 X1534.960 Y442.460
; Coordinate transform: (1543.80,1537.06) -> (1543.80,454.94)
G1 X1543.800 Y454.940
; Coordinate transform: (1552.41,1525.05) -> (1552.41,466.95)
G1 X1552.410 Y466.950
; Coordinate transform: (1560.70,1513.48) -> (1560.70,478.52)
G1 X1560.700 Y478.520
; Coordinate transform: (1568.76,1502.47) -> (1568.76,489.53)
G1 X1568.760 Y489.530
; Coordinate transform: (1576.24,1492.06) -> (1576.24,499.94)
G1 X1576.240 Y499.940
; Coordinate transform: (1583.16,1482.29) -> (1583.16,509.71)
G1 X1583.160 Y509.710
; Coordinate transform: (1589.34,1473.14) -> (1589.34,518.86)
G1 X1589.340 Y518.860
; Coordinate transform: (1594.85,1464.73) -> (1594.85,527.27)
G1 X1594.850 Y527.270
; Coordinate transform: (1599.59,1456.96) -> (1599.59,535.04)
G1 X1599.590 Y535.040
; Coordinate transform: (1603.71,1449.89) -> (1603.71,542.11)
G1 X1603.710 Y542.110
; Coordinate transform: (1607.31,1443.53) -> (1607.31,548.47)
G1 X1607.310 Y548.470
; Coordinate transform: (1610.52,1437.87) -> (1610.52,554.13)
G1 X1610.520 Y554.130
; Coordinate transform: (1613.30,1432.80) -> (1613.30,559.20)
G1 X1613.300 Y559.200
; Coordinate transform: (1615.76,1428.30) -> (1615.76,563.70)
G1 X1615.760 Y563.700
; Coordinate transform: (1618.08,1424.35) -> (1618.08,567.65)
G1 X1618.080 Y567.650
; Coordinate transform: (1620.32,1420.89) -> (1620.32,571.11)
G1 X1620.320 Y571.110
; Coordinate transform: (1622.47,1417.80) -> (1622.47,574.20)
G1 X1622.470 Y574.200
; Coordinate transform: (1624.56,1415.04) -> (1624.56,576.96)
G1 X1624.560 Y576.960
; Coordinate transform: (1626.40,1412.31) -> (1626.40,579.69)
G1 X1626.400 Y579.690
; Coordinate transform: (1628.09,1409.54) -> (1628.09,582.46)
G1 X1628.090 Y582.460
; Coordinate transform: (1629.69,1406.72) -> (1629.69,585.28)
G1 X1629.690 Y585.280
; Coordinate transform: (1631.22,1403.78) -> (1631.22,588.22)
G1 X1631.220 Y588.220
; Coordinate transform: (1632.75,1400.66) -> (1632.75,591.34)
G1 X1632.750 Y591.340
; Coordinate transform: (1634.32,1397.29) -> (1634.32,594.71)
G1 X1634.320 Y594.710
; Coordinate transform: (1635.96,1393.56) -> (1635.96,598.44)
G1 X1635.960 Y598.440
; Coordinate transform: (1637.63,1389.34) -> (1637.63,602.66)
G1 X1637.630 Y602.660
; Coordinate transform: (1639.32,1384.51) -> (1639.32,607.49)
G1 X1639.320 Y607.490
; Coordinate transform: (1641.06,1378.99) -> (1641.06,613.01)
G1 X1641.060 Y613.010
; Coordinate transform: (1642.87,1372.70) -> (1642.87,619.30)
G1 X1642.870 Y619.300
; Coordinate transform: (1644.97,1365.73) -> (1644.97,626.27)
G1 X1644.970 Y626.270
; Coordinate transform: (1647.60,1358.17) -> (1647.60,633.83)
G1 X1647.600 Y633.830
; Coordinate transform: (1650.92,1350.16) -> (1650.92,641.84)
G1 X1650.920 Y641.840
; Coordinate transform: (1655.01,1341.84) -> (1655.01,650.16)
G1 X1655.010 Y650.160
; Coordinate transform: (1659.94,1333.35) -> (1659.94,658.65)
G1 X1659.940 Y658.650
; Coordinate transform: (1665.82,1324.88) -> (1665.82,667.12)
G1 X1665.820 Y667.120
; Coordinate transform: (1672.47,1316.39) -> (1672.47,675.61)
G1 X1672.470 Y675.610
; Coordinate transform: (1679.73,1307.80) -> (1679.73,684.20)
G1 X1679.730 Y684.200
; Coordinate transform: (1687.37,1298.97) -> (1687.37,693.03)
G1 X1687.370 Y693.030
; Coordinate transform: (1695.02,1289.75) -> (1695.02,702.25)
G1 X1695.020 Y702.250
; Coordinate transform: (1702.29,1280.03) -> (1702.29,711.97)
G1 X1702.290 Y711.970
; Coordinate transform: (1708.76,1269.74) -> (1708.76,722.26)
G1 X1708.760 Y722.260
; Coordinate transform: (1714.15,1258.90) -> (1714.15,733.10)
G1 X1714.150 Y733.100
; Coordinate transform: (1718.01,1247.47) -> (1718.01,744.53)
G1 X1718.010 Y744.530
; Coordinate transform: (1720.36,1235.65) -> (1720.36,756.35)
G1 X1720.360 Y756.350
; Coordinate transform: (1721.37,1223.65) -> (1721.37,768.35)
G1 X1721.370 Y768.350
; Coordinate transform: (1721.28,1211.72) -> (1721.28,780.28)
G1 X1721.280 Y780.280
; Coordinate transform: (1720.52,1200.13) -> (1720.52,791.87)
G1 X1720.520 Y791.870
; Coordinate transform: (1719.62,1189.11) -> (1719.62,802.89)
G1 X1719.620 Y802.890
; Coordinate transform: (1719.11,1178.84) -> (1719.11,813.16)
G1 X1719.110 Y813.160
; Coordinate transform: (1719.42,1169.39) -> (1719.42,822.61)
G1 X1719.420 Y822.610
; Coordinate transform: (1720.75,1160.68) -> (1720.75,831.32)
G1 X1720.750 Y831.320
; Coordinate transform: (1723.12,1152.56) -> (1723.12,839.44)
G1 X1723.120 Y839.440
; Coordinate transform: (1726.40,1144.80) -> (1726.40,847.20)
G1 X1726.400 Y847.200
; Coordinate transform: (1730.46,1137.18) -> (1730.46,854.82)
G1 X1730.460 Y854.820
; Coordinate transform: (1735.06,1129.47) -> (1735.06,862.53)
G1 X1735.060 Y862.530
; Coordinate transform: (1739.78,1121.42) -> (1739.78,870.58)
G1 X1739.780 Y870.580
; Coordinate transform: (1744.17,1112.75) -> (1744.17,879.25)
G1 X1744.170 Y879.250
; Coordinate transform: (1747.85,1103.15) -> (1747.85,888.85)
G1 X1747.850 Y888.850
; Coordinate transform: (1750.77,1092.35) -> (1750.77,899.65)
G1 X1750.770 Y899.650
; Coordinate transform: (1752.85,1080.10) -> (1752.85,911.90)
G1 X1752.850 Y911.900
; Coordinate transform: (1754.08,1066.22) -> (1754.08,925.78)
G1 X1754.080 Y925.780
; Coordinate transform: (1754.59,1050.80) -> (1754.59,941.20)
G1 X1754.590 Y941.200
; Coordinate transform: (1754.65,1034.23) -> (1754.65,957.77)
G1 X1754.650 Y957.770
; Coordinate transform: (1754.63,1017.18) -> (1754.63,974.82)
G1 X1754.630 Y974.820
; Coordinate transform: (1754.92,1000.35) -> (1754.92,991.65)
G1 X1754.920 Y991.650
; Coordinate transform: (1755.80,984.36) -> (1755.80,1007.64)
G1 X1755.800 Y1007.643
; Coordinate transform: (1757.56,969.53) -> (1757.56,1022.47)
G1 X1757.560 Y1022.472
; Coordinate transform: (1760.47,955.91) -> (1760.47,1036.09)
G1 X1760.470 Y1036.088
; Coordinate transform: (1764.69,943.31) -> (1764.69,1048.69)
G1 X1764.690 Y1048.687
; Coordinate transform: (1770.19,931.36) -> (1770.19,1060.64)
G1 X1770.190 Y1060.638
; Coordinate transform: (1776.79,919.63) -> (1776.79,1072.37)
G1 X1776.790 Y1072.370
; Coordinate transform: (1784.33,907.78) -> (1784.33,1084.22)
G1 X1784.330 Y1084.220
; Coordinate transform: (1792.48,895.61) -> (1792.48,1096.39)
G1 X1792.480 Y1096.388
; Coordinate transform: (1800.96,883.16) -> (1800.96,1108.84)
G1 X1800.960 Y1108.840
; Coordinate transform: (1809.51,870.55) -> (1809.51,1121.45)
G1 X1809.510 Y1121.451
; Coordinate transform: (1817.98,857.94) -> (1817.98,1134.06)
G1 X1817.980 Y1134.057
; Coordinate transform: (1826.32,845.46) -> (1826.32,1146.54)
G1 X1826.320 Y1146.542
; Coordinate transform: (1834.46,833.16) -> (1834.46,1158.84)
G1 X1834.460 Y1158.837
; Coordinate transform: (1842.35,821.09) -> (1842.35,1170.91)
G1 X1842.350 Y1170.906
; Coordinate transform: (1849.98,809.26) -> (1849.98,1182.74)
G1 X1849.980 Y1182.735
; Coordinate transform: (1857.20,797.69) -> (1857.20,1194.31)
G1 X1857.200 Y1194.309
; Coordinate transform: (1863.85,786.37) -> (1863.85,1205.63)
G1 X1863.850 Y1205.635
; Coordinate transform: (1869.31,775.25) -> (1869.31,1216.75)
G1 X1869.310 Y1216.749
; Coordinate transform: (1872.78,764.31) -> (1872.78,1227.69)
G1 X1872.780 Y1227.693
; Coordinate transform: (1873.79,753.50) -> (1873.79,1238.50)
G1 X1873.790 Y1238.499
; Coordinate transform: (1872.27,742.80) -> (1872.27,1249.20)
G1 X1872.270 Y1249.196
; Coordinate transform: (1868.50,732.17) -> (1868.50,1259.83)
G1 X1868.500 Y1259.827
; Coordinate transform: (1863.09,721.58) -> (1863.09,1270.42)
G1 X1863.090 Y1270.422
; Coordinate transform: (1856.84,711.01) -> (1856.84,1280.99)
G1 X1856.840 Y1280.987
; Coordinate transform: (1850.29,700.48) -> (1850.29,1291.52)
G1 X1850.290 Y1291.524
; Coordinate transform: (1843.64,689.98) -> (1843.64,1302.02)
G1 X1843.640 Y1302.021
; Coordinate transform: (1837.04,679.54) -> (1837.04,1312.46)
G1 X1837.040 Y1312.462
; Coordinate transform: (1830.63,669.19) -> (1830.63,1322.81)
G1 X1830.630 Y1322.811
; Coordinate transform: (1824.56,658.99) -> (1824.56,1333.01)
G1 X1824.560 Y1333.009
; Coordinate transform: (1819.11,648.97) -> (1819.11,1343.03)
G1 X1819.110 Y1343.029
; Coordinate transform: (1814.40,639.23) -> (1814.40,1352.77)
G1 X1814.400 Y1352.768
; Coordinate transform: (1810.45,629.82) -> (1810.45,1362.18)
G1 X1810.450 Y1362.176
; Coordinate transform: (1807.06,620.73) -> (1807.06,1371.27)
G1 X1807.060 Y1371.270
; Coordinate transform: (1803.98,611.97) -> (1803.98,1380.03)
G1 X1803.980 Y1380.026
; Coordinate transform: (1800.84,603.61) -> (1800.84,1388.39)
G1 X1800.840 Y1388.395
; Coordinate transform: (1797.38,595.60) -> (1797.38,1396.40)
G1 X1797.380 Y1396.398
; Coordinate transform: (1793.47,587.87) -> (1793.47,1404.13)
G1 X1793.470 Y1404.134
; Coordinate transform: (1788.82,580.37) -> (1788.82,1411.63)
G1 X1788.820 Y1411.627
; Coordinate transform: (1782.90,573.18) -> (1782.90,1418.82)
G1 X1782.900 Y1418.820
; Coordinate transform: (1775.68,566.27) -> (1775.68,1425.73)
G1 X1775.680 Y1425.734
; Coordinate transform: (1767.27,559.62) -> (1767.27,1432.38)
G1 X1767.270 Y1432.376
; Coordinate transform: (1757.89,553.22) -> (1757.89,1438.78)
G1 X1757.890 Y1438.778
; Coordinate transform: (1747.91,546.97) -> (1747.91,1445.03)
G1 X1747.910 Y1445.026
; Coordinate transform: (1737.62,540.71) -> (1737.62,1451.29)
G1 X1737.620 Y1451.294
; Coordinate transform: (1727.25,534.24) -> (1727.25,1457.76)
G1 X1727.250 Y1457.764
; Coordinate transform: (1717.00,527.44) -> (1717.00,1464.56)
G1 X1717.000 Y1464.563
; Coordinate transform: (1706.99,520.20) -> (1706.99,1471.80)
G1 X1706.990 Y1471.796
; Coordinate transform: (1697.21,512.60) -> (1697.21,1479.40)
G1 X1697.210 Y1479.396
; Coordinate transform: (1687.68,504.70) -> (1687.68,1487.30)
G1 X1687.680 Y1487.295
; Coordinate transform: (1678.37,496.63) -> (1678.37,1495.37)
G1 X1678.370 Y1495.374
; Coordinate transform: (1669.26,488.47) -> (1669.26,1503.53)
G1 X1669.260 Y1503.534
; Coordinate transform: (1660.34,480.33) -> (1660.34,1511.67)
G1 X1660.340 Y1511.670
; Coordinate transform: (1651.60,472.34) -> (1651.60,1519.66)
G1 X1651.600 Y1519.658
; Coordinate transform: (1643.08,464.69) -> (1643.08,1527.31)
G1 X1643.080 Y1527.314
; Coordinate transform: (1634.77,457.53) -> (1634.77,1534.47)
G1 X1634.770 Y1534.472
; Coordinate transform: (1626.72,450.97) -> (1626.72,1541.03)
G1 X1626.720 Y1541.031
; Coordinate transform: (1618.88,445.14) -> (1618.88,1546.86)
G1 X1618.880 Y1546.864
; Coordinate transform: (1611.26,440.03) -> (1611.26,1551.97)
G1 X1611.260 Y1551.970
; Coordinate transform: (1603.75,435.84) -> (1603.75,1556.16)
G1 X1603.750 Y1556.161
; Coordinate transform: (1596.30,432.60) -> (1596.30,1559.40)
G1 X1596.300 Y1559.400
; Coordinate transform: (1588.81,430.41) -> (1588.81,1561.59)
G1 X1588.810 Y1561.593
; Coordinate transform: (1581.11,429.38) -> (1581.11,1562.62)
G1 X1581.110 Y1562.620
; Coordinate transform: (1572.97,429.75) -> (1572.97,1562.25)
G1 X1572.970 Y1562.254
; Coordinate transform: (1564.15,431.54) -> (1564.15,1560.46)
G1 X1564.150 Y1560.459
; Coordinate transform: (1554.55,434.59) -> (1554.55,1557.41)
G1 X1554.550 Y1557.407
; Coordinate transform: (1544.37,438.30) -> (1544.37,1553.70)
G1 X1544.370 Y1553.698
; Coordinate transform: (1534.01,441.90) -> (1534.01,1550.10)
G1 X1534.010 Y1550.103
; Coordinate transform: (1523.74,444.95) -> (1523.74,1547.05)
G1 X1523.740 Y1547.048
; Coordinate transform: (1513.62,447.37) -> (1513.62,1544.63)
G1 X1513.620 Y1544.627
; Coordinate transform: (1503.65,449.19) -> (1503.65,1542.81)
G1 X1503.650 Y1542.814
; Coordinate transform: (1493.81,450.42) -> (1493.81,1541.59)
G1 X1493.810 Y1541.585
; Coordinate transform: (1484.11,451.07) -> (1484.11,1540.93)
G1 X1484.110 Y1540.931
; Coordinate transform: (1474.50,451.12) -> (1474.50,1540.88)
G1 X1474.500 Y1540.881
; Coordinate transform: (1464.84,450.55) -> (1464.84,1541.45)
G1 X1464.840 Y1541.454
; Coordinate transform: (1454.98,449.34) -> (1454.98,1542.66)
G1 X1454.980 Y1542.658
; Coordinate transform: (1444.93,447.58) -> (1444.93,1544.41)
G1 X1444.930 Y1544.415
; Coordinate transform: (1434.84,445.42) -> (1434.84,1546.58)
G1 X1434.840 Y1546.578
; Coordinate transform: (1424.98,443.06) -> (1424.98,1548.94)
G1 X1424.980 Y1548.938
; Coordinate transform: (1415.77,440.71) -> (1415.77,1551.29)
G1 X1415.770 Y1551.293
; Coordinate transform: (1407.59,438.51) -> (1407.59,1553.49)
G1 X1407.590 Y1553.488
; Coordinate transform: (1400.74,436.58) -> (1400.74,1555.42)
G1 X1400.740 Y1555.419
; Coordinate transform: (1395.56,435.00) -> (1395.56,1557.00)
G1 X1395.560 Y1557.000
; Coordinate transform: (1392.26,433.83) -> (1392.26,1558.17)
G1 X1392.260 Y1558.170
; Coordinate transform: (1390.92,433.08) -> (1390.92,1558.92)
G1 X1390.920 Y1558.919
; Coordinate transform: (1391.46,432.72) -> (1391.46,1559.28)
G1 X1391.460 Y1559.278
; Coordinate transform: (1393.81,432.73) -> (1393.81,1559.27)
G1 X1393.810 Y1559.272
; Coordinate transform: (1397.80,433.05) -> (1397.80,1558.95)
G1 X1397.800 Y1558.952
; Coordinate transform: (1403.22,433.62) -> (1403.22,1558.38)
G1 X1403.220 Y1558.384
; Coordinate transform: (1409.84,434.34) -> (1409.84,1557.66)
G1 X1409.840 Y1557.658
; Coordinate transform: (1417.44,435.13) -> (1417.44,1556.87)
G1 X1417.440 Y1556.870
; Coordinate transform: (1425.87,435.88) -> (1425.87,1556.12)
G1 X1425.870 Y1556.122
; Coordinate transform: (1434.94,436.49) -> (1434.94,1555.51)
G1 X1434.940 Y1555.514
; Coordinate transform: (1444.50,436.85) -> (1444.50,1555.15)
G1 X1444.500 Y1555.152
; Coordinate transform: (1454.40,436.80) -> (1454.40,1555.20)
G1 X1454.400 Y1555.196
; Coordinate transform: (1464.56,436.18) -> (1464.56,1555.83)
G1 X1464.560 Y1555.825
; Coordinate transform: (1474.99,434.78) -> (1474.99,1557.22)
G1 X1474.990 Y1557.223
; Coordinate transform: (1485.73,432.50) -> (1485.73,1559.50)
G1 X1485.730 Y1559.496
; Coordinate transform: (1496.80,429.26) -> (1496.80,1562.74)
G1 X1496.800 Y1562.738
; Coordinate transform: (1508.11,425.02) -> (1508.11,1566.98)
G1 X1508.110 Y1566.984
; Coordinate transform: (1519.45,419.93) -> (1519.45,1572.07)
G1 X1519.450 Y1572.066
; Coordinate transform: (1530.39,415.00) -> (1530.39,1577.01)
G1 X1530.390 Y1577.005
; Coordinate transform: (1540.56,411.03) -> (1540.56,1580.97)
G1 X1540.560 Y1580.974
; Coordinate transform: (1549.77,408.36) -> (1549.77,1583.64)
G1 X1549.770 Y1583.645
; Coordinate transform: (1558.15,406.60) -> (1558.15,1585.40)
G1 X1558.150 Y1585.402
; Coordinate transform: (1566.09,405.21) -> (1566.09,1586.79)
G1 X1566.090 Y1586.785
; Coordinate transform: (1574.04,403.71) -> (1574.04,1588.29)
G1 X1574.040 Y1588.293
; Coordinate transform: (1582.54,401.63) -> (1582.54,1590.37)
G1 X1582.540 Y1590.369
; Coordinate transform: (1592.12,398.57) -> (1592.12,1593.43)
G1 X1592.120 Y1593.427
; Coordinate transform: (1603.16,394.25) -> (1603.16,1597.75)
G1 X1603.160 Y1597.752
; Coordinate transform: (1615.71,388.58) -> (1615.71,1603.42)
G1 X1615.710 Y1603.421
; Coordinate transform: (1629.41,381.82) -> (1629.41,1610.17)
G1 X1629.410 Y1610.175
; Coordinate transform: (1643.49,374.44) -> (1643.49,1617.56)
G1 X1643.490 Y1617.564
; Coordinate transform: (1656.94,366.90) -> (1656.94,1625.10)
G1 X1656.940 Y1625.103
; Coordinate transform: (1668.97,359.52) -> (1668.97,1632.48)
G1 X1668.970 Y1632.484
; Coordinate transform: (1679.55,352.42) -> (1679.55,1639.58)
G1 X1679.550 Y1639.581
; Coordinate transform: (1689.20,345.52) -> (1689.20,1646.48)
G1 X1689.200 Y1646.484
; Coordinate transform: (1698.45,338.66) -> (1698.45,1653.34)
G1 X1698.450 Y1653.341
; Coordinate transform: (1707.67,331.73) -> (1707.67,1660.28)
G1 X1707.670 Y1660.275
; Coordinate transform: (1716.92,324.71) -> (1716.92,1667.29)
G1 X1716.920 Y1667.294
; Coordinate transform: (1726.19,317.63) -> (1726.19,1674.37)
G1 X1726.190 Y1674.374
; Coordinate transform: (1735.57,310.52) -> (1735.57,1681.48)
G1 X1735.570 Y1681.483
; Coordinate transform: (1745.70,303.28) -> (1745.70,1688.72)
G1 X1745.700 Y1688.716
; Coordinate transform: (1757.28,295.81) -> (1757.28,1696.19)
G1 X1757.280 Y1696.194
; Coordinate transform: (1770.44,288.04) -> (1770.44,1703.96)
G1 X1770.440 Y1703.962
; Coordinate transform: (1784.09,280.18) -> (1784.09,1711.82)
G1 X1784.090 Y1711.822
; Coordinate transform: (1797.64,272.39) -> (1797.64,1719.61)
G1 X1797.640 Y1719.605
; Coordinate transform: (1810.96,264.74) -> (1810.96,1727.26)
G1 X1810.960 Y1727.257
; Coordinate transform: (1824.08,257.21) -> (1824.08,1734.79)
G1 X1824.080 Y1734.785
; Coordinate transform: (1836.97,249.82) -> (1836.97,1742.18)
G1 X1836.970 Y1742.181
; Coordinate transform: (1849.61,242.58) -> (1849.61,1749.42)
G1 X1849.610 Y1749.423
; Coordinate transform: (1861.82,235.53) -> (1861.82,1756.47)
G1 X1861.820 Y1756.474
; Coordinate transform: (1872.99,228.66) -> (1872.99,1763.34)
G1 X1872.990 Y1763.344
; Coordinate transform: (1881.36,221.92) -> (1881.36,1770.08)
G1 X1881.360 Y1770.078
; Coordinate transform: (1886.39,215.33) -> (1886.39,1776.67)
G1 X1886.390 Y1776.666
; Coordinate transform: (1888.24,208.90) -> (1888.24,1783.10)
G1 X1888.240 Y1783.097
; Coordinate transform: (1887.08,202.59) -> (1887.08,1789.40)
G1 X1887.080 Y1789.405
; Coordinate transform: (1883.06,196.35) -> (1883.06,1795.65)
G1 X1883.060 Y1795.652
; Coordinate transform: (1876.33,190.06) -> (1876.33,1801.94)
G1 X1876.330 Y1801.938
; Coordinate transform: (1867.06,183.52) -> (1867.06,1808.48)
G1 X1867.060 Y1808.484
; Coordinate transform: (1856.44,176.62) -> (1856.44,1815.38)
G1 X1856.440 Y1815.381
; Coordinate transform: (1845.60,169.37) -> (1845.60,1822.63)
G1 X1845.600 Y1822.627
; Coordinate transform: (1834.78,161.85) -> (1834.78,1830.14)
G1 X1834.780 Y1830.145
; Coordinate transform: (1823.97,154.15) -> (1823.97,1837.85)
G1 X1823.970 Y1837.851
; Coordinate transform: (1813.22,146.37) -> (1813.22,1845.63)
G1 X1813.220 Y1845.633
; Coordinate transform: (1802.53,138.59) -> (1802.53,1853.41)
G1 X1802.530 Y1853.406
; Coordinate transform: (1791.95,131.09) -> (1791.95,1860.91)
G1 X1791.950 Y1860.909
; Coordinate transform: (1781.49,124.15) -> (1781.49,1867.85)
G1 X1781.490 Y1867.849
; Coordinate transform: (1771.16,118.77) -> (1771.16,1873.23)
G1 X1771.160 Y1873.226
; Coordinate transform: (1760.95,115.68) -> (1760.95,1876.32)
G1 X1760.950 Y1876.322
; Coordinate transform: (1750.85,115.30) -> (1750.85,1876.70)
G1 X1750.850 Y1876.697
; Coordinate transform: (1740.83,117.63) -> (1740.83,1874.37)
G1 X1740.830 Y1874.374
; Coordinate transform: (1730.86,122.12) -> (1730.86,1869.88)
G1 X1730.860 Y1869.884
; Coordinate transform: (1720.94,128.08) -> (1720.94,1863.92)
G1 X1720.940 Y1863.921
; Coordinate transform: (1711.09,134.61) -> (1711.09,1857.39)
G1 X1711.090 Y1857.389
; Coordinate transform: (1701.35,141.09) -> (1701.35,1850.91)
G1 X1701.350 Y1850.907
; Coordinate transform: (1691.63,147.42) -> (1691.63,1844.58)
G1 X1691.630 Y1844.579
; Coordinate transform: (1681.84,153.59) -> (1681.84,1838.41)
G1 X1681.840 Y1838.415
; Coordinate transform: (1671.97,159.65) -> (1671.97,1832.35)
G1 X1671.970 Y1832.348
; Coordinate transform: (1662.15,165.62) -> (1662.15,1826.38)
G1 X1662.150 Y1826.376
; Coordinate transform: (1652.46,171.49) -> (1652.46,1820.51)
G1 X1652.460 Y1820.511
; Coordinate transform: (1643.00,177.26) -> (1643.00,1814.74)
G1 X1643.000 Y1814.737
; Coordinate transform: (1633.83,182.95) -> (1633.83,1809.05)
G1 X1633.830 Y1809.048
; Coordinate transform: (1625.11,188.54) -> (1625.11,1803.46)
G1 X1625.110 Y1803.462
; Coordinate transform: (1616.96,193.96) -> (1616.96,1798.04)
G1 X1616.960 Y1798.036
; Coordinate transform: (1609.49,199.21) -> (1609.49,1792.79)
G1 X1609.490 Y1792.786
; Coordinate transform: (1602.67,204.33) -> (1602.67,1787.67)
G1 X1602.670 Y1787.671
; Coordinate transform: (1596.28,209.44) -> (1596.28,1782.56)
G1 X1596.280 Y1782.558
; Coordinate transform: (1590.09,214.69) -> (1590.09,1777.31)
G1 X1590.090 Y1777.308
; Coordinate transform: (1583.82,220.21) -> (1583.82,1771.79)
G1 X1583.820 Y1771.793
; Coordinate transform: (1577.25,226.09) -> (1577.25,1765.91)
G1 X1577.250 Y1765.910
; Coordinate transform: (1570.51,232.28) -> (1570.51,1759.72)
G1 X1570.510 Y1759.721
; Coordinate transform: (1563.84,238.66) -> (1563.84,1753.35)
G1 X1563.840 Y1753.345
; Coordinate transform: (1557.54,245.01) -> (1557.54,1746.99)
G1 X1557.540 Y1746.989
; Coordinate transform: (1551.84,251.19) -> (1551.84,1740.81)
G1 X1551.840 Y1740.814
; Coordinate transform: (1546.77,257.13) -> (1546.77,1734.87)
G1 X1546.770 Y1734.871
; Coordinate transform: (1542.16,262.97) -> (1542.16,1729.03)
G1 X1542.160 Y1729.033
; Coordinate transform: (1537.80,268.84) -> (1537.80,1723.16)
G1 X1537.800 Y1723.157
; Coordinate transform: (1533.56,274.79) -> (1533.56,1717.21)
G1 X1533.560 Y1717.207
; Coordinate transform: (1529.43,280.81) -> (1529.43,1711.19)
G1 X1529.430 Y1711.192
; Coordinate transform: (1525.45,286.86) -> (1525.45,1705.14)
G1 X1525.450 Y1705.137
; Coordinate transform: (1521.64,292.94) -> (1521.64,1699.06)
G1 X1521.640 Y1699.055
; Coordinate transform: (1518.04,299.08) -> (1518.04,1692.92)
G1 X1518.040 Y1692.920
; Coordinate transform: (1514.66,305.21) -> (1514.66,1686.79)
G1 X1514.660 Y1686.787
; Coordinate transform: (1511.46,311.33) -> (1511.46,1680.67)
G1 X1511.460 Y1680.668
; Coordinate transform: (1508.37,317.40) -> (1508.37,1674.60)
G1 X1508.370 Y1674.597
; Coordinate transform: (1505.29,323.39) -> (1505.29,1668.61)
G1 X1505.290 Y1668.605
; Coordinate transform: (1502.10,329.31) -> (1502.10,1662.69)
G1 X1502.100 Y1662.693
; Coordinate transform: (1498.70,335.11) -> (1498.70,1656.89)
G1 X1498.700 Y1656.889
; Coordinate transform: (1494.96,340.80) -> (1494.96,1651.20)
G1 X1494.960 Y1651.197
; Coordinate transform: (1490.76,346.35) -> (1490.76,1645.65)
G1 X1490.760 Y1645.649
; Coordinate transform: (1486.06,351.72) -> (1486.06,1640.28)
G1 X1486.060 Y1640.283
; Coordinate transform: (1480.89,356.90) -> (1480.89,1635.10)
G1 X1480.890 Y1635.103
; Coordinate transform: (1475.22,361.97) -> (1475.22,1630.03)
G1 X1475.220 Y1630.028
; Coordinate transform: (1469.07,367.11) -> (1469.07,1624.89)
G1 X1469.070 Y1624.890
; Coordinate transform: (1462.46,372.60) -> (1462.46,1619.40)
G1 X1462.460 Y1619.397
; Coordinate transform: (1455.41,378.71) -> (1455.41,1613.29)
G1 X1455.410 Y1613.288
; Coordinate transform: (1447.98,385.54) -> (1447.98,1606.46)
G1 X1447.980 Y1606.460
; Coordinate transform: (1440.48,392.45) -> (1440.48,1599.55)
G1 X1440.480 Y1599.551
; Coordinate transform: (1433.28,398.52) -> (1433.28,1593.48)
G1 X1433.280 Y1593.478
; Coordinate transform: (1426.59,403.30) -> (1426.59,1588.70)
G1 X1426.590 Y1588.702
; Coordinate transform: (1420.56,406.71) -> (1420.56,1585.29)
G1 X1420.560 Y1585.287
; Coordinate transform: (1415.27,408.79) -> (1415.27,1583.21)
G1 X1415.270 Y1583.214
; Coordinate transform: (1410.81,409.61) -> (1410.81,1582.39)
G1 X1410.810 Y1582.387
; Coordinate transform: (1407.24,409.31) -> (1407.24,1582.69)
G1 X1407.240 Y1582.695
; Coordinate transform: (1404.57,407.94) -> (1404.57,1584.06)
G1 X1404.570 Y1584.058
; Coordinate transform: (1402.72,405.54) -> (1402.72,1586.46)
G1 X1402.720 Y1586.457
; Coordinate transform: (1401.59,402.08) -> (1401.59,1589.92)
G1 X1401.590 Y1589.921
; Coordinate transform: (1401.08,397.47) -> (1401.08,1594.53)
G1 X1401.080 Y1594.527
; Coordinate transform: (1401.09,391.60) -> (1401.09,1600.40)
G1 X1401.090 Y1600.403
; Coordinate transform: (1401.47,384.44) -> (1401.47,1607.56)
G1 X1401.470 Y1607.564
; Coordinate transform: (1402.06,376.04) -> (1402.06,1615.96)
G1 X1402.060 Y1615.963
; Coordinate transform: (1402.63,366.40) -> (1402.63,1625.60)
G1 X1402.630 Y1625.598
; Coordinate transform: (1402.92,355.47) -> (1402.92,1636.53)
G1 X1402.920 Y1636.534
; Coordinate transform: (1402.81,343.18) -> (1402.81,1648.82)
G1 X1402.810 Y1648.821
; Coordinate transform: (1402.31,329.56) -> (1402.31,1662.44)
G1 X1402.310 Y1662.443
; Coordinate transform: (1401.45,314.79) -> (1401.45,1677.21)
G1 X1401.450 Y1677.214
; Coordinate transform: (1400.30,299.28) -> (1400.30,1692.72)
G1 X1400.300 Y1692.722
; Coordinate transform: (1398.93,283.58) -> (1398.93,1708.42)
G1 X1398.930 Y1708.419
; Coordinate transform: (1397.49,268.07) -> (1397.49,1723.93)
G1 X1397.490 Y1723.926
; Coordinate transform: (1396.15,252.84) -> (1396.15,1739.16)
G1 X1396.150 Y1739.157
; Coordinate transform: (1394.93,237.95) -> (1394.93,1754.05)
G1 X1394.930 Y1754.054
; Coordinate transform: (1393.75,223.34) -> (1393.75,1768.66)
G1 X1393.750 Y1768.663
; Coordinate transform: (1392.61,208.74) -> (1392.61,1783.26)
G1 X1392.610 Y1783.259
; Coordinate transform: (1391.43,194.09) -> (1391.43,1797.90)
G1 X1391.430 Y1797.905
; Coordinate transform: (1390.10,179.56) -> (1390.10,1812.44)
G1 X1390.100 Y1812.438
; Coordinate transform: (1388.64,165.10) -> (1388.64,1826.90)
G1 X1388.640 Y1826.900
; Coordinate transform: (1387.07,150.75) -> (1387.07,1841.26)
G1 X1387.070 Y1841.255
; Coordinate transform: (1385.41,136.58) -> (1385.41,1855.42)
G1 X1385.410 Y1855.419
; Coordinate transform: (1383.68,122.76) -> (1383.68,1869.24)
G1 X1383.680 Y1869.242
; Coordinate transform: (1381.91,110.34) -> (1381.91,1881.66)
G1 X1381.910 Y1881.664
; Coordinate transform: (1380.16,100.99) -> (1380.16,1891.01)
G1 X1380.160 Y1891.014
; Coordinate transform: (1378.46,95.03) -> (1378.46,1896.97)
G1 X1378.460 Y1896.967
; Coordinate transform: (1376.80,92.31) -> (1376.80,1899.69)
G1 X1376.800 Y1899.694
; Coordinate transform: (1375.16,92.64) -> (1375.16,1899.36)
G1 X1375.160 Y1899.356
; Coordinate transform: (1373.52,95.89) -> (1373.52,1896.11)
G1 X1373.520 Y1896.106
; Coordinate transform: (1371.84,101.91) -> (1371.84,1890.09)
G1 X1371.840 Y1890.092
; Coordinate transform: (1370.07,110.55) -> (1370.07,1881.45)
G1 X1370.070 Y1881.454
; Coordinate transform: (1368.05,121.52) -> (1368.05,1870.48)
G1 X1368.050 Y1870.477
; Coordinate transform: (1365.61,133.44) -> (1365.61,1858.56)
G1 X1365.610 Y1858.561
; Coordinate transform: (1362.61,145.32) -> (1362.61,1846.68)
G1 X1362.610 Y1846.676
; Coordinate transform: (1358.95,157.03) -> (1358.95,1834.97)
G1 X1358.950 Y1834.971
; Coordinate transform: (1354.64,168.52) -> (1354.64,1823.48)
G1 X1354.640 Y1823.478
; Coordinate transform: (1349.64,179.84) -> (1349.64,1812.16)
G1 X1349.640 Y1812.163
; Coordinate transform: (1343.91,190.96) -> (1343.91,1801.04)
G1 X1343.910 Y1801.043
; Coordinate transform: (1337.49,201.69) -> (1337.49,1790.31)
G1 X1337.490 Y1790.312
; Coordinate transform: (1330.42,212.02) -> (1330.42,1779.98)
G1 X1330.420 Y1779.980
; Coordinate transform: (1322.70,222.12) -> (1322.70,1769.88)
G1 X1322.700 Y1769.879
; Coordinate transform: (1314.44,232.12) -> (1314.44,1759.88)
G1 X1314.440 Y1759.882
; Coordinate transform: (1305.92,242.02) -> (1305.92,1749.98)
G1 X1305.920 Y1749.983
; Coordinate transform: (1297.36,251.65) -> (1297.36,1740.35)
G1 X1297.360 Y1740.352
; Coordinate transform: (1288.86,260.94) -> (1288.86,1731.06)
G1 X1288.860 Y1731.055
; Coordinate transform: (1280.39,269.94) -> (1280.39,1722.06)
G1 X1280.390 Y1722.059
; Coordinate transform: (1272.10,278.58) -> (1272.10,1713.42)
G1 X1272.100 Y1713.418
; Coordinate transform: (1264.07,286.69) -> (1264.07,1705.31)
G1 X1264.070 Y1705.311
; Coordinate transform: (1256.31,294.27) -> (1256.31,1697.73)
G1 X1256.310 Y1697.732
; Coordinate transform: (1248.75,301.44) -> (1248.75,1690.56)
G1 X1248.750 Y1690.556
; Coordinate transform: (1241.32,308.26) -> (1241.32,1683.74)
G1 X1241.320 Y1683.739
; Coordinate transform: (1233.98,314.75) -> (1233.98,1677.25)
G1 X1233.980 Y1677.248
; Coordinate transform: (1226.73,320.82) -> (1226.73,1671.18)
G1 X1226.730 Y1671.184
; Coordinate transform: (1219.58,326.37) -> (1219.58,1665.63)
G1 X1219.580 Y1665.630
; Coordinate transform: (1212.44,331.40) -> (1212.44,1660.60)
G1 X1212.440 Y1660.595
; Coordinate transform: (1205.19,335.98) -> (1205.19,1656.02)
G1 X1205.190 Y1656.023
; Coordinate transform: (1197.64,340.17) -> (1197.64,1651.83)
G1 X1197.640 Y1651.830
; Coordinate transform: (1189.63,344.06) -> (1189.63,1647.94)
G1 X1189.630 Y1647.945
; Coordinate transform: (1181.14,347.67) -> (1181.14,1644.33)
G1 X1181.140 Y1644.334
; Coordinate transform: (1172.21,351.00) -> (1172.21,1641.00)
G1 X1172.210 Y1641.004
; Coordinate transform: (1162.95,353.99) -> (1162.95,1638.01)
G1 X1162.950 Y1638.008
; Coordinate transform: (1153.35,356.59) -> (1153.35,1635.41)
G1 X1153.350 Y1635.409
; Coordinate transform: (1143.34,358.77) -> (1143.34,1633.22)
G1 X1143.340 Y1633.225
; Coordinate transform: (1132.84,360.55) -> (1132.84,1631.45)
G1 X1132.840 Y1631.446
; Coordinate transform: (1121.91,362.06) -> (1121.91,1629.94)
G1 X1121.910 Y1629.941
; Coordinate transform: (1110.65,363.48) -> (1110.65,1628.52)
G1 X1110.650 Y1628.519
; Coordinate transform: (1099.21,365.03) -> (1099.21,1626.97)
G1 X1099.210 Y1626.970
; Coordinate transform: (1087.75,366.81) -> (1087.75,1625.19)
G1 X1087.750 Y1625.191
; Coordinate transform: (1076.00,368.54) -> (1076.00,1623.46)
G1 X1076.000 Y1623.461
; Coordinate transform: (1063.77,369.75) -> (1063.77,1622.25)
G1 X1063.770 Y1622.253
; Coordinate transform: (1051.22,369.99) -> (1051.22,1622.01)
G1 X1051.220 Y1622.009
; Coordinate transform: (1038.77,368.98) -> (1038.77,1623.02)
G1 X1038.770 Y1623.023
; Coordinate transform: (1026.64,366.56) -> (1026.64,1625.44)
G1 X1026.640 Y1625.436
; Coordinate transform: (1014.88,362.61) -> (1014.88,1629.39)
G1 X1014.880 Y1629.389
; Coordinate transform: (1003.56,357.14) -> (1003.56,1634.86)
G1 X1003.560 Y1634.863
; Coordinate transform: (992.80,350.16) -> (992.80,1641.84)
G1 X992.804 Y1641.842
; Coordinate transform: (982.73,341.72) -> (982.73,1650.28)
G1 X982.726 Y1650.283
; Coordinate transform: (973.38,332.01) -> (973.38,1659.99)
G1 X973.382 Y1659.993
; Coordinate transform: (964.74,321.15) -> (964.74,1670.85)
G1 X964.743 Y1670.850
; Coordinate transform: (956.77,309.27) -> (956.77,1682.73)
G1 X956.771 Y1682.733
; Coordinate transform: (949.31,296.65) -> (949.31,1695.35)
G1 X949.308 Y1695.352
; Coordinate transform: (942.14,283.61) -> (942.14,1708.39)
G1 X942.138 Y1708.395
; Coordinate transform: (935.15,270.39) -> (935.15,1721.61)
G1 X935.154 Y1721.609
; Coordinate transform: (928.39,257.21) -> (928.39,1734.79)
G1 X928.391 Y1734.793
; Coordinate transform: (922.03,244.13) -> (922.03,1747.87)
G1 X922.026 Y1747.871
; Coordinate transform: (916.25,231.19) -> (916.25,1760.81)
G1 X916.250 Y1760.813
; Coordinate transform: (911.33,218.56) -> (911.33,1773.43)
G1 X911.332 Y1773.435
; Coordinate transform: (907.54,206.61) -> (907.54,1785.39)
G1 X907.545 Y1785.388
; Coordinate transform: (905.10,195.61) -> (905.10,1796.39)
G1 X905.104 Y1796.393
; Coordinate transform: (904.13,185.66) -> (904.13,1806.34)
G1 X904.134 Y1806.340
; Coordinate transform: (904.70,176.74) -> (904.70,1815.26)
G1 X904.699 Y1815.263
; Coordinate transform: (906.82,168.71) -> (906.82,1823.29)
G1 X906.822 Y1823.292
; Coordinate transform: (910.47,161.30) -> (910.47,1830.70)
G1 X910.472 Y1830.697
; Coordinate transform: (915.58,154.28) -> (915.58,1837.71)
G1 X915.577 Y1837.715
; Coordinate transform: (921.97,147.42) -> (921.97,1844.58)
G1 X921.967 Y1844.580
; Coordinate transform: (929.50,140.51) -> (929.50,1851.49)
G1 X929.505 Y1851.489
; Coordinate transform: (937.99,133.48) -> (937.99,1858.52)
G1 X937.992 Y1858.522
; Coordinate transform: (947.26,126.29) -> (947.26,1865.71)
G1 X947.264 Y1865.708
; Coordinate transform: (957.09,119.69) -> (957.09,1872.31)
G1 X957.092 Y1872.314
; Coordinate transform: (967.26,114.52) -> (967.26,1877.48)
G1 X967.256 Y1877.477
; Coordinate transform: (977.58,111.66) -> (977.58,1880.34)
G1 X977.580 Y1880.344
; Coordinate transform: (987.96,111.60) -> (987.96,1880.40)
G1 X987.958 Y1880.404
; Coordinate transform: (998.35,114.31) -> (998.35,1877.69)
G1 X998.353 Y1877.690
; Coordinate transform: (1008.76,119.27) -> (1008.76,1872.73)
G1 X1008.760 Y1872.732
; Coordinate transform: (1019.19,125.70) -> (1019.19,1866.30)
G1 X1019.190 Y1866.302
; Coordinate transform: (1029.63,132.85) -> (1029.63,1859.15)
G1 X1029.630 Y1859.152
; Coordinate transform: (1040.08,139.98) -> (1040.08,1852.02)
G1 X1040.080 Y1852.019
; Coordinate transform: (1050.50,146.96) -> (1050.50,1845.04)
G1 X1050.500 Y1845.041
; Coordinate transform: (1060.85,153.65) -> (1060.85,1838.35)
G1 X1060.850 Y1838.346
; Coordinate transform: (1071.11,160.07) -> (1071.11,1831.93)
G1 X1071.110 Y1831.929
; Coordinate transform: (1081.25,166.25) -> (1081.25,1825.76)
G1 X1081.250 Y1825.755
; Coordinate transform: (1091.27,172.16) -> (1091.27,1819.84)
G1 X1091.270 Y1819.842
; Coordinate transform: (1101.09,177.77) -> (1101.09,1814.23)
G1 X1101.090 Y1814.226
; Coordinate transform: (1110.70,183.03) -> (1110.70,1808.97)
G1 X1110.700 Y1808.973
; Coordinate transform: (1120.12,187.88) -> (1120.12,1804.12)
G1 X1120.120 Y1804.123
; Coordinate transform: (1129.44,192.38) -> (1129.44,1799.62)
G1 X1129.440 Y1799.620
; Coordinate transform: (1138.76,196.59) -> (1138.76,1795.41)
G1 X1138.760 Y1795.408
; Coordinate transform: (1148.04,200.52) -> (1148.04,1791.48)
G1 X1148.040 Y1791.482
; Coordinate transform: (1157.25,204.14) -> (1157.25,1787.86)
G1 X1157.250 Y1787.856
; Coordinate transform: (1166.37,207.43) -> (1166.37,1784.57)
G1 X1166.370 Y1784.568
; Coordinate transform: (1175.42,210.36) -> (1175.42,1781.64)
G1 X1175.420 Y1781.636
; Coordinate transform: (1184.47,212.95) -> (1184.47,1779.05)
G1 X1184.470 Y1779.047
; Coordinate transform: (1193.69,215.22) -> (1193.69,1776.78)
G1 X1193.690 Y1776.777
; Coordinate transform: (1203.09,217.17) -> (1203.09,1774.83)
G1 X1203.090 Y1774.834
; Coordinate transform: (1212.60,218.74) -> (1212.60,1773.26)
G1 X1212.600 Y1773.264
; Coordinate transform: (1222.05,219.85) -> (1222.05,1772.15)
G1 X1222.050 Y1772.147
; Coordinate transform: (1231.32,220.44) -> (1231.32,1771.56)
G1 X1231.320 Y1771.564
; Coordinate transform: (1240.37,220.39) -> (1240.37,1771.61)
G1 X1240.370 Y1771.607
; Coordinate transform: (1249.09,219.64) -> (1249.09,1772.36)
G1 X1249.090 Y1772.360
; Coordinate transform: (1257.42,218.13) -> (1257.42,1773.87)
G1 X1257.420 Y1773.872
; Coordinate transform: (1265.29,215.86) -> (1265.29,1776.14)
G1 X1265.290 Y1776.137
; Coordinate transform: (1272.74,212.89) -> (1272.74,1779.11)
G1 X1272.740 Y1779.109
; Coordinate transform: (1279.83,209.23) -> (1279.83,1782.77)
G1 X1279.830 Y1782.770
; Coordinate transform: (1286.62,204.89) -> (1286.62,1787.11)
G1 X1286.620 Y1787.113
; Coordinate transform: (1293.15,199.83) -> (1293.15,1792.17)
G1 X1293.150 Y1792.166
; Coordinate transform: (1299.31,194.11) -> (1299.31,1797.89)
G1 X1299.310 Y1797.889
; Coordinate transform: (1304.96,187.75) -> (1304.96,1804.25)
G1 X1304.960 Y1804.246
; Coordinate transform: (1309.96,180.79) -> (1309.96,1811.20)
G1 X1309.960 Y1811.205
; Coordinate transform: (1314.24,173.25) -> (1314.24,1818.76)
G1 X1314.240 Y1818.755
; Coordinate transform: (1317.73,165.09) -> (1317.73,1826.91)
G1 X1317.730 Y1826.906
; Coordinate transform: (1320.35,156.33) -> (1320.35,1835.67)
G1 X1320.350 Y1835.673
; Coordinate transform: (1322.03,146.98) -> (1322.03,1845.02)
G1 X1322.030 Y1845.024
; Coordinate transform: (1322.69,137.08) -> (1322.69,1854.92)
G1 X1322.690 Y1854.916
; Coordinate transform: (1322.26,126.89) -> (1322.26,1865.11)
G1 X1322.260 Y1865.105
; Coordinate transform: (1320.73,117.09) -> (1320.73,1874.90)
G1 X1320.730 Y1874.905
; Coordinate transform: (1318.09,108.79) -> (1318.09,1883.21)
G1 X1318.090 Y1883.210
; Coordinate transform: (1314.44,103.20) -> (1314.44,1888.80)
G1 X1314.440 Y1888.795
; Coordinate transform: (1310.00,100.66) -> (1310.00,1891.34)
G1 X1310.000 Y1891.338
; Coordinate transform: (1304.86,101.02) -> (1304.86,1890.98)
G1 X1304.860 Y1890.976
; Coordinate transform: (1299.01,104.14) -> (1299.01,1887.86)
G1 X1299.010 Y1887.863
; Coordinate transform: (1292.40,109.83) -> (1292.40,1882.17)
G1 X1292.400 Y1882.173
; Coordinate transform: (1284.76,117.73) -> (1284.76,1874.27)
G1 X1284.760 Y1874.272
; Coordinate transform: (1276.03,126.61) -> (1276.03,1865.39)
G1 X1276.030 Y1865.386
; Coordinate transform: (1266.29,135.42) -> (1266.29,1856.58)
G1 X1266.290 Y1856.584
; Coordinate transform: (1255.68,143.46) -> (1255.68,1848.54)
G1 X1255.680 Y1848.542
; Coordinate transform: (1244.38,150.58) -> (1244.38,1841.42)
G1 X1244.380 Y1841.422
; Coordinate transform: (1232.67,156.69) -> (1232.67,1835.31)
G1 X1232.670 Y1835.309
; Coordinate transform: (1220.78,161.70) -> (1220.78,1830.30)
G1 X1220.780 Y1830.298
; Coordinate transform: (1208.84,165.50) -> (1208.84,1826.50)
G1 X1208.840 Y1826.502
; Coordinate transform: (1196.98,168.04) -> (1196.98,1823.96)
G1 X1196.980 Y1823.961
; Coordinate transform: (1185.28,169.31) -> (1185.28,1822.68)
G1 X1185.280 Y1822.685
; Coordinate transform: (1173.77,169.35) -> (1173.77,1822.65)
G1 X1173.770 Y1822.653
; Coordinate transform: (1162.44,168.24) -> (1162.44,1823.76)
G1 X1162.440 Y1823.765
; Coordinate transform: (1151.33,166.09) -> (1151.33,1825.91)
G1 X1151.330 Y1825.912
; Coordinate transform: (1140.45,162.98) -> (1140.45,1829.02)
G1 X1140.450 Y1829.023
; Coordinate transform: (1129.75,158.92) -> (1129.75,1833.08)
G1 X1129.750 Y1833.082
; Coordinate transform: (1119.15,153.94) -> (1119.15,1838.06)
G1 X1119.150 Y1838.057
; Coordinate transform: (1108.67,148.13) -> (1108.67,1843.87)
G1 X1108.670 Y1843.873
; Coordinate transform: (1098.36,141.51) -> (1098.36,1850.49)
G1 X1098.360 Y1850.490
; Coordinate transform: (1088.32,134.25) -> (1088.32,1857.75)
G1 X1088.320 Y1857.749
; Coordinate transform: (1078.60,126.53) -> (1078.60,1865.47)
G1 X1078.600 Y1865.468
; Coordinate transform: (1069.22,119.08) -> (1069.22,1872.92)
G1 X1069.220 Y1872.917
; Coordinate transform: (1060.23,112.81) -> (1060.23,1879.18)
G1 X1060.230 Y1879.185
; Coordinate transform: (1051.66,108.72) -> (1051.66,1883.28)
G1 X1051.660 Y1883.284
; Coordinate transform: (1043.47,107.43) -> (1043.47,1884.57)
G1 X1043.470 Y1884.566
; Coordinate transform: (1035.60,109.11) -> (1035.60,1882.89)
G1 X1035.600 Y1882.893
; Coordinate transform: (1027.94,113.39) -> (1027.94,1878.61)
G1 X1027.940 Y1878.611
; Coordinate transform: (1020.32,119.58) -> (1020.32,1872.42)
G1 X1020.320 Y1872.425
; Coordinate transform: (1012.64,126.89) -> (1012.64,1865.12)
G1 X1012.640 Y1865.115
; Coordinate transform: (1004.80,134.74) -> (1004.80,1857.26)
G1 X1004.800 Y1857.257
; Coordinate transform: (996.77,142.82) -> (996.77,1849.18)
G1 X996.774 Y1849.179
; Coordinate transform: (988.61,151.26) -> (988.61,1840.74)
G1 X988.605 Y1840.738
; Coordinate transform: (980.42,160.22) -> (980.42,1831.78)
G1 X980.421 Y1831.779
; Coordinate transform: (972.37,169.94) -> (972.37,1822.07)
G1 X972.372 Y1822.065
; Coordinate transform: (964.65,180.64) -> (964.65,1811.36)
G1 X964.652 Y1811.358
; Coordinate transform: (957.48,192.44) -> (957.48,1799.56)
G1 X957.484 Y1799.555
; Coordinate transform: (951.14,205.12) -> (951.14,1786.88)
G1 X951.143 Y1786.883
; Coordinate transform: (945.84,218.18) -> (945.84,1773.82)
G1 X945.836 Y1773.819
; Coordinate transform: (941.57,231.22) -> (941.57,1760.78)
G1 X941.570 Y1760.783
; Coordinate transform: (938.21,243.89) -> (938.21,1748.11)
G1 X938.208 Y1748.109
; Coordinate transform: (935.51,256.11) -> (935.51,1735.89)
G1 X935.515 Y1735.892
; Coordinate transform: (933.20,267.96) -> (933.20,1724.04)
G1 X933.195 Y1724.043
; Coordinate transform: (930.97,279.52) -> (930.97,1712.48)
G1 X930.970 Y1712.478
; Coordinate transform: (928.64,290.75) -> (928.64,1701.25)
G1 X928.640 Y1701.252
; Coordinate transform: (926.20,301.28) -> (926.20,1690.72)
G1 X926.199 Y1690.720
; Coordinate transform: (923.71,310.76) -> (923.71,1681.24)
G1 X923.706 Y1681.235
; Coordinate transform: (921.15,319.10) -> (921.15,1672.90)
G1 X921.153 Y1672.896
; Coordinate transform: (918.43,326.60) -> (918.43,1665.40)
G1 X918.429 Y1665.403
; Coordinate transform: (915.42,333.63) -> (915.42,1658.37)
G1 X915.422 Y1658.366
; Coordinate transform: (912.03,340.60) -> (912.03,1651.40)
G1 X912.031 Y1651.403
; Coordinate transform: (908.26,347.67) -> (908.26,1644.33)
G1 X908.262 Y1644.326
; Coordinate transform: (904.23,354.87) -> (904.23,1637.13)
G1 X904.230 Y1637.131
; Coordinate transform: (900.09,362.10) -> (900.09,1629.90)
G1 X900.090 Y1629.899
; Coordinate transform: (895.90,369.27) -> (895.90,1622.73)
G1 X895.897 Y1622.731
; Coordinate transform: (891.56,376.33) -> (891.56,1615.67)
G1 X891.558 Y1615.666
; Coordinate transform: (886.85,383.31) -> (886.85,1608.68)
G1 X886.854 Y1608.685
; Coordinate transform: (881.50,390.29) -> (881.50,1601.71)
G1 X881.502 Y1601.713
; Coordinate transform: (875.16,397.40) -> (875.16,1594.60)
G1 X875.164 Y1594.603
; Coordinate transform: (867.59,404.83) -> (867.59,1587.17)
G1 X867.585 Y1587.166
; Coordinate transform: (858.71,412.63) -> (858.71,1579.37)
G1 X858.706 Y1579.371
; Coordinate transform: (848.73,420.41) -> (848.73,1571.59)
G1 X848.731 Y1571.592
; Coordinate transform: (837.97,427.56) -> (837.97,1564.43)
G1 X837.970 Y1564.435
; Coordinate transform: (826.58,433.87) -> (826.58,1558.13)
G1 X826.582 Y1558.135
; Coordinate transform: (814.77,439.21) -> (814.77,1552.79)
G1 X814.768 Y1552.792
; Coordinate transform: (802.74,443.45) -> (802.74,1548.55)
G1 X802.740 Y1548.550
; Coordinate transform: (790.62,446.52) -> (790.62,1545.48)
G1 X790.620 Y1545.483
; Coordinate transform: (778.49,448.42) -> (778.49,1543.58)
G1 X778.489 Y1543.580
; Coordinate transform: (766.38,449.28) -> (766.38,1542.72)
G1 X766.382 Y1542.720
; Coordinate transform: (754.18,449.26) -> (754.18,1542.74)
G1 X754.182 Y1542.737
; Coordinate transform: (741.75,448.58) -> (741.75,1543.42)
G1 X741.751 Y1543.422
; Coordinate transform: (729.03,447.46) -> (729.03,1544.54)
G1 X729.031 Y1544.541
; Coordinate transform: (716.05,446.12) -> (716.05,1545.88)
G1 X716.049 Y1545.884
; Coordinate transform: (702.83,444.67) -> (702.83,1547.33)
G1 X702.825 Y1547.330
; Coordinate transform: (689.26,443.12) -> (689.26,1548.88)
G1 X689.264 Y1548.880
; Coordinate transform: (675.28,441.49) -> (675.28,1550.51)
G1 X675.278 Y1550.507
; Coordinate transform: (660.97,439.92) -> (660.97,1552.08)
G1 X660.966 Y1552.081
; Coordinate transform: (646.56,438.54) -> (646.56,1553.46)
G1 X646.560 Y1553.462
; Coordinate transform: (632.30,437.38) -> (632.30,1554.62)
G1 X632.305 Y1554.618
; Coordinate transform: (618.42,436.38) -> (618.42,1555.62)
G1 X618.423 Y1555.624
; Coordinate transform: (605.05,435.45) -> (605.05,1556.55)
G1 X605.054 Y1556.552
; Coordinate transform: (592.32,434.38) -> (592.32,1557.62)
G1 X592.324 Y1557.615
; Coordinate transform: (580.38,433.26) -> (580.38,1558.74)
G1 X580.375 Y1558.738
; Coordinate transform: (568.84,432.18) -> (568.84,1559.82)
G1 X568.841 Y1559.824
; Coordinate transform: (557.70,431.15) -> (557.70,1560.85)
G1 X557.701 Y1560.846
; Coordinate transform: (546.86,430.20) -> (546.86,1561.80)
G1 X546.864 Y1561.798
; Coordinate transform: (536.24,429.32) -> (536.24,1562.67)
G1 X536.243 Y1562.675
; Coordinate transform: (525.79,428.51) -> (525.79,1563.49)
G1 X525.786 Y1563.487
; Coordinate transform: (515.47,427.76) -> (515.47,1564.24)
G1 X515.466 Y1564.242
; Coordinate transform: (505.27,427.05) -> (505.27,1564.95)
G1 X505.274 Y1564.953
; Coordinate transform: (495.16,426.37) -> (495.16,1565.63)
G1 X495.162 Y1565.635
; Coordinate transform: (485.06,425.71) -> (485.06,1566.29)
G1 X485.057 Y1566.290
; Coordinate transform: (474.86,425.08) -> (474.86,1566.92)
G1 X474.862 Y1566.916
; Coordinate transform: (464.49,424.48) -> (464.49,1567.52)
G1 X464.491 Y1567.522
; Coordinate transform: (453.89,423.89) -> (453.89,1568.11)
G1 X453.895 Y1568.109
; Coordinate transform: (443.07,423.30) -> (443.07,1568.70)
G1 X443.070 Y1568.698
; Coordinate transform: (432.10,422.67) -> (432.10,1569.33)
G1 X432.099 Y1569.329
; Coordinate transform: (421.05,421.97) -> (421.05,1570.03)
G1 X421.046 Y1570.028
; Coordinate transform: (409.93,421.18) -> (409.93,1570.82)
G1 X409.928 Y1570.818
; Coordinate transform: (398.70,420.31) -> (398.70,1571.69)
G1 X398.700 Y1571.693
; Coordinate transform: (387.27,419.39) -> (387.27,1572.61)
G1 X387.275 Y1572.608
; Coordinate transform: (375.58,418.50) -> (375.58,1573.50)
G1 X375.581 Y1573.499
; Coordinate transform: (363.57,417.71) -> (363.57,1574.29)
G1 X363.570 Y1574.293
; Coordinate transform: (351.24,417.05) -> (351.24,1574.95)
G1 X351.235 Y1574.946
; Coordinate transform: (338.62,416.55) -> (338.62,1575.45)
G1 X338.616 Y1575.451
; Coordinate transform: (325.84,416.13) -> (325.84,1575.87)
G1 X325.840 Y1575.871
; Coordinate transform: (313.10,415.69) -> (313.10,1576.31)
G1 X313.099 Y1576.308
; Coordinate transform: (300.61,415.14) -> (300.61,1576.86)
G1 X300.609 Y1576.858
; Coordinate transform: (288.56,414.40) -> (288.56,1577.60)
G1 X288.558 Y1577.595
; Coordinate transform: (277.07,413.44) -> (277.07,1578.56)
G1 X277.069 Y1578.561
; Coordinate transform: (266.17,412.26) -> (266.17,1579.74)
G1 X266.174 Y1579.743
; Coordinate transform: (255.83,410.92) -> (255.83,1581.08)
G1 X255.826 Y1581.081
; Coordinate transform: (245.98,409.46) -> (245.98,1582.54)
G1 X245.979 Y1582.535
; Coordinate transform: (236.53,407.93) -> (236.53,1584.07)
G1 X236.533 Y1584.074
; Coordinate transform: (227.66,406.62) -> (227.66,1585.38)
G1 X227.661 Y1585.385
; Coordinate transform: (219.38,405.54) -> (219.38,1586.46)
G1 X219.383 Y1586.462
; Coordinate transform: (211.75,404.78) -> (211.75,1587.22)
G1 X211.751 Y1587.221
; Coordinate transform: (204.80,404.40) -> (204.80,1587.60)
G1 X204.798 Y1587.604
; Coordinate transform: (198.52,404.44) -> (198.52,1587.56)
G1 X198.519 Y1587.560
; Coordinate transform: (192.87,404.93) -> (192.87,1587.07)
G1 X192.872 Y1587.068
; Coordinate transform: (187.80,405.90) -> (187.80,1586.10)
G1 X187.803 Y1586.103
; Coordinate transform: (183.23,407.36) -> (183.23,1584.64)
G1 X183.229 Y1584.644
; Coordinate transform: (179.04,409.33) -> (179.04,1582.67)
G1 X179.036 Y1582.673
; Coordinate transform: (175.12,411.85) -> (175.12,1580.15)
G1 X175.117 Y1580.149
; Coordinate transform: (171.36,414.96) -> (171.36,1577.04)
G1 X171.357 Y1577.044
; Coordinate transform: (167.62,418.68) -> (167.62,1573.32)
G1 X167.622 Y1573.324
; Coordinate transform: (163.78,423.06) -> (163.78,1568.94)
G1 X163.777 Y1568.937
; Coordinate transform: (159.68,428.20) -> (159.68,1563.80)
G1 X159.682 Y1563.804
; Coordinate transform: (155.21,434.15) -> (155.21,1557.85)
G1 X155.206 Y1557.853
; Coordinate transform: (150.20,440.99) -> (150.20,1551.01)
G1 X150.200 Y1551.007
; Coordinate transform: (144.49,448.83) -> (144.49,1543.17)
G1 X144.494 Y1543.174
; Coordinate transform: (137.98,457.68) -> (137.98,1534.33)
G1 X137.982 Y1534.325
; Coordinate transform: (130.70,467.54) -> (130.70,1524.46)
G1 X130.696 Y1524.462
; Coordinate transform: (122.85,478.37) -> (122.85,1513.63)
G1 X122.854 Y1513.635
; Coordinate transform: (115.62,490.01) -> (115.62,1501.99)
G1 X115.625 Y1501.986
; Coordinate transform: (110.21,502.34) -> (110.21,1489.66)
G1 X110.214 Y1489.663
; Coordinate transform: (107.80,515.13) -> (107.80,1476.87)
G1 X107.795 Y1476.871
; Coordinate transform: (108.31,528.10) -> (108.31,1463.90)
G1 X108.311 Y1463.904
; Coordinate transform: (111.63,541.17) -> (111.63,1450.83)
G1 X111.632 Y1450.833
; Coordinate transform: (117.60,554.41) -> (117.60,1437.59)
G1 X117.596 Y1437.585
; Coordinate transform: (125.25,567.86) -> (125.25,1424.14)
G1 X125.249 Y1424.139
; Coordinate transform: (133.46,581.43) -> (133.46,1410.57)
G1 X133.460 Y1410.568
; Coordinate transform: (141.24,595.06) -> (141.24,1396.94)
G1 X141.237 Y1396.936
; Coordinate transform: (148.43,608.70) -> (148.43,1383.30)
G1 X148.426 Y1383.305
; Coordinate transform: (154.96,622.28) -> (154.96,1369.72)
G1 X154.963 Y1369.720
; Coordinate transform: (160.90,635.77) -> (160.90,1356.23)
G1 X160.901 Y1356.227
; Coordinate transform: (166.29,649.09) -> (166.29,1342.91)
G1 X166.288 Y1342.909
; Coordinate transform: (171.12,662.08) -> (171.12,1329.92)
G1 X171.125 Y1329.918
; Coordinate transform: (175.40,674.53) -> (175.40,1317.47)
G1 X175.403 Y1317.472
; Coordinate transform: (179.13,686.20) -> (179.13,1305.80)
G1 X179.129 Y1305.798
; Coordinate transform: (182.34,696.92) -> (182.34,1295.08)
G1 X182.343 Y1295.081
; Coordinate transform: (185.14,706.59) -> (185.14,1285.41)
G1 X185.140 Y1285.415
; Coordinate transform: (187.65,715.22) -> (187.65,1276.78)
G1 X187.653 Y1276.778
; Coordinate transform: (190.06,722.97) -> (190.06,1269.03)
G1 X190.055 Y1269.031
; Coordinate transform: (192.53,730.03) -> (192.53,1261.97)
G1 X192.531 Y1261.966
; Coordinate transform: (195.22,736.66) -> (195.22,1255.34)
G1 X195.222 Y1255.344
; Coordinate transform: (198.24,743.06) -> (198.24,1248.94)
G1 X198.243 Y1248.942
; Coordinate transform: (201.69,749.47) -> (201.69,1242.53)
G1 X201.688 Y1242.535
; Coordinate transform: (205.65,756.07) -> (205.65,1235.93)
G1 X205.649 Y1235.934
; Coordinate transform: (210.20,763.01) -> (210.20,1228.99)
G1 X210.197 Y1228.994
; Coordinate transform: (215.37,770.40) -> (215.37,1221.60)
G1 X215.373 Y1221.598
; Coordinate transform: (221.20,778.25) -> (221.20,1213.75)
G1 X221.200 Y1213.747
; Coordinate transform: (227.71,786.53) -> (227.71,1205.47)
G1 X227.708 Y1205.471
; Coordinate transform: (234.88,795.14) -> (234.88,1196.86)
G1 X234.879 Y1196.860
; Coordinate transform: (242.72,803.94) -> (242.72,1188.06)
G1 X242.716 Y1188.063
; Coordinate transform: (251.11,812.73) -> (251.11,1179.27)
G1 X251.109 Y1179.270
; Coordinate transform: (259.95,821.33) -> (259.95,1170.67)
G1 X259.946 Y1170.673
; Coordinate transform: (269.16,829.57) -> (269.16,1162.43)
G1 X269.156 Y1162.431
; Coordinate transform: (278.71,837.38) -> (278.71,1154.62)
G1 X278.712 Y1154.625
; Coordinate transform: (288.64,844.67) -> (288.64,1147.33)
G1 X288.639 Y1147.325
; Coordinate transform: (298.90,851.43) -> (298.90,1140.57)
G1 X298.896 Y1140.570
; Coordinate transform: (309.45,857.60) -> (309.45,1134.40)
G1 X309.452 Y1134.398
; Coordinate transform: (320.28,863.17) -> (320.28,1128.83)
G1 X320.284 Y1128.827
; Coordinate transform: (331.37,868.15) -> (331.37,1123.85)
G1 X331.370 Y1123.854
; Coordinate transform: (342.64,872.55) -> (342.64,1119.45)
G1 X342.638 Y1119.454
; Coordinate transform: (354.00,876.40) -> (354.00,1115.60)
G1 X354.004 Y1115.596
; Coordinate transform: (365.37,879.76) -> (365.37,1112.24)
G1 X365.373 Y1112.235
; Coordinate transform: (376.61,882.71) -> (376.61,1109.29)
G1 X376.612 Y1109.294
; Coordinate transform: (387.55,885.35) -> (387.55,1106.65)
G1 X387.550 Y1106.648
; Coordinate transform: (398.12,887.84) -> (398.12,1104.16)
G1 X398.123 Y1104.160
; Coordinate transform: (408.05,890.34) -> (408.05,1101.66)
G1 X408.045 Y1101.660
; Coordinate transform: (417.14,893.00) -> (417.14,1099.00)
G1 X417.143 Y1098.998
; Coordinate transform: (425.28,895.97) -> (425.28,1096.03)
G1 X425.276 Y1096.034
; Coordinate transform: (432.35,899.33) -> (432.35,1092.67)
G1 X432.354 Y1092.674
; Coordinate transform: (438.36,903.13) -> (438.36,1088.87)
G1 X438.359 Y1088.865
; Coordinate transform: (443.29,907.46) -> (443.29,1084.55)
G1 X443.286 Y1084.545
; Coordinate transform: (447.15,912.33) -> (447.15,1079.67)
G1 X447.148 Y1079.674
; Coordinate transform: (449.97,917.76) -> (449.97,1074.24)
G1 X449.972 Y1074.240
; Coordinate transform: (451.79,923.80) -> (451.79,1068.20)
G1 X451.790 Y1068.195
; Coordinate transform: (452.63,930.52) -> (452.63,1061.48)
G1 X452.633 Y1061.476
; Coordinate transform: (452.56,937.91) -> (452.56,1054.09)
G1 X452.560 Y1054.093
; Coordinate transform: (451.65,945.97) -> (451.65,1046.03)
G1 X451.646 Y1046.028
; Coordinate transform: (450.01,954.62) -> (450.01,1037.38)
G1 X450.007 Y1037.378
; Coordinate transform: (447.77,963.76) -> (447.77,1028.24)
G1 X447.773 Y1028.240
; Coordinate transform: (445.12,973.27) -> (445.12,1018.73)
G1 X445.117 Y1018.727
; Coordinate transform: (442.22,983.01) -> (442.22,1008.99)
G1 X442.219 Y1008.991
; Coordinate transform: (439.26,992.81) -> (439.26,999.19)
G1 X439.260 Y999.188
; Coordinate transform: (436.35,1002.55) -> (436.35,989.45)
G1 X436.345 Y989.450
; Coordinate transform: (433.47,1012.20) -> (433.47,979.80)
G1 X433.469 Y979.800
; Coordinate transform: (430.57,1021.77) -> (430.57,970.23)
G1 X430.572 Y970.230
; Coordinate transform: (427.52,1031.36) -> (427.52,960.64)
G1 X427.519 Y960.640
; Coordinate transform: (424.15,1041.08) -> (424.15,950.92)
G1 X424.152 Y950.920
; Coordinate transform: (420.28,1051.11) -> (420.28,940.89)
G1 X420.282 Y940.890
; Coordinate transform: (415.74,1061.62) -> (415.74,930.38)
G1 X415.737 Y930.380
; Coordinate transform: (410.38,1072.69) -> (410.38,919.31)
G1 X410.385 Y919.310
; Coordinate transform: (404.16,1084.35) -> (404.16,907.65)
G1 X404.156 Y907.650
; Coordinate transform: (397.13,1096.49) -> (397.13,895.51)
G1 X397.134 Y895.510
; Coordinate transform: (389.45,1108.98) -> (389.45,883.02)
G1 X389.452 Y883.020
; Coordinate transform: (381.33,1121.62) -> (381.33,870.38)
G1 X381.332 Y870.380
; Coordinate transform: (372.96,1134.21) -> (372.96,857.79)
G1 X372.956 Y857.790
; Coordinate transform: (364.46,1146.63) -> (364.46,845.37)
G1 X364.457 Y845.370
; Coordinate transform: (355.89,1158.85) -> (355.89,833.15)
G1 X355.893 Y833.150
; Coordinate transform: (347.32,1170.83) -> (347.32,821.17)
G1 X347.321 Y821.170
; Coordinate transform: (338.78,1182.55) -> (338.78,809.45)
G1 X338.783 Y809.450
; Coordinate transform: (330.31,1194.02) -> (330.31,797.98)
G1 X330.310 Y797.980
; Coordinate transform: (321.92,1205.21) -> (321.92,786.79)
G1 X321.924 Y786.790
; Coordinate transform: (313.63,1216.15) -> (313.63,775.85)
G1 X313.629 Y775.850
; Coordinate transform: (305.43,1226.87) -> (305.43,765.13)
G1 X305.427 Y765.130
; Coordinate transform: (297.32,1237.39) -> (297.32,754.61)
G1 X297.325 Y754.610
; Coordinate transform: (289.32,1247.72) -> (289.32,744.28)
G1 X289.320 Y744.280
; Coordinate transform: (281.41,1257.85) -> (281.41,734.15)
G1 X281.411 Y734.150
; Coordinate transform: (273.59,1267.81) -> (273.59,724.19)
G1 X273.586 Y724.190
; Coordinate transform: (265.83,1277.61) -> (265.83,714.39)
G1 X265.832 Y714.390
; Coordinate transform: (258.13,1287.28) -> (258.13,704.72)
G1 X258.135 Y704.720
; Coordinate transform: (250.50,1296.82) -> (250.50,695.18)
G1 X250.496 Y695.180
; Coordinate transform: (242.90,1306.23) -> (242.90,685.77)
G1 X242.899 Y685.770
; Coordinate transform: (235.34,1315.52) -> (235.34,676.48)
G1 X235.340 Y676.480
; Coordinate transform: (227.80,1324.72) -> (227.80,667.28)
G1 X227.799 Y667.280
; Coordinate transform: (220.27,1333.81) -> (220.27,658.19)
G1 X220.274 Y658.190
; Coordinate transform: (212.76,1342.81) -> (212.76,649.19)
G1 X212.757 Y649.190
; Coordinate transform: (205.27,1351.71) -> (205.27,640.29)
G1 X205.266 Y640.290
; Coordinate transform: (197.80,1360.52) -> (197.80,631.48)
G1 X197.804 Y631.480
; Coordinate transform: (190.38,1369.24) -> (190.38,622.76)
G1 X190.380 Y622.760
; Coordinate transform: (182.98,1377.88) -> (182.98,614.12)
G1 X182.979 Y614.120
; Coordinate transform: (175.59,1386.43) -> (175.59,605.57)
G1 X175.592 Y605.570
; Coordinate transform: (168.18,1394.88) -> (168.18,597.12)
G1 X168.175 Y597.120
; Coordinate transform: (160.62,1403.27) -> (160.62,588.73)
G1 X160.616 Y588.730
; Coordinate transform: (152.76,1411.60) -> (152.76,580.40)
G1 X152.757 Y580.400
; Coordinate transform: (144.55,1419.88) -> (144.55,572.12)
G1 X144.554 Y572.120
; Coordinate transform: (136.12,1428.11) -> (136.12,563.89)
G1 X136.122 Y563.890
; Coordinate transform: (128.04,1436.13) -> (128.04,555.87)
G1 X128.037 Y555.870
; Coordinate transform: (121.32,1443.76) -> (121.32,548.24)
G1 X121.324 Y548.240
; Coordinate transform: (117.15,1450.90) -> (117.15,541.10)
G1 X117.150 Y541.100
; Coordinate transform: (116.11,1457.58) -> (116.11,534.42)
G1 X116.112 Y534.420
; Coordinate transform: (118.06,1463.89) -> (118.06,528.11)
G1 X118.055 Y528.110
; Coordinate transform: (122.83,1469.92) -> (122.83,522.08)
G1 X122.829 Y522.080
; Coordinate transform: (129.70,1475.72) -> (129.70,516.28)
G1 X129.698 Y516.280
; Coordinate transform: (137.77,1481.34) -> (137.77,510.66)
G1 X137.768 Y510.660
; Coordinate transform: (146.67,1486.83) -> (146.67,505.17)
G1 X146.667 Y505.170
; Coordinate transform: (156.28,1492.27) -> (156.28,499.73)
G1 X156.277 Y499.730
; Coordinate transform: (166.38,1497.71) -> (166.38,494.29)
G1 X166.384 Y494.290
; Coordinate transform: (176.69,1503.17) -> (176.69,488.83)
G1 X176.695 Y488.830
; Coordinate transform: (186.88,1508.63) -> (186.88,483.37)
G1 X186.879 Y483.370
; Coordinate transform: (196.69,1514.01) -> (196.69,477.99)
G1 X196.689 Y477.990
; Coordinate transform: (206.15,1519.24) -> (206.15,472.76)
G1 X206.153 Y472.760
; Coordinate transform: (215.15,1524.02) -> (215.15,467.98)
G1 X215.150 Y467.980
; Coordinate transform: (223.78,1528.24) -> (223.78,463.76)
G1 X223.781 Y463.760
; Coordinate transform: (232.12,1531.80) -> (232.12,460.20)
G1 X232.123 Y460.200
; Coordinate transform: (240.28,1534.63) -> (240.28,457.37)
G1 X240.280 Y457.370
; Coordinate transform: (248.31,1536.72) -> (248.31,455.28)
G1 X248.308 Y455.280
; Coordinate transform: (256.28,1538.08) -> (256.28,453.92)
G1 X256.280 Y453.920
; Coordinate transform: (264.23,1538.77) -> (264.23,453.23)
G1 X264.227 Y453.230
; Coordinate transform: (272.21,1538.87) -> (272.21,453.13)
G1 X272.210 Y453.130
; Coordinate transform: (280.26,1538.44) -> (280.26,453.56)
G1 X280.264 Y453.560
; Coordinate transform: (288.43,1537.53) -> (288.43,454.47)
G1 X288.426 Y454.470
; Coordinate transform: (296.72,1536.21) -> (296.72,455.79)
G1 X296.717 Y455.790
; Coordinate transform: (305.14,1534.52) -> (305.14,457.48)
G1 X305.143 Y457.480
; Coordinate transform: (313.71,1532.51) -> (313.71,459.49)
G1 X313.708 Y459.490
; Coordinate transform: (322.38,1530.23) -> (322.38,461.77)
G1 X322.382 Y461.770
; Coordinate transform: (331.15,1527.71) -> (331.15,464.29)
G1 X331.154 Y464.290
; Coordinate transform: (340.00,1524.98) -> (340.00,467.02)
G1 X339.999 Y467.020
; Coordinate transform: (348.91,1522.05) -> (348.91,469.95)
G1 X348.911 Y469.950
; Coordinate transform: (357.89,1518.95) -> (357.89,473.05)
G1 X357.894 Y473.050
; Coordinate transform: (366.95,1515.72) -> (366.95,476.28)
G1 X366.947 Y476.280
; Coordinate transform: (376.10,1512.36) -> (376.10,479.64)
G1 X376.101 Y479.640
; Coordinate transform: (385.37,1508.90) -> (385.37,483.10)
G1 X385.366 Y483.100
; Coordinate transform: (394.76,1505.34) -> (394.76,486.66)
G1 X394.758 Y486.660
; Coordinate transform: (404.28,1501.74) -> (404.28,490.26)
G1 X404.279 Y490.260
; Coordinate transform: (413.91,1498.08) -> (413.91,493.92)
G1 X413.910 Y493.920
; Coordinate transform: (423.64,1494.39) -> (423.64,497.61)
G1 X423.640 Y497.610
; Coordinate transform: (433.46,1490.68) -> (433.46,501.32)
G1 X433.462 Y501.320
; Coordinate transform: (443.34,1487.00) -> (443.34,505.00)
G1 X443.343 Y505.000
; Coordinate transform: (453.25,1483.39) -> (453.25,508.61)
G1 X453.252 Y508.610
; Coordinate transform: (463.18,1479.89) -> (463.18,512.11)
G1 X463.182 Y512.110
; Coordinate transform: (473.12,1476.52) -> (473.12,515.48)
G1 X473.120 Y515.480
; Coordinate transform: (483.07,1473.31) -> (483.07,518.69)
G1 X483.069 Y518.690
; Coordinate transform: (493.05,1470.28) -> (493.05,521.72)
G1 X493.049 Y521.720
; Coordinate transform: (503.06,1467.42) -> (503.06,524.58)
G1 X503.059 Y524.580
; Coordinate transform: (513.13,1464.72) -> (513.13,527.28)
G1 X513.128 Y527.280
; Coordinate transform: (523.29,1462.18) -> (523.29,529.82)
G1 X523.295 Y529.820
; Coordinate transform: (533.61,1459.79) -> (533.61,532.21)
G1 X533.607 Y532.210
; Coordinate transform: (544.12,1457.51) -> (544.12,534.49)
G1 X544.120 Y534.490
; Coordinate transform: (554.91,1455.31) -> (554.91,536.69)
G1 X554.910 Y536.690
; Coordinate transform: (566.01,1453.15) -> (566.01,538.85)
G1 X566.008 Y538.850
; Coordinate transform: (577.39,1450.98) -> (577.39,541.02)
G1 X577.390 Y541.020
; Coordinate transform: (589.03,1448.77) -> (589.03,543.23)
G1 X589.027 Y543.230
; Coordinate transform: (600.87,1446.48) -> (600.87,545.52)
G1 X600.872 Y545.520
; Coordinate transform: (612.83,1444.11) -> (612.83,547.89)
G1 X612.828 Y547.890
; Coordinate transform: (624.80,1441.66) -> (624.80,550.34)
G1 X624.798 Y550.340
; Coordinate transform: (636.73,1439.13) -> (636.73,552.87)
G1 X636.725 Y552.870
; Coordinate transform: (648.58,1436.59) -> (648.58,555.41)
G1 X648.577 Y555.410
; Coordinate transform: (660.28,1434.13) -> (660.28,557.87)
G1 X660.280 Y557.870
; Coordinate transform: (671.67,1431.90) -> (671.67,560.10)
G1 X671.668 Y560.100
; Coordinate transform: (682.47,1430.09) -> (682.47,561.91)
G1 X682.466 Y561.910
; Coordinate transform: (692.43,1428.84) -> (692.43,563.16)
G1 X692.432 Y563.160
; Coordinate transform: (701.39,1428.21) -> (701.39,563.79)
G1 X701.389 Y563.790
; Coordinate transform: (709.23,1428.26) -> (709.23,563.74)
G1 X709.231 Y563.740
; Coordinate transform: (715.98,1428.95) -> (715.98,563.05)
G1 X715.981 Y563.050
; Coordinate transform: (721.71,1430.27) -> (721.71,561.73)
G1 X721.707 Y561.730
; Coordinate transform: (726.54,1432.17) -> (726.54,559.83)
G1 X726.544 Y559.830
; Coordinate transform: (730.64,1434.63) -> (730.64,557.37)
G1 X730.637 Y557.370
; Coordinate transform: (734.11,1437.66) -> (734.11,554.34)
G1 X734.111 Y554.340
; Coordinate transform: (737.08,1441.22) -> (737.08,550.78)
G1 X737.081 Y550.780
; Coordinate transform: (739.63,1445.33) -> (739.63,546.67)
G1 X739.633 Y546.670
; Coordinate transform: (741.82,1450.00) -> (741.82,542.00)
G1 X741.818 Y542.000
; Coordinate transform: (743.66,1455.30) -> (743.66,536.70)
G1 X743.665 Y536.700
; Coordinate transform: (745.20,1461.23) -> (745.20,530.77)
G1 X745.195 Y530.770
; Coordinate transform: (746.40,1467.83) -> (746.40,524.17)
G1 X746.405 Y524.170
; Coordinate transform: (747.30,1475.11) -> (747.30,516.89)
G1 X747.297 Y516.890
; Coordinate transform: (747.89,1483.00) -> (747.89,509.00)
G1 X747.893 Y509.000
; Coordinate transform: (748.25,1491.38) -> (748.25,500.62)
G1 X748.253 Y500.620
; Coordinate transform: (748.48,1500.02) -> (748.48,491.98)
G1 X748.482 Y491.980
; Coordinate transform: (748.70,1508.57) -> (748.70,483.43)
G1 X748.699 Y483.430
; Coordinate transform: (749.08,1516.74) -> (749.08,475.26)
G1 X749.083 Y475.260
; Coordinate transform: (749.69,1524.27) -> (749.69,467.73)
G1 X749.692 Y467.730
; Coordinate transform: (750.64,1531.00) -> (750.64,461.00)
G1 X750.640 Y461.000
; Coordinate transform: (752.04,1536.93) -> (752.04,455.07)
G1 X752.037 Y455.070
; Coordinate transform: (754.01,1542.09) -> (754.01,449.91)
G1 X754.007 Y449.910
; Coordinate transform: (756.68,1546.59) -> (756.68,445.41)
G1 X756.681 Y445.410
; Coordinate transform: (760.24,1550.51) -> (760.24,441.49)
G1 X760.237 Y441.490
; Coordinate transform: (764.92,1553.94) -> (764.92,438.06)
G1 X764.918 Y438.060
; Coordinate transform: (770.92,1556.99) -> (770.92,435.01)
G1 X770.916 Y435.010
; Coordinate transform: (778.39,1559.70) -> (778.39,432.30)
G1 X778.391 Y432.300
; Coordinate transform: (787.51,1562.09) -> (787.51,429.91)
G1 X787.508 Y429.910
; Coordinate transform: (798.29,1564.10) -> (798.29,427.90)
G1 X798.292 Y427.900
; Coordinate transform: (810.64,1565.67) -> (810.64,426.33)
G1 X810.644 Y426.330
; Coordinate transform: (824.34,1566.74) -> (824.34,425.26)
G1 X824.338 Y425.260
; Coordinate transform: (839.00,1567.32) -> (839.00,424.68)
G1 X839.005 Y424.680
; Coordinate transform: (854.19,1567.49) -> (854.19,424.51)
G1 X854.192 Y424.510
; Coordinate transform: (869.55,1567.37) -> (869.55,424.63)
G1 X869.553 Y424.630
; Coordinate transform: (884.88,1567.12) -> (884.88,424.88)
G1 X884.882 Y424.880
; Coordinate transform: (899.97,1566.95) -> (899.97,425.05)
G1 X899.968 Y425.050
; Coordinate transform: (914.60,1567.01) -> (914.60,424.99)
G1 X914.602 Y424.990
; Coordinate transform: (928.63,1567.45) -> (928.63,424.55)
G1 X928.627 Y424.550
; Coordinate transform: (941.95,1568.39) -> (941.95,423.61)
G1 X941.950 Y423.610
; Coordinate transform: (954.58,1569.92) -> (954.58,422.08)
G1 X954.581 Y422.080
; Coordinate transform: (966.64,1572.08) -> (966.64,419.92)
G1 X966.643 Y419.920
; Coordinate transform: (978.32,1574.71) -> (978.32,417.29)
G1 X978.321 Y417.290
; Coordinate transform: (989.69,1577.45) -> (989.69,414.55)
G1 X989.686 Y414.550
; Coordinate transform: (1000.67,1580.01) -> (1000.67,411.99)
G1 X1000.670 Y411.990
; Coordinate transform: (1011.18,1582.28) -> (1011.18,409.72)
G1 X1011.180 Y409.720
; Coordinate transform: (1021.18,1584.26) -> (1021.18,407.74)
G1 X1021.180 Y407.740
; Coordinate transform: (1030.49,1586.06) -> (1030.49,405.94)
G1 X1030.490 Y405.940
; Coordinate transform: (1038.99,1587.70) -> (1038.99,404.30)
G1 X1038.990 Y404.300
; Coordinate transform: (1046.63,1589.21) -> (1046.63,402.79)
G1 X1046.630 Y402.790
; Coordinate transform: (1053.38,1590.53) -> (1053.38,401.47)
G1 X1053.380 Y401.470
; Coordinate transform: (1059.24,1591.62) -> (1059.24,400.38)
G1 X1059.240 Y400.380
; Coordinate transform: (1064.21,1592.46) -> (1064.21,399.54)
G1 X1064.210 Y399.540
; Coordinate transform: (1068.33,1593.05) -> (1068.33,398.95)
G1 X1068.330 Y398.950
; Coordinate transform: (1071.63,1593.39) -> (1071.63,398.61)
G1 X1071.630 Y398.610
; Coordinate transform: (1074.21,1593.50) -> (1074.21,398.50)
G1 X1074.210 Y398.500
; Coordinate transform: (1076.17,1593.41) -> (1076.17,398.59)
G1 X1076.170 Y398.590
; Coordinate transform: (1077.60,1593.13) -> (1077.60,398.87)
G1 X1077.600 Y398.870
M400 ; Wait for drawing to complete
; === STOP BRUSH SEQUENCE ===
; STOP BRUSH A
G4 P50 ; Short delay before stepper command
G1 U0.000 F200.0 ; Close Brush A flow
M400 ; Wait for stepper motion to complete
M106 P2 S0 ; Brush A air off
; Z already at 84.000mm, above safe threshold of 10.000mm, no need to raise
; === END STOP BRUSH SEQUENCE ===
; === PATH END ===


; Path 3/49 (id: path3)
; WIDTH: requested=117.176mm, actual=117.176mm, compensation=1.000
; Z HEIGHT: 84.000mm (min=4.0, max=84.0)
; PAINT FLOW: 0.500 (baseline=0.1, max=0.5)
; PAINT FLOW COMPONENTS: base=0.100, width=0.300, opacity=0.100
; FEEDRATE: 594.5 mm/min (z_factor=0.0259, speed_factor=0.956)
; WARNING: Requested stroke width 117.2mm exceeds machine capability.
; H.Airbrush cannot draw strokes wider than 6.6mm at 1mm/s minimum speed.
; Stroke width has been reduced to 6.6mm.
; ===== STROKE PARAMETERS =====
; Color: black
; Width: 117.18mm
; Opacity: 0.25
; Brush: brush_a (index 0)
T0 ; Select Brush A (Black)
; ===== AIRBRUSH SETTINGS =====
; Z-height: 84.00mm
; Paint flow: 0.50
; Feedrate: 594.5mm/min (includes Z scaling)
; Using brush: brush_a (tool 0)
; Path with Brush A (black) at Z=84.000mm
; Using: Air=P2, Flow=A axis
; Drawing Z height: 84.000mm, Travel Z height: 10.000mm
; Machine Z range: 0-84mm (Safe range: 5-80mm)
; === START BRUSH SEQUENCE ===
; START BRUSH A
; Z already at 84.000mm, above safe threshold of 10.000mm, no need to raise
T0 ; Select Tool 0 (Brush A)
G4 P500 ; Wait for tool change to complete
; === END BRUSH SEQUENCE ===
; Coordinate transform: (1836.47,494.18) -> (1836.47,1497.82)
G0 X1836.470 Y1497.816 F24000
M400 ; Wait for XY movement to complete
G1 Z84.000 F1200
M400 ; Wait for Z movement to complete
; === ACTIVATE BRUSH AT POSITION ===
; AIR ON FIRST - Important to prevent dripping
M106 P2 S1 ; Brush A air on
; PAINT ON AFTER AIR
G4 P50 ; Short delay before stepper command
G1 U2.400 F200.0 ; Set Brush A flow to 2.400mm
M400 ; Wait for stepper motion to complete
; === BRUSH ACTIVATED ===
G1 F594.4557554428459
; Coordinate transform: (1836.72,493.86) -> (1836.72,1498.14)
G1 X1836.720 Y1498.138
; Coordinate transform: (1837.10,493.38) -> (1837.10,1498.62)
G1 X1837.100 Y1498.620
; Coordinate transform: (1837.61,492.74) -> (1837.61,1499.26)
G1 X1837.610 Y1499.257
; Coordinate transform: (1838.24,491.96) -> (1838.24,1500.04)
G1 X1838.240 Y1500.036
; Coordinate transform: (1838.98,491.05) -> (1838.98,1500.95)
G1 X1838.980 Y1500.954
; Coordinate transform: (1839.82,489.98) -> (1839.82,1502.02)
G1 X1839.820 Y1502.018
; Coordinate transform: (1840.76,488.77) -> (1840.76,1503.23)
G1 X1840.760 Y1503.233
; Coordinate transform: (1841.82,487.38) -> (1841.82,1504.62)
G1 X1841.820 Y1504.621
; Coordinate transform: (1842.99,485.79) -> (1842.99,1506.21)
G1 X1842.990 Y1506.206
; Coordinate transform: (1844.30,483.98) -> (1844.30,1508.02)
G1 X1844.300 Y1508.019
; Coordinate transform: (1845.76,481.90) -> (1845.76,1510.10)
G1 X1845.760 Y1510.102
; Coordinate transform: (1847.40,479.50) -> (1847.40,1512.50)
G1 X1847.400 Y1512.503
; Coordinate transform: (1849.22,476.72) -> (1849.22,1515.28)
G1 X1849.220 Y1515.280
; Coordinate transform: (1851.22,473.48) -> (1851.22,1518.52)
G1 X1851.220 Y1518.518
; Coordinate transform: (1853.42,469.69) -> (1853.42,1522.31)
G1 X1853.420 Y1522.314
; Coordinate transform: (1855.81,465.19) -> (1855.81,1526.81)
G1 X1855.810 Y1526.805
; Coordinate transform: (1858.43,459.90) -> (1858.43,1532.10)
G1 X1858.430 Y1532.097
; Coordinate transform: (1861.26,453.70) -> (1861.26,1538.30)
G1 X1861.260 Y1538.301
; Coordinate transform: (1864.14,446.45) -> (1864.14,1545.55)
G1 X1864.140 Y1545.550
; Coordinate transform: (1866.57,438.16) -> (1866.57,1553.84)
G1 X1866.570 Y1553.836
; Coordinate transform: (1868.12,428.83) -> (1868.12,1563.17)
G1 X1868.120 Y1563.168
; Coordinate transform: (1868.47,418.57) -> (1868.47,1573.43)
G1 X1868.470 Y1573.433
; Coordinate transform: (1867.46,407.51) -> (1867.46,1584.49)
G1 X1867.460 Y1584.489
; Coordinate transform: (1865.16,395.83) -> (1865.16,1596.17)
G1 X1865.160 Y1596.170
; Coordinate transform: (1861.87,383.71) -> (1861.87,1608.29)
G1 X1861.870 Y1608.290
; Coordinate transform: (1858.06,371.33) -> (1858.06,1620.67)
G1 X1858.060 Y1620.669
; Coordinate transform: (1854.04,358.87) -> (1854.04,1633.13)
G1 X1854.040 Y1633.132
; Coordinate transform: (1849.94,346.49) -> (1849.94,1645.51)
G1 X1849.940 Y1645.508
; Coordinate transform: (1845.93,334.35) -> (1845.93,1657.65)
G1 X1845.930 Y1657.646
; Coordinate transform: (1842.18,322.59) -> (1842.18,1669.41)
G1 X1842.180 Y1669.414
; Coordinate transform: (1838.80,311.31) -> (1838.80,1680.69)
G1 X1838.800 Y1680.686
; Coordinate transform: (1835.80,300.63) -> (1835.80,1691.37)
G1 X1835.800 Y1691.365
; Coordinate transform: (1833.19,290.58) -> (1833.19,1701.42)
G1 X1833.190 Y1701.419
; Coordinate transform: (1830.92,281.13) -> (1830.92,1710.87)
G1 X1830.920 Y1710.874
; Coordinate transform: (1828.94,272.19) -> (1828.94,1719.81)
G1 X1828.940 Y1719.811
; Coordinate transform: (1827.17,263.56) -> (1827.17,1728.44)
G1 X1827.170 Y1728.444
; Coordinate transform: (1825.42,255.16) -> (1825.42,1736.84)
G1 X1825.420 Y1736.842
; Coordinate transform: (1823.56,246.87) -> (1823.56,1745.13)
G1 X1823.560 Y1745.132
; Coordinate transform: (1821.42,238.56) -> (1821.42,1753.44)
G1 X1821.420 Y1753.443
; Coordinate transform: (1818.88,230.12) -> (1818.88,1761.88)
G1 X1818.880 Y1761.875
; Coordinate transform: (1815.80,221.50) -> (1815.80,1770.50)
G1 X1815.800 Y1770.501
; Coordinate transform: (1812.10,212.63) -> (1812.10,1779.37)
G1 X1812.100 Y1779.366
; Coordinate transform: (1807.78,203.58) -> (1807.78,1788.42)
G1 X1807.780 Y1788.422
; Coordinate transform: (1802.83,194.42) -> (1802.83,1797.58)
G1 X1802.830 Y1797.582
; Coordinate transform: (1797.33,185.30) -> (1797.33,1806.70)
G1 X1797.330 Y1806.701
; Coordinate transform: (1791.39,176.37) -> (1791.39,1815.63)
G1 X1791.390 Y1815.633
; Coordinate transform: (1785.11,167.75) -> (1785.11,1824.25)
G1 X1785.110 Y1824.246
; Coordinate transform: (1778.63,159.52) -> (1778.63,1832.48)
G1 X1778.630 Y1832.481
; Coordinate transform: (1772.07,151.68) -> (1772.07,1840.32)
G1 X1772.070 Y1840.319
; Coordinate transform: (1765.51,144.19) -> (1765.51,1847.81)
G1 X1765.510 Y1847.814
; Coordinate transform: (1759.03,136.97) -> (1759.03,1855.03)
G1 X1759.030 Y1855.025
; Coordinate transform: (1752.62,130.06) -> (1752.62,1861.94)
G1 X1752.620 Y1861.938
; Coordinate transform: (1746.26,123.62) -> (1746.26,1868.38)
G1 X1746.260 Y1868.383
; Coordinate transform: (1739.89,118.37) -> (1739.89,1873.63)
G1 X1739.890 Y1873.629
; Coordinate transform: (1733.42,114.84) -> (1733.42,1877.16)
G1 X1733.420 Y1877.158
; Coordinate transform: (1726.75,113.50) -> (1726.75,1878.50)
G1 X1726.750 Y1878.498
; Coordinate transform: (1719.79,114.49) -> (1719.79,1877.51)
G1 X1719.790 Y1877.507
; Coordinate transform: (1712.43,117.53) -> (1712.43,1874.47)
G1 X1712.430 Y1874.472
; Coordinate transform: (1704.61,121.98) -> (1704.61,1870.02)
G1 X1704.610 Y1870.018
; Coordinate transform: (1696.28,127.29) -> (1696.28,1864.71)
G1 X1696.280 Y1864.710
; Coordinate transform: (1687.40,132.81) -> (1687.40,1859.19)
G1 X1687.400 Y1859.193
; Coordinate transform: (1677.92,138.01) -> (1677.92,1853.99)
G1 X1677.920 Y1853.991
; Coordinate transform: (1667.90,142.90) -> (1667.90,1849.10)
G1 X1667.900 Y1849.098
; Coordinate transform: (1657.47,147.41) -> (1657.47,1844.59)
G1 X1657.470 Y1844.590
; Coordinate transform: (1646.76,151.38) -> (1646.76,1840.62)
G1 X1646.760 Y1840.621
; Coordinate transform: (1635.95,154.72) -> (1635.95,1837.28)
G1 X1635.950 Y1837.283
; Coordinate transform: (1625.17,157.33) -> (1625.17,1834.67)
G1 X1625.170 Y1834.674
; Coordinate transform: (1614.47,159.10) -> (1614.47,1832.90)
G1 X1614.470 Y1832.896
; Coordinate transform: (1603.91,159.93) -> (1603.91,1832.07)
G1 X1603.910 Y1832.067
; Coordinate transform: (1593.52,159.69) -> (1593.52,1832.31)
G1 X1593.520 Y1832.312
; Coordinate transform: (1583.27,158.31) -> (1583.27,1833.69)
G1 X1583.270 Y1833.693
; Coordinate transform: (1572.98,155.85) -> (1572.98,1836.15)
G1 X1572.980 Y1836.146
; Coordinate transform: (1562.43,152.57) -> (1562.43,1839.43)
G1 X1562.430 Y1839.432
; Coordinate transform: (1551.48,148.69) -> (1551.48,1843.31)
G1 X1551.480 Y1843.307
; Coordinate transform: (1540.04,144.48) -> (1540.04,1847.52)
G1 X1540.040 Y1847.517
; Coordinate transform: (1528.25,140.14) -> (1528.25,1851.86)
G1 X1528.250 Y1851.863
; Coordinate transform: (1516.46,135.74) -> (1516.46,1856.26)
G1 X1516.460 Y1856.259
; Coordinate transform: (1504.99,131.30) -> (1504.99,1860.70)
G1 X1504.990 Y1860.701
; Coordinate transform: (1494.15,126.85) -> (1494.15,1865.15)
G1 X1494.150 Y1865.152
; Coordinate transform: (1484.09,122.86) -> (1484.09,1869.14)
G1 X1484.090 Y1869.141
; Coordinate transform: (1474.76,119.73) -> (1474.76,1872.27)
G1 X1474.760 Y1872.271
; Coordinate transform: (1466.12,117.74) -> (1466.12,1874.26)
G1 X1466.120 Y1874.262
; Coordinate transform: (1458.14,117.06) -> (1458.14,1874.94)
G1 X1458.140 Y1874.941
; Coordinate transform: (1450.87,117.73) -> (1450.87,1874.27)
G1 X1450.870 Y1874.266
; Coordinate transform: (1444.35,119.66) -> (1444.35,1872.34)
G1 X1444.350 Y1872.344
; Coordinate transform: (1438.62,122.63) -> (1438.62,1869.37)
G1 X1438.620 Y1869.372
; Coordinate transform: (1433.66,126.39) -> (1433.66,1865.61)
G1 X1433.660 Y1865.607
; Coordinate transform: (1429.46,130.66) -> (1429.46,1861.34)
G1 X1429.460 Y1861.344
; Coordinate transform: (1425.99,135.11) -> (1425.99,1856.89)
G1 X1425.990 Y1856.894
; Coordinate transform: (1423.24,139.71) -> (1423.24,1852.29)
G1 X1423.240 Y1852.292
; Coordinate transform: (1421.21,144.53) -> (1421.21,1847.47)
G1 X1421.210 Y1847.469
; Coordinate transform: (1419.88,149.66) -> (1419.88,1842.34)
G1 X1419.880 Y1842.340
; Coordinate transform: (1419.27,155.17) -> (1419.27,1836.83)
G1 X1419.270 Y1836.831
; Coordinate transform: (1419.37,161.14) -> (1419.37,1830.86)
G1 X1419.370 Y1830.857
; Coordinate transform: (1420.19,167.70) -> (1420.19,1824.30)
G1 X1420.190 Y1824.304
; Coordinate transform: (1421.75,174.84) -> (1421.75,1817.16)
G1 X1421.750 Y1817.158
; Coordinate transform: (1424.10,182.62) -> (1424.10,1809.38)
G1 X1424.100 Y1809.376
; Coordinate transform: (1427.23,191.09) -> (1427.23,1800.91)
G1 X1427.230 Y1800.909
; Coordinate transform: (1431.16,200.26) -> (1431.16,1791.74)
G1 X1431.160 Y1791.735
; Coordinate transform: (1435.88,209.99) -> (1435.88,1782.01)
G1 X1435.880 Y1782.014
; Coordinate transform: (1441.41,220.01) -> (1441.41,1771.99)
G1 X1441.410 Y1771.985
; Coordinate transform: (1447.69,230.03) -> (1447.69,1761.97)
G1 X1447.690 Y1761.969
; Coordinate transform: (1454.53,239.91) -> (1454.53,1752.09)
G1 X1454.530 Y1752.090
; Coordinate transform: (1461.61,249.51) -> (1461.61,1742.49)
G1 X1461.610 Y1742.491
; Coordinate transform: (1468.54,258.72) -> (1468.54,1733.28)
G1 X1468.540 Y1733.276
; Coordinate transform: (1475.04,267.26) -> (1475.04,1724.74)
G1 X1475.040 Y1724.740
; Coordinate transform: (1480.97,274.90) -> (1480.97,1717.10)
G1 X1480.970 Y1717.099
; Coordinate transform: (1486.31,281.52) -> (1486.31,1710.48)
G1 X1486.310 Y1710.477
; Coordinate transform: (1491.12,287.19) -> (1491.12,1704.81)
G1 X1491.120 Y1704.813
; Coordinate transform: (1495.53,292.04) -> (1495.53,1699.96)
G1 X1495.530 Y1699.957
; Coordinate transform: (1499.70,296.26) -> (1499.70,1695.74)
G1 X1499.700 Y1695.740
; Coordinate transform: (1503.84,299.97) -> (1503.84,1692.03)
G1 X1503.840 Y1692.027
; Coordinate transform: (1508.16,303.30) -> (1508.16,1688.70)
G1 X1508.160 Y1688.699
; Coordinate transform: (1512.95,306.36) -> (1512.95,1685.64)
G1 X1512.950 Y1685.644
; Coordinate transform: (1518.47,309.28) -> (1518.47,1682.72)
G1 X1518.470 Y1682.719
; Coordinate transform: (1525.04,312.21) -> (1525.04,1679.79)
G1 X1525.040 Y1679.793
; Coordinate transform: (1532.99,315.24) -> (1532.99,1676.76)
G1 X1532.990 Y1676.761
; Coordinate transform: (1542.54,318.48) -> (1542.54,1673.52)
G1 X1542.540 Y1673.523
; Coordinate transform: (1553.89,321.96) -> (1553.89,1670.04)
G1 X1553.890 Y1670.039
; Coordinate transform: (1567.17,325.61) -> (1567.17,1666.39)
G1 X1567.170 Y1666.387
; Coordinate transform: (1582.40,329.12) -> (1582.40,1662.88)
G1 X1582.400 Y1662.881
; Coordinate transform: (1599.25,332.12) -> (1599.25,1659.88)
G1 X1599.250 Y1659.882
; Coordinate transform: (1616.88,334.40) -> (1616.88,1657.60)
G1 X1616.880 Y1657.604
; Coordinate transform: (1634.24,335.94) -> (1634.24,1656.06)
G1 X1634.240 Y1656.058
; Coordinate transform: (1650.33,336.89) -> (1650.33,1655.11)
G1 X1650.330 Y1655.112
; Coordinate transform: (1664.44,337.41) -> (1664.44,1654.59)
G1 X1664.440 Y1654.590
; Coordinate transform: (1676.65,337.57) -> (1676.65,1654.43)
G1 X1676.650 Y1654.427
; Coordinate transform: (1687.58,337.41) -> (1687.58,1654.59)
G1 X1687.580 Y1654.586
; Coordinate transform: (1697.88,337.00) -> (1697.88,1655.00)
G1 X1697.880 Y1655.003
; Coordinate transform: (1708.07,336.44) -> (1708.07,1655.57)
G1 X1708.070 Y1655.565
; Coordinate transform: (1718.40,335.88) -> (1718.40,1656.12)
G1 X1718.400 Y1656.117
; Coordinate transform: (1729.01,335.48) -> (1729.01,1656.52)
G1 X1729.010 Y1656.519
; Coordinate transform: (1740.01,335.36) -> (1740.01,1656.64)
G1 X1740.010 Y1656.639
; Coordinate transform: (1752.08,335.56) -> (1752.08,1656.44)
G1 X1752.080 Y1656.445
; Coordinate transform: (1765.81,336.09) -> (1765.81,1655.91)
G1 X1765.810 Y1655.908
; Coordinate transform: (1780.95,337.08) -> (1780.95,1654.92)
G1 X1780.950 Y1654.917
; Coordinate transform: (1796.43,338.69) -> (1796.43,1653.32)
G1 X1796.430 Y1653.315
; Coordinate transform: (1811.43,340.96) -> (1811.43,1651.04)
G1 X1811.430 Y1651.038
; Coordinate transform: (1825.75,343.84) -> (1825.75,1648.16)
G1 X1825.750 Y1648.159
; Coordinate transform: (1839.47,347.16) -> (1839.47,1644.84)
G1 X1839.470 Y1644.844
; Coordinate transform: (1852.83,350.68) -> (1852.83,1641.32)
G1 X1852.830 Y1641.316
; Coordinate transform: (1865.90,354.21) -> (1865.90,1637.79)
G1 X1865.900 Y1637.789
; Coordinate transform: (1877.81,357.56) -> (1877.81,1634.44)
G1 X1877.810 Y1634.438
; Coordinate transform: (1886.77,360.66) -> (1886.77,1631.34)
G1 X1886.770 Y1631.343
; Coordinate transform: (1892.36,363.51) -> (1892.36,1628.49)
G1 X1892.360 Y1628.486
; Coordinate transform: (1894.74,366.16) -> (1894.74,1625.84)
G1 X1894.740 Y1625.838
; Coordinate transform: (1894.07,368.62) -> (1894.07,1623.38)
G1 X1894.070 Y1623.375
; Coordinate transform: (1890.50,370.93) -> (1890.50,1621.07)
G1 X1890.500 Y1621.067
; Coordinate transform: (1884.18,373.12) -> (1884.18,1618.88)
G1 X1884.180 Y1618.877
; Coordinate transform: (1875.25,375.25) -> (1875.25,1616.75)
G1 X1875.250 Y1616.750
; Coordinate transform: (1864.43,377.40) -> (1864.43,1614.60)
G1 X1864.430 Y1614.595
; Coordinate transform: (1853.07,379.70) -> (1853.07,1612.30)
G1 X1853.070 Y1612.295
; Coordinate transform: (1841.52,382.28) -> (1841.52,1609.72)
G1 X1841.520 Y1609.719
; Coordinate transform: (1829.50,385.24) -> (1829.50,1606.76)
G1 X1829.500 Y1606.765
; Coordinate transform: (1816.67,388.62) -> (1816.67,1603.38)
G1 X1816.670 Y1603.375
; Coordinate transform: (1803.10,392.49) -> (1803.10,1599.51)
G1 X1803.100 Y1599.513
; Coordinate transform: (1789.16,396.78) -> (1789.16,1595.22)
G1 X1789.160 Y1595.216
; Coordinate transform: (1775.76,401.37) -> (1775.76,1590.63)
G1 X1775.760 Y1590.633
; Coordinate transform: (1763.79,406.11) -> (1763.79,1585.89)
G1 X1763.790 Y1585.887
; Coordinate transform: (1753.27,411.08) -> (1753.27,1580.92)
G1 X1753.270 Y1580.920
; Coordinate transform: (1743.78,416.37) -> (1743.78,1575.63)
G1 X1743.780 Y1575.634
; Coordinate transform: (1734.83,422.01) -> (1734.83,1569.99)
G1 X1734.830 Y1569.988
; Coordinate transform: (1726.20,428.02) -> (1726.20,1563.98)
G1 X1726.200 Y1563.978
; Coordinate transform: (1717.56,434.43) -> (1717.56,1557.57)
G1 X1717.560 Y1557.567
; Coordinate transform: (1708.58,441.36) -> (1708.58,1550.64)
G1 X1708.580 Y1550.642
; Coordinate transform: (1699.16,448.84) -> (1699.16,1543.16)
G1 X1699.160 Y1543.163
; Coordinate transform: (1689.49,456.77) -> (1689.49,1535.23)
G1 X1689.490 Y1535.229
; Coordinate transform: (1679.89,464.92) -> (1679.89,1527.09)
G1 X1679.890 Y1527.085
; Coordinate transform: (1670.59,473.12) -> (1670.59,1518.88)
G1 X1670.590 Y1518.876
; Coordinate transform: (1661.69,481.43) -> (1661.69,1510.57)
G1 X1661.690 Y1510.569
; Coordinate transform: (1653.14,489.90) -> (1653.14,1502.10)
G1 X1653.140 Y1502.098
; Coordinate transform: (1644.91,498.31) -> (1644.91,1493.68)
G1 X1644.910 Y1493.685
; Coordinate transform: (1637.02,506.48) -> (1637.02,1485.52)
G1 X1637.020 Y1485.521
; Coordinate transform: (1629.32,514.73) -> (1629.32,1477.27)
G1 X1629.320 Y1477.272
; Coordinate transform: (1621.70,523.36) -> (1621.70,1468.64)
G1 X1621.700 Y1468.642
; Coordinate transform: (1614.26,532.02) -> (1614.26,1459.98)
G1 X1614.260 Y1459.982
; Coordinate transform: (1607.27,540.08) -> (1607.27,1451.92)
G1 X1607.270 Y1451.924
; Coordinate transform: (1600.86,547.06) -> (1600.86,1444.94)
G1 X1600.860 Y1444.941
; Coordinate transform: (1595.12,552.59) -> (1595.12,1439.41)
G1 X1595.120 Y1439.409
; Coordinate transform: (1590.07,556.47) -> (1590.07,1435.53)
G1 X1590.070 Y1435.526
; Coordinate transform: (1585.75,558.70) -> (1585.75,1433.30)
G1 X1585.750 Y1433.299
; Coordinate transform: (1582.10,559.55) -> (1582.10,1432.45)
G1 X1582.100 Y1432.454
; Coordinate transform: (1579.06,559.20) -> (1579.06,1432.80)
G1 X1579.060 Y1432.805
; Coordinate transform: (1576.60,557.76) -> (1576.60,1434.24)
G1 X1576.600 Y1434.244
; Coordinate transform: (1574.70,555.23) -> (1574.70,1436.77)
G1 X1574.700 Y1436.771
; Coordinate transform: (1573.37,551.57) -> (1573.37,1440.43)
G1 X1573.370 Y1440.427
; Coordinate transform: (1572.58,546.77) -> (1572.58,1445.22)
G1 X1572.580 Y1445.225
; Coordinate transform: (1572.33,540.74) -> (1572.33,1451.26)
G1 X1572.330 Y1451.259
; Coordinate transform: (1572.57,533.36) -> (1572.57,1458.64)
G1 X1572.570 Y1458.637
; Coordinate transform: (1573.08,524.84) -> (1573.08,1467.16)
G1 X1573.080 Y1467.158
; Coordinate transform: (1573.60,515.39) -> (1573.60,1476.61)
G1 X1573.600 Y1476.612
; Coordinate transform: (1573.85,505.20) -> (1573.85,1486.80)
G1 X1573.850 Y1486.795
; Coordinate transform: (1573.76,494.37) -> (1573.76,1497.63)
G1 X1573.760 Y1497.626
; Coordinate transform: (1573.43,482.96) -> (1573.43,1509.04)
G1 X1573.430 Y1509.039
; Coordinate transform: (1573.12,471.15) -> (1573.12,1520.85)
G1 X1573.120 Y1520.850
; Coordinate transform: (1573.00,459.39) -> (1573.00,1532.61)
G1 X1573.000 Y1532.610
; Coordinate transform: (1573.04,448.31) -> (1573.04,1543.69)
G1 X1573.040 Y1543.690
; Coordinate transform: (1573.01,438.57) -> (1573.01,1553.43)
G1 X1573.010 Y1553.427
; Coordinate transform: (1572.70,430.76) -> (1572.70,1561.24)
G1 X1572.700 Y1561.242
; Coordinate transform: (1572.10,424.81) -> (1572.10,1567.19)
G1 X1572.100 Y1567.190
; Coordinate transform: (1571.18,420.68) -> (1571.18,1571.32)
G1 X1571.180 Y1571.323
; Coordinate transform: (1570.05,417.89) -> (1570.05,1574.11)
G1 X1570.050 Y1574.110
; Coordinate transform: (1568.74,416.14) -> (1568.74,1575.86)
G1 X1568.740 Y1575.861
; Coordinate transform: (1567.24,415.25) -> (1567.24,1576.75)
G1 X1567.240 Y1576.752
; Coordinate transform: (1565.44,415.15) -> (1565.44,1576.85)
G1 X1565.440 Y1576.849
M400 ; Wait for drawing to complete
; === STOP BRUSH SEQUENCE ===
; STOP BRUSH A
G4 P50 ; Short delay before stepper command
G1 U0.000 F200.0 ; Close Brush A flow
M400 ; Wait for stepper motion to complete
M106 P2 S0 ; Brush A air off
; Z already at 84.000mm, above safe threshold of 10.000mm, no need to raise
; === END STOP BRUSH SEQUENCE ===
; === PATH END ===


; Path 4/49 (id: path4)
; WIDTH: requested=117.176mm, actual=117.176mm, compensation=1.000
; Z HEIGHT: 84.000mm (min=4.0, max=84.0)
; PAINT FLOW: 0.500 (baseline=0.1, max=0.5)
; PAINT FLOW COMPONENTS: base=0.100, width=0.300, opacity=0.100
; FEEDRATE: 594.5 mm/min (z_factor=0.0259, speed_factor=0.956)
; WARNING: Requested stroke width 117.2mm exceeds machine capability.
; H.Airbrush cannot draw strokes wider than 6.6mm at 1mm/s minimum speed.
; Stroke width has been reduced to 6.6mm.
; ===== STROKE PARAMETERS =====
; Color: black
; Width: 117.18mm
; Opacity: 0.25
; Brush: brush_a (index 0)
T0 ; Select Brush A (Black)
; ===== AIRBRUSH SETTINGS =====
; Z-height: 84.00mm
; Paint flow: 0.50
; Feedrate: 594.5mm/min (includes Z scaling)
; Using brush: brush_a (tool 0)
; Path with Brush A (black) at Z=84.000mm
; Using: Air=P2, Flow=A axis
; Drawing Z height: 84.000mm, Travel Z height: 10.000mm
; Machine Z range: 0-84mm (Safe range: 5-80mm)
; === START BRUSH SEQUENCE ===
; START BRUSH A
; Z already at 84.000mm, above safe threshold of 10.000mm, no need to raise
T0 ; Select Tool 0 (Brush A)
G4 P500 ; Wait for tool change to complete
; === END BRUSH SEQUENCE ===
; Coordinate transform: (952.86,1010.60) -> (952.86,981.40)
G0 X952.855 Y981.400 F24000
M400 ; Wait for XY movement to complete
G1 Z84.000 F1200
M400 ; Wait for Z movement to complete
; === ACTIVATE BRUSH AT POSITION ===
; AIR ON FIRST - Important to prevent dripping
M106 P2 S1 ; Brush A air on
; PAINT ON AFTER AIR
G4 P50 ; Short delay before stepper command
G1 U2.400 F200.0 ; Set Brush A flow to 2.400mm
M400 ; Wait for stepper motion to complete
; === BRUSH ACTIVATED ===
G1 F594.4557554428459
; Coordinate transform: (954.36,1010.49) -> (954.36,981.51)
G1 X954.364 Y981.510
; Coordinate transform: (956.48,1010.33) -> (956.48,981.67)
G1 X956.478 Y981.670
; Coordinate transform: (959.07,1010.09) -> (959.07,981.91)
G1 X959.071 Y981.910
; Coordinate transform: (962.01,1009.77) -> (962.01,982.23)
G1 X962.009 Y982.230
; Coordinate transform: (965.15,1009.35) -> (965.15,982.65)
G1 X965.155 Y982.650
; Coordinate transform: (968.39,1008.80) -> (968.39,983.20)
G1 X968.387 Y983.200
; Coordinate transform: (971.66,1008.08) -> (971.66,983.92)
G1 X971.660 Y983.920
; Coordinate transform: (975.00,1007.19) -> (975.00,984.81)
G1 X974.998 Y984.810
; Coordinate transform: (978.43,1006.06) -> (978.43,985.94)
G1 X978.435 Y985.940
; Coordinate transform: (982.02,1004.66) -> (982.02,987.34)
G1 X982.018 Y987.340
; Coordinate transform: (985.80,1002.95) -> (985.80,989.05)
G1 X985.803 Y989.050
; Coordinate transform: (989.80,1000.86) -> (989.80,991.14)
G1 X989.805 Y991.140
; Coordinate transform: (994.04,998.35) -> (994.04,993.65)
G1 X994.043 Y993.647
; Coordinate transform: (998.53,995.34) -> (998.53,996.66)
G1 X998.533 Y996.661
; Coordinate transform: (1003.15,991.82) -> (1003.15,1000.18)
G1 X1003.150 Y1000.181
; Coordinate transform: (1007.64,987.93) -> (1007.64,1004.07)
G1 X1007.640 Y1004.073
; Coordinate transform: (1011.68,983.79) -> (1011.68,1008.21)
G1 X1011.680 Y1008.213
; Coordinate transform: (1014.97,979.51) -> (1014.97,1012.49)
G1 X1014.970 Y1012.493
; Coordinate transform: (1017.29,975.20) -> (1017.29,1016.80)
G1 X1017.290 Y1016.803
; Coordinate transform: (1018.59,970.95) -> (1018.59,1021.05)
G1 X1018.590 Y1021.053
; Coordinate transform: (1018.87,966.78) -> (1018.87,1025.22)
G1 X1018.870 Y1025.224
; Coordinate transform: (1018.19,962.68) -> (1018.19,1029.32)
G1 X1018.190 Y1029.315
; Coordinate transform: (1016.70,958.59) -> (1016.70,1033.41)
G1 X1016.700 Y1033.415
; Coordinate transform: (1014.54,954.39) -> (1014.54,1037.61)
G1 X1014.540 Y1037.607
; Coordinate transform: (1011.85,950.04) -> (1011.85,1041.96)
G1 X1011.850 Y1041.964
; Coordinate transform: (1008.72,945.42) -> (1008.72,1046.58)
G1 X1008.720 Y1046.583
; Coordinate transform: (1005.29,940.33) -> (1005.29,1051.67)
G1 X1005.290 Y1051.671
; Coordinate transform: (1001.70,934.46) -> (1001.70,1057.54)
G1 X1001.700 Y1057.540
; Coordinate transform: (998.00,927.51) -> (998.00,1064.49)
G1 X997.998 Y1064.493
; Coordinate transform: (994.10,919.24) -> (994.10,1072.76)
G1 X994.096 Y1072.762
; Coordinate transform: (989.80,909.47) -> (989.80,1082.53)
G1 X989.803 Y1082.527
; Coordinate transform: (984.86,898.31) -> (984.86,1093.69)
G1 X984.856 Y1093.688
; Coordinate transform: (979.12,886.01) -> (979.12,1105.99)
G1 X979.121 Y1105.994
; Coordinate transform: (972.65,873.03) -> (972.65,1118.97)
G1 X972.655 Y1118.973
; Coordinate transform: (965.66,859.97) -> (965.66,1132.03)
G1 X965.661 Y1132.028
; Coordinate transform: (958.35,847.30) -> (958.35,1144.70)
G1 X958.351 Y1144.700
; Coordinate transform: (950.84,835.29) -> (950.84,1156.71)
G1 X950.842 Y1156.707
; Coordinate transform: (943.18,824.10) -> (943.18,1167.90)
G1 X943.185 Y1167.896
; Coordinate transform: (935.41,813.82) -> (935.41,1178.18)
G1 X935.412 Y1178.184
; Coordinate transform: (927.57,804.48) -> (927.57,1187.52)
G1 X927.570 Y1187.521
; Coordinate transform: (919.74,796.15) -> (919.74,1195.85)
G1 X919.742 Y1195.852
; Coordinate transform: (912.03,788.85) -> (912.03,1203.15)
G1 X912.035 Y1203.146
; Coordinate transform: (904.55,782.62) -> (904.55,1209.38)
G1 X904.552 Y1209.383
; Coordinate transform: (897.38,777.43) -> (897.38,1214.57)
G1 X897.376 Y1214.572
; Coordinate transform: (890.55,773.28) -> (890.55,1218.72)
G1 X890.550 Y1218.720
; Coordinate transform: (884.07,770.12) -> (884.07,1221.88)
G1 X884.074 Y1221.885
; Coordinate transform: (877.92,767.86) -> (877.92,1224.14)
G1 X877.920 Y1224.138
; Coordinate transform: (872.01,766.45) -> (872.01,1225.55)
G1 X872.010 Y1225.549
; Coordinate transform: (866.26,765.81) -> (866.26,1226.19)
G1 X866.257 Y1226.193
; Coordinate transform: (860.56,765.88) -> (860.56,1226.12)
G1 X860.558 Y1226.123
; Coordinate transform: (854.82,766.62) -> (854.82,1225.38)
G1 X854.820 Y1225.380
; Coordinate transform: (848.96,768.01) -> (848.96,1223.99)
G1 X848.961 Y1223.990
; Coordinate transform: (842.89,770.04) -> (842.89,1221.96)
G1 X842.894 Y1221.958
; Coordinate transform: (836.59,772.69) -> (836.59,1219.31)
G1 X836.589 Y1219.309
; Coordinate transform: (830.03,775.94) -> (830.03,1216.06)
G1 X830.031 Y1216.064
; Coordinate transform: (823.26,779.72) -> (823.26,1212.28)
G1 X823.260 Y1212.280
; Coordinate transform: (816.38,783.93) -> (816.38,1208.07)
G1 X816.384 Y1208.073
; Coordinate transform: (809.53,788.42) -> (809.53,1203.58)
G1 X809.526 Y1203.576
; Coordinate transform: (802.81,793.08) -> (802.81,1198.92)
G1 X802.807 Y1198.925
; Coordinate transform: (796.32,797.75) -> (796.32,1194.24)
G1 X796.317 Y1194.245
; Coordinate transform: (790.08,802.40) -> (790.08,1189.60)
G1 X790.082 Y1189.601
; Coordinate transform: (784.09,806.99) -> (784.09,1185.01)
G1 X784.085 Y1185.015
; Coordinate transform: (778.19,811.57) -> (778.19,1180.43)
G1 X778.189 Y1180.435
; Coordinate transform: (772.22,816.24) -> (772.22,1175.76)
G1 X772.221 Y1175.759
; Coordinate transform: (765.96,821.19) -> (765.96,1170.81)
G1 X765.956 Y1170.812
; Coordinate transform: (759.10,826.60) -> (759.10,1165.40)
G1 X759.102 Y1165.398
; Coordinate transform: (751.37,832.68) -> (751.37,1159.32)
G1 X751.373 Y1159.316
; Coordinate transform: (742.51,839.66) -> (742.51,1152.34)
G1 X742.514 Y1152.339
; Coordinate transform: (732.47,847.56) -> (732.47,1144.44)
G1 X732.467 Y1144.436
; Coordinate transform: (721.41,856.25) -> (721.41,1135.75)
G1 X721.408 Y1135.749
; Coordinate transform: (709.86,865.32) -> (709.86,1126.68)
G1 X709.862 Y1126.679
; Coordinate transform: (698.34,874.32) -> (698.34,1117.68)
G1 X698.340 Y1117.679
; Coordinate transform: (687.26,882.75) -> (687.26,1109.25)
G1 X687.261 Y1109.254
; Coordinate transform: (676.88,890.31) -> (676.88,1101.69)
G1 X676.875 Y1101.689
; Coordinate transform: (667.24,896.92) -> (667.24,1095.08)
G1 X667.241 Y1095.080
; Coordinate transform: (658.24,902.55) -> (658.24,1089.45)
G1 X658.235 Y1089.450
; Coordinate transform: (649.62,907.21) -> (649.62,1084.79)
G1 X649.619 Y1084.789
; Coordinate transform: (641.13,910.99) -> (641.13,1081.01)
G1 X641.126 Y1081.014
; Coordinate transform: (632.48,913.97) -> (632.48,1078.03)
G1 X632.483 Y1078.027
; Coordinate transform: (623.44,916.26) -> (623.44,1075.74)
G1 X623.440 Y1075.735
; Coordinate transform: (613.88,917.93) -> (613.88,1074.07)
G1 X613.882 Y1074.074
; Coordinate transform: (603.76,918.98) -> (603.76,1073.02)
G1 X603.764 Y1073.018
; Coordinate transform: (593.35,919.42) -> (593.35,1072.58)
G1 X593.345 Y1072.578
; Coordinate transform: (582.95,919.20) -> (582.95,1072.80)
G1 X582.953 Y1072.798
; Coordinate transform: (572.90,918.26) -> (572.90,1073.74)
G1 X572.903 Y1073.742
; Coordinate transform: (563.43,916.50) -> (563.43,1075.50)
G1 X563.429 Y1075.499
; Coordinate transform: (554.68,913.84) -> (554.68,1078.16)
G1 X554.680 Y1078.156
; Coordinate transform: (546.75,910.21) -> (546.75,1081.79)
G1 X546.747 Y1081.791
; Coordinate transform: (539.67,905.54) -> (539.67,1086.46)
G1 X539.675 Y1086.457
; Coordinate transform: (533.49,899.82) -> (533.49,1092.18)
G1 X533.493 Y1092.180
; Coordinate transform: (528.21,893.06) -> (528.21,1098.94)
G1 X528.206 Y1098.944
; Coordinate transform: (523.86,885.23) -> (523.86,1106.77)
G1 X523.859 Y1106.771
; Coordinate transform: (520.45,876.34) -> (520.45,1115.66)
G1 X520.448 Y1115.660
; Coordinate transform: (517.97,866.34) -> (517.97,1125.66)
G1 X517.969 Y1125.664
; Coordinate transform: (516.41,855.12) -> (516.41,1136.88)
G1 X516.415 Y1136.885
; Coordinate transform: (515.79,842.70) -> (515.79,1149.30)
G1 X515.788 Y1149.299
; Coordinate transform: (516.06,829.27) -> (516.06,1162.73)
G1 X516.063 Y1162.732
; Coordinate transform: (517.13,815.10) -> (517.13,1176.90)
G1 X517.129 Y1176.897
; Coordinate transform: (518.79,800.46) -> (518.79,1191.54)
G1 X518.794 Y1191.541
; Coordinate transform: (520.86,785.55) -> (520.86,1206.45)
G1 X520.859 Y1206.454
; Coordinate transform: (523.14,770.59) -> (523.14,1221.41)
G1 X523.144 Y1221.414
; Coordinate transform: (525.46,755.85) -> (525.46,1236.15)
G1 X525.455 Y1236.152
; Coordinate transform: (527.58,741.61) -> (527.58,1250.39)
G1 X527.582 Y1250.390
; Coordinate transform: (529.39,728.11) -> (529.39,1263.89)
G1 X529.395 Y1263.890
; Coordinate transform: (530.87,715.49) -> (530.87,1276.51)
G1 X530.868 Y1276.506
; Coordinate transform: (532.00,703.81) -> (532.00,1288.19)
G1 X532.005 Y1288.191
; Coordinate transform: (532.79,693.05) -> (532.79,1298.95)
G1 X532.793 Y1298.945
; Coordinate transform: (533.21,683.18) -> (533.21,1308.82)
G1 X533.205 Y1308.819
; Coordinate transform: (533.20,674.07) -> (533.20,1317.93)
G1 X533.203 Y1317.930
; Coordinate transform: (532.74,665.57) -> (532.74,1326.43)
G1 X532.744 Y1326.431
; Coordinate transform: (531.75,657.46) -> (531.75,1334.54)
G1 X531.753 Y1334.542
; Coordinate transform: (530.14,649.49) -> (530.14,1342.51)
G1 X530.143 Y1342.512
; Coordinate transform: (527.82,641.38) -> (527.82,1350.62)
G1 X527.818 Y1350.619
; Coordinate transform: (524.66,632.86) -> (524.66,1359.14)
G1 X524.663 Y1359.145
; Coordinate transform: (520.63,623.65) -> (520.63,1368.35)
G1 X520.633 Y1368.345
; Coordinate transform: (515.72,613.61) -> (515.72,1378.39)
G1 X515.722 Y1378.386
; Coordinate transform: (509.96,602.65) -> (509.96,1389.35)
G1 X509.965 Y1389.348
; Coordinate transform: (503.49,590.88) -> (503.49,1401.12)
G1 X503.492 Y1401.119
; Coordinate transform: (496.51,578.53) -> (496.51,1413.47)
G1 X496.510 Y1413.469
; Coordinate transform: (489.23,565.87) -> (489.23,1426.13)
G1 X489.232 Y1426.129
; Coordinate transform: (481.90,553.17) -> (481.90,1438.83)
G1 X481.899 Y1438.834
; Coordinate transform: (474.68,540.63) -> (474.68,1451.37)
G1 X474.682 Y1451.366
; Coordinate transform: (467.69,528.44) -> (467.69,1463.56)
G1 X467.691 Y1463.559
; Coordinate transform: (460.98,516.69) -> (460.98,1475.31)
G1 X460.975 Y1475.309
; Coordinate transform: (454.42,505.49) -> (454.42,1486.51)
G1 X454.416 Y1486.514
; Coordinate transform: (448.08,494.99) -> (448.08,1497.01)
G1 X448.083 Y1497.006
; Coordinate transform: (441.92,485.26) -> (441.92,1506.74)
G1 X441.921 Y1506.743
; Coordinate transform: (435.85,476.35) -> (435.85,1515.65)
G1 X435.848 Y1515.648
; Coordinate transform: (429.81,468.31) -> (429.81,1523.69)
G1 X429.805 Y1523.689
; Coordinate transform: (423.73,461.14) -> (423.73,1530.86)
G1 X423.733 Y1530.864
; Coordinate transform: (417.56,454.74) -> (417.56,1537.26)
G1 X417.560 Y1537.264
; Coordinate transform: (411.20,449.03) -> (411.20,1542.97)
G1 X411.198 Y1542.971
; Coordinate transform: (404.54,443.89) -> (404.54,1548.11)
G1 X404.543 Y1548.110
; Coordinate transform: (397.49,439.21) -> (397.49,1552.79)
G1 X397.487 Y1552.786
; Coordinate transform: (389.90,434.92) -> (389.90,1557.08)
G1 X389.905 Y1557.076
; Coordinate transform: (381.74,430.93) -> (381.74,1561.07)
G1 X381.743 Y1561.071
; Coordinate transform: (372.94,427.17) -> (372.94,1564.84)
G1 X372.939 Y1564.835
; Coordinate transform: (363.50,423.59) -> (363.50,1568.41)
G1 X363.505 Y1568.410
; Coordinate transform: (353.46,420.18) -> (353.46,1571.82)
G1 X353.458 Y1571.824
; Coordinate transform: (342.87,416.88) -> (342.87,1575.12)
G1 X342.874 Y1575.120
; Coordinate transform: (331.90,413.62) -> (331.90,1578.38)
G1 X331.896 Y1578.381
; Coordinate transform: (320.69,410.28) -> (320.69,1581.72)
G1 X320.693 Y1581.718
; Coordinate transform: (309.47,406.75) -> (309.47,1585.26)
G1 X309.472 Y1585.255
; Coordinate transform: (298.49,402.89) -> (298.49,1589.11)
G1 X298.487 Y1589.110
; Coordinate transform: (287.97,398.58) -> (287.97,1593.41)
G1 X287.973 Y1593.415
; Coordinate transform: (278.12,393.68) -> (278.12,1598.32)
G1 X278.123 Y1598.322
; Coordinate transform: (269.11,388.02) -> (269.11,1603.98)
G1 X269.105 Y1603.978
; Coordinate transform: (261.02,381.55) -> (261.02,1610.45)
G1 X261.024 Y1610.454
; Coordinate transform: (253.99,374.13) -> (253.99,1617.87)
G1 X253.988 Y1617.870
; Coordinate transform: (248.08,365.81) -> (248.08,1626.19)
G1 X248.078 Y1626.189
; Coordinate transform: (243.37,356.58) -> (243.37,1635.42)
G1 X243.374 Y1635.419
; Coordinate transform: (239.93,346.59) -> (239.93,1645.41)
G1 X239.930 Y1645.411
; Coordinate transform: (237.77,336.00) -> (237.77,1656.01)
G1 X237.769 Y1656.005
; Coordinate transform: (236.89,325.00) -> (236.89,1667.00)
G1 X236.892 Y1667.001
; Coordinate transform: (237.22,313.81) -> (237.22,1678.19)
G1 X237.222 Y1678.190
; Coordinate transform: (238.60,302.60) -> (238.60,1689.40)
G1 X238.604 Y1689.403
; Coordinate transform: (240.80,291.51) -> (240.80,1700.49)
G1 X240.802 Y1700.487
; Coordinate transform: (243.54,280.69) -> (243.54,1711.31)
G1 X243.538 Y1711.311
; Coordinate transform: (246.50,270.23) -> (246.50,1721.77)
G1 X246.495 Y1721.767
; Coordinate transform: (249.43,260.16) -> (249.43,1731.84)
G1 X249.426 Y1731.836
; Coordinate transform: (252.05,250.51) -> (252.05,1741.49)
G1 X252.048 Y1741.485
; Coordinate transform: (254.22,241.22) -> (254.22,1750.78)
G1 X254.223 Y1750.778
; Coordinate transform: (255.87,232.20) -> (255.87,1759.80)
G1 X255.871 Y1759.800
; Coordinate transform: (256.94,223.33) -> (256.94,1768.67)
G1 X256.940 Y1768.666
; Coordinate transform: (257.41,214.51) -> (257.41,1777.49)
G1 X257.412 Y1777.485
; Coordinate transform: (257.30,205.65) -> (257.30,1786.35)
G1 X257.297 Y1786.351
; Coordinate transform: (256.60,196.65) -> (256.60,1795.35)
G1 X256.601 Y1795.347
; Coordinate transform: (255.38,187.53) -> (255.38,1804.47)
G1 X255.377 Y1804.471
; Coordinate transform: (253.70,178.29) -> (253.70,1813.71)
G1 X253.700 Y1813.711
; Coordinate transform: (251.69,168.97) -> (251.69,1823.03)
G1 X251.687 Y1823.027
; Coordinate transform: (249.47,159.59) -> (249.47,1832.41)
G1 X249.467 Y1832.411
; Coordinate transform: (247.20,150.10) -> (247.20,1841.90)
G1 X247.198 Y1841.903
; Coordinate transform: (245.03,140.38) -> (245.03,1851.62)
G1 X245.031 Y1851.617
; Coordinate transform: (243.09,130.40) -> (243.09,1861.60)
G1 X243.093 Y1861.596
; Coordinate transform: (241.48,120.31) -> (241.48,1871.69)
G1 X241.484 Y1871.691
; Coordinate transform: (240.26,111.27) -> (240.26,1880.73)
G1 X240.258 Y1880.735
; Coordinate transform: (239.43,104.64) -> (239.43,1887.36)
G1 X239.426 Y1887.359
; Coordinate transform: (238.96,101.26) -> (238.96,1890.74)
G1 X238.956 Y1890.739
; Coordinate transform: (238.79,100.97) -> (238.79,1891.04)
G1 X238.789 Y1891.035
; Coordinate transform: (238.90,103.60) -> (238.90,1888.40)
G1 X238.900 Y1888.399
; Coordinate transform: (239.29,109.02) -> (239.29,1882.98)
G1 X239.293 Y1882.979
; Coordinate transform: (239.99,116.63) -> (239.99,1875.37)
G1 X239.991 Y1875.370
; Coordinate transform: (240.97,125.09) -> (240.97,1866.91)
G1 X240.971 Y1866.914
; Coordinate transform: (242.17,133.54) -> (242.17,1858.46)
G1 X242.172 Y1858.464
; Coordinate transform: (243.53,141.42) -> (243.53,1850.58)
G1 X243.533 Y1850.578
; Coordinate transform: (245.00,148.97) -> (245.00,1843.03)
G1 X245.003 Y1843.033
; Coordinate transform: (246.49,156.38) -> (246.49,1835.62)
G1 X246.489 Y1835.615
; Coordinate transform: (247.90,163.91) -> (247.90,1828.09)
G1 X247.904 Y1828.085
; Coordinate transform: (249.15,171.74) -> (249.15,1820.26)
G1 X249.145 Y1820.260
; Coordinate transform: (250.10,179.94) -> (250.10,1812.07)
G1 X250.098 Y1812.065
; Coordinate transform: (250.64,188.53) -> (250.64,1803.47)
G1 X250.640 Y1803.466
; Coordinate transform: (250.63,197.54) -> (250.63,1794.46)
G1 X250.629 Y1794.461
; Coordinate transform: (249.94,206.93) -> (249.94,1785.07)
G1 X249.941 Y1785.067
; Coordinate transform: (248.44,216.72) -> (248.44,1775.28)
G1 X248.436 Y1775.282
; Coordinate transform: (246.01,226.91) -> (246.01,1765.09)
G1 X246.006 Y1765.090
; Coordinate transform: (242.62,237.51) -> (242.62,1754.49)
G1 X242.620 Y1754.488
; Coordinate transform: (238.30,248.48) -> (238.30,1743.52)
G1 X238.301 Y1743.518
; Coordinate transform: (233.13,259.72) -> (233.13,1732.28)
G1 X233.133 Y1732.281
; Coordinate transform: (227.33,271.06) -> (227.33,1720.94)
G1 X227.331 Y1720.941
; Coordinate transform: (221.23,282.28) -> (221.23,1709.72)
G1 X221.232 Y1709.719
; Coordinate transform: (215.11,293.17) -> (215.11,1698.83)
G1 X215.106 Y1698.830
; Coordinate transform: (209.14,303.62) -> (209.14,1688.38)
G1 X209.140 Y1688.375
; Coordinate transform: (203.30,313.60) -> (203.30,1678.40)
G1 X203.296 Y1678.396
; Coordinate transform: (197.57,323.03) -> (197.57,1668.97)
G1 X197.568 Y1668.966
; Coordinate transform: (191.94,331.97) -> (191.94,1660.03)
G1 X191.944 Y1660.027
; Coordinate transform: (186.33,340.41) -> (186.33,1651.59)
G1 X186.327 Y1651.590
; Coordinate transform: (180.60,348.33) -> (180.60,1643.67)
G1 X180.596 Y1643.666
; Coordinate transform: (174.62,355.72) -> (174.62,1636.28)
G1 X174.621 Y1636.284
; Coordinate transform: (168.25,362.54) -> (168.25,1629.46)
G1 X168.255 Y1629.463
; Coordinate transform: (161.33,368.79) -> (161.33,1623.21)
G1 X161.327 Y1623.215
; Coordinate transform: (153.59,374.46) -> (153.59,1617.54)
G1 X153.593 Y1617.540
; Coordinate transform: (144.76,379.59) -> (144.76,1612.41)
G1 X144.764 Y1612.411
; Coordinate transform: (134.51,384.19) -> (134.51,1607.81)
G1 X134.508 Y1607.808
; Coordinate transform: (122.70,388.33) -> (122.70,1603.67)
G1 X122.705 Y1603.669
; Coordinate transform: (110.46,392.08) -> (110.46,1599.92)
G1 X110.462 Y1599.920
; Coordinate transform: (99.82,395.52) -> (99.82,1596.48)
G1 X99.817 Y1596.479
; Coordinate transform: (92.39,398.73) -> (92.39,1593.27)
G1 X92.387 Y1593.270
; Coordinate transform: (88.24,401.78) -> (88.24,1590.22)
G1 X88.242 Y1590.223
M400 ; Wait for drawing to complete
; === STOP BRUSH SEQUENCE ===
; STOP BRUSH A
G4 P50 ; Short delay before stepper command
G1 U0.000 F200.0 ; Close Brush A flow
M400 ; Wait for stepper motion to complete
M106 P2 S0 ; Brush A air off
; Z already at 84.000mm, above safe threshold of 10.000mm, no need to raise
; === END STOP BRUSH SEQUENCE ===
; === PATH END ===


; Path 5/49 (id: path5)
; WIDTH: requested=117.176mm, actual=117.176mm, compensation=1.000
; Z HEIGHT: 84.000mm (min=4.0, max=84.0)
; PAINT FLOW: 0.500 (baseline=0.1, max=0.5)
; PAINT FLOW COMPONENTS: base=0.100, width=0.300, opacity=0.100
; FEEDRATE: 594.5 mm/min (z_factor=0.0259, speed_factor=0.956)
; WARNING: Requested stroke width 117.2mm exceeds machine capability.
; H.Airbrush cannot draw strokes wider than 6.6mm at 1mm/s minimum speed.
; Stroke width has been reduced to 6.6mm.
; ===== STROKE PARAMETERS =====
; Color: black
; Width: 117.18mm
; Opacity: 0.25
; Brush: brush_a (index 0)
T0 ; Select Brush A (Black)
; ===== AIRBRUSH SETTINGS =====
; Z-height: 84.00mm
; Paint flow: 0.50
; Feedrate: 594.5mm/min (includes Z scaling)
; Using brush: brush_a (tool 0)
; Path with Brush A (black) at Z=84.000mm
; Using: Air=P2, Flow=A axis
; Drawing Z height: 84.000mm, Travel Z height: 10.000mm
; Machine Z range: 0-84mm (Safe range: 5-80mm)
; === START BRUSH SEQUENCE ===
; START BRUSH A
; Z already at 84.000mm, above safe threshold of 10.000mm, no need to raise
T0 ; Select Tool 0 (Brush A)
G4 P500 ; Wait for tool change to complete
; === END BRUSH SEQUENCE ===
; Coordinate transform: (203.05,1129.60) -> (203.05,862.40)
G0 X203.052 Y862.400 F24000
M400 ; Wait for XY movement to complete
G1 Z84.000 F1200
M400 ; Wait for Z movement to complete
; === ACTIVATE BRUSH AT POSITION ===
; AIR ON FIRST - Important to prevent dripping
M106 P2 S1 ; Brush A air on
; PAINT ON AFTER AIR
G4 P50 ; Short delay before stepper command
G1 U2.400 F200.0 ; Set Brush A flow to 2.400mm
M400 ; Wait for stepper motion to complete
; === BRUSH ACTIVATED ===
G1 F594.4557554428459
; Coordinate transform: (202.71,1129.50) -> (202.71,862.50)
G1 X202.711 Y862.500
; Coordinate transform: (202.22,1129.34) -> (202.22,862.66)
G1 X202.215 Y862.660
; Coordinate transform: (201.57,1129.12) -> (201.57,862.88)
G1 X201.570 Y862.880
; Coordinate transform: (200.79,1128.85) -> (200.79,863.15)
G1 X200.788 Y863.150
; Coordinate transform: (199.88,1128.52) -> (199.88,863.48)
G1 X199.877 Y863.480
; Coordinate transform: (198.84,1128.13) -> (198.84,863.87)
G1 X198.845 Y863.870
; Coordinate transform: (197.69,1127.69) -> (197.69,864.31)
G1 X197.695 Y864.310
; Coordinate transform: (196.42,1127.21) -> (196.42,864.79)
G1 X196.422 Y864.790
; Coordinate transform: (194.99,1126.66) -> (194.99,865.34)
G1 X194.991 Y865.340
; Coordinate transform: (193.36,1126.04) -> (193.36,865.96)
G1 X193.359 Y865.960
; Coordinate transform: (191.47,1125.33) -> (191.47,866.67)
G1 X191.465 Y866.670
; Coordinate transform: (189.23,1124.51) -> (189.23,867.49)
G1 X189.234 Y867.490
; Coordinate transform: (186.58,1123.53) -> (186.58,868.47)
G1 X186.581 Y868.470
; Coordinate transform: (183.42,1122.38) -> (183.42,869.62)
G1 X183.418 Y869.620
; Coordinate transform: (179.62,1121.00) -> (179.62,871.00)
G1 X179.625 Y871.000
; Coordinate transform: (175.05,1119.34) -> (175.05,872.66)
G1 X175.046 Y872.660
; Coordinate transform: (169.50,1117.34) -> (169.50,874.66)
G1 X169.497 Y874.660
; Coordinate transform: (162.82,1114.96) -> (162.82,877.04)
G1 X162.823 Y877.040
; Coordinate transform: (154.82,1112.14) -> (154.82,879.86)
G1 X154.820 Y879.860
; Coordinate transform: (145.49,1108.86) -> (145.49,883.14)
G1 X145.494 Y883.140
; Coordinate transform: (134.97,1105.19) -> (134.97,886.81)
G1 X134.969 Y886.810
; Coordinate transform: (123.82,1101.18) -> (123.82,890.82)
G1 X123.821 Y890.820
; Coordinate transform: (113.59,1096.93) -> (113.59,895.07)
G1 X113.593 Y895.070
; Coordinate transform: (106.18,1092.57) -> (106.18,899.43)
G1 X106.178 Y899.430
; Coordinate transform: (102.06,1088.21) -> (102.06,903.79)
G1 X102.055 Y903.790
; Coordinate transform: (101.06,1083.89) -> (101.06,908.11)
G1 X101.062 Y908.110
; Coordinate transform: (103.04,1079.55) -> (103.04,912.45)
G1 X103.039 Y912.450
; Coordinate transform: (107.83,1075.13) -> (107.83,916.87)
G1 X107.831 Y916.870
; Coordinate transform: (115.27,1070.45) -> (115.27,921.55)
G1 X115.273 Y921.550
; Coordinate transform: (124.92,1065.17) -> (124.92,926.83)
G1 X124.920 Y926.830
; Coordinate transform: (135.36,1059.14) -> (135.36,932.86)
G1 X135.356 Y932.860
; Coordinate transform: (145.68,1052.25) -> (145.68,939.75)
G1 X145.682 Y939.750
; Coordinate transform: (155.85,1044.51) -> (155.85,947.49)
G1 X155.851 Y947.490
; Coordinate transform: (165.91,1036.02) -> (165.91,955.98)
G1 X165.909 Y955.980
; Coordinate transform: (175.88,1026.95) -> (175.88,965.05)
G1 X175.883 Y965.050
; Coordinate transform: (185.71,1017.50) -> (185.71,974.50)
G1 X185.710 Y974.500
; Coordinate transform: (195.35,1007.88) -> (195.35,984.12)
G1 X195.346 Y984.120
; Coordinate transform: (204.77,998.24) -> (204.77,993.76)
G1 X204.771 Y993.759
; Coordinate transform: (213.98,988.70) -> (213.98,1003.30)
G1 X213.978 Y1003.304
; Coordinate transform: (222.96,979.32) -> (222.96,1012.68)
G1 X222.956 Y1012.679
; Coordinate transform: (231.69,970.16) -> (231.69,1021.84)
G1 X231.685 Y1021.844
; Coordinate transform: (240.11,961.26) -> (240.11,1030.74)
G1 X240.114 Y1030.744
; Coordinate transform: (248.19,952.63) -> (248.19,1039.37)
G1 X248.189 Y1039.370
; Coordinate transform: (255.69,944.50) -> (255.69,1047.49)
G1 X255.691 Y1047.495
; Coordinate transform: (262.61,936.98) -> (262.61,1055.02)
G1 X262.607 Y1055.020
; Coordinate transform: (268.86,930.14) -> (268.86,1061.86)
G1 X268.862 Y1061.858
; Coordinate transform: (274.43,924.05) -> (274.43,1067.95)
G1 X274.425 Y1067.946
; Coordinate transform: (279.30,918.73) -> (279.30,1073.27)
G1 X279.299 Y1073.268
; Coordinate transform: (283.54,914.14) -> (283.54,1077.86)
G1 X283.542 Y1077.856
; Coordinate transform: (287.22,910.21) -> (287.22,1081.79)
G1 X287.223 Y1081.786
; Coordinate transform: (290.43,906.86) -> (290.43,1085.14)
G1 X290.432 Y1085.143
; Coordinate transform: (293.27,903.98) -> (293.27,1088.02)
G1 X293.275 Y1088.018
; Coordinate transform: (295.86,901.49) -> (295.86,1090.51)
G1 X295.858 Y1090.507
; Coordinate transform: (298.27,899.31) -> (298.27,1092.69)
G1 X298.270 Y1092.692
; Coordinate transform: (300.65,897.39) -> (300.65,1094.61)
G1 X300.646 Y1094.606
; Coordinate transform: (303.09,895.57) -> (303.09,1096.43)
G1 X303.086 Y1096.431
; Coordinate transform: (305.64,893.74) -> (305.64,1098.26)
G1 X305.638 Y1098.258
; Coordinate transform: (308.41,891.82) -> (308.41,1100.18)
G1 X308.406 Y1100.182
; Coordinate transform: (311.50,889.70) -> (311.50,1102.30)
G1 X311.504 Y1102.299
; Coordinate transform: (315.03,887.29) -> (315.03,1104.71)
G1 X315.027 Y1104.713
; Coordinate transform: (319.09,884.45) -> (319.09,1107.55)
G1 X319.090 Y1107.546
; Coordinate transform: (323.83,881.05) -> (323.83,1110.95)
G1 X323.827 Y1110.949
; Coordinate transform: (329.37,876.91) -> (329.37,1115.09)
G1 X329.370 Y1115.091
; Coordinate transform: (335.76,871.88) -> (335.76,1120.12)
G1 X335.764 Y1120.120
; Coordinate transform: (343.05,865.83) -> (343.05,1126.17)
G1 X343.049 Y1126.167
; Coordinate transform: (351.11,858.66) -> (351.11,1133.34)
G1 X351.106 Y1133.344
; Coordinate transform: (359.74,850.36) -> (359.74,1141.64)
G1 X359.739 Y1141.636
; Coordinate transform: (368.58,841.03) -> (368.58,1150.97)
G1 X368.578 Y1150.972
; Coordinate transform: (377.24,830.92) -> (377.24,1161.08)
G1 X377.235 Y1161.077
; Coordinate transform: (385.35,820.36) -> (385.35,1171.64)
G1 X385.345 Y1171.640
; Coordinate transform: (392.66,809.63) -> (392.66,1182.37)
G1 X392.660 Y1182.366
; Coordinate transform: (399.11,798.98) -> (399.11,1193.02)
G1 X399.109 Y1193.017
; Coordinate transform: (404.75,788.54) -> (404.75,1203.46)
G1 X404.749 Y1203.457
; Coordinate transform: (409.71,778.38) -> (409.71,1213.62)
G1 X409.710 Y1213.616
; Coordinate transform: (414.18,768.54) -> (414.18,1223.46)
G1 X414.175 Y1223.464
; Coordinate transform: (418.30,759.04) -> (418.30,1232.96)
G1 X418.297 Y1232.957
; Coordinate transform: (422.39,750.08) -> (422.39,1241.92)
G1 X422.386 Y1241.916
; Coordinate transform: (426.53,741.77) -> (426.53,1250.23)
G1 X426.528 Y1250.226
; Coordinate transform: (430.86,734.23) -> (430.86,1257.77)
G1 X430.861 Y1257.769
; Coordinate transform: (435.50,727.54) -> (435.50,1264.45)
G1 X435.502 Y1264.455
; Coordinate transform: (440.56,721.72) -> (440.56,1270.28)
G1 X440.564 Y1270.278
; Coordinate transform: (446.13,716.73) -> (446.13,1275.27)
G1 X446.130 Y1275.273
; Coordinate transform: (452.23,712.51) -> (452.23,1279.49)
G1 X452.230 Y1279.490
; Coordinate transform: (458.89,708.97) -> (458.89,1283.03)
G1 X458.891 Y1283.029
; Coordinate transform: (466.08,706.04) -> (466.08,1285.96)
G1 X466.085 Y1285.962
; Coordinate transform: (473.76,703.66) -> (473.76,1288.34)
G1 X473.764 Y1288.339
; Coordinate transform: (481.83,701.82) -> (481.83,1290.18)
G1 X481.831 Y1290.176
; Coordinate transform: (490.17,700.53) -> (490.17,1291.47)
G1 X490.174 Y1291.465
; Coordinate transform: (498.64,699.84) -> (498.64,1292.16)
G1 X498.644 Y1292.165
; Coordinate transform: (507.11,699.78) -> (507.11,1292.22)
G1 X507.109 Y1292.220
; Coordinate transform: (515.49,700.45) -> (515.49,1291.55)
G1 X515.493 Y1291.553
; Coordinate transform: (523.78,701.92) -> (523.78,1290.08)
G1 X523.784 Y1290.081
; Coordinate transform: (532.05,704.26) -> (532.05,1287.74)
G1 X532.049 Y1287.735
; Coordinate transform: (540.41,707.53) -> (540.41,1284.47)
G1 X540.406 Y1284.466
; Coordinate transform: (548.97,711.73) -> (548.97,1280.27)
G1 X548.973 Y1280.270
; Coordinate transform: (557.92,716.81) -> (557.92,1275.19)
G1 X557.919 Y1275.189
; Coordinate transform: (567.40,722.70) -> (567.40,1269.30)
G1 X567.403 Y1269.297
; Coordinate transform: (577.58,729.28) -> (577.58,1262.72)
G1 X577.575 Y1262.718
; Coordinate transform: (588.51,736.44) -> (588.51,1255.56)
G1 X588.515 Y1255.561
; Coordinate transform: (600.25,743.99) -> (600.25,1248.01)
G1 X600.245 Y1248.006
; Coordinate transform: (612.77,751.73) -> (612.77,1240.27)
G1 X612.766 Y1240.272
; Coordinate transform: (626.06,759.49) -> (626.06,1232.51)
G1 X626.059 Y1232.514
; Coordinate transform: (640.05,767.11) -> (640.05,1224.89)
G1 X640.054 Y1224.892
; Coordinate transform: (654.59,774.44) -> (654.59,1217.56)
G1 X654.594 Y1217.560
; Coordinate transform: (669.44,781.33) -> (669.44,1210.67)
G1 X669.439 Y1210.668
; Coordinate transform: (684.18,787.57) -> (684.18,1204.43)
G1 X684.180 Y1204.426
; Coordinate transform: (698.24,792.91) -> (698.24,1199.09)
G1 X698.235 Y1199.086
; Coordinate transform: (710.95,797.10) -> (710.95,1194.90)
G1 X710.945 Y1194.898
; Coordinate transform: (721.76,799.96) -> (721.76,1192.04)
G1 X721.760 Y1192.036
; Coordinate transform: (730.37,801.43) -> (730.37,1190.57)
G1 X730.368 Y1190.565
; Coordinate transform: (736.70,801.51) -> (736.70,1190.49)
G1 X736.695 Y1190.492
; Coordinate transform: (740.89,800.20) -> (740.89,1191.80)
G1 X740.894 Y1191.801
; Coordinate transform: (743.17,797.48) -> (743.17,1194.52)
G1 X743.167 Y1194.518
; Coordinate transform: (743.67,793.25) -> (743.67,1198.75)
G1 X743.670 Y1198.749
; Coordinate transform: (742.52,787.30) -> (742.52,1204.70)
G1 X742.521 Y1204.703
; Coordinate transform: (739.84,779.48) -> (739.84,1212.52)
G1 X739.844 Y1212.522
; Coordinate transform: (735.79,769.70) -> (735.79,1222.30)
G1 X735.791 Y1222.296
; Coordinate transform: (730.59,758.13) -> (730.59,1233.87)
G1 X730.585 Y1233.873
; Coordinate transform: (724.56,745.16) -> (724.56,1246.84)
G1 X724.560 Y1246.836
; Coordinate transform: (718.10,731.48) -> (718.10,1260.52)
G1 X718.103 Y1260.517
; Coordinate transform: (711.51,717.67) -> (711.51,1274.33)
G1 X711.508 Y1274.325
; Coordinate transform: (704.99,704.12) -> (704.99,1287.88)
G1 X704.985 Y1287.877
; Coordinate transform: (698.67,691.11) -> (698.67,1300.89)
G1 X698.670 Y1300.891
; Coordinate transform: (692.79,678.88) -> (692.79,1313.12)
G1 X692.793 Y1313.119
; Coordinate transform: (687.36,667.48) -> (687.36,1324.52)
G1 X687.364 Y1324.516
; Coordinate transform: (682.53,657.05) -> (682.53,1334.95)
G1 X682.529 Y1334.946
; Coordinate transform: (678.43,647.63) -> (678.43,1344.37)
G1 X678.435 Y1344.367
; Coordinate transform: (675.18,639.05) -> (675.18,1352.95)
G1 X675.180 Y1352.950
; Coordinate transform: (672.83,631.12) -> (672.83,1360.88)
G1 X672.825 Y1360.883
; Coordinate transform: (671.42,623.62) -> (671.42,1368.38)
G1 X671.418 Y1368.382
; Coordinate transform: (670.99,616.29) -> (670.99,1375.71)
G1 X670.991 Y1375.714
; Coordinate transform: (671.58,608.82) -> (671.58,1383.18)
G1 X671.576 Y1383.178
; Coordinate transform: (673.20,600.90) -> (673.20,1391.10)
G1 X673.203 Y1391.097
; Coordinate transform: (675.92,592.18) -> (675.92,1399.82)
G1 X675.920 Y1399.822
; Coordinate transform: (679.74,582.61) -> (679.74,1409.39)
G1 X679.739 Y1409.394
; Coordinate transform: (684.68,572.31) -> (684.68,1419.69)
G1 X684.681 Y1419.690
; Coordinate transform: (690.73,561.71) -> (690.73,1430.29)
G1 X690.728 Y1430.292
; Coordinate transform: (697.75,551.19) -> (697.75,1440.81)
G1 X697.747 Y1440.813
; Coordinate transform: (705.38,540.99) -> (705.38,1451.01)
G1 X705.375 Y1451.014
; Coordinate transform: (713.28,531.14) -> (713.28,1460.86)
G1 X713.284 Y1460.855
; Coordinate transform: (721.46,521.74) -> (721.46,1470.26)
G1 X721.457 Y1470.256
; Coordinate transform: (729.80,513.06) -> (729.80,1478.94)
G1 X729.798 Y1478.936
; Coordinate transform: (738.25,505.55) -> (738.25,1486.45)
G1 X738.253 Y1486.450
; Coordinate transform: (746.51,499.43) -> (746.51,1492.57)
G1 X746.507 Y1492.569
; Coordinate transform: (754.37,494.97) -> (754.37,1497.03)
G1 X754.368 Y1497.030
; Coordinate transform: (761.67,491.99) -> (761.67,1500.01)
G1 X761.673 Y1500.006
; Coordinate transform: (768.40,490.31) -> (768.40,1501.69)
G1 X768.404 Y1501.692
; Coordinate transform: (774.69,489.66) -> (774.69,1502.34)
G1 X774.691 Y1502.337
; Coordinate transform: (780.68,489.91) -> (780.68,1502.09)
G1 X780.678 Y1502.089
; Coordinate transform: (786.53,490.98) -> (786.53,1501.02)
G1 X786.528 Y1501.024
; Coordinate transform: (792.41,492.83) -> (792.41,1499.17)
G1 X792.411 Y1499.168
; Coordinate transform: (798.46,495.52) -> (798.46,1496.48)
G1 X798.460 Y1496.477
; Coordinate transform: (804.71,499.16) -> (804.71,1492.84)
G1 X804.713 Y1492.843
; Coordinate transform: (811.24,503.86) -> (811.24,1488.14)
G1 X811.236 Y1488.145
; Coordinate transform: (817.81,509.74) -> (817.81,1482.26)
G1 X817.813 Y1482.263
; Coordinate transform: (824.11,517.04) -> (824.11,1474.96)
G1 X824.114 Y1474.961
; Coordinate transform: (829.95,525.99) -> (829.95,1466.01)
G1 X829.945 Y1466.011
; Coordinate transform: (835.14,536.97) -> (835.14,1455.03)
G1 X835.142 Y1455.033
; Coordinate transform: (839.68,550.03) -> (839.68,1441.97)
G1 X839.684 Y1441.969
; Coordinate transform: (844.01,564.89) -> (844.01,1427.11)
G1 X844.011 Y1427.109
; Coordinate transform: (848.46,581.02) -> (848.46,1410.97)
G1 X848.455 Y1410.975
; Coordinate transform: (853.08,597.87) -> (853.08,1394.13)
G1 X853.078 Y1394.135
; Coordinate transform: (857.70,614.91) -> (857.70,1377.09)
G1 X857.704 Y1377.091
; Coordinate transform: (862.16,631.65) -> (862.16,1360.35)
G1 X862.161 Y1360.352
; Coordinate transform: (866.31,647.71) -> (866.31,1344.29)
G1 X866.307 Y1344.291
; Coordinate transform: (870.13,662.61) -> (870.13,1329.39)
G1 X870.134 Y1329.392
; Coordinate transform: (873.61,676.02) -> (873.61,1315.98)
G1 X873.614 Y1315.979
; Coordinate transform: (876.81,687.68) -> (876.81,1304.32)
G1 X876.807 Y1304.318
; Coordinate transform: (879.85,697.42) -> (879.85,1294.58)
G1 X879.849 Y1294.577
; Coordinate transform: (882.93,705.21) -> (882.93,1286.79)
G1 X882.931 Y1286.794
; Coordinate transform: (886.24,711.11) -> (886.24,1280.89)
G1 X886.240 Y1280.889
; Coordinate transform: (889.97,715.31) -> (889.97,1276.69)
G1 X889.969 Y1276.692
; Coordinate transform: (894.31,717.98) -> (894.31,1274.02)
G1 X894.306 Y1274.024
; Coordinate transform: (899.43,719.29) -> (899.43,1272.71)
G1 X899.435 Y1272.709
; Coordinate transform: (905.50,719.45) -> (905.50,1272.55)
G1 X905.502 Y1272.547
; Coordinate transform: (912.67,718.63) -> (912.67,1273.37)
G1 X912.674 Y1273.369
; Coordinate transform: (921.07,716.98) -> (921.07,1275.02)
G1 X921.069 Y1275.017
; Coordinate transform: (930.80,714.67) -> (930.80,1277.33)
G1 X930.798 Y1277.327
; Coordinate transform: (941.84,711.88) -> (941.84,1280.12)
G1 X941.839 Y1280.116
; Coordinate transform: (954.09,708.84) -> (954.09,1283.16)
G1 X954.089 Y1283.160
; Coordinate transform: (967.31,705.79) -> (967.31,1286.21)
G1 X967.313 Y1286.214
; Coordinate transform: (981.15,702.99) -> (981.15,1289.01)
G1 X981.154 Y1289.009
; Coordinate transform: (995.23,700.70) -> (995.23,1291.30)
G1 X995.227 Y1291.299
; Coordinate transform: (1009.15,699.07) -> (1009.15,1292.93)
G1 X1009.150 Y1292.926
; Coordinate transform: (1022.62,698.15) -> (1022.62,1293.85)
G1 X1022.620 Y1293.849
; Coordinate transform: (1035.44,697.86) -> (1035.44,1294.14)
G1 X1035.440 Y1294.142
; Coordinate transform: (1047.47,698.03) -> (1047.47,1293.97)
G1 X1047.470 Y1293.966
; Coordinate transform: (1058.62,698.47) -> (1058.62,1293.53)
G1 X1058.620 Y1293.526
; Coordinate transform: (1068.85,698.97) -> (1068.85,1293.03)
G1 X1068.850 Y1293.032
; Coordinate transform: (1078.19,699.33) -> (1078.19,1292.67)
G1 X1078.190 Y1292.675
; Coordinate transform: (1086.68,699.38) -> (1086.68,1292.62)
G1 X1086.680 Y1292.620
; Coordinate transform: (1094.44,699.00) -> (1094.44,1292.99)
G1 X1094.440 Y1292.995
; Coordinate transform: (1101.60,698.11) -> (1101.60,1293.89)
G1 X1101.600 Y1293.891
; Coordinate transform: (1108.31,696.63) -> (1108.31,1295.37)
G1 X1108.310 Y1295.372
; Coordinate transform: (1114.75,694.54) -> (1114.75,1297.46)
G1 X1114.750 Y1297.462
; Coordinate transform: (1121.11,691.83) -> (1121.11,1300.17)
G1 X1121.110 Y1300.172
; Coordinate transform: (1127.54,688.52) -> (1127.54,1303.47)
G1 X1127.540 Y1303.475
; Coordinate transform: (1134.24,684.66) -> (1134.24,1307.34)
G1 X1134.240 Y1307.343
; Coordinate transform: (1141.24,680.30) -> (1141.24,1311.70)
G1 X1141.240 Y1311.695
; Coordinate transform: (1148.59,675.55) -> (1148.59,1316.45)
G1 X1148.590 Y1316.450
; Coordinate transform: (1156.24,670.47) -> (1156.24,1321.53)
G1 X1156.240 Y1321.532
; Coordinate transform: (1164.16,665.15) -> (1164.16,1326.85)
G1 X1164.160 Y1326.851
; Coordinate transform: (1172.26,659.64) -> (1172.26,1332.36)
G1 X1172.260 Y1332.355
; Coordinate transform: (1180.52,653.99) -> (1180.52,1338.01)
G1 X1180.520 Y1338.015
; Coordinate transform: (1188.88,648.28) -> (1188.88,1343.72)
G1 X1188.880 Y1343.715
; Coordinate transform: (1197.29,642.62) -> (1197.29,1349.38)
G1 X1197.290 Y1349.378
; Coordinate transform: (1205.69,637.05) -> (1205.69,1354.95)
G1 X1205.690 Y1354.954
; Coordinate transform: (1214.02,631.63) -> (1214.02,1360.37)
G1 X1214.020 Y1360.365
; Coordinate transform: (1222.16,626.46) -> (1222.16,1365.54)
G1 X1222.160 Y1365.542
; Coordinate transform: (1230.06,621.60) -> (1230.06,1370.40)
G1 X1230.060 Y1370.401
; Coordinate transform: (1237.65,617.14) -> (1237.65,1374.86)
G1 X1237.650 Y1374.855
; Coordinate transform: (1245.02,613.01) -> (1245.02,1378.99)
G1 X1245.020 Y1378.992
; Coordinate transform: (1252.20,609.13) -> (1252.20,1382.87)
G1 X1252.200 Y1382.872
; Coordinate transform: (1259.35,605.47) -> (1259.35,1386.53)
G1 X1259.350 Y1386.526
; Coordinate transform: (1266.68,602.02) -> (1266.68,1389.98)
G1 X1266.680 Y1389.983
; Coordinate transform: (1274.24,598.76) -> (1274.24,1393.24)
G1 X1274.240 Y1393.240
; Coordinate transform: (1282.04,595.78) -> (1282.04,1396.22)
G1 X1282.040 Y1396.224
; Coordinate transform: (1290.08,593.13) -> (1290.08,1398.87)
G1 X1290.080 Y1398.865
; Coordinate transform: (1298.44,590.89) -> (1298.44,1401.11)
G1 X1298.440 Y1401.106
; Coordinate transform: (1307.24,589.02) -> (1307.24,1402.98)
G1 X1307.240 Y1402.981
; Coordinate transform: (1316.58,587.47) -> (1316.58,1404.53)
G1 X1316.580 Y1404.532
; Coordinate transform: (1326.45,586.19) -> (1326.45,1405.81)
G1 X1326.450 Y1405.806
; Coordinate transform: (1336.78,585.17) -> (1336.78,1406.83)
G1 X1336.780 Y1406.826
; Coordinate transform: (1347.51,584.43) -> (1347.51,1407.57)
G1 X1347.510 Y1407.568
; Coordinate transform: (1358.61,584.05) -> (1358.61,1407.95)
G1 X1358.610 Y1407.953
; Coordinate transform: (1370.10,584.18) -> (1370.10,1407.82)
G1 X1370.100 Y1407.823
; Coordinate transform: (1382.00,584.98) -> (1382.00,1407.02)
G1 X1382.000 Y1407.021
; Coordinate transform: (1394.35,586.57) -> (1394.35,1405.43)
G1 X1394.350 Y1405.429
; Coordinate transform: (1407.15,589.00) -> (1407.15,1403.00)
G1 X1407.150 Y1403.001
; Coordinate transform: (1420.24,592.28) -> (1420.24,1399.72)
G1 X1420.240 Y1399.715
; Coordinate transform: (1433.36,596.50) -> (1433.36,1395.51)
G1 X1433.360 Y1395.505
; Coordinate transform: (1446.40,601.69) -> (1446.40,1390.31)
G1 X1446.400 Y1390.311
; Coordinate transform: (1459.12,607.78) -> (1459.12,1384.22)
G1 X1459.120 Y1384.216
; Coordinate transform: (1471.14,614.70) -> (1471.14,1377.30)
G1 X1471.140 Y1377.304
; Coordinate transform: (1482.24,622.48) -> (1482.24,1369.52)
G1 X1482.240 Y1369.522
; Coordinate transform: (1492.26,631.10) -> (1492.26,1360.90)
G1 X1492.260 Y1360.899
; Coordinate transform: (1501.05,640.73) -> (1501.05,1351.27)
G1 X1501.050 Y1351.268
; Coordinate transform: (1508.75,651.75) -> (1508.75,1340.25)
G1 X1508.750 Y1340.250
; Coordinate transform: (1515.58,664.46) -> (1515.58,1327.54)
G1 X1515.580 Y1327.539
; Coordinate transform: (1521.68,678.76) -> (1521.68,1313.24)
G1 X1521.680 Y1313.242
; Coordinate transform: (1527.07,694.09) -> (1527.07,1297.91)
G1 X1527.070 Y1297.911
; Coordinate transform: (1531.81,709.28) -> (1531.81,1282.72)
G1 X1531.810 Y1282.718
; Coordinate transform: (1535.94,723.64) -> (1535.94,1268.36)
G1 X1535.940 Y1268.356
; Coordinate transform: (1539.56,737.04) -> (1539.56,1254.96)
G1 X1539.560 Y1254.957
; Coordinate transform: (1542.73,749.67) -> (1542.73,1242.33)
G1 X1542.730 Y1242.334
; Coordinate transform: (1545.39,761.80) -> (1545.39,1230.20)
G1 X1545.390 Y1230.201
; Coordinate transform: (1547.17,773.37) -> (1547.17,1218.63)
G1 X1547.170 Y1218.628
; Coordinate transform: (1547.29,784.39) -> (1547.29,1207.61)
G1 X1547.290 Y1207.607
; Coordinate transform: (1545.10,795.36) -> (1545.10,1196.64)
G1 X1545.100 Y1196.638
; Coordinate transform: (1540.56,806.70) -> (1540.56,1185.30)
G1 X1540.560 Y1185.304
; Coordinate transform: (1534.32,818.34) -> (1534.32,1173.66)
G1 X1534.320 Y1173.665
; Coordinate transform: (1527.06,829.62) -> (1527.06,1162.38)
G1 X1527.060 Y1162.383
; Coordinate transform: (1519.86,839.88) -> (1519.86,1152.12)
G1 X1519.860 Y1152.124
; Coordinate transform: (1513.53,849.00) -> (1513.53,1143.01)
G1 X1513.530 Y1143.005
; Coordinate transform: (1507.94,857.89) -> (1507.94,1134.11)
G1 X1507.940 Y1134.110
; Coordinate transform: (1502.67,867.74) -> (1502.67,1124.26)
G1 X1502.670 Y1124.263
; Coordinate transform: (1497.07,878.52) -> (1497.07,1113.48)
G1 X1497.070 Y1113.484
; Coordinate transform: (1491.50,888.76) -> (1491.50,1103.24)
G1 X1491.500 Y1103.236
; Coordinate transform: (1486.07,897.37) -> (1486.07,1094.63)
G1 X1486.070 Y1094.632
; Coordinate transform: (1480.51,904.33) -> (1480.51,1087.67)
G1 X1480.510 Y1087.672
; Coordinate transform: (1474.42,910.00) -> (1474.42,1082.00)
G1 X1474.420 Y1081.999
; Coordinate transform: (1467.71,914.60) -> (1467.71,1077.40)
G1 X1467.710 Y1077.405
; Coordinate transform: (1460.34,918.28) -> (1460.34,1073.72)
G1 X1460.340 Y1073.717
; Coordinate transform: (1452.29,921.21) -> (1452.29,1070.79)
G1 X1452.290 Y1070.789
; Coordinate transform: (1443.56,923.51) -> (1443.56,1068.49)
G1 X1443.560 Y1068.490
; Coordinate transform: (1434.39,925.16) -> (1434.39,1066.84)
G1 X1434.390 Y1066.842
; Coordinate transform: (1425.08,926.07) -> (1425.08,1065.93)
G1 X1425.080 Y1065.930
; Coordinate transform: (1415.73,926.16) -> (1415.73,1065.84)
G1 X1415.730 Y1065.837
; Coordinate transform: (1406.40,925.43) -> (1406.40,1066.57)
G1 X1406.400 Y1066.573
; Coordinate transform: (1397.11,923.91) -> (1397.11,1068.09)
G1 X1397.110 Y1068.091
; Coordinate transform: (1388.00,921.71) -> (1388.00,1070.29)
G1 X1388.000 Y1070.293
; Coordinate transform: (1379.19,918.89) -> (1379.19,1073.11)
G1 X1379.190 Y1073.113
; Coordinate transform: (1370.78,915.45) -> (1370.78,1076.55)
G1 X1370.780 Y1076.550
; Coordinate transform: (1362.72,911.35) -> (1362.72,1080.65)
G1 X1362.720 Y1080.653
; Coordinate transform: (1354.96,906.51) -> (1354.96,1085.49)
G1 X1354.960 Y1085.488
; Coordinate transform: (1347.46,900.98) -> (1347.46,1091.02)
G1 X1347.460 Y1091.018
; Coordinate transform: (1340.30,894.89) -> (1340.30,1097.11)
G1 X1340.300 Y1097.113
; Coordinate transform: (1333.58,888.35) -> (1333.58,1103.65)
G1 X1333.580 Y1103.646
; Coordinate transform: (1327.39,881.59) -> (1327.39,1110.41)
G1 X1327.390 Y1110.414
; Coordinate transform: (1321.80,874.78) -> (1321.80,1117.22)
G1 X1321.800 Y1117.221
; Coordinate transform: (1316.89,868.10) -> (1316.89,1123.90)
G1 X1316.890 Y1123.897
; Coordinate transform: (1312.72,861.71) -> (1312.72,1130.29)
G1 X1312.720 Y1130.291
; Coordinate transform: (1309.34,855.71) -> (1309.34,1136.29)
G1 X1309.340 Y1136.293
; Coordinate transform: (1306.75,850.17) -> (1306.75,1141.83)
G1 X1306.750 Y1141.826
; Coordinate transform: (1304.89,845.14) -> (1304.89,1146.86)
G1 X1304.890 Y1146.855
; Coordinate transform: (1303.72,840.48) -> (1303.72,1151.52)
G1 X1303.720 Y1151.518
; Coordinate transform: (1303.16,836.03) -> (1303.16,1155.97)
G1 X1303.160 Y1155.974
; Coordinate transform: (1303.17,831.61) -> (1303.17,1160.39)
G1 X1303.170 Y1160.388
; Coordinate transform: (1303.83,826.90) -> (1303.83,1165.10)
G1 X1303.830 Y1165.096
; Coordinate transform: (1305.25,821.48) -> (1305.25,1170.52)
G1 X1305.250 Y1170.523
; Coordinate transform: (1307.65,814.78) -> (1307.65,1177.22)
G1 X1307.650 Y1177.220
; Coordinate transform: (1311.39,806.47) -> (1311.39,1185.53)
G1 X1311.390 Y1185.534
; Coordinate transform: (1316.84,796.34) -> (1316.84,1195.66)
G1 X1316.840 Y1195.657
; Coordinate transform: (1324.09,785.25) -> (1324.09,1206.75)
G1 X1324.090 Y1206.753
; Coordinate transform: (1332.34,774.20) -> (1332.34,1217.80)
G1 X1332.340 Y1217.805
; Coordinate transform: (1340.74,763.49) -> (1340.74,1228.51)
G1 X1340.740 Y1228.512
; Coordinate transform: (1349.07,752.10) -> (1349.07,1239.90)
G1 X1349.070 Y1239.903
; Coordinate transform: (1357.41,739.38) -> (1357.41,1252.62)
G1 X1357.410 Y1252.624
; Coordinate transform: (1365.99,725.54) -> (1365.99,1266.46)
G1 X1365.990 Y1266.459
; Coordinate transform: (1375.07,711.43) -> (1375.07,1280.57)
G1 X1375.070 Y1280.570
; Coordinate transform: (1384.77,697.71) -> (1384.77,1294.29)
G1 X1384.770 Y1294.286
; Coordinate transform: (1394.93,684.78) -> (1394.93,1307.22)
G1 X1394.930 Y1307.217
; Coordinate transform: (1405.16,673.09) -> (1405.16,1318.91)
G1 X1405.160 Y1318.915
; Coordinate transform: (1415.20,662.82) -> (1415.20,1329.18)
G1 X1415.200 Y1329.178
; Coordinate transform: (1425.03,653.99) -> (1425.03,1338.01)
G1 X1425.030 Y1338.006
; Coordinate transform: (1434.54,646.64) -> (1434.54,1345.36)
G1 X1434.540 Y1345.362
; Coordinate transform: (1443.58,640.71) -> (1443.58,1351.29)
G1 X1443.580 Y1351.289
; Coordinate transform: (1452.03,636.14) -> (1452.03,1355.86)
G1 X1452.030 Y1355.860
; Coordinate transform: (1459.80,632.89) -> (1459.80,1359.11)
G1 X1459.800 Y1359.113
; Coordinate transform: (1466.88,630.93) -> (1466.88,1361.07)
G1 X1466.880 Y1361.065
; Coordinate transform: (1473.25,630.23) -> (1473.25,1361.77)
G1 X1473.250 Y1361.766
; Coordinate transform: (1478.87,630.69) -> (1478.87,1361.31)
G1 X1478.870 Y1361.311
; Coordinate transform: (1483.74,632.24) -> (1483.74,1359.76)
G1 X1483.740 Y1359.763
; Coordinate transform: (1487.95,634.83) -> (1487.95,1357.17)
G1 X1487.950 Y1357.166
; Coordinate transform: (1491.60,638.53) -> (1491.60,1353.47)
G1 X1491.600 Y1353.469
; Coordinate transform: (1494.79,643.49) -> (1494.79,1348.51)
G1 X1494.790 Y1348.509
; Coordinate transform: (1497.61,650.02) -> (1497.61,1341.98)
G1 X1497.610 Y1341.978
; Coordinate transform: (1500.19,658.37) -> (1500.19,1333.63)
G1 X1500.190 Y1333.631
; Coordinate transform: (1502.65,668.79) -> (1502.65,1323.21)
G1 X1502.650 Y1323.209
; Coordinate transform: (1504.98,681.24) -> (1504.98,1310.76)
G1 X1504.980 Y1310.756
; Coordinate transform: (1507.11,695.05) -> (1507.11,1296.95)
G1 X1507.110 Y1296.953
; Coordinate transform: (1508.89,709.19) -> (1508.89,1282.81)
G1 X1508.890 Y1282.814
; Coordinate transform: (1510.14,722.97) -> (1510.14,1269.03)
G1 X1510.140 Y1269.028
; Coordinate transform: (1510.69,736.06) -> (1510.69,1255.94)
G1 X1510.690 Y1255.942
; Coordinate transform: (1510.47,748.43) -> (1510.47,1243.57)
G1 X1510.470 Y1243.572
; Coordinate transform: (1509.51,760.34) -> (1509.51,1231.66)
G1 X1509.510 Y1231.660
; Coordinate transform: (1507.88,772.15) -> (1507.88,1219.85)
G1 X1507.880 Y1219.846
; Coordinate transform: (1505.48,784.34) -> (1505.48,1207.66)
G1 X1505.480 Y1207.665
; Coordinate transform: (1502.18,797.12) -> (1502.18,1194.88)
G1 X1502.180 Y1194.883
; Coordinate transform: (1498.01,810.24) -> (1498.01,1181.76)
G1 X1498.010 Y1181.758
; Coordinate transform: (1493.01,822.78) -> (1493.01,1169.22)
G1 X1493.010 Y1169.216
; Coordinate transform: (1486.77,833.62) -> (1486.77,1158.38)
G1 X1486.770 Y1158.376
; Coordinate transform: (1478.86,842.90) -> (1478.86,1149.10)
G1 X1478.860 Y1149.095
; Coordinate transform: (1469.40,851.44) -> (1469.40,1140.56)
G1 X1469.400 Y1140.563
; Coordinate transform: (1459.35,859.07) -> (1459.35,1132.93)
G1 X1459.350 Y1132.927
; Coordinate transform: (1449.31,865.19) -> (1449.31,1126.81)
G1 X1449.310 Y1126.811
; Coordinate transform: (1439.28,869.57) -> (1439.28,1122.43)
G1 X1439.280 Y1122.426
; Coordinate transform: (1429.27,872.46) -> (1429.27,1119.54)
G1 X1429.270 Y1119.543
; Coordinate transform: (1419.40,874.00) -> (1419.40,1118.00)
G1 X1419.400 Y1117.997
; Coordinate transform: (1409.77,874.32) -> (1409.77,1117.68)
G1 X1409.770 Y1117.682
; Coordinate transform: (1400.57,873.47) -> (1400.57,1118.53)
G1 X1400.570 Y1118.531
; Coordinate transform: (1391.98,871.52) -> (1391.98,1120.48)
G1 X1391.980 Y1120.478
; Coordinate transform: (1384.23,868.57) -> (1384.23,1123.43)
G1 X1384.230 Y1123.434
; Coordinate transform: (1377.57,864.80) -> (1377.57,1127.20)
G1 X1377.570 Y1127.195
; Coordinate transform: (1372.27,860.43) -> (1372.27,1131.57)
G1 X1372.270 Y1131.570
; Coordinate transform: (1368.47,855.63) -> (1368.47,1136.37)
G1 X1368.470 Y1136.369
; Coordinate transform: (1366.27,850.50) -> (1366.27,1141.50)
G1 X1366.270 Y1141.496
; Coordinate transform: (1365.72,845.06) -> (1365.72,1146.94)
G1 X1365.720 Y1146.936
; Coordinate transform: (1366.83,839.09) -> (1366.83,1152.91)
G1 X1366.830 Y1152.908
; Coordinate transform: (1369.55,832.28) -> (1369.55,1159.72)
G1 X1369.550 Y1159.717
; Coordinate transform: (1373.75,824.43) -> (1373.75,1167.57)
G1 X1373.750 Y1167.574
; Coordinate transform: (1379.11,815.57) -> (1379.11,1176.43)
G1 X1379.110 Y1176.435
; Coordinate transform: (1385.16,806.20) -> (1385.16,1185.80)
G1 X1385.160 Y1185.805
; Coordinate transform: (1391.48,797.02) -> (1391.48,1194.98)
G1 X1391.480 Y1194.979
; Coordinate transform: (1397.94,788.16) -> (1397.94,1203.84)
G1 X1397.940 Y1203.837
; Coordinate transform: (1404.82,779.48) -> (1404.82,1212.52)
G1 X1404.820 Y1212.516
; Coordinate transform: (1412.39,770.78) -> (1412.39,1221.22)
G1 X1412.390 Y1221.215
; Coordinate transform: (1420.72,761.85) -> (1420.72,1230.15)
G1 X1420.720 Y1230.152
; Coordinate transform: (1429.95,752.46) -> (1429.95,1239.54)
G1 X1429.950 Y1239.543
; Coordinate transform: (1439.56,742.36) -> (1439.56,1249.64)
G1 X1439.560 Y1249.643
; Coordinate transform: (1449.02,731.64) -> (1449.02,1260.36)
G1 X1449.020 Y1260.358
; Coordinate transform: (1457.81,720.65) -> (1457.81,1271.35)
G1 X1457.810 Y1271.345
; Coordinate transform: (1465.57,709.87) -> (1465.57,1282.13)
G1 X1465.570 Y1282.127
; Coordinate transform: (1472.17,699.69) -> (1472.17,1292.31)
G1 X1472.170 Y1292.307
; Coordinate transform: (1477.70,690.44) -> (1477.70,1301.56)
G1 X1477.700 Y1301.564
; Coordinate transform: (1482.33,682.44) -> (1482.33,1309.56)
G1 X1482.330 Y1309.561
; Coordinate transform: (1486.25,676.13) -> (1486.25,1315.87)
G1 X1486.250 Y1315.871
; Coordinate transform: (1489.64,671.84) -> (1489.64,1320.16)
G1 X1489.640 Y1320.162
; Coordinate transform: (1492.66,669.59) -> (1492.66,1322.41)
G1 X1492.660 Y1322.409
; Coordinate transform: (1495.45,669.24) -> (1495.45,1322.76)
G1 X1495.450 Y1322.757
; Coordinate transform: (1498.17,670.69) -> (1498.17,1321.31)
G1 X1498.170 Y1321.311
; Coordinate transform: (1500.93,673.86) -> (1500.93,1318.14)
G1 X1500.930 Y1318.141
; Coordinate transform: (1503.90,678.74) -> (1503.90,1313.26)
G1 X1503.900 Y1313.262
; Coordinate transform: (1507.19,684.97) -> (1507.19,1307.03)
G1 X1507.190 Y1307.030
; Coordinate transform: (1510.93,692.15) -> (1510.93,1299.85)
G1 X1510.930 Y1299.846
; Coordinate transform: (1515.20,699.94) -> (1515.20,1292.06)
G1 X1515.200 Y1292.064
; Coordinate transform: (1520.04,708.00) -> (1520.04,1284.00)
G1 X1520.040 Y1284.004
; Coordinate transform: (1525.49,716.07) -> (1525.49,1275.93)
G1 X1525.490 Y1275.935
; Coordinate transform: (1531.56,723.95) -> (1531.56,1268.05)
G1 X1531.560 Y1268.050
; Coordinate transform: (1538.32,731.55) -> (1538.32,1260.45)
G1 X1538.320 Y1260.446
; Coordinate transform: (1545.91,738.84) -> (1545.91,1253.16)
G1 X1545.910 Y1253.165
; Coordinate transform: (1554.39,745.87) -> (1554.39,1246.13)
G1 X1554.390 Y1246.127
; Coordinate transform: (1563.85,752.70) -> (1563.85,1239.30)
G1 X1563.850 Y1239.299
; Coordinate transform: (1574.24,759.00) -> (1574.24,1233.00)
G1 X1574.240 Y1233.003
; Coordinate transform: (1585.63,764.53) -> (1585.63,1227.47)
G1 X1585.630 Y1227.470
; Coordinate transform: (1598.01,769.30) -> (1598.01,1222.70)
G1 X1598.010 Y1222.695
; Coordinate transform: (1611.10,773.65) -> (1611.10,1218.35)
G1 X1611.100 Y1218.354
; Coordinate transform: (1624.36,778.31) -> (1624.36,1213.69)
G1 X1624.360 Y1213.693
; Coordinate transform: (1637.46,783.73) -> (1637.46,1208.27)
G1 X1637.460 Y1208.274
; Coordinate transform: (1650.20,790.01) -> (1650.20,1201.99)
G1 X1650.200 Y1201.993
; Coordinate transform: (1662.43,797.22) -> (1662.43,1194.78)
G1 X1662.430 Y1194.782
; Coordinate transform: (1674.18,805.31) -> (1674.18,1186.69)
G1 X1674.180 Y1186.694
; Coordinate transform: (1685.37,814.22) -> (1685.37,1177.78)
G1 X1685.370 Y1177.781
; Coordinate transform: (1695.79,823.58) -> (1695.79,1168.42)
G1 X1695.790 Y1168.419
; Coordinate transform: (1705.31,833.10) -> (1705.31,1158.90)
G1 X1705.310 Y1158.903
; Coordinate transform: (1713.94,842.59) -> (1713.94,1149.41)
G1 X1713.940 Y1149.412
; Coordinate transform: (1721.57,851.93) -> (1721.57,1140.07)
G1 X1721.570 Y1140.074
; Coordinate transform: (1728.17,860.73) -> (1728.17,1131.27)
G1 X1728.170 Y1131.266
; Coordinate transform: (1733.81,868.44) -> (1733.81,1123.56)
G1 X1733.810 Y1123.562
; Coordinate transform: (1739.17,875.08) -> (1739.17,1116.92)
G1 X1739.170 Y1116.921
; Coordinate transform: (1745.09,880.95) -> (1745.09,1111.05)
G1 X1745.090 Y1111.052
; Coordinate transform: (1752.47,886.37) -> (1752.47,1105.63)
G1 X1752.470 Y1105.631
; Coordinate transform: (1762.13,891.54) -> (1762.13,1100.45)
G1 X1762.130 Y1100.455
; Coordinate transform: (1774.22,896.47) -> (1774.22,1095.53)
G1 X1774.220 Y1095.530
; Coordinate transform: (1787.76,900.96) -> (1787.76,1091.04)
G1 X1787.760 Y1091.038
; Coordinate transform: (1801.73,904.90) -> (1801.73,1087.10)
G1 X1801.730 Y1087.097
; Coordinate transform: (1816.10,908.40) -> (1816.10,1083.60)
G1 X1816.100 Y1083.598
; Coordinate transform: (1830.95,911.60) -> (1830.95,1080.40)
G1 X1830.950 Y1080.404
; Coordinate transform: (1846.32,914.55) -> (1846.32,1077.45)
G1 X1846.320 Y1077.453
; Coordinate transform: (1862.13,917.25) -> (1862.13,1074.75)
G1 X1862.130 Y1074.747
; Coordinate transform: (1877.38,919.66) -> (1877.38,1072.34)
G1 X1877.380 Y1072.337
; Coordinate transform: (1889.36,921.74) -> (1889.36,1070.26)
G1 X1889.360 Y1070.258
; Coordinate transform: (1897.82,923.59) -> (1897.82,1068.41)
G1 X1897.820 Y1068.414
; Coordinate transform: (1902.94,925.22) -> (1902.94,1066.78)
G1 X1902.940 Y1066.784
; Coordinate transform: (1904.86,926.65) -> (1904.86,1065.35)
G1 X1904.860 Y1065.352
; Coordinate transform: (1903.77,927.90) -> (1903.77,1064.10)
G1 X1903.770 Y1064.101
; Coordinate transform: (1899.80,928.99) -> (1899.80,1063.01)
G1 X1899.800 Y1063.013
; Coordinate transform: (1893.10,929.92) -> (1893.10,1062.08)
G1 X1893.100 Y1062.077
; Coordinate transform: (1883.81,930.73) -> (1883.81,1061.27)
G1 X1883.810 Y1061.274
; Coordinate transform: (1872.06,931.39) -> (1872.06,1060.61)
G1 X1872.060 Y1060.613
; Coordinate transform: (1858.78,931.89) -> (1858.78,1060.11)
G1 X1858.780 Y1060.105
; Coordinate transform: (1845.94,932.29) -> (1845.94,1059.71)
G1 X1845.940 Y1059.708
; Coordinate transform: (1833.96,932.64) -> (1833.96,1059.36)
G1 X1833.960 Y1059.359
; Coordinate transform: (1822.84,933.02) -> (1822.84,1058.98)
G1 X1822.840 Y1058.982
; Coordinate transform: (1812.47,933.51) -> (1812.47,1058.49)
G1 X1812.470 Y1058.490
; Coordinate transform: (1802.74,934.20) -> (1802.74,1057.80)
G1 X1802.740 Y1057.805
; Coordinate transform: (1793.58,935.16) -> (1793.58,1056.84)
G1 X1793.580 Y1056.835
; Coordinate transform: (1784.86,936.52) -> (1784.86,1055.48)
G1 X1784.860 Y1055.476
; Coordinate transform: (1776.51,938.40) -> (1776.51,1053.60)
G1 X1776.510 Y1053.604
; Coordinate transform: (1768.60,940.95) -> (1768.60,1051.05)
G1 X1768.600 Y1051.050
; Coordinate transform: (1761.38,944.38) -> (1761.38,1047.62)
G1 X1761.380 Y1047.623
; Coordinate transform: (1755.26,948.90) -> (1755.26,1043.10)
G1 X1755.260 Y1043.097
; Coordinate transform: (1750.35,954.72) -> (1750.35,1037.28)
G1 X1750.350 Y1037.279
; Coordinate transform: (1746.57,961.96) -> (1746.57,1030.04)
G1 X1746.570 Y1030.039
; Coordinate transform: (1743.90,970.69) -> (1743.90,1021.31)
G1 X1743.900 Y1021.311
; Coordinate transform: (1742.39,980.91) -> (1742.39,1011.09)
G1 X1742.390 Y1011.092
; Coordinate transform: (1742.08,992.50) -> (1742.08,999.50)
G1 X1742.080 Y999.499
; Coordinate transform: (1743.01,1005.13) -> (1743.01,986.87)
G1 X1743.010 Y986.870
; Coordinate transform: (1745.22,1018.33) -> (1745.22,973.67)
G1 X1745.220 Y973.670
; Coordinate transform: (1748.38,1031.50) -> (1748.38,960.50)
G1 X1748.380 Y960.500
; Coordinate transform: (1751.98,1043.99) -> (1751.98,948.01)
G1 X1751.980 Y948.010
; Coordinate transform: (1755.43,1055.19) -> (1755.43,936.81)
G1 X1755.430 Y936.810
; Coordinate transform: (1758.24,1064.67) -> (1758.24,927.33)
G1 X1758.240 Y927.330
; Coordinate transform: (1760.12,1072.26) -> (1760.12,919.74)
G1 X1760.120 Y919.740
; Coordinate transform: (1761.08,1077.99) -> (1761.08,914.01)
G1 X1761.080 Y914.010
; Coordinate transform: (1761.14,1081.99) -> (1761.14,910.01)
G1 X1761.140 Y910.010
; Coordinate transform: (1760.32,1084.41) -> (1760.32,907.59)
G1 X1760.320 Y907.590
; Coordinate transform: (1758.63,1085.37) -> (1758.63,906.63)
G1 X1758.630 Y906.630
; Coordinate transform: (1756.07,1084.99) -> (1756.07,907.01)
G1 X1756.070 Y907.010
; Coordinate transform: (1752.66,1083.33) -> (1752.66,908.67)
G1 X1752.660 Y908.670
; Coordinate transform: (1748.51,1080.42) -> (1748.51,911.58)
G1 X1748.510 Y911.580
; Coordinate transform: (1743.77,1076.28) -> (1743.77,915.72)
G1 X1743.770 Y915.720
; Coordinate transform: (1738.62,1070.96) -> (1738.62,921.04)
G1 X1738.620 Y921.040
; Coordinate transform: (1733.47,1064.48) -> (1733.47,927.52)
G1 X1733.470 Y927.520
; Coordinate transform: (1728.68,1056.96) -> (1728.68,935.04)
G1 X1728.680 Y935.040
; Coordinate transform: (1724.54,1048.55) -> (1724.54,943.45)
G1 X1724.540 Y943.450
; Coordinate transform: (1720.74,1039.41) -> (1720.74,952.59)
G1 X1720.740 Y952.590
; Coordinate transform: (1716.94,1029.72) -> (1716.94,962.28)
G1 X1716.940 Y962.280
; Coordinate transform: (1712.75,1019.73) -> (1712.75,972.27)
G1 X1712.750 Y972.270
; Coordinate transform: (1707.80,1009.67) -> (1707.80,982.33)
G1 X1707.800 Y982.330
; Coordinate transform: (1702.00,999.83) -> (1702.00,992.17)
G1 X1702.000 Y992.172
; Coordinate transform: (1695.26,990.50) -> (1695.26,1001.50)
G1 X1695.260 Y1001.502
; Coordinate transform: (1687.44,981.79) -> (1687.44,1010.21)
G1 X1687.440 Y1010.214
; Coordinate transform: (1678.11,973.55) -> (1678.11,1018.45)
G1 X1678.110 Y1018.453
; Coordinate transform: (1666.84,965.33) -> (1666.84,1026.67)
G1 X1666.840 Y1026.674
; Coordinate transform: (1653.69,956.52) -> (1653.69,1035.48)
G1 X1653.690 Y1035.478
; Coordinate transform: (1639.78,946.65) -> (1639.78,1045.35)
G1 X1639.780 Y1045.354
; Coordinate transform: (1625.95,935.59) -> (1625.95,1056.41)
G1 X1625.950 Y1056.408
; Coordinate transform: (1612.50,923.92) -> (1612.50,1068.08)
G1 X1612.500 Y1068.082
; Coordinate transform: (1599.40,913.33) -> (1599.40,1078.67)
G1 X1599.400 Y1078.667
; Coordinate transform: (1586.30,905.48) -> (1586.30,1086.52)
G1 X1586.300 Y1086.516
; Coordinate transform: (1573.12,900.87) -> (1573.12,1091.13)
G1 X1573.120 Y1091.133
; Coordinate transform: (1560.08,899.36) -> (1560.08,1092.64)
G1 X1560.080 Y1092.637
; Coordinate transform: (1547.52,900.58) -> (1547.52,1091.42)
G1 X1547.520 Y1091.421
; Coordinate transform: (1536.07,902.83) -> (1536.07,1089.17)
G1 X1536.070 Y1089.170
; Coordinate transform: (1526.20,904.43) -> (1526.20,1087.57)
G1 X1526.200 Y1087.569
; Coordinate transform: (1517.82,904.64) -> (1517.82,1087.36)
G1 X1517.820 Y1087.360
; Coordinate transform: (1510.73,903.42) -> (1510.73,1088.58)
G1 X1510.730 Y1088.575
; Coordinate transform: (1504.79,900.91) -> (1504.79,1091.09)
G1 X1504.790 Y1091.089
; Coordinate transform: (1499.83,897.19) -> (1499.83,1094.81)
G1 X1499.830 Y1094.810
; Coordinate transform: (1495.71,892.24) -> (1495.71,1099.76)
G1 X1495.710 Y1099.763
; Coordinate transform: (1492.32,886.02) -> (1492.32,1105.98)
G1 X1492.320 Y1105.981
; Coordinate transform: (1489.43,879.00) -> (1489.43,1113.00)
G1 X1489.430 Y1112.997
; Coordinate transform: (1486.84,871.47) -> (1486.84,1120.53)
G1 X1486.840 Y1120.534
; Coordinate transform: (1483.88,863.70) -> (1483.88,1128.30)
G1 X1483.880 Y1128.301
; Coordinate transform: (1480.00,855.71) -> (1480.00,1136.29)
G1 X1480.000 Y1136.289
; Coordinate transform: (1474.79,847.12) -> (1474.79,1144.88)
G1 X1474.790 Y1144.885
; Coordinate transform: (1468.48,837.84) -> (1468.48,1154.16)
G1 X1468.480 Y1154.160
; Coordinate transform: (1461.80,828.03) -> (1461.80,1163.97)
G1 X1461.800 Y1163.966
; Coordinate transform: (1455.27,818.03) -> (1455.27,1173.97)
G1 X1455.270 Y1173.970
; Coordinate transform: (1448.99,808.14) -> (1448.99,1183.86)
G1 X1448.990 Y1183.857
; Coordinate transform: (1443.10,798.59) -> (1443.10,1193.41)
G1 X1443.100 Y1193.415
; Coordinate transform: (1437.57,789.68) -> (1437.57,1202.32)
G1 X1437.570 Y1202.322
; Coordinate transform: (1432.26,781.04) -> (1432.26,1210.96)
G1 X1432.260 Y1210.956
; Coordinate transform: (1427.46,772.55) -> (1427.46,1219.45)
G1 X1427.460 Y1219.447
; Coordinate transform: (1423.43,763.98) -> (1423.43,1228.02)
G1 X1423.430 Y1228.023
; Coordinate transform: (1420.19,754.98) -> (1420.19,1237.02)
G1 X1420.190 Y1237.023
; Coordinate transform: (1417.51,745.03) -> (1417.51,1246.97)
G1 X1417.510 Y1246.971
; Coordinate transform: (1414.99,733.63) -> (1414.99,1258.37)
G1 X1414.990 Y1258.368
; Coordinate transform: (1412.30,720.73) -> (1412.30,1271.27)
G1 X1412.300 Y1271.274
; Coordinate transform: (1409.18,706.96) -> (1409.18,1285.04)
G1 X1409.180 Y1285.041
; Coordinate transform: (1405.52,693.22) -> (1405.52,1298.78)
G1 X1405.520 Y1298.784
; Coordinate transform: (1401.31,680.30) -> (1401.31,1311.70)
G1 X1401.310 Y1311.704
; Coordinate transform: (1396.49,668.38) -> (1396.49,1323.62)
G1 X1396.490 Y1323.616
; Coordinate transform: (1391.04,657.45) -> (1391.04,1334.55)
G1 X1391.040 Y1334.551
; Coordinate transform: (1385.19,647.63) -> (1385.19,1344.37)
G1 X1385.190 Y1344.367
; Coordinate transform: (1379.36,639.24) -> (1379.36,1352.76)
G1 X1379.360 Y1352.758
; Coordinate transform: (1373.76,632.35) -> (1373.76,1359.65)
G1 X1373.760 Y1359.650
; Coordinate transform: (1368.51,626.90) -> (1368.51,1365.10)
G1 X1368.510 Y1365.095
; Coordinate transform: (1363.72,622.73) -> (1363.72,1369.27)
G1 X1363.720 Y1369.267
; Coordinate transform: (1359.46,619.65) -> (1359.46,1372.35)
G1 X1359.460 Y1372.353
; Coordinate transform: (1355.72,617.47) -> (1355.72,1374.53)
G1 X1355.720 Y1374.533
; Coordinate transform: (1352.46,616.04) -> (1352.46,1375.96)
G1 X1352.460 Y1375.964
; Coordinate transform: (1349.62,615.23) -> (1349.62,1376.77)
G1 X1349.620 Y1376.772
; Coordinate transform: (1347.16,614.95) -> (1347.16,1377.05)
G1 X1347.160 Y1377.047
; Coordinate transform: (1344.99,615.15) -> (1344.99,1376.85)
G1 X1344.990 Y1376.846
; Coordinate transform: (1343.02,615.80) -> (1343.02,1376.20)
G1 X1343.020 Y1376.202
; Coordinate transform: (1341.14,616.89) -> (1341.14,1375.11)
G1 X1341.140 Y1375.111
M400 ; Wait for drawing to complete
; === STOP BRUSH SEQUENCE ===
; STOP BRUSH A
G4 P50 ; Short delay before stepper command
G1 U0.000 F200.0 ; Close Brush A flow
M400 ; Wait for stepper motion to complete
M106 P2 S0 ; Brush A air off
; Z already at 84.000mm, above safe threshold of 10.000mm, no need to raise
; === END STOP BRUSH SEQUENCE ===
; === PATH END ===


; Path 6/49 (id: path6)
; WIDTH: requested=117.176mm, actual=117.176mm, compensation=1.000
; Z HEIGHT: 84.000mm (min=4.0, max=84.0)
; PAINT FLOW: 0.500 (baseline=0.1, max=0.5)
; PAINT FLOW COMPONENTS: base=0.100, width=0.300, opacity=0.100
; FEEDRATE: 594.5 mm/min (z_factor=0.0259, speed_factor=0.956)
; WARNING: Requested stroke width 117.2mm exceeds machine capability.
; H.Airbrush cannot draw strokes wider than 6.6mm at 1mm/s minimum speed.
; Stroke width has been reduced to 6.6mm.
; ===== STROKE PARAMETERS =====
; Color: black
; Width: 117.18mm
; Opacity: 0.25
; Brush: brush_a (index 0)
T0 ; Select Brush A (Black)
; ===== AIRBRUSH SETTINGS =====
; Z-height: 84.00mm
; Paint flow: 0.50
; Feedrate: 594.5mm/min (includes Z scaling)
; Using brush: brush_a (tool 0)
; Path with Brush A (black) at Z=84.000mm
; Using: Air=P2, Flow=A axis
; Drawing Z height: 84.000mm, Travel Z height: 10.000mm
; Machine Z range: 0-84mm (Safe range: 5-80mm)
; === START BRUSH SEQUENCE ===
; START BRUSH A
; Z already at 84.000mm, above safe threshold of 10.000mm, no need to raise
T0 ; Select Tool 0 (Brush A)
G4 P500 ; Wait for tool change to complete
; === END BRUSH SEQUENCE ===
; Coordinate transform: (858.50,1113.17) -> (858.50,878.83)
G0 X858.501 Y878.830 F24000
M400 ; Wait for XY movement to complete
G1 Z84.000 F1200
M400 ; Wait for Z movement to complete
; === ACTIVATE BRUSH AT POSITION ===
; AIR ON FIRST - Important to prevent dripping
M106 P2 S1 ; Brush A air on
; PAINT ON AFTER AIR
G4 P50 ; Short delay before stepper command
G1 U2.400 F200.0 ; Set Brush A flow to 2.400mm
M400 ; Wait for stepper motion to complete
; === BRUSH ACTIVATED ===
G1 F594.4557554428459
; Coordinate transform: (858.14,1113.19) -> (858.14,878.81)
G1 X858.145 Y878.810
; Coordinate transform: (857.62,1113.22) -> (857.62,878.78)
G1 X857.624 Y878.780
; Coordinate transform: (856.95,1113.26) -> (856.95,878.74)
G1 X856.947 Y878.740
; Coordinate transform: (856.12,1113.31) -> (856.12,878.69)
G1 X856.121 Y878.690
; Coordinate transform: (855.15,1113.37) -> (855.15,878.63)
G1 X855.154 Y878.630
; Coordinate transform: (854.05,1113.44) -> (854.05,878.56)
G1 X854.052 Y878.560
; Coordinate transform: (852.82,1113.52) -> (852.82,878.48)
G1 X852.823 Y878.480
; Coordinate transform: (851.47,1113.60) -> (851.47,878.40)
G1 X851.472 Y878.400
; Coordinate transform: (850.00,1113.69) -> (850.00,878.31)
G1 X849.996 Y878.310
; Coordinate transform: (848.35,1113.80) -> (848.35,878.20)
G1 X848.352 Y878.200
; Coordinate transform: (846.50,1113.92) -> (846.50,878.08)
G1 X846.501 Y878.080
; Coordinate transform: (844.40,1114.06) -> (844.40,877.94)
G1 X844.396 Y877.940
; Coordinate transform: (841.98,1114.23) -> (841.98,877.77)
G1 X841.976 Y877.770
; Coordinate transform: (839.16,1114.45) -> (839.16,877.55)
G1 X839.161 Y877.550
; Coordinate transform: (835.84,1114.70) -> (835.84,877.30)
G1 X835.842 Y877.300
; Coordinate transform: (831.89,1114.99) -> (831.89,877.01)
G1 X831.891 Y877.010
; Coordinate transform: (827.20,1115.33) -> (827.20,876.67)
G1 X827.197 Y876.670
; Coordinate transform: (821.65,1115.72) -> (821.65,876.28)
G1 X821.651 Y876.280
; Coordinate transform: (815.09,1116.19) -> (815.09,875.81)
G1 X815.093 Y875.810
; Coordinate transform: (807.48,1116.75) -> (807.48,875.25)
G1 X807.483 Y875.250
; Coordinate transform: (798.81,1117.41) -> (798.81,874.59)
G1 X798.806 Y874.590
; Coordinate transform: (789.21,1118.16) -> (789.21,873.84)
G1 X789.214 Y873.840
; Coordinate transform: (778.94,1119.01) -> (778.94,872.99)
G1 X778.942 Y872.990
; Coordinate transform: (768.37,1119.93) -> (768.37,872.07)
G1 X768.373 Y872.070
; Coordinate transform: (757.93,1120.90) -> (757.93,871.10)
G1 X757.928 Y871.100
; Coordinate transform: (747.90,1121.96) -> (747.90,870.04)
G1 X747.904 Y870.040
; Coordinate transform: (738.63,1123.02) -> (738.63,868.98)
G1 X738.634 Y868.980
; Coordinate transform: (730.22,1124.06) -> (730.22,867.94)
G1 X730.223 Y867.940
; Coordinate transform: (722.68,1125.11) -> (722.68,866.89)
G1 X722.683 Y866.890
; Coordinate transform: (715.90,1126.17) -> (715.90,865.83)
G1 X715.898 Y865.830
; Coordinate transform: (709.72,1127.24) -> (709.72,864.76)
G1 X709.719 Y864.760
; Coordinate transform: (704.00,1128.37) -> (704.00,863.63)
G1 X703.996 Y863.630
; Coordinate transform: (698.43,1129.57) -> (698.43,862.43)
G1 X698.429 Y862.430
; Coordinate transform: (692.88,1130.78) -> (692.88,861.22)
G1 X692.884 Y861.220
; Coordinate transform: (687.17,1132.01) -> (687.17,859.99)
G1 X687.175 Y859.990
; Coordinate transform: (681.11,1133.24) -> (681.11,858.76)
G1 X681.112 Y858.760
; Coordinate transform: (674.54,1134.46) -> (674.54,857.54)
G1 X674.539 Y857.540
; Coordinate transform: (667.26,1135.66) -> (667.26,856.34)
G1 X667.262 Y856.340
; Coordinate transform: (659.18,1136.83) -> (659.18,855.17)
G1 X659.183 Y855.170
; Coordinate transform: (650.18,1137.94) -> (650.18,854.06)
G1 X650.178 Y854.060
; Coordinate transform: (640.25,1139.02) -> (640.25,852.98)
G1 X640.255 Y852.980
; Coordinate transform: (629.45,1140.08) -> (629.45,851.92)
G1 X629.450 Y851.920
; Coordinate transform: (617.86,1141.20) -> (617.86,850.80)
G1 X617.862 Y850.800
; Coordinate transform: (605.70,1142.46) -> (605.70,849.54)
G1 X605.695 Y849.540
; Coordinate transform: (593.22,1143.98) -> (593.22,848.02)
G1 X593.218 Y848.020
; Coordinate transform: (580.71,1145.79) -> (580.71,846.21)
G1 X580.706 Y846.210
; Coordinate transform: (568.41,1147.87) -> (568.41,844.13)
G1 X568.409 Y844.130
; Coordinate transform: (556.53,1150.10) -> (556.53,841.90)
G1 X556.528 Y841.900
; Coordinate transform: (545.20,1152.40) -> (545.20,839.60)
G1 X545.196 Y839.600
; Coordinate transform: (534.39,1154.76) -> (534.39,837.24)
G1 X534.386 Y837.240
; Coordinate transform: (523.97,1157.11) -> (523.97,834.89)
G1 X523.967 Y834.890
; Coordinate transform: (513.75,1159.48) -> (513.75,832.52)
G1 X513.752 Y832.520
; Coordinate transform: (503.50,1161.97) -> (503.50,830.03)
G1 X503.495 Y830.030
; Coordinate transform: (492.97,1164.74) -> (492.97,827.26)
G1 X492.968 Y827.260
; Coordinate transform: (481.97,1167.92) -> (481.97,824.08)
G1 X481.968 Y824.080
; Coordinate transform: (470.35,1171.61) -> (470.35,820.39)
G1 X470.353 Y820.390
; Coordinate transform: (458.11,1175.85) -> (458.11,816.15)
G1 X458.111 Y816.150
; Coordinate transform: (445.39,1180.63) -> (445.39,811.37)
G1 X445.387 Y811.370
; Coordinate transform: (432.41,1185.87) -> (432.41,806.13)
G1 X432.414 Y806.130
; Coordinate transform: (419.46,1191.47) -> (419.46,800.53)
G1 X419.463 Y800.530
; Coordinate transform: (406.79,1197.35) -> (406.79,794.65)
G1 X406.787 Y794.650
; Coordinate transform: (394.55,1203.45) -> (394.55,788.55)
G1 X394.553 Y788.550
; Coordinate transform: (382.83,1209.76) -> (382.83,782.24)
G1 X382.834 Y782.240
; Coordinate transform: (371.64,1216.30) -> (371.64,775.70)
G1 X371.639 Y775.700
; Coordinate transform: (360.96,1223.07) -> (360.96,768.93)
G1 X360.960 Y768.930
; Coordinate transform: (350.79,1230.09) -> (350.79,761.91)
G1 X350.789 Y761.910
; Coordinate transform: (341.13,1237.38) -> (341.13,754.62)
G1 X341.128 Y754.620
; Coordinate transform: (331.96,1244.91) -> (331.96,747.09)
G1 X331.958 Y747.090
; Coordinate transform: (323.29,1252.69) -> (323.29,739.31)
G1 X323.287 Y739.310
; Coordinate transform: (315.12,1260.69) -> (315.12,731.31)
G1 X315.124 Y731.310
; Coordinate transform: (307.45,1268.93) -> (307.45,723.07)
G1 X307.451 Y723.070
; Coordinate transform: (300.25,1277.43) -> (300.25,714.57)
G1 X300.249 Y714.570
; Coordinate transform: (293.50,1286.19) -> (293.50,705.81)
G1 X293.504 Y705.810
; Coordinate transform: (287.22,1295.27) -> (287.22,696.73)
G1 X287.223 Y696.730
; Coordinate transform: (281.40,1304.64) -> (281.40,687.36)
G1 X281.404 Y687.360
; Coordinate transform: (276.06,1314.36) -> (276.06,677.64)
G1 X276.058 Y677.640
; Coordinate transform: (271.19,1324.42) -> (271.19,667.58)
G1 X271.188 Y667.580
; Coordinate transform: (266.80,1334.83) -> (266.80,657.17)
G1 X266.798 Y657.170
; Coordinate transform: (262.90,1345.63) -> (262.90,646.37)
G1 X262.902 Y646.370
; Coordinate transform: (259.50,1356.83) -> (259.50,635.17)
G1 X259.503 Y635.170
; Coordinate transform: (256.59,1368.42) -> (256.59,623.58)
G1 X256.591 Y623.580
; Coordinate transform: (254.15,1380.37) -> (254.15,611.63)
G1 X254.152 Y611.630
; Coordinate transform: (252.17,1392.65) -> (252.17,599.35)
G1 X252.166 Y599.350
; Coordinate transform: (250.59,1405.20) -> (250.59,586.80)
G1 X250.594 Y586.800
; Coordinate transform: (249.39,1417.89) -> (249.39,574.11)
G1 X249.391 Y574.110
; Coordinate transform: (248.51,1430.56) -> (248.51,561.44)
G1 X248.507 Y561.440
; Coordinate transform: (247.90,1442.98) -> (247.90,549.02)
G1 X247.897 Y549.020
; Coordinate transform: (247.51,1454.91) -> (247.51,537.09)
G1 X247.508 Y537.090
; Coordinate transform: (247.30,1466.08) -> (247.30,525.92)
G1 X247.303 Y525.920
; Coordinate transform: (247.24,1476.26) -> (247.24,515.74)
G1 X247.240 Y515.740
; Coordinate transform: (247.27,1485.25) -> (247.27,506.75)
G1 X247.269 Y506.750
; Coordinate transform: (247.33,1492.96) -> (247.33,499.04)
G1 X247.329 Y499.040
; Coordinate transform: (247.37,1499.36) -> (247.37,492.64)
G1 X247.365 Y492.640
; Coordinate transform: (247.32,1504.52) -> (247.32,487.48)
G1 X247.319 Y487.480
; Coordinate transform: (247.15,1508.54) -> (247.15,483.46)
G1 X247.147 Y483.460
; Coordinate transform: (246.81,1511.52) -> (246.81,480.48)
G1 X246.812 Y480.480
; Coordinate transform: (246.29,1513.60) -> (246.29,478.40)
G1 X246.286 Y478.400
; Coordinate transform: (245.54,1514.86) -> (245.54,477.14)
G1 X245.543 Y477.140
; Coordinate transform: (244.56,1515.42) -> (244.56,476.58)
G1 X244.555 Y476.580
; Coordinate transform: (243.30,1515.33) -> (243.30,476.67)
G1 X243.298 Y476.670
; Coordinate transform: (241.74,1514.63) -> (241.74,477.37)
G1 X241.737 Y477.370
; Coordinate transform: (239.83,1513.34) -> (239.83,478.66)
G1 X239.830 Y478.660
; Coordinate transform: (237.53,1511.44) -> (237.53,480.56)
G1 X237.525 Y480.560
; Coordinate transform: (234.75,1508.88) -> (234.75,483.12)
G1 X234.754 Y483.120
; Coordinate transform: (231.42,1505.59) -> (231.42,486.41)
G1 X231.419 Y486.410
; Coordinate transform: (227.44,1501.49) -> (227.44,490.51)
G1 X227.444 Y490.510
; Coordinate transform: (222.74,1496.51) -> (222.74,495.49)
G1 X222.739 Y495.490
; Coordinate transform: (217.20,1490.50) -> (217.20,501.50)
G1 X217.200 Y501.500
; Coordinate transform: (210.76,1483.41) -> (210.76,508.59)
G1 X210.759 Y508.590
; Coordinate transform: (203.46,1475.24) -> (203.46,516.76)
G1 X203.456 Y516.760
; Coordinate transform: (195.41,1466.07) -> (195.41,525.93)
G1 X195.409 Y525.930
; Coordinate transform: (186.88,1456.11) -> (186.88,535.89)
G1 X186.881 Y535.890
; Coordinate transform: (178.14,1445.67) -> (178.14,546.33)
G1 X178.141 Y546.330
; Coordinate transform: (169.39,1435.00) -> (169.39,557.00)
G1 X169.388 Y557.000
; Coordinate transform: (160.66,1424.24) -> (160.66,567.76)
G1 X160.658 Y567.760
; Coordinate transform: (151.74,1413.37) -> (151.74,578.63)
G1 X151.743 Y578.630
; Coordinate transform: (142.43,1402.27) -> (142.43,589.73)
G1 X142.432 Y589.730
; Coordinate transform: (132.63,1390.80) -> (132.63,601.20)
G1 X132.631 Y601.200
; Coordinate transform: (122.54,1378.86) -> (122.54,613.14)
G1 X122.541 Y613.140
; Coordinate transform: (113.69,1366.51) -> (113.69,625.49)
G1 X113.687 Y625.490
; Coordinate transform: (107.71,1353.90) -> (107.71,638.10)
G1 X107.714 Y638.100
; Coordinate transform: (104.91,1341.36) -> (104.91,650.64)
G1 X104.914 Y650.640
; Coordinate transform: (105.15,1329.03) -> (105.15,662.97)
G1 X105.154 Y662.970
; Coordinate transform: (108.29,1316.95) -> (108.29,675.05)
G1 X108.288 Y675.050
; Coordinate transform: (114.17,1305.07) -> (114.17,686.93)
G1 X114.167 Y686.930
; Coordinate transform: (122.63,1293.24) -> (122.63,698.76)
G1 X122.631 Y698.760
; Coordinate transform: (132.24,1281.46) -> (132.24,710.54)
G1 X132.238 Y710.540
; Coordinate transform: (141.52,1269.74) -> (141.52,722.26)
G1 X141.521 Y722.260
; Coordinate transform: (150.31,1258.10) -> (150.31,733.90)
G1 X150.315 Y733.900
; Coordinate transform: (158.58,1246.57) -> (158.58,745.43)
G1 X158.577 Y745.430
; Coordinate transform: (166.40,1235.21) -> (166.40,756.79)
G1 X166.400 Y756.790
; Coordinate transform: (173.80,1224.17) -> (173.80,767.83)
G1 X173.800 Y767.830
; Coordinate transform: (180.76,1213.51) -> (180.76,778.49)
G1 X180.763 Y778.490
; Coordinate transform: (187.35,1203.57) -> (187.35,788.43)
G1 X187.355 Y788.430
; Coordinate transform: (193.64,1194.59) -> (193.64,797.41)
G1 X193.644 Y797.410
; Coordinate transform: (199.75,1186.82) -> (199.75,805.18)
G1 X199.752 Y805.180
; Coordinate transform: (205.85,1180.41) -> (205.85,811.59)
G1 X205.851 Y811.590
; Coordinate transform: (212.19,1175.40) -> (212.19,816.60)
G1 X212.191 Y816.600
; Coordinate transform: (218.99,1171.69) -> (218.99,820.31)
G1 X218.993 Y820.310
; Coordinate transform: (226.52,1169.15) -> (226.52,822.85)
G1 X226.516 Y822.850
; Coordinate transform: (234.87,1167.53) -> (234.87,824.47)
G1 X234.874 Y824.470
; Coordinate transform: (244.18,1166.56) -> (244.18,825.44)
G1 X244.177 Y825.440
; Coordinate transform: (254.33,1165.98) -> (254.33,826.02)
G1 X254.332 Y826.020
; Coordinate transform: (265.16,1165.52) -> (265.16,826.48)
G1 X265.159 Y826.480
; Coordinate transform: (276.38,1164.92) -> (276.38,827.08)
G1 X276.378 Y827.080
; Coordinate transform: (287.64,1163.99) -> (287.64,828.01)
G1 X287.643 Y828.010
; Coordinate transform: (298.65,1162.58) -> (298.65,829.42)
G1 X298.654 Y829.420
; Coordinate transform: (309.20,1160.59) -> (309.20,831.41)
G1 X309.204 Y831.410
; Coordinate transform: (319.17,1157.96) -> (319.17,834.04)
G1 X319.170 Y834.040
; Coordinate transform: (328.53,1154.69) -> (328.53,837.31)
G1 X328.529 Y837.310
; Coordinate transform: (337.30,1150.83) -> (337.30,841.17)
G1 X337.296 Y841.170
; Coordinate transform: (345.51,1146.41) -> (345.51,845.59)
G1 X345.509 Y845.590
; Coordinate transform: (353.21,1141.48) -> (353.21,850.52)
G1 X353.214 Y850.520
; Coordinate transform: (360.45,1136.11) -> (360.45,855.89)
G1 X360.453 Y855.890
; Coordinate transform: (367.26,1130.37) -> (367.26,861.63)
G1 X367.260 Y861.630
; Coordinate transform: (373.67,1124.30) -> (373.67,867.70)
G1 X373.665 Y867.700
; Coordinate transform: (379.67,1117.99) -> (379.67,874.01)
G1 X379.665 Y874.010
; Coordinate transform: (385.24,1111.57) -> (385.24,880.43)
G1 X385.240 Y880.430
; Coordinate transform: (390.34,1105.14) -> (390.34,886.86)
G1 X390.344 Y886.860
; Coordinate transform: (394.92,1098.84) -> (394.92,893.16)
G1 X394.917 Y893.160
; Coordinate transform: (398.90,1092.75) -> (398.90,899.25)
G1 X398.903 Y899.250
; Coordinate transform: (402.25,1086.94) -> (402.25,905.06)
G1 X402.251 Y905.060
; Coordinate transform: (404.93,1081.44) -> (404.93,910.56)
G1 X404.931 Y910.560
; Coordinate transform: (406.93,1076.25) -> (406.93,915.75)
G1 X406.928 Y915.750
; Coordinate transform: (408.24,1071.35) -> (408.24,920.65)
G1 X408.235 Y920.650
; Coordinate transform: (408.83,1066.71) -> (408.83,925.29)
G1 X408.832 Y925.290
; Coordinate transform: (408.69,1062.26) -> (408.69,929.74)
G1 X408.690 Y929.740
; Coordinate transform: (407.76,1057.91) -> (407.76,934.09)
G1 X407.763 Y934.090
; Coordinate transform: (405.97,1053.57) -> (405.97,938.43)
G1 X405.969 Y938.430
; Coordinate transform: (403.18,1049.11) -> (403.18,942.89)
G1 X403.179 Y942.890
; Coordinate transform: (399.24,1044.44) -> (399.24,947.56)
G1 X399.236 Y947.560
; Coordinate transform: (393.92,1039.45) -> (393.92,952.55)
G1 X393.922 Y952.550
; Coordinate transform: (386.99,1034.04) -> (386.99,957.96)
G1 X386.986 Y957.960
; Coordinate transform: (378.30,1028.24) -> (378.30,963.76)
G1 X378.297 Y963.760
; Coordinate transform: (367.76,1022.14) -> (367.76,969.86)
G1 X367.756 Y969.860
; Coordinate transform: (355.46,1015.92) -> (355.46,976.08)
G1 X355.457 Y976.080
; Coordinate transform: (341.71,1009.88) -> (341.71,982.12)
G1 X341.711 Y982.120
; Coordinate transform: (326.94,1004.28) -> (326.94,987.72)
G1 X326.938 Y987.720
; Coordinate transform: (311.60,999.39) -> (311.60,992.61)
G1 X311.602 Y992.606
; Coordinate transform: (296.15,995.44) -> (296.15,996.56)
G1 X296.150 Y996.558
; Coordinate transform: (280.98,992.56) -> (280.98,999.44)
G1 X280.978 Y999.443
; Coordinate transform: (266.31,990.78) -> (266.31,1001.22)
G1 X266.313 Y1001.223
; Coordinate transform: (252.23,990.01) -> (252.23,1001.99)
G1 X252.226 Y1001.988
; Coordinate transform: (238.66,990.06) -> (238.66,1001.94)
G1 X238.660 Y1001.937
; Coordinate transform: (225.48,990.68) -> (225.48,1001.32)
G1 X225.479 Y1001.324
; Coordinate transform: (212.53,991.59) -> (212.53,1000.41)
G1 X212.534 Y1000.408
; Coordinate transform: (199.67,992.58) -> (199.67,999.42)
G1 X199.667 Y999.420
; Coordinate transform: (186.74,993.44) -> (186.74,998.56)
G1 X186.739 Y998.561
; Coordinate transform: (173.68,994.02) -> (173.68,997.98)
G1 X173.677 Y997.979
; Coordinate transform: (160.47,994.20) -> (160.47,997.80)
G1 X160.474 Y997.799
; Coordinate transform: (147.08,993.85) -> (147.08,998.15)
G1 X147.080 Y998.153
; Coordinate transform: (133.39,992.84) -> (133.39,999.16)
G1 X133.390 Y999.165
; Coordinate transform: (119.71,991.12) -> (119.71,1000.88)
G1 X119.707 Y1000.877
; Coordinate transform: (107.89,988.80) -> (107.89,1003.20)
G1 X107.894 Y1003.198
; Coordinate transform: (99.56,986.13) -> (99.56,1005.87)
G1 X99.563 Y1005.872
; Coordinate transform: (94.56,983.29) -> (94.56,1008.71)
G1 X94.562 Y1008.712
; Coordinate transform: (92.73,980.32) -> (92.73,1011.68)
G1 X92.729 Y1011.683
; Coordinate transform: (93.90,977.23) -> (93.90,1014.77)
G1 X93.903 Y1014.775
; Coordinate transform: (97.93,974.00) -> (97.93,1018.00)
G1 X97.935 Y1018.003
; Coordinate transform: (104.67,970.59) -> (104.67,1021.41)
G1 X104.673 Y1021.413
; Coordinate transform: (113.97,966.89) -> (113.97,1025.11)
G1 X113.969 Y1025.105
; Coordinate transform: (125.60,962.51) -> (125.60,1029.49)
G1 X125.596 Y1029.490
; Coordinate transform: (137.76,957.29) -> (137.76,1034.71)
G1 X137.760 Y1034.711
; Coordinate transform: (149.44,951.15) -> (149.44,1040.85)
G1 X149.438 Y1040.851
; Coordinate transform: (160.46,944.05) -> (160.46,1047.95)
G1 X160.458 Y1047.951
; Coordinate transform: (170.88,936.04) -> (170.88,1055.96)
G1 X170.877 Y1055.958
; Coordinate transform: (180.75,927.21) -> (180.75,1064.79)
G1 X180.746 Y1064.793
; Coordinate transform: (189.99,917.76) -> (189.99,1074.24)
G1 X189.991 Y1074.239
; Coordinate transform: (198.43,907.97) -> (198.43,1084.03)
G1 X198.425 Y1084.029
; Coordinate transform: (205.76,898.11) -> (205.76,1093.89)
G1 X205.761 Y1093.893
; Coordinate transform: (211.81,888.41) -> (211.81,1103.59)
G1 X211.806 Y1103.592
; Coordinate transform: (216.42,879.03) -> (216.42,1112.97)
G1 X216.421 Y1112.969
; Coordinate transform: (219.56,870.08) -> (219.56,1121.92)
G1 X219.561 Y1121.924
; Coordinate transform: (221.31,861.60) -> (221.31,1130.40)
G1 X221.312 Y1130.396
; Coordinate transform: (221.80,853.62) -> (221.80,1138.38)
G1 X221.802 Y1138.385
; Coordinate transform: (221.21,846.09) -> (221.21,1145.91)
G1 X221.211 Y1145.906
; Coordinate transform: (219.72,839.03) -> (219.72,1152.97)
G1 X219.721 Y1152.967
; Coordinate transform: (217.50,832.43) -> (217.50,1159.57)
G1 X217.498 Y1159.566
; Coordinate transform: (214.66,826.29) -> (214.66,1165.71)
G1 X214.659 Y1165.708
; Coordinate transform: (211.28,820.60) -> (211.28,1171.40)
G1 X211.285 Y1171.396
; Coordinate transform: (207.40,815.38) -> (207.40,1176.62)
G1 X207.403 Y1176.620
; Coordinate transform: (203.01,810.66) -> (203.01,1181.34)
G1 X203.008 Y1181.340
; Coordinate transform: (198.07,806.49) -> (198.07,1185.51)
G1 X198.069 Y1185.514
; Coordinate transform: (192.53,802.91) -> (192.53,1189.09)
G1 X192.526 Y1189.094
; Coordinate transform: (186.27,800.00) -> (186.27,1192.01)
G1 X186.272 Y1192.005
; Coordinate transform: (179.23,797.82) -> (179.23,1194.18)
G1 X179.229 Y1194.177
; Coordinate transform: (171.29,796.49) -> (171.29,1195.51)
G1 X171.293 Y1195.511
; Coordinate transform: (162.38,796.10) -> (162.38,1195.90)
G1 X162.377 Y1195.905
; Coordinate transform: (152.39,796.76) -> (152.39,1195.24)
G1 X152.389 Y1195.237
; Coordinate transform: (141.29,798.58) -> (141.29,1193.42)
G1 X141.292 Y1193.422
; Coordinate transform: (129.22,801.61) -> (129.22,1190.39)
G1 X129.216 Y1190.389
; Coordinate transform: (116.83,805.88) -> (116.83,1186.12)
G1 X116.833 Y1186.120
; Coordinate transform: (106.08,811.32) -> (106.08,1180.68)
G1 X106.084 Y1180.678
; Coordinate transform: (98.63,817.49) -> (98.63,1174.51)
G1 X98.627 Y1174.515
; Coordinate transform: (94.38,824.07) -> (94.38,1167.93)
G1 X94.381 Y1167.932
; Coordinate transform: (93.20,830.97) -> (93.20,1161.03)
G1 X93.204 Y1161.028
; Coordinate transform: (94.95,838.14) -> (94.95,1153.86)
G1 X94.951 Y1153.861
; Coordinate transform: (99.48,845.54) -> (99.48,1146.46)
G1 X99.478 Y1146.456
; Coordinate transform: (106.65,853.18) -> (106.65,1138.82)
G1 X106.646 Y1138.819
; Coordinate transform: (116.30,861.15) -> (116.30,1130.85)
G1 X116.296 Y1130.846
; Coordinate transform: (127.77,869.75) -> (127.77,1122.25)
G1 X127.772 Y1122.248
; Coordinate transform: (139.20,878.76) -> (139.20,1113.24)
G1 X139.202 Y1113.242
; Coordinate transform: (149.69,887.86) -> (149.69,1104.14)
G1 X149.689 Y1104.143
; Coordinate transform: (159.00,896.76) -> (159.00,1095.24)
G1 X159.004 Y1095.244
; Coordinate transform: (167.20,905.27) -> (167.20,1086.73)
G1 X167.204 Y1086.734
; Coordinate transform: (174.44,913.33) -> (174.44,1078.67)
G1 X174.443 Y1078.673
; Coordinate transform: (180.94,920.94) -> (180.94,1071.06)
G1 X180.942 Y1071.056
; Coordinate transform: (186.87,928.13) -> (186.87,1063.87)
G1 X186.867 Y1063.865
; Coordinate transform: (192.33,934.89) -> (192.33,1057.11)
G1 X192.327 Y1057.105
; Coordinate transform: (197.38,941.19) -> (197.38,1050.81)
G1 X197.382 Y1050.809
; Coordinate transform: (202.05,947.04) -> (202.05,1044.96)
G1 X202.054 Y1044.957
; Coordinate transform: (206.34,952.50) -> (206.34,1039.50)
G1 X206.341 Y1039.501
; Coordinate transform: (210.49,957.85) -> (210.49,1034.15)
G1 X210.488 Y1034.150
; Coordinate transform: (214.53,963.12) -> (214.53,1028.88)
G1 X214.530 Y1028.882
; Coordinate transform: (218.58,968.46) -> (218.58,1023.54)
G1 X218.583 Y1023.541
; Coordinate transform: (222.78,974.03) -> (222.78,1017.97)
G1 X222.780 Y1017.965
; Coordinate transform: (227.23,980.04) -> (227.23,1011.96)
G1 X227.231 Y1011.960
; Coordinate transform: (232.05,986.68) -> (232.05,1005.32)
G1 X232.050 Y1005.318
; Coordinate transform: (237.36,994.17) -> (237.36,997.83)
G1 X237.364 Y997.829
; Coordinate transform: (243.28,1002.73) -> (243.28,989.27)
G1 X243.276 Y989.270
; Coordinate transform: (249.83,1012.48) -> (249.83,979.52)
G1 X249.833 Y979.520
; Coordinate transform: (257.04,1023.48) -> (257.04,968.52)
G1 X257.037 Y968.520
; Coordinate transform: (264.74,1035.58) -> (264.74,956.42)
G1 X264.736 Y956.420
; Coordinate transform: (272.73,1048.48) -> (272.73,943.52)
G1 X272.734 Y943.520
; Coordinate transform: (280.77,1061.75) -> (280.77,930.25)
G1 X280.770 Y930.250
; Coordinate transform: (288.62,1074.95) -> (288.62,917.05)
G1 X288.618 Y917.050
; Coordinate transform: (296.05,1087.67) -> (296.05,904.33)
G1 X296.051 Y904.330
; Coordinate transform: (302.84,1099.59) -> (302.84,892.41)
G1 X302.836 Y892.410
; Coordinate transform: (308.76,1110.45) -> (308.76,881.55)
G1 X308.762 Y881.550
; Coordinate transform: (313.68,1120.11) -> (313.68,871.89)
G1 X313.678 Y871.890
; Coordinate transform: (317.52,1128.63) -> (317.52,863.37)
G1 X317.519 Y863.370
; Coordinate transform: (320.31,1136.13) -> (320.31,855.87)
G1 X320.310 Y855.870
; Coordinate transform: (322.15,1142.83) -> (322.15,849.17)
G1 X322.150 Y849.170
; Coordinate transform: (323.15,1148.95) -> (323.15,843.05)
G1 X323.146 Y843.050
; Coordinate transform: (323.42,1154.69) -> (323.42,837.31)
G1 X323.418 Y837.310
; Coordinate transform: (323.08,1160.26) -> (323.08,831.74)
G1 X323.077 Y831.740
; Coordinate transform: (322.19,1165.83) -> (322.19,826.17)
G1 X322.192 Y826.170
; Coordinate transform: (320.82,1171.56) -> (320.82,820.44)
G1 X320.821 Y820.440
; Coordinate transform: (319.00,1177.62) -> (319.00,814.38)
G1 X318.999 Y814.380
; Coordinate transform: (316.74,1184.12) -> (316.74,807.88)
G1 X316.740 Y807.880
; Coordinate transform: (314.04,1191.14) -> (314.04,800.86)
G1 X314.035 Y800.860
; Coordinate transform: (310.86,1198.74) -> (310.86,793.26)
G1 X310.856 Y793.260
; Coordinate transform: (307.15,1206.92) -> (307.15,785.08)
G1 X307.149 Y785.080
; Coordinate transform: (302.87,1215.61) -> (302.87,776.39)
G1 X302.871 Y776.390
; Coordinate transform: (298.02,1224.75) -> (298.02,767.25)
G1 X298.019 Y767.250
; Coordinate transform: (292.60,1234.17) -> (292.60,757.83)
G1 X292.597 Y757.830
; Coordinate transform: (286.58,1243.71) -> (286.58,748.29)
G1 X286.582 Y748.290
; Coordinate transform: (280.00,1253.21) -> (280.00,738.79)
G1 X280.005 Y738.790
; Coordinate transform: (272.85,1262.53) -> (272.85,729.47)
G1 X272.845 Y729.470
; Coordinate transform: (265.11,1271.60) -> (265.11,720.40)
G1 X265.108 Y720.400
; Coordinate transform: (256.75,1280.32) -> (256.75,711.68)
G1 X256.748 Y711.680
; Coordinate transform: (247.75,1288.65) -> (247.75,703.35)
G1 X247.753 Y703.350
; Coordinate transform: (238.06,1296.54) -> (238.06,695.46)
G1 X238.059 Y695.460
; Coordinate transform: (227.67,1303.96) -> (227.67,688.04)
G1 X227.673 Y688.040
; Coordinate transform: (216.61,1310.90) -> (216.61,681.10)
G1 X216.612 Y681.100
; Coordinate transform: (204.95,1317.33) -> (204.95,674.67)
G1 X204.949 Y674.670
; Coordinate transform: (192.79,1323.24) -> (192.79,668.76)
G1 X192.786 Y668.760
; Coordinate transform: (180.31,1328.58) -> (180.31,663.42)
G1 X180.308 Y663.420
; Coordinate transform: (167.69,1333.33) -> (167.69,658.67)
G1 X167.689 Y658.670
; Coordinate transform: (155.04,1337.46) -> (155.04,654.54)
G1 X155.043 Y654.540
; Coordinate transform: (142.34,1340.98) -> (142.34,651.02)
G1 X142.336 Y651.020
; Coordinate transform: (129.51,1343.96) -> (129.51,648.04)
G1 X129.512 Y648.040
; Coordinate transform: (117.06,1346.48) -> (117.06,645.52)
G1 X117.062 Y645.520
; Coordinate transform: (106.81,1348.65) -> (106.81,643.35)
G1 X106.807 Y643.350
; Coordinate transform: (99.99,1350.58) -> (99.99,641.42)
G1 X99.993 Y641.420
; Coordinate transform: (96.45,1352.35) -> (96.45,639.65)
G1 X96.447 Y639.650
; Coordinate transform: (96.01,1353.99) -> (96.01,638.01)
G1 X96.008 Y638.010
; Coordinate transform: (98.52,1355.53) -> (98.52,636.47)
G1 X98.521 Y636.470
; Coordinate transform: (103.84,1356.99) -> (103.84,635.01)
G1 X103.837 Y635.010
; Coordinate transform: (111.82,1358.37) -> (111.82,633.63)
G1 X111.817 Y633.630
; Coordinate transform: (122.18,1359.67) -> (122.18,632.33)
G1 X122.181 Y632.330
; Coordinate transform: (133.23,1360.89) -> (133.23,631.11)
G1 X133.227 Y631.110
; Coordinate transform: (143.64,1361.89) -> (143.64,630.11)
G1 X143.639 Y630.110
; Coordinate transform: (153.49,1362.66) -> (153.49,629.34)
G1 X153.494 Y629.340
; Coordinate transform: (163.08,1363.29) -> (163.08,628.71)
G1 X163.080 Y628.710
; Coordinate transform: (172.70,1363.82) -> (172.70,628.18)
G1 X172.697 Y628.180
; Coordinate transform: (182.50,1364.30) -> (182.50,627.70)
G1 X182.499 Y627.700
; Coordinate transform: (192.56,1364.85) -> (192.56,627.15)
G1 X192.563 Y627.150
; Coordinate transform: (202.92,1365.61) -> (202.92,626.39)
G1 X202.916 Y626.390
; Coordinate transform: (213.56,1366.74) -> (213.56,625.26)
G1 X213.555 Y625.260
; Coordinate transform: (224.47,1368.36) -> (224.47,623.64)
G1 X224.469 Y623.640
; Coordinate transform: (235.68,1370.58) -> (235.68,621.42)
G1 X235.682 Y621.420
; Coordinate transform: (247.27,1373.46) -> (247.27,618.54)
G1 X247.269 Y618.540
; Coordinate transform: (259.37,1376.99) -> (259.37,615.01)
G1 X259.373 Y615.010
; Coordinate transform: (272.16,1381.12) -> (272.16,610.88)
G1 X272.160 Y610.880
; Coordinate transform: (285.74,1385.72) -> (285.74,606.28)
G1 X285.736 Y606.280
; Coordinate transform: (300.09,1390.67) -> (300.09,601.33)
G1 X300.090 Y601.330
; Coordinate transform: (315.03,1395.79) -> (315.03,596.21)
G1 X315.029 Y596.210
; Coordinate transform: (330.23,1400.91) -> (330.23,591.09)
G1 X330.225 Y591.090
; Coordinate transform: (345.35,1405.86) -> (345.35,586.14)
G1 X345.353 Y586.140
; Coordinate transform: (360.16,1410.55) -> (360.16,581.45)
G1 X360.162 Y581.450
; Coordinate transform: (374.47,1414.83) -> (374.47,577.17)
G1 X374.469 Y577.170
; Coordinate transform: (388.15,1418.55) -> (388.15,573.45)
G1 X388.148 Y573.450
; Coordinate transform: (401.15,1421.59) -> (401.15,570.41)
G1 X401.147 Y570.410
; Coordinate transform: (413.48,1423.83) -> (413.48,568.17)
G1 X413.477 Y568.170
; Coordinate transform: (425.12,1425.15) -> (425.12,566.85)
G1 X425.123 Y566.850
; Coordinate transform: (436.02,1425.47) -> (436.02,566.53)
G1 X436.023 Y566.530
; Coordinate transform: (446.13,1424.77) -> (446.13,567.23)
G1 X446.128 Y567.230
; Coordinate transform: (455.44,1423.08) -> (455.44,568.92)
G1 X455.438 Y568.920
; Coordinate transform: (463.99,1420.46) -> (463.99,571.54)
G1 X463.989 Y571.540
; Coordinate transform: (471.89,1416.96) -> (471.89,575.04)
G1 X471.890 Y575.040
; Coordinate transform: (479.27,1412.66) -> (479.27,579.34)
G1 X479.272 Y579.340
; Coordinate transform: (486.29,1407.63) -> (486.29,584.37)
G1 X486.285 Y584.370
; Coordinate transform: (493.08,1401.97) -> (493.08,590.03)
G1 X493.076 Y590.030
; Coordinate transform: (499.75,1395.79) -> (499.75,596.21)
G1 X499.751 Y596.210
; Coordinate transform: (506.44,1389.26) -> (506.44,602.74)
G1 X506.444 Y602.740
; Coordinate transform: (513.28,1382.57) -> (513.28,609.43)
G1 X513.284 Y609.430
; Coordinate transform: (520.39,1375.95) -> (520.39,616.05)
G1 X520.394 Y616.050
; Coordinate transform: (527.97,1369.65) -> (527.97,622.35)
G1 X527.974 Y622.350
; Coordinate transform: (536.24,1363.91) -> (536.24,628.09)
G1 X536.241 Y628.090
; Coordinate transform: (545.53,1358.95) -> (545.53,633.05)
G1 X545.528 Y633.050
; Coordinate transform: (556.13,1354.94) -> (556.13,637.06)
G1 X556.134 Y637.060
; Coordinate transform: (568.30,1352.04) -> (568.30,639.96)
G1 X568.304 Y639.960
; Coordinate transform: (581.68,1350.19) -> (581.68,641.81)
G1 X581.685 Y641.810
; Coordinate transform: (595.52,1349.16) -> (595.52,642.84)
G1 X595.519 Y642.840
; Coordinate transform: (609.09,1348.67) -> (609.09,643.33)
G1 X609.091 Y643.330
; Coordinate transform: (622.01,1348.56) -> (622.01,643.44)
G1 X622.015 Y643.440
; Coordinate transform: (634.08,1348.77) -> (634.08,643.23)
G1 X634.077 Y643.230
; Coordinate transform: (645.12,1349.26) -> (645.12,642.74)
G1 X645.119 Y642.740
; Coordinate transform: (655.03,1349.99) -> (655.03,642.01)
G1 X655.035 Y642.010
; Coordinate transform: (663.76,1350.91) -> (663.76,641.09)
G1 X663.760 Y641.090
; Coordinate transform: (671.28,1351.96) -> (671.28,640.04)
G1 X671.281 Y640.040
; Coordinate transform: (677.62,1353.06) -> (677.62,638.94)
G1 X677.623 Y638.940
; Coordinate transform: (682.86,1354.15) -> (682.86,637.85)
G1 X682.858 Y637.850
; Coordinate transform: (687.08,1355.15) -> (687.08,636.85)
G1 X687.084 Y636.850
; Coordinate transform: (690.40,1355.98) -> (690.40,636.02)
G1 X690.398 Y636.020
; Coordinate transform: (692.91,1356.60) -> (692.91,635.40)
G1 X692.912 Y635.400
; Coordinate transform: (694.73,1356.96) -> (694.73,635.04)
G1 X694.731 Y635.040
; Coordinate transform: (695.95,1357.06) -> (695.95,634.94)
G1 X695.947 Y634.940
; Coordinate transform: (696.64,1356.88) -> (696.64,635.12)
G1 X696.639 Y635.120
; Coordinate transform: (696.86,1356.43) -> (696.86,635.57)
G1 X696.862 Y635.570
; Coordinate transform: (696.66,1355.75) -> (696.66,636.25)
G1 X696.661 Y636.250
; Coordinate transform: (696.05,1354.85) -> (696.05,637.15)
G1 X696.051 Y637.150
; Coordinate transform: (695.02,1353.77) -> (695.02,638.23)
G1 X695.023 Y638.230
; Coordinate transform: (693.56,1352.54) -> (693.56,639.46)
G1 X693.559 Y639.460
; Coordinate transform: (691.60,1351.18) -> (691.60,640.82)
G1 X691.604 Y640.820
; Coordinate transform: (689.07,1349.73) -> (689.07,642.27)
G1 X689.073 Y642.270
; Coordinate transform: (685.84,1348.18) -> (685.84,643.82)
G1 X685.843 Y643.820
; Coordinate transform: (681.78,1346.58) -> (681.78,645.42)
G1 X681.779 Y645.420
; Coordinate transform: (676.69,1344.97) -> (676.69,647.03)
G1 X676.690 Y647.030
; Coordinate transform: (670.32,1343.46) -> (670.32,648.54)
G1 X670.322 Y648.540
; Coordinate transform: (662.42,1342.12) -> (662.42,649.88)
G1 X662.422 Y649.880
; Coordinate transform: (652.76,1341.03) -> (652.76,650.97)
G1 X652.759 Y650.970
; Coordinate transform: (641.23,1340.26) -> (641.23,651.74)
G1 X641.231 Y651.740
; Coordinate transform: (627.90,1339.93) -> (627.90,652.07)
G1 X627.899 Y652.070
; Coordinate transform: (613.11,1340.14) -> (613.11,651.86)
G1 X613.108 Y651.860
; Coordinate transform: (597.42,1341.03) -> (597.42,650.97)
G1 X597.424 Y650.970
; Coordinate transform: (581.62,1342.76) -> (581.62,649.24)
G1 X581.621 Y649.240
; Coordinate transform: (566.74,1345.54) -> (566.74,646.46)
G1 X566.736 Y646.460
; Coordinate transform: (553.53,1349.44) -> (553.53,642.56)
G1 X553.530 Y642.560
; Coordinate transform: (542.05,1354.29) -> (542.05,637.71)
G1 X542.050 Y637.710
; Coordinate transform: (531.83,1359.78) -> (531.83,632.22)
G1 X531.832 Y632.220
; Coordinate transform: (522.33,1365.66) -> (522.33,626.34)
G1 X522.329 Y626.340
; Coordinate transform: (513.11,1371.70) -> (513.11,620.30)
G1 X513.111 Y620.300
; Coordinate transform: (503.83,1377.69) -> (503.83,614.31)
G1 X503.826 Y614.310
; Coordinate transform: (494.26,1383.43) -> (494.26,608.57)
G1 X494.265 Y608.570
; Coordinate transform: (484.20,1388.71) -> (484.20,603.29)
G1 X484.205 Y603.290
; Coordinate transform: (473.43,1393.35) -> (473.43,598.65)
G1 X473.429 Y598.650
; Coordinate transform: (461.77,1397.20) -> (461.77,594.80)
G1 X461.768 Y594.800
; Coordinate transform: (449.13,1400.14) -> (449.13,591.86)
G1 X449.133 Y591.860
; Coordinate transform: (435.58,1402.11) -> (435.58,589.89)
G1 X435.581 Y589.890
; Coordinate transform: (421.32,1403.10) -> (421.32,588.90)
G1 X421.316 Y588.900
; Coordinate transform: (406.59,1403.18) -> (406.59,588.82)
G1 X406.589 Y588.820
; Coordinate transform: (391.60,1402.46) -> (391.60,589.54)
G1 X391.595 Y589.540
; Coordinate transform: (376.45,1401.07) -> (376.45,590.93)
G1 X376.447 Y590.930
; Coordinate transform: (361.32,1399.14) -> (361.32,592.86)
G1 X361.316 Y592.860
; Coordinate transform: (346.39,1396.85) -> (346.39,595.15)
G1 X346.394 Y595.150
; Coordinate transform: (331.89,1394.35) -> (331.89,597.65)
G1 X331.895 Y597.650
; Coordinate transform: (318.07,1391.80) -> (318.07,600.20)
G1 X318.067 Y600.200
; Coordinate transform: (305.16,1389.37) -> (305.16,602.63)
G1 X305.157 Y602.630
; Coordinate transform: (293.38,1387.19) -> (293.38,604.81)
G1 X293.377 Y604.810
; Coordinate transform: (282.84,1385.41) -> (282.84,606.59)
G1 X282.842 Y606.590
; Coordinate transform: (273.51,1384.12) -> (273.51,607.88)
G1 X273.510 Y607.880
; Coordinate transform: (265.26,1383.38) -> (265.26,608.62)
G1 X265.259 Y608.620
; Coordinate transform: (257.91,1383.25) -> (257.91,608.75)
G1 X257.913 Y608.750
; Coordinate transform: (251.28,1383.75) -> (251.28,608.25)
G1 X251.281 Y608.250
; Coordinate transform: (245.17,1384.93) -> (245.17,607.07)
G1 X245.169 Y607.070
; Coordinate transform: (239.42,1386.82) -> (239.42,605.18)
G1 X239.423 Y605.180
; Coordinate transform: (233.90,1389.47) -> (233.90,602.53)
G1 X233.902 Y602.530
; Coordinate transform: (228.46,1392.94) -> (228.46,599.06)
G1 X228.463 Y599.060
; Coordinate transform: (223.06,1397.29) -> (223.06,594.71)
G1 X223.056 Y594.710
; Coordinate transform: (217.63,1402.49) -> (217.63,589.51)
G1 X217.632 Y589.510
; Coordinate transform: (212.17,1408.54) -> (212.17,583.46)
G1 X212.168 Y583.460
; Coordinate transform: (206.69,1415.40) -> (206.69,576.60)
G1 X206.692 Y576.600
; Coordinate transform: (201.22,1422.89) -> (201.22,569.11)
G1 X201.220 Y569.110
; Coordinate transform: (195.77,1430.86) -> (195.77,561.14)
G1 X195.771 Y561.140
; Coordinate transform: (190.32,1439.07) -> (190.32,552.93)
G1 X190.322 Y552.930
; Coordinate transform: (184.77,1447.38) -> (184.77,544.62)
G1 X184.771 Y544.620
; Coordinate transform: (178.88,1455.70) -> (178.88,536.30)
G1 X178.885 Y536.300
; Coordinate transform: (172.34,1464.12) -> (172.34,527.88)
G1 X172.342 Y527.880
; Coordinate transform: (164.87,1472.77) -> (164.87,519.23)
G1 X164.865 Y519.230
; Coordinate transform: (156.44,1481.79) -> (156.44,510.21)
G1 X156.438 Y510.210
; Coordinate transform: (147.37,1491.22) -> (147.37,500.78)
G1 X147.372 Y500.780
; Coordinate transform: (138.14,1501.04) -> (138.14,490.96)
G1 X138.142 Y490.960
; Coordinate transform: (129.10,1511.27) -> (129.10,480.73)
G1 X129.101 Y480.730
; Coordinate transform: (120.76,1522.04) -> (120.76,469.96)
G1 X120.763 Y469.960
; Coordinate transform: (113.96,1533.36) -> (113.96,458.64)
G1 X113.957 Y458.640
; Coordinate transform: (109.41,1544.89) -> (109.41,447.11)
G1 X109.412 Y447.110
; Coordinate transform: (107.65,1556.38) -> (107.65,435.62)
G1 X107.650 Y435.620
; Coordinate transform: (108.77,1567.69) -> (108.77,424.31)
G1 X108.769 Y424.310
; Coordinate transform: (112.42,1578.73) -> (112.42,413.27)
G1 X112.425 Y413.270
; Coordinate transform: (117.82,1589.21) -> (117.82,402.79)
G1 X117.822 Y402.790
; Coordinate transform: (123.97,1598.87) -> (123.97,393.13)
G1 X123.965 Y393.130
; Coordinate transform: (130.29,1607.59) -> (130.29,384.41)
G1 X130.293 Y384.410
; Coordinate transform: (136.31,1615.53) -> (136.31,376.47)
G1 X136.309 Y376.470
; Coordinate transform: (141.99,1622.73) -> (141.99,369.27)
G1 X141.989 Y369.270
; Coordinate transform: (147.52,1629.25) -> (147.52,362.75)
G1 X147.518 Y362.750
; Coordinate transform: (153.18,1635.21) -> (153.18,356.79)
G1 X153.183 Y356.790
; Coordinate transform: (159.39,1640.74) -> (159.39,351.26)
G1 X159.389 Y351.260
; Coordinate transform: (166.57,1646.00) -> (166.57,346.00)
G1 X166.567 Y346.000
; Coordinate transform: (174.94,1651.05) -> (174.94,340.95)
G1 X174.940 Y340.950
; Coordinate transform: (184.68,1655.94) -> (184.68,336.06)
G1 X184.677 Y336.060
; Coordinate transform: (195.79,1660.70) -> (195.79,331.30)
G1 X195.787 Y331.300
; Coordinate transform: (208.22,1665.29) -> (208.22,326.71)
G1 X208.215 Y326.710
; Coordinate transform: (221.75,1669.65) -> (221.75,322.35)
G1 X221.753 Y322.350
; Coordinate transform: (236.03,1673.70) -> (236.03,318.30)
G1 X236.032 Y318.300
; Coordinate transform: (250.91,1677.34) -> (250.91,314.66)
G1 X250.905 Y314.660
; Coordinate transform: (266.23,1680.52) -> (266.23,311.48)
G1 X266.225 Y311.480
; Coordinate transform: (281.71,1683.31) -> (281.71,308.69)
G1 X281.710 Y308.690
; Coordinate transform: (297.01,1685.91) -> (297.01,306.09)
G1 X297.015 Y306.090
; Coordinate transform: (311.82,1688.67) -> (311.82,303.33)
G1 X311.824 Y303.330
; Coordinate transform: (326.01,1691.79) -> (326.01,300.21)
G1 X326.015 Y300.210
; Coordinate transform: (339.63,1695.35) -> (339.63,296.65)
G1 X339.629 Y296.650
; Coordinate transform: (352.79,1699.32) -> (352.79,292.68)
G1 X352.790 Y292.680
; Coordinate transform: (365.66,1703.70) -> (365.66,288.30)
G1 X365.659 Y288.300
; Coordinate transform: (378.31,1708.47) -> (378.31,283.53)
G1 X378.305 Y283.530
; Coordinate transform: (390.75,1713.69) -> (390.75,278.31)
G1 X390.748 Y278.310
; Coordinate transform: (402.99,1719.42) -> (402.99,272.58)
G1 X402.993 Y272.580
; Coordinate transform: (415.02,1725.60) -> (415.02,266.40)
G1 X415.020 Y266.400
; Coordinate transform: (426.80,1732.18) -> (426.80,259.82)
G1 X426.796 Y259.820
; Coordinate transform: (438.26,1739.04) -> (438.26,252.96)
G1 X438.256 Y252.960
; Coordinate transform: (449.31,1746.01) -> (449.31,245.99)
G1 X449.310 Y245.990
; Coordinate transform: (459.85,1752.84) -> (459.85,239.16)
G1 X459.846 Y239.160
; Coordinate transform: (469.72,1759.21) -> (469.72,232.79)
G1 X469.718 Y232.790
; Coordinate transform: (478.91,1764.91) -> (478.91,227.09)
G1 X478.911 Y227.090
; Coordinate transform: (487.38,1769.72) -> (487.38,222.28)
G1 X487.377 Y222.280
; Coordinate transform: (495.09,1773.47) -> (495.09,218.53)
G1 X495.094 Y218.530
; Coordinate transform: (502.08,1776.06) -> (502.08,215.94)
G1 X502.077 Y215.940
; Coordinate transform: (508.36,1777.47) -> (508.36,214.53)
G1 X508.359 Y214.530
; Coordinate transform: (514.00,1777.70) -> (514.00,214.30)
G1 X514.002 Y214.300
; Coordinate transform: (519.08,1776.77) -> (519.08,215.23)
G1 X519.076 Y215.230
; Coordinate transform: (523.65,1774.67) -> (523.65,217.33)
G1 X523.655 Y217.330
; Coordinate transform: (527.82,1771.41) -> (527.82,220.59)
G1 X527.818 Y220.590
; Coordinate transform: (531.65,1766.99) -> (531.65,225.01)
G1 X531.655 Y225.010
; Coordinate transform: (535.22,1761.45) -> (535.22,230.55)
G1 X535.218 Y230.550
; Coordinate transform: (538.56,1754.88) -> (538.56,237.12)
G1 X538.564 Y237.120
; Coordinate transform: (541.73,1747.40) -> (541.73,244.60)
G1 X541.729 Y244.600
; Coordinate transform: (544.70,1739.24) -> (544.70,252.76)
G1 X544.698 Y252.760
; Coordinate transform: (547.40,1730.68) -> (547.40,261.32)
G1 X547.399 Y261.320
; Coordinate transform: (549.75,1721.97) -> (549.75,270.03)
G1 X549.751 Y270.030
; Coordinate transform: (551.69,1713.31) -> (551.69,278.69)
G1 X551.691 Y278.690
; Coordinate transform: (553.16,1704.87) -> (553.16,287.13)
G1 X553.165 Y287.130
; Coordinate transform: (554.11,1696.66) -> (554.11,295.34)
G1 X554.107 Y295.340
; Coordinate transform: (554.45,1688.62) -> (554.45,303.38)
G1 X554.454 Y303.380
; Coordinate transform: (554.15,1680.54) -> (554.15,311.46)
G1 X554.148 Y311.460
; Coordinate transform: (553.17,1672.18) -> (553.17,319.82)
G1 X553.170 Y319.820
; Coordinate transform: (551.54,1663.30) -> (551.54,328.70)
G1 X551.538 Y328.700
; Coordinate transform: (549.29,1653.73) -> (549.29,338.27)
G1 X549.289 Y338.270
; Coordinate transform: (546.45,1643.32) -> (546.45,348.68)
G1 X546.450 Y348.680
; Coordinate transform: (543.01,1631.89) -> (543.01,360.11)
G1 X543.010 Y360.110
; Coordinate transform: (538.98,1619.32) -> (538.98,372.68)
G1 X538.977 Y372.680
; Coordinate transform: (534.42,1605.72) -> (534.42,386.28)
G1 X534.420 Y386.280
; Coordinate transform: (529.49,1591.51) -> (529.49,400.49)
G1 X529.485 Y400.490
; Coordinate transform: (524.29,1577.15) -> (524.29,414.85)
G1 X524.290 Y414.850
; Coordinate transform: (518.89,1562.90) -> (518.89,429.10)
G1 X518.893 Y429.100
; Coordinate transform: (513.37,1549.02) -> (513.37,442.98)
G1 X513.367 Y442.980
; Coordinate transform: (507.82,1535.86) -> (507.82,456.14)
G1 X507.825 Y456.140
; Coordinate transform: (502.44,1523.85) -> (502.44,468.15)
G1 X502.441 Y468.150
; Coordinate transform: (497.40,1513.41) -> (497.40,478.59)
G1 X497.398 Y478.590
; Coordinate transform: (492.82,1504.77) -> (492.82,487.23)
G1 X492.822 Y487.230
; Coordinate transform: (488.75,1497.97) -> (488.75,494.03)
G1 X488.754 Y494.030
; Coordinate transform: (485.16,1492.89) -> (485.16,499.11)
G1 X485.157 Y499.110
; Coordinate transform: (481.96,1489.36) -> (481.96,502.64)
G1 X481.956 Y502.640
; Coordinate transform: (479.06,1487.20) -> (479.06,504.80)
G1 X479.056 Y504.800
; Coordinate transform: (476.37,1486.25) -> (476.37,505.75)
G1 X476.372 Y505.750
; Coordinate transform: (473.81,1486.41) -> (473.81,505.59)
G1 X473.813 Y505.590
; Coordinate transform: (471.30,1487.61) -> (471.30,504.39)
G1 X471.298 Y504.390
; Coordinate transform: (468.74,1489.85) -> (468.74,502.15)
G1 X468.742 Y502.150
; Coordinate transform: (466.07,1493.18) -> (466.07,498.82)
G1 X466.071 Y498.820
; Coordinate transform: (463.23,1497.70) -> (463.23,494.30)
G1 X463.231 Y494.300
; Coordinate transform: (460.17,1503.55) -> (460.17,488.45)
G1 X460.165 Y488.450
; Coordinate transform: (456.83,1510.93) -> (456.83,481.07)
G1 X456.835 Y481.070
; Coordinate transform: (453.22,1520.13) -> (453.22,471.87)
G1 X453.222 Y471.870
; Coordinate transform: (449.34,1531.32) -> (449.34,460.68)
G1 X449.336 Y460.680
; Coordinate transform: (445.24,1544.49) -> (445.24,447.51)
G1 X445.238 Y447.510
; Coordinate transform: (441.00,1559.34) -> (441.00,432.66)
G1 X441.001 Y432.660
; Coordinate transform: (436.68,1575.28) -> (436.68,416.72)
G1 X436.678 Y416.720
; Coordinate transform: (432.29,1591.56) -> (432.29,400.44)
G1 X432.287 Y400.440
; Coordinate transform: (427.80,1607.53) -> (427.80,384.47)
G1 X427.801 Y384.470
; Coordinate transform: (423.20,1622.70) -> (423.20,369.30)
G1 X423.197 Y369.300
; Coordinate transform: (418.48,1636.78) -> (418.48,355.22)
G1 X418.482 Y355.220
; Coordinate transform: (413.69,1649.64) -> (413.69,342.36)
G1 X413.695 Y342.360
; Coordinate transform: (408.88,1661.31) -> (408.88,330.69)
G1 X408.877 Y330.690
; Coordinate transform: (404.08,1671.98) -> (404.08,320.02)
G1 X404.085 Y320.020
; Coordinate transform: (399.37,1681.93) -> (399.37,310.07)
G1 X399.368 Y310.070
; Coordinate transform: (394.73,1691.49) -> (394.73,300.51)
G1 X394.734 Y300.510
; Coordinate transform: (390.20,1700.93) -> (390.20,291.07)
G1 X390.199 Y291.070
; Coordinate transform: (385.75,1710.56) -> (385.75,281.44)
G1 X385.747 Y281.440
; Coordinate transform: (381.32,1720.65) -> (381.32,271.35)
G1 X381.323 Y271.350
; Coordinate transform: (376.81,1731.42) -> (376.81,260.58)
G1 X376.806 Y260.580
; Coordinate transform: (372.00,1743.07) -> (372.00,248.93)
G1 X371.995 Y248.930
; Coordinate transform: (366.65,1755.65) -> (366.65,236.35)
G1 X366.652 Y236.350
; Coordinate transform: (360.83,1768.70) -> (360.83,223.30)
G1 X360.829 Y223.300
; Coordinate transform: (354.93,1781.36) -> (354.93,210.64)
G1 X354.929 Y210.640
; Coordinate transform: (349.24,1792.94) -> (349.24,199.06)
G1 X349.235 Y199.060
; Coordinate transform: (343.85,1803.06) -> (343.85,188.94)
G1 X343.847 Y188.940
; Coordinate transform: (338.77,1811.68) -> (338.77,180.32)
G1 X338.775 Y180.320
; Coordinate transform: (333.97,1819.03) -> (333.97,172.97)
G1 X333.972 Y172.970
; Coordinate transform: (329.38,1825.39) -> (329.38,166.61)
G1 X329.377 Y166.610
; Coordinate transform: (324.92,1831.12) -> (324.92,160.88)
G1 X324.915 Y160.880
; Coordinate transform: (320.49,1836.57) -> (320.49,155.43)
G1 X320.494 Y155.430
; Coordinate transform: (316.05,1842.11) -> (316.05,149.89)
G1 X316.054 Y149.890
; Coordinate transform: (311.54,1848.09) -> (311.54,143.91)
G1 X311.541 Y143.910
; Coordinate transform: (306.89,1854.78) -> (306.89,137.22)
G1 X306.893 Y137.220
; Coordinate transform: (302.06,1862.31) -> (302.06,129.69)
G1 X302.059 Y129.690
; Coordinate transform: (297.03,1870.42) -> (297.03,121.58)
G1 X297.033 Y121.580
; Coordinate transform: (291.91,1878.00) -> (291.91,114.00)
G1 X291.913 Y114.000
; Coordinate transform: (286.87,1883.83) -> (286.87,108.17)
G1 X286.867 Y108.170
; Coordinate transform: (282.12,1886.96) -> (282.12,105.04)
G1 X282.124 Y105.040
; Coordinate transform: (277.81,1887.01) -> (277.81,104.99)
G1 X277.805 Y104.990
; Coordinate transform: (273.94,1884.13) -> (273.94,107.87)
G1 X273.936 Y107.870
; Coordinate transform: (270.43,1878.76) -> (270.43,113.24)
G1 X270.427 Y113.240
; Coordinate transform: (267.18,1871.58) -> (267.18,120.42)
G1 X267.182 Y120.420
; Coordinate transform: (264.04,1863.32) -> (264.04,128.68)
G1 X264.038 Y128.680
; Coordinate transform: (260.72,1854.69) -> (260.72,137.31)
G1 X260.721 Y137.310
; Coordinate transform: (256.96,1846.00) -> (256.96,146.00)
G1 X256.961 Y146.000
; Coordinate transform: (252.58,1837.25) -> (252.58,154.75)
G1 X252.578 Y154.750
; Coordinate transform: (247.56,1828.28) -> (247.56,163.72)
G1 X247.563 Y163.720
; Coordinate transform: (241.94,1818.94) -> (241.94,173.06)
G1 X241.936 Y173.060
; Coordinate transform: (235.83,1809.10) -> (235.83,182.90)
G1 X235.827 Y182.900
; Coordinate transform: (229.43,1798.74) -> (229.43,193.26)
G1 X229.430 Y193.260
; Coordinate transform: (223.00,1787.91) -> (223.00,204.09)
G1 X223.004 Y204.090
; Coordinate transform: (216.85,1776.71) -> (216.85,215.29)
G1 X216.854 Y215.290
; Coordinate transform: (211.27,1765.34) -> (211.27,226.66)
G1 X211.267 Y226.660
; Coordinate transform: (206.46,1753.99) -> (206.46,238.01)
G1 X206.462 Y238.010
; Coordinate transform: (202.63,1742.84) -> (202.63,249.16)
G1 X202.630 Y249.160
; Coordinate transform: (199.93,1732.04) -> (199.93,259.96)
G1 X199.928 Y259.960
; Coordinate transform: (198.40,1721.69) -> (198.40,270.31)
G1 X198.398 Y270.310
; Coordinate transform: (198.06,1711.86) -> (198.06,280.14)
G1 X198.057 Y280.140
; Coordinate transform: (198.90,1702.60) -> (198.90,289.40)
G1 X198.904 Y289.400
; Coordinate transform: (200.91,1693.88) -> (200.91,298.12)
G1 X200.913 Y298.120
; Coordinate transform: (204.06,1685.59) -> (204.06,306.41)
G1 X204.059 Y306.410
; Coordinate transform: (208.34,1677.52) -> (208.34,314.48)
G1 X208.336 Y314.480
; Coordinate transform: (213.74,1669.43) -> (213.74,322.57)
G1 X213.738 Y322.570
; Coordinate transform: (220.24,1661.08) -> (220.24,330.92)
G1 X220.240 Y330.920
; Coordinate transform: (227.90,1652.15) -> (227.90,339.85)
G1 X227.895 Y339.850
; Coordinate transform: (236.79,1642.41) -> (236.79,349.59)
G1 X236.794 Y349.590
; Coordinate transform: (246.80,1632.00) -> (246.80,360.00)
G1 X246.800 Y360.000
; Coordinate transform: (257.26,1621.59) -> (257.26,370.41)
G1 X257.264 Y370.410
; Coordinate transform: (267.79,1611.81) -> (267.79,380.19)
G1 X267.791 Y380.190
; Coordinate transform: (278.53,1602.98) -> (278.53,389.02)
G1 X278.529 Y389.020
; Coordinate transform: (289.74,1595.37) -> (289.74,396.63)
G1 X289.735 Y396.630
; Coordinate transform: (301.45,1589.21) -> (301.45,402.79)
G1 X301.447 Y402.790
; Coordinate transform: (313.66,1584.61) -> (313.66,407.39)
G1 X313.662 Y407.390
; Coordinate transform: (326.34,1581.59) -> (326.34,410.41)
G1 X326.337 Y410.410
; Coordinate transform: (339.39,1580.10) -> (339.39,411.90)
G1 X339.388 Y411.900
; Coordinate transform: (352.66,1580.00) -> (352.66,412.00)
G1 X352.664 Y412.000
; Coordinate transform: (365.98,1581.13) -> (365.98,410.87)
G1 X365.981 Y410.870
; Coordinate transform: (379.11,1583.23) -> (379.11,408.77)
G1 X379.107 Y408.770
; Coordinate transform: (391.83,1586.01) -> (391.83,405.99)
G1 X391.834 Y405.990
; Coordinate transform: (404.03,1589.18) -> (404.03,402.82)
G1 X404.034 Y402.820
; Coordinate transform: (415.68,1592.53) -> (415.68,399.47)
G1 X415.676 Y399.470
; Coordinate transform: (426.83,1595.86) -> (426.83,396.14)
G1 X426.828 Y396.140
; Coordinate transform: (437.63,1599.05) -> (437.63,392.95)
G1 X437.635 Y392.950
; Coordinate transform: (448.27,1602.04) -> (448.27,389.96)
G1 X448.269 Y389.960
; Coordinate transform: (458.82,1604.82) -> (458.82,387.18)
G1 X458.817 Y387.180
; Coordinate transform: (469.29,1607.39) -> (469.29,384.61)
G1 X469.293 Y384.610
; Coordinate transform: (479.62,1609.73) -> (479.62,382.27)
G1 X479.624 Y382.270
; Coordinate transform: (489.66,1611.78) -> (489.66,380.22)
G1 X489.656 Y380.220
; Coordinate transform: (499.26,1613.47) -> (499.26,378.53)
G1 X499.263 Y378.530
; Coordinate transform: (508.36,1614.71) -> (508.36,377.29)
G1 X508.357 Y377.290
; Coordinate transform: (516.91,1615.38) -> (516.91,376.62)
G1 X516.915 Y376.620
; Coordinate transform: (524.97,1615.34) -> (524.97,376.66)
G1 X524.971 Y376.660
; Coordinate transform: (532.62,1614.45) -> (532.62,377.55)
G1 X532.625 Y377.550
; Coordinate transform: (540.00,1612.61) -> (540.00,379.39)
G1 X540.000 Y379.390
; Coordinate transform: (547.25,1609.72) -> (547.25,382.28)
G1 X547.252 Y382.280
; Coordinate transform: (554.52,1605.73) -> (554.52,386.27)
G1 X554.521 Y386.270
; Coordinate transform: (561.95,1600.63) -> (561.95,391.37)
G1 X561.951 Y391.370
; Coordinate transform: (569.62,1594.47) -> (569.62,397.53)
G1 X569.623 Y397.530
; Coordinate transform: (577.57,1587.30) -> (577.57,404.70)
G1 X577.569 Y404.700
; Coordinate transform: (585.70,1579.23) -> (585.70,412.77)
G1 X585.699 Y412.770
; Coordinate transform: (593.88,1570.39) -> (593.88,421.61)
G1 X593.875 Y421.610
; Coordinate transform: (601.90,1560.96) -> (601.90,431.04)
G1 X601.900 Y431.040
; Coordinate transform: (609.62,1551.10) -> (609.62,440.90)
G1 X609.619 Y440.900
; Coordinate transform: (616.95,1540.94) -> (616.95,451.06)
G1 X616.946 Y451.060
; Coordinate transform: (623.85,1530.63) -> (623.85,461.37)
G1 X623.854 Y461.370
; Coordinate transform: (630.36,1520.27) -> (630.36,471.73)
G1 X630.360 Y471.730
; Coordinate transform: (636.49,1509.99) -> (636.49,482.01)
G1 X636.486 Y482.010
; Coordinate transform: (642.16,1499.90) -> (642.16,492.10)
G1 X642.159 Y492.100
; Coordinate transform: (647.36,1490.05) -> (647.36,501.95)
G1 X647.360 Y501.950
; Coordinate transform: (652.09,1480.51) -> (652.09,511.49)
G1 X652.092 Y511.490
; Coordinate transform: (656.34,1471.32) -> (656.34,520.68)
G1 X656.343 Y520.680
; Coordinate transform: (660.10,1462.55) -> (660.10,529.45)
G1 X660.100 Y529.450
; Coordinate transform: (663.33,1454.28) -> (663.33,537.72)
G1 X663.333 Y537.720
; Coordinate transform: (665.93,1446.62) -> (665.93,545.38)
G1 X665.931 Y545.380
; Coordinate transform: (667.79,1439.71) -> (667.79,552.29)
G1 X667.787 Y552.290
; Coordinate transform: (668.78,1433.66) -> (668.78,558.34)
G1 X668.784 Y558.340
; Coordinate transform: (668.84,1428.54) -> (668.84,563.46)
G1 X668.842 Y563.460
; Coordinate transform: (667.91,1424.37) -> (667.91,567.63)
G1 X667.915 Y567.630
; Coordinate transform: (665.97,1421.13) -> (665.97,570.87)
G1 X665.972 Y570.870
; Coordinate transform: (662.98,1418.74) -> (662.98,573.26)
G1 X662.982 Y573.260
; Coordinate transform: (658.90,1417.14) -> (658.90,574.86)
G1 X658.904 Y574.860
; Coordinate transform: (653.69,1416.22) -> (653.69,575.78)
G1 X653.687 Y575.780
; Coordinate transform: (647.29,1415.83) -> (647.29,576.17)
G1 X647.290 Y576.170
; Coordinate transform: (639.65,1415.80) -> (639.65,576.20)
G1 X639.648 Y576.200
; Coordinate transform: (630.73,1415.97) -> (630.73,576.03)
G1 X630.727 Y576.030
; Coordinate transform: (620.51,1416.14) -> (620.51,575.86)
G1 X620.514 Y575.860
; Coordinate transform: (609.17,1416.19) -> (609.17,575.81)
G1 X609.172 Y575.810
; Coordinate transform: (596.97,1416.00) -> (596.97,576.00)
G1 X596.971 Y576.000
; Coordinate transform: (584.31,1415.49) -> (584.31,576.51)
G1 X584.314 Y576.510
; Coordinate transform: (571.69,1414.62) -> (571.69,577.38)
G1 X571.694 Y577.380
; Coordinate transform: (559.62,1413.42) -> (559.62,578.58)
G1 X559.618 Y578.580
; Coordinate transform: (548.53,1411.99) -> (548.53,580.01)
G1 X548.527 Y580.010
; Coordinate transform: (538.64,1410.48) -> (538.64,581.52)
G1 X538.644 Y581.520
; Coordinate transform: (530.01,1409.01) -> (530.01,582.99)
G1 X530.013 Y582.990
; Coordinate transform: (522.53,1407.68) -> (522.53,584.32)
G1 X522.529 Y584.320
; Coordinate transform: (516.01,1406.48) -> (516.01,585.52)
G1 X516.007 Y585.520
; Coordinate transform: (510.22,1405.40) -> (510.22,586.60)
G1 X510.221 Y586.600
; Coordinate transform: (504.92,1404.39) -> (504.92,587.61)
G1 X504.916 Y587.610
; Coordinate transform: (499.77,1403.27) -> (499.77,588.73)
G1 X499.771 Y588.730
; Coordinate transform: (494.55,1402.03) -> (494.55,589.97)
G1 X494.552 Y589.970
; Coordinate transform: (488.99,1400.54) -> (488.99,591.46)
G1 X488.987 Y591.460
; Coordinate transform: (482.78,1398.63) -> (482.78,593.37)
G1 X482.781 Y593.370
; Coordinate transform: (475.60,1396.11) -> (475.60,595.89)
G1 X475.595 Y595.890
; Coordinate transform: (467.11,1392.72) -> (467.11,599.28)
G1 X467.106 Y599.280
; Coordinate transform: (456.98,1388.17) -> (456.98,603.83)
G1 X456.981 Y603.830
; Coordinate transform: (445.18,1382.20) -> (445.18,609.80)
G1 X445.179 Y609.800
; Coordinate transform: (431.96,1374.66) -> (431.96,617.34)
G1 X431.960 Y617.340
; Coordinate transform: (417.77,1365.51) -> (417.77,626.49)
G1 X417.770 Y626.490
; Coordinate transform: (403.13,1354.88) -> (403.13,637.12)
G1 X403.131 Y637.120
; Coordinate transform: (388.59,1343.14) -> (388.59,648.86)
G1 X388.593 Y648.860
; Coordinate transform: (374.54,1330.75) -> (374.54,661.25)
G1 X374.537 Y661.250
; Coordinate transform: (361.24,1318.19) -> (361.24,673.81)
G1 X361.243 Y673.810
; Coordinate transform: (349.00,1306.00) -> (349.00,686.00)
G1 X348.996 Y686.000
; Coordinate transform: (338.12,1294.63) -> (338.12,697.37)
G1 X338.123 Y697.370
; Coordinate transform: (328.89,1284.41) -> (328.89,707.59)
G1 X328.891 Y707.590
; Coordinate transform: (321.36,1275.49) -> (321.36,716.51)
G1 X321.362 Y716.510
; Coordinate transform: (315.42,1267.81) -> (315.42,724.19)
G1 X315.421 Y724.190
; Coordinate transform: (310.74,1261.19) -> (310.74,730.81)
G1 X310.743 Y730.810
; Coordinate transform: (307.00,1255.41) -> (307.00,736.59)
G1 X307.004 Y736.590
; Coordinate transform: (303.87,1250.27) -> (303.87,741.73)
G1 X303.872 Y741.730
; Coordinate transform: (301.03,1245.56) -> (301.03,746.44)
G1 X301.029 Y746.440
; Coordinate transform: (298.14,1241.12) -> (298.14,750.88)
G1 X298.145 Y750.880
; Coordinate transform: (294.98,1236.78) -> (294.98,755.22)
G1 X294.980 Y755.220
; Coordinate transform: (291.24,1232.43) -> (291.24,759.57)
G1 X291.238 Y759.570
; Coordinate transform: (286.62,1227.90) -> (286.62,764.10)
G1 X286.623 Y764.100
; Coordinate transform: (280.86,1223.08) -> (280.86,768.92)
G1 X280.862 Y768.920
; Coordinate transform: (273.66,1217.91) -> (273.66,774.09)
G1 X273.661 Y774.090
; Coordinate transform: (264.87,1212.38) -> (264.87,779.62)
G1 X264.873 Y779.620
; Coordinate transform: (254.50,1206.60) -> (254.50,785.40)
G1 X254.500 Y785.400
; Coordinate transform: (242.85,1200.83) -> (242.85,791.17)
G1 X242.852 Y791.170
; Coordinate transform: (230.38,1195.41) -> (230.38,796.59)
G1 X230.382 Y796.590
; Coordinate transform: (217.55,1190.69) -> (217.55,801.31)
G1 X217.547 Y801.310
; Coordinate transform: (204.58,1186.96) -> (204.58,805.04)
G1 X204.581 Y805.040
; Coordinate transform: (191.40,1184.39) -> (191.40,807.61)
G1 X191.399 Y807.610
; Coordinate transform: (177.69,1183.02) -> (177.69,808.98)
G1 X177.689 Y808.980
; Coordinate transform: (163.08,1182.71) -> (163.08,809.29)
G1 X163.079 Y809.290
; Coordinate transform: (147.28,1183.28) -> (147.28,808.72)
G1 X147.281 Y808.720
; Coordinate transform: (130.25,1184.44) -> (130.25,807.56)
G1 X130.253 Y807.560
; Coordinate transform: (113.07,1186.01) -> (113.07,805.99)
G1 X113.068 Y805.990
; Coordinate transform: (99.01,1187.79) -> (99.01,804.21)
G1 X99.007 Y804.210
; Coordinate transform: (88.58,1189.61) -> (88.58,802.39)
G1 X88.577 Y802.390
; Coordinate transform: (81.60,1191.43) -> (81.60,800.57)
G1 X81.596 Y800.570
; Coordinate transform: (77.89,1193.24) -> (77.89,798.76)
G1 X77.892 Y798.760
M400 ; Wait for drawing to complete
; === STOP BRUSH SEQUENCE ===
; STOP BRUSH A
G4 P50 ; Short delay before stepper command
G1 U0.000 F200.0 ; Close Brush A flow
M400 ; Wait for stepper motion to complete
M106 P2 S0 ; Brush A air off
; Z already at 84.000mm, above safe threshold of 10.000mm, no need to raise
; === END STOP BRUSH SEQUENCE ===
; === PATH END ===


; Path 7/49 (id: path7)
; WIDTH: requested=117.176mm, actual=117.176mm, compensation=1.000
; Z HEIGHT: 84.000mm (min=4.0, max=84.0)
; PAINT FLOW: 0.500 (baseline=0.1, max=0.5)
; PAINT FLOW COMPONENTS: base=0.100, width=0.300, opacity=0.100
; FEEDRATE: 594.5 mm/min (z_factor=0.0259, speed_factor=0.956)
; WARNING: Requested stroke width 117.2mm exceeds machine capability.
; H.Airbrush cannot draw strokes wider than 6.6mm at 1mm/s minimum speed.
; Stroke width has been reduced to 6.6mm.
; ===== STROKE PARAMETERS =====
; Color: black
; Width: 117.18mm
; Opacity: 0.25
; Brush: brush_a (index 0)
T0 ; Select Brush A (Black)
; ===== AIRBRUSH SETTINGS =====
; Z-height: 84.00mm
; Paint flow: 0.50
; Feedrate: 594.5mm/min (includes Z scaling)
; Using brush: brush_a (tool 0)
; Path with Brush A (black) at Z=84.000mm
; Using: Air=P2, Flow=A axis
; Drawing Z height: 84.000mm, Travel Z height: 10.000mm
; Machine Z range: 0-84mm (Safe range: 5-80mm)
; === START BRUSH SEQUENCE ===
; START BRUSH A
; Z already at 84.000mm, above safe threshold of 10.000mm, no need to raise
T0 ; Select Tool 0 (Brush A)
G4 P500 ; Wait for tool change to complete
; === END BRUSH SEQUENCE ===
; Coordinate transform: (878.55,926.22) -> (878.55,1065.78)
G0 X878.551 Y1065.776 F24000
M400 ; Wait for XY movement to complete
G1 Z84.000 F1200
M400 ; Wait for Z movement to complete
; === ACTIVATE BRUSH AT POSITION ===
; AIR ON FIRST - Important to prevent dripping
M106 P2 S1 ; Brush A air on
; PAINT ON AFTER AIR
G4 P50 ; Short delay before stepper command
G1 U2.400 F200.0 ; Set Brush A flow to 2.400mm
M400 ; Wait for stepper motion to complete
; === BRUSH ACTIVATED ===
G1 F594.4557554428459
; Coordinate transform: (877.97,925.86) -> (877.97,1066.14)
G1 X877.974 Y1066.141
; Coordinate transform: (877.11,925.35) -> (877.11,1066.65)
G1 X877.114 Y1066.654
; Coordinate transform: (875.99,924.70) -> (875.99,1067.30)
G1 X875.987 Y1067.305
; Coordinate transform: (874.61,923.93) -> (874.61,1068.07)
G1 X874.612 Y1068.070
; Coordinate transform: (873.01,923.06) -> (873.01,1068.94)
G1 X873.010 Y1068.936
; Coordinate transform: (871.18,922.10) -> (871.18,1069.90)
G1 X871.184 Y1069.898
; Coordinate transform: (869.12,921.05) -> (869.12,1070.95)
G1 X869.125 Y1070.946
; Coordinate transform: (866.82,919.92) -> (866.82,1072.08)
G1 X866.818 Y1072.083
; Coordinate transform: (864.23,918.69) -> (864.23,1073.31)
G1 X864.232 Y1073.311
; Coordinate transform: (861.34,917.37) -> (861.34,1074.63)
G1 X861.335 Y1074.629
; Coordinate transform: (858.09,915.95) -> (858.09,1076.05)
G1 X858.094 Y1076.053
; Coordinate transform: (854.47,914.41) -> (854.47,1077.59)
G1 X854.468 Y1077.594
; Coordinate transform: (850.39,912.73) -> (850.39,1079.27)
G1 X850.388 Y1079.269
; Coordinate transform: (845.77,910.91) -> (845.77,1081.09)
G1 X845.766 Y1081.091
; Coordinate transform: (840.56,908.92) -> (840.56,1083.08)
G1 X840.564 Y1083.075
; Coordinate transform: (834.73,906.78) -> (834.73,1085.22)
G1 X834.733 Y1085.221
; Coordinate transform: (828.22,904.53) -> (828.22,1087.47)
G1 X828.222 Y1087.474
; Coordinate transform: (821.11,902.29) -> (821.11,1089.70)
G1 X821.114 Y1089.705
; Coordinate transform: (813.48,900.24) -> (813.48,1091.76)
G1 X813.477 Y1091.758
; Coordinate transform: (805.48,898.57) -> (805.48,1093.43)
G1 X805.476 Y1093.426
; Coordinate transform: (797.25,897.53) -> (797.25,1094.47)
G1 X797.247 Y1094.474
; Coordinate transform: (788.97,897.32) -> (788.97,1094.68)
G1 X788.965 Y1094.682
; Coordinate transform: (780.76,898.15) -> (780.76,1093.85)
G1 X780.759 Y1093.853
; Coordinate transform: (772.74,900.09) -> (772.74,1091.91)
G1 X772.743 Y1091.906
; Coordinate transform: (765.04,903.12) -> (765.04,1088.88)
G1 X765.045 Y1088.878
; Coordinate transform: (757.83,907.06) -> (757.83,1084.94)
G1 X757.832 Y1084.939
; Coordinate transform: (751.29,911.67) -> (751.29,1080.33)
G1 X751.286 Y1080.331
; Coordinate transform: (745.58,916.72) -> (745.58,1075.28)
G1 X745.582 Y1075.283
; Coordinate transform: (740.84,922.03) -> (740.84,1069.97)
G1 X740.837 Y1069.974
; Coordinate transform: (737.10,927.49) -> (737.10,1064.51)
G1 X737.096 Y1064.515
; Coordinate transform: (734.34,933.07) -> (734.34,1058.93)
G1 X734.336 Y1058.932
; Coordinate transform: (732.52,938.79) -> (732.52,1053.21)
G1 X732.521 Y1053.207
; Coordinate transform: (731.61,944.69) -> (731.61,1047.31)
G1 X731.614 Y1047.309
; Coordinate transform: (731.60,950.72) -> (731.60,1041.28)
G1 X731.604 Y1041.282
; Coordinate transform: (732.47,956.87) -> (732.47,1035.13)
G1 X732.473 Y1035.129
; Coordinate transform: (734.22,963.15) -> (734.22,1028.85)
G1 X734.221 Y1028.845
; Coordinate transform: (736.91,969.60) -> (736.91,1022.40)
G1 X736.909 Y1022.404
; Coordinate transform: (740.62,976.28) -> (740.62,1015.72)
G1 X740.617 Y1015.720
; Coordinate transform: (745.45,983.33) -> (745.45,1008.67)
G1 X745.448 Y1008.671
; Coordinate transform: (751.48,990.85) -> (751.48,1001.15)
G1 X751.481 Y1001.150
; Coordinate transform: (758.80,998.85) -> (758.80,993.15)
G1 X758.798 Y993.153
; Coordinate transform: (767.49,1007.32) -> (767.49,984.68)
G1 X767.494 Y984.680
; Coordinate transform: (777.52,1016.17) -> (777.52,975.83)
G1 X777.519 Y975.830
; Coordinate transform: (788.66,1025.22) -> (788.66,966.78)
G1 X788.656 Y966.780
; Coordinate transform: (800.50,1034.13) -> (800.50,957.87)
G1 X800.503 Y957.870
; Coordinate transform: (812.64,1042.41) -> (812.64,949.59)
G1 X812.637 Y949.590
; Coordinate transform: (824.71,1049.60) -> (824.71,942.40)
G1 X824.709 Y942.400
; Coordinate transform: (836.46,1055.37) -> (836.46,936.63)
G1 X836.457 Y936.630
; Coordinate transform: (847.76,1059.50) -> (847.76,932.50)
G1 X847.758 Y932.500
; Coordinate transform: (858.63,1062.11) -> (858.63,929.89)
G1 X858.630 Y929.890
; Coordinate transform: (869.19,1063.53) -> (869.19,928.47)
G1 X869.187 Y928.470
; Coordinate transform: (879.58,1064.19) -> (879.58,927.81)
G1 X879.579 Y927.810
; Coordinate transform: (889.96,1064.60) -> (889.96,927.40)
G1 X889.955 Y927.400
; Coordinate transform: (900.54,1065.27) -> (900.54,926.73)
G1 X900.544 Y926.730
; Coordinate transform: (911.58,1066.59) -> (911.58,925.41)
G1 X911.580 Y925.410
; Coordinate transform: (923.20,1068.73) -> (923.20,923.27)
G1 X923.203 Y923.270
; Coordinate transform: (935.29,1071.65) -> (935.29,920.35)
G1 X935.293 Y920.350
; Coordinate transform: (947.46,1075.21) -> (947.46,916.79)
G1 X947.458 Y916.790
; Coordinate transform: (959.33,1079.22) -> (959.33,912.78)
G1 X959.326 Y912.780
; Coordinate transform: (970.62,1083.41) -> (970.62,908.59)
G1 X970.620 Y908.590
; Coordinate transform: (981.11,1087.40) -> (981.11,904.60)
G1 X981.107 Y904.600
; Coordinate transform: (990.54,1090.74) -> (990.54,901.26)
G1 X990.538 Y901.260
; Coordinate transform: (998.77,1093.05) -> (998.77,898.95)
G1 X998.771 Y898.950
; Coordinate transform: (1005.78,1094.08) -> (1005.78,897.92)
G1 X1005.780 Y897.920
; Coordinate transform: (1011.66,1093.76) -> (1011.66,898.24)
G1 X1011.660 Y898.240
; Coordinate transform: (1016.52,1092.08) -> (1016.52,899.92)
G1 X1016.520 Y899.920
; Coordinate transform: (1020.40,1089.18) -> (1020.40,902.82)
G1 X1020.400 Y902.820
; Coordinate transform: (1023.34,1085.20) -> (1023.34,906.80)
G1 X1023.340 Y906.800
; Coordinate transform: (1025.32,1080.22) -> (1025.32,911.78)
G1 X1025.320 Y911.780
; Coordinate transform: (1026.30,1074.37) -> (1026.30,917.63)
G1 X1026.300 Y917.630
; Coordinate transform: (1026.28,1067.78) -> (1026.28,924.22)
G1 X1026.280 Y924.220
; Coordinate transform: (1025.22,1060.55) -> (1025.22,931.45)
G1 X1025.220 Y931.450
; Coordinate transform: (1023.19,1052.79) -> (1023.19,939.21)
G1 X1023.190 Y939.210
; Coordinate transform: (1020.33,1044.67) -> (1020.33,947.33)
G1 X1020.330 Y947.330
; Coordinate transform: (1016.95,1036.42) -> (1016.95,955.58)
G1 X1016.950 Y955.580
; Coordinate transform: (1013.37,1028.27) -> (1013.37,963.73)
G1 X1013.370 Y963.730
; Coordinate transform: (1009.85,1020.39) -> (1009.85,971.61)
G1 X1009.850 Y971.610
; Coordinate transform: (1006.70,1012.89) -> (1006.70,979.11)
G1 X1006.700 Y979.110
; Coordinate transform: (1003.84,1005.63) -> (1003.84,986.37)
G1 X1003.840 Y986.370
; Coordinate transform: (1001.02,998.57) -> (1001.02,993.43)
G1 X1001.020 Y993.429
; Coordinate transform: (998.10,991.49) -> (998.10,1000.51)
G1 X998.101 Y1000.514
; Coordinate transform: (994.96,984.24) -> (994.96,1007.76)
G1 X994.959 Y1007.759
; Coordinate transform: (991.47,976.75) -> (991.47,1015.25)
G1 X991.470 Y1015.252
; Coordinate transform: (987.57,969.27) -> (987.57,1022.73)
G1 X987.572 Y1022.725
; Coordinate transform: (983.33,962.33) -> (983.33,1029.67)
G1 X983.326 Y1029.666
; Coordinate transform: (978.88,956.06) -> (978.88,1035.94)
G1 X978.876 Y1035.936
; Coordinate transform: (974.28,950.28) -> (974.28,1041.72)
G1 X974.277 Y1041.721
; Coordinate transform: (969.36,944.45) -> (969.36,1047.55)
G1 X969.357 Y1047.552
; Coordinate transform: (963.69,937.64) -> (963.69,1054.36)
G1 X963.694 Y1054.363
; Coordinate transform: (956.75,928.78) -> (956.75,1063.22)
G1 X956.753 Y1063.220
; Coordinate transform: (948.41,918.01) -> (948.41,1073.99)
G1 X948.413 Y1073.985
; Coordinate transform: (938.86,905.73) -> (938.86,1086.27)
G1 X938.856 Y1086.272
; Coordinate transform: (928.90,892.75) -> (928.90,1099.25)
G1 X928.904 Y1099.247
; Coordinate transform: (919.17,879.51) -> (919.17,1112.49)
G1 X919.168 Y1112.491
; Coordinate transform: (909.85,866.20) -> (909.85,1125.80)
G1 X909.852 Y1125.802
; Coordinate transform: (900.94,853.03) -> (900.94,1138.97)
G1 X900.936 Y1138.970
; Coordinate transform: (892.36,840.38) -> (892.36,1151.62)
G1 X892.355 Y1151.625
; Coordinate transform: (884.12,828.77) -> (884.12,1163.23)
G1 X884.118 Y1163.228
; Coordinate transform: (876.34,818.76) -> (876.34,1173.24)
G1 X876.338 Y1173.236
; Coordinate transform: (869.14,810.77) -> (869.14,1181.23)
G1 X869.143 Y1181.230
; Coordinate transform: (862.65,804.97) -> (862.65,1187.03)
G1 X862.650 Y1187.032
; Coordinate transform: (856.90,801.39) -> (856.90,1190.61)
G1 X856.900 Y1190.614
; Coordinate transform: (851.90,799.83) -> (851.90,1192.17)
G1 X851.902 Y1192.167
; Coordinate transform: (847.63,800.14) -> (847.63,1191.86)
G1 X847.626 Y1191.863
; Coordinate transform: (844.07,802.15) -> (844.07,1189.85)
G1 X844.071 Y1189.853
; Coordinate transform: (841.28,805.77) -> (841.28,1186.23)
G1 X841.277 Y1186.233
; Coordinate transform: (839.32,811.00) -> (839.32,1181.00)
G1 X839.318 Y1181.003
; Coordinate transform: (838.24,817.81) -> (838.24,1174.19)
G1 X838.242 Y1174.190
; Coordinate transform: (838.12,826.26) -> (838.12,1165.74)
G1 X838.119 Y1165.743
; Coordinate transform: (838.93,836.23) -> (838.93,1155.77)
G1 X838.933 Y1155.768
; Coordinate transform: (840.60,847.51) -> (840.60,1144.49)
G1 X840.600 Y1144.485
; Coordinate transform: (842.93,859.56) -> (842.93,1132.44)
G1 X842.927 Y1132.438
; Coordinate transform: (845.68,871.72) -> (845.68,1120.28)
G1 X845.676 Y1120.283
; Coordinate transform: (848.63,883.46) -> (848.63,1108.54)
G1 X848.631 Y1108.541
; Coordinate transform: (851.63,894.54) -> (851.63,1097.46)
G1 X851.626 Y1097.463
; Coordinate transform: (854.63,904.98) -> (854.63,1087.03)
G1 X854.634 Y1087.025
; Coordinate transform: (857.58,915.18) -> (857.58,1076.82)
G1 X857.580 Y1076.818
; Coordinate transform: (860.47,925.64) -> (860.47,1066.36)
G1 X860.468 Y1066.358
; Coordinate transform: (863.30,936.85) -> (863.30,1055.15)
G1 X863.297 Y1055.151
; Coordinate transform: (866.00,949.20) -> (866.00,1042.80)
G1 X866.003 Y1042.800
; Coordinate transform: (868.39,962.70) -> (868.39,1029.30)
G1 X868.388 Y1029.303
; Coordinate transform: (870.04,976.89) -> (870.04,1015.11)
G1 X870.044 Y1015.109
; Coordinate transform: (870.38,991.02) -> (870.38,1000.98)
G1 X870.380 Y1000.976
; Coordinate transform: (868.91,1004.49) -> (868.91,987.51)
G1 X868.907 Y987.510
; Coordinate transform: (865.51,1017.11) -> (865.51,974.89)
G1 X865.514 Y974.890
; Coordinate transform: (860.44,1028.86) -> (860.44,963.14)
G1 X860.442 Y963.140
; Coordinate transform: (854.16,1039.65) -> (854.16,952.35)
G1 X854.160 Y952.350
; Coordinate transform: (847.17,1049.26) -> (847.17,942.74)
G1 X847.167 Y942.740
; Coordinate transform: (839.77,1057.47) -> (839.77,934.53)
G1 X839.770 Y934.530
; Coordinate transform: (832.06,1064.24) -> (832.06,927.76)
G1 X832.059 Y927.760
; Coordinate transform: (823.95,1069.62) -> (823.95,922.38)
G1 X823.951 Y922.380
; Coordinate transform: (815.28,1073.78) -> (815.28,918.22)
G1 X815.278 Y918.220
; Coordinate transform: (805.89,1076.92) -> (805.89,915.08)
G1 X805.891 Y915.080
; Coordinate transform: (795.67,1079.27) -> (795.67,912.73)
G1 X795.672 Y912.730
; Coordinate transform: (784.73,1080.97) -> (784.73,911.03)
G1 X784.732 Y911.030
; Coordinate transform: (773.31,1082.15) -> (773.31,909.85)
G1 X773.312 Y909.850
; Coordinate transform: (761.79,1082.86) -> (761.79,909.14)
G1 X761.787 Y909.140
; Coordinate transform: (750.61,1083.13) -> (750.61,908.87)
G1 X750.611 Y908.870
; Coordinate transform: (740.16,1082.95) -> (740.16,909.05)
G1 X740.159 Y909.050
; Coordinate transform: (730.64,1082.30) -> (730.64,909.70)
G1 X730.644 Y909.700
; Coordinate transform: (722.15,1081.19) -> (722.15,910.81)
G1 X722.149 Y910.810
; Coordinate transform: (714.57,1079.66) -> (714.57,912.34)
G1 X714.571 Y912.340
; Coordinate transform: (707.74,1077.73) -> (707.74,914.27)
G1 X707.741 Y914.270
; Coordinate transform: (701.43,1075.46) -> (701.43,916.54)
G1 X701.426 Y916.540
; Coordinate transform: (695.39,1072.89) -> (695.39,919.11)
G1 X695.390 Y919.110
; Coordinate transform: (689.39,1070.11) -> (689.39,921.89)
G1 X689.390 Y921.890
; Coordinate transform: (683.19,1067.21) -> (683.19,924.79)
G1 X683.187 Y924.790
; Coordinate transform: (676.57,1064.30) -> (676.57,927.70)
G1 X676.572 Y927.700
; Coordinate transform: (669.33,1061.49) -> (669.33,930.51)
G1 X669.327 Y930.510
; Coordinate transform: (661.26,1058.86) -> (661.26,933.14)
G1 X661.258 Y933.140
; Coordinate transform: (652.18,1056.49) -> (652.18,935.51)
G1 X652.176 Y935.510
; Coordinate transform: (642.03,1054.43) -> (642.03,937.57)
G1 X642.028 Y937.570
; Coordinate transform: (630.84,1052.71) -> (630.84,939.29)
G1 X630.836 Y939.290
; Coordinate transform: (618.81,1051.42) -> (618.81,940.58)
G1 X618.806 Y940.580
; Coordinate transform: (606.28,1050.59) -> (606.28,941.41)
G1 X606.282 Y941.410
; Coordinate transform: (593.61,1050.26) -> (593.61,941.74)
G1 X593.606 Y941.740
; Coordinate transform: (581.00,1050.43) -> (581.00,941.57)
G1 X580.996 Y941.570
; Coordinate transform: (568.50,1051.12) -> (568.50,940.88)
G1 X568.498 Y940.880
; Coordinate transform: (556.04,1052.32) -> (556.04,939.68)
G1 X556.038 Y939.680
; Coordinate transform: (543.47,1054.00) -> (543.47,938.00)
G1 X543.469 Y938.000
; Coordinate transform: (530.69,1056.10) -> (530.69,935.90)
G1 X530.686 Y935.900
; Coordinate transform: (517.80,1058.51) -> (517.80,933.49)
G1 X517.802 Y933.490
; Coordinate transform: (505.16,1061.11) -> (505.16,930.89)
G1 X505.157 Y930.890
; Coordinate transform: (493.19,1063.76) -> (493.19,928.24)
G1 X493.193 Y928.240
; Coordinate transform: (482.29,1066.42) -> (482.29,925.58)
G1 X482.293 Y925.580
; Coordinate transform: (472.72,1069.14) -> (472.72,922.86)
G1 X472.717 Y922.860
; Coordinate transform: (464.60,1072.05) -> (464.60,919.95)
G1 X464.600 Y919.950
; Coordinate transform: (457.93,1075.29) -> (457.93,916.71)
G1 X457.929 Y916.710
; Coordinate transform: (452.60,1079.06) -> (452.60,912.94)
G1 X452.604 Y912.940
; Coordinate transform: (448.48,1083.53) -> (448.48,908.47)
G1 X448.482 Y908.470
; Coordinate transform: (445.38,1088.90) -> (445.38,903.10)
G1 X445.378 Y903.100
; Coordinate transform: (443.11,1095.32) -> (443.11,896.68)
G1 X443.108 Y896.680
; Coordinate transform: (441.50,1102.95) -> (441.50,889.05)
G1 X441.504 Y889.050
; Coordinate transform: (440.41,1111.92) -> (440.41,880.08)
G1 X440.406 Y880.080
; Coordinate transform: (439.65,1122.26) -> (439.65,869.74)
G1 X439.653 Y869.740
; Coordinate transform: (439.09,1133.86) -> (439.09,858.14)
G1 X439.086 Y858.140
; Coordinate transform: (438.57,1146.50) -> (438.57,845.50)
G1 X438.575 Y845.500
; Coordinate transform: (438.02,1159.92) -> (438.02,832.08)
G1 X438.016 Y832.080
; Coordinate transform: (437.36,1173.94) -> (437.36,818.06)
G1 X437.361 Y818.060
; Coordinate transform: (436.65,1188.52) -> (436.65,803.48)
G1 X436.648 Y803.480
; Coordinate transform: (435.99,1203.66) -> (435.99,788.34)
G1 X435.985 Y788.340
; Coordinate transform: (435.53,1219.41) -> (435.53,772.59)
G1 X435.527 Y772.590
; Coordinate transform: (435.39,1235.75) -> (435.39,756.25)
G1 X435.395 Y756.250
; Coordinate transform: (435.65,1252.50) -> (435.65,739.50)
G1 X435.648 Y739.500
; Coordinate transform: (436.28,1269.36) -> (436.28,722.64)
G1 X436.283 Y722.640
; Coordinate transform: (437.23,1285.95) -> (437.23,706.05)
G1 X437.230 Y706.050
; Coordinate transform: (438.37,1301.84) -> (438.37,690.16)
G1 X438.367 Y690.160
; Coordinate transform: (439.48,1316.50) -> (439.48,675.50)
G1 X439.480 Y675.500
; Coordinate transform: (440.29,1329.44) -> (440.29,662.56)
G1 X440.286 Y662.560
; Coordinate transform: (440.48,1340.25) -> (440.48,651.75)
G1 X440.479 Y651.750
; Coordinate transform: (439.83,1348.77) -> (439.83,643.23)
G1 X439.826 Y643.230
; Coordinate transform: (438.17,1355.01) -> (438.17,636.99)
G1 X438.166 Y636.990
; Coordinate transform: (435.44,1359.14) -> (435.44,632.86)
G1 X435.439 Y632.860
; Coordinate transform: (431.63,1361.35) -> (431.63,630.65)
G1 X431.633 Y630.650
; Coordinate transform: (426.76,1361.83) -> (426.76,630.17)
G1 X426.762 Y630.170
; Coordinate transform: (420.86,1360.75) -> (420.86,631.25)
G1 X420.858 Y631.250
; Coordinate transform: (414.00,1358.30) -> (414.00,633.70)
G1 X413.998 Y633.700
; Coordinate transform: (406.27,1354.63) -> (406.27,637.37)
G1 X406.273 Y637.370
; Coordinate transform: (397.79,1349.90) -> (397.79,642.10)
G1 X397.790 Y642.100
; Coordinate transform: (388.65,1344.25) -> (388.65,647.75)
G1 X388.655 Y647.750
; Coordinate transform: (379.02,1337.85) -> (379.02,654.15)
G1 X379.021 Y654.150
; Coordinate transform: (369.08,1330.91) -> (369.08,661.09)
G1 X369.085 Y661.090
; Coordinate transform: (359.13,1323.72) -> (359.13,668.28)
G1 X359.133 Y668.280
; Coordinate transform: (349.53,1316.65) -> (349.53,675.35)
G1 X349.534 Y675.350
; Coordinate transform: (340.65,1310.10) -> (340.65,681.90)
G1 X340.646 Y681.900
; Coordinate transform: (332.79,1304.41) -> (332.79,687.59)
G1 X332.794 Y687.590
; Coordinate transform: (326.16,1299.84) -> (326.16,692.16)
G1 X326.158 Y692.160
; Coordinate transform: (320.79,1296.57) -> (320.79,695.43)
G1 X320.793 Y695.430
; Coordinate transform: (316.66,1294.66) -> (316.66,697.34)
G1 X316.658 Y697.340
; Coordinate transform: (313.63,1294.09) -> (313.63,697.91)
G1 X313.626 Y697.910
; Coordinate transform: (311.56,1294.83) -> (311.56,697.17)
G1 X311.557 Y697.170
; Coordinate transform: (310.33,1296.85) -> (310.33,695.15)
G1 X310.331 Y695.150
; Coordinate transform: (309.85,1300.12) -> (309.85,691.88)
G1 X309.849 Y691.880
; Coordinate transform: (310.05,1304.65) -> (310.05,687.35)
G1 X310.046 Y687.350
; Coordinate transform: (310.88,1310.41) -> (310.88,681.59)
G1 X310.875 Y681.590
; Coordinate transform: (312.32,1317.34) -> (312.32,674.66)
G1 X312.319 Y674.660
; Coordinate transform: (314.35,1325.40) -> (314.35,666.60)
G1 X314.350 Y666.600
; Coordinate transform: (316.96,1334.44) -> (316.96,657.56)
G1 X316.959 Y657.560
; Coordinate transform: (320.11,1344.29) -> (320.11,647.71)
G1 X320.113 Y647.710
; Coordinate transform: (323.77,1354.74) -> (323.77,637.26)
G1 X323.768 Y637.260
; Coordinate transform: (327.83,1365.59) -> (327.83,626.41)
G1 X327.830 Y626.410
; Coordinate transform: (332.17,1376.73) -> (332.17,615.27)
G1 X332.168 Y615.270
; Coordinate transform: (336.63,1388.17) -> (336.63,603.83)
G1 X336.633 Y603.830
; Coordinate transform: (341.06,1400.06) -> (341.06,591.94)
G1 X341.061 Y591.940
; Coordinate transform: (345.26,1412.59) -> (345.26,579.41)
G1 X345.259 Y579.410
; Coordinate transform: (349.05,1425.88) -> (349.05,566.12)
G1 X349.053 Y566.120
; Coordinate transform: (352.28,1439.88) -> (352.28,552.12)
G1 X352.282 Y552.120
; Coordinate transform: (354.80,1454.23) -> (354.80,537.77)
G1 X354.797 Y537.770
; Coordinate transform: (356.50,1468.33) -> (356.50,523.67)
G1 X356.499 Y523.670
; Coordinate transform: (357.37,1481.52) -> (357.37,510.48)
G1 X357.368 Y510.480
; Coordinate transform: (357.48,1493.39) -> (357.48,498.61)
G1 X357.480 Y498.610
; Coordinate transform: (356.99,1503.91) -> (356.99,488.09)
G1 X356.994 Y488.090
; Coordinate transform: (356.12,1513.32) -> (356.12,478.68)
G1 X356.124 Y478.680
; Coordinate transform: (355.06,1521.99) -> (355.06,470.01)
G1 X355.065 Y470.010
; Coordinate transform: (353.92,1530.33) -> (353.92,461.67)
G1 X353.918 Y461.670
; Coordinate transform: (352.90,1538.68) -> (352.90,453.32)
G1 X352.902 Y453.320
; Coordinate transform: (352.15,1547.44) -> (352.15,444.56)
G1 X352.148 Y444.560
; Coordinate transform: (351.72,1556.95) -> (351.72,435.05)
G1 X351.718 Y435.050
; Coordinate transform: (351.64,1567.49) -> (351.64,424.51)
G1 X351.645 Y424.510
; Coordinate transform: (351.90,1579.27) -> (351.90,412.73)
G1 X351.905 Y412.730
; Coordinate transform: (352.37,1592.24) -> (352.37,399.76)
G1 X352.368 Y399.760
; Coordinate transform: (352.86,1606.15) -> (352.86,385.85)
G1 X352.857 Y385.850
; Coordinate transform: (353.18,1620.55) -> (353.18,371.45)
G1 X353.183 Y371.450
; Coordinate transform: (353.19,1634.87) -> (353.19,357.13)
G1 X353.186 Y357.130
; Coordinate transform: (352.77,1648.52) -> (352.77,343.48)
G1 X352.770 Y343.480
; Coordinate transform: (351.89,1661.15) -> (351.89,330.85)
G1 X351.888 Y330.850
; Coordinate transform: (350.52,1672.69) -> (350.52,319.31)
G1 X350.518 Y319.310
; Coordinate transform: (348.64,1683.32) -> (348.64,308.68)
G1 X348.640 Y308.680
; Coordinate transform: (346.21,1693.43) -> (346.21,298.57)
G1 X346.207 Y298.570
; Coordinate transform: (343.08,1703.57) -> (343.08,288.43)
G1 X343.076 Y288.430
; Coordinate transform: (339.06,1714.23) -> (339.06,277.77)
G1 X339.057 Y277.770
; Coordinate transform: (333.98,1725.83) -> (333.98,266.17)
G1 X333.980 Y266.170
; Coordinate transform: (328.06,1738.22) -> (328.06,253.78)
G1 X328.057 Y253.780
; Coordinate transform: (321.67,1750.84) -> (321.67,241.16)
G1 X321.674 Y241.160
; Coordinate transform: (315.08,1763.03) -> (315.08,228.97)
G1 X315.078 Y228.970
; Coordinate transform: (308.44,1774.12) -> (308.44,217.88)
G1 X308.442 Y217.880
; Coordinate transform: (301.88,1783.55) -> (301.88,208.45)
G1 X301.875 Y208.450
; Coordinate transform: (295.55,1790.91) -> (295.55,201.09)
G1 X295.548 Y201.090
; Coordinate transform: (289.56,1796.09) -> (289.56,195.91)
G1 X289.556 Y195.910
; Coordinate transform: (283.92,1799.17) -> (283.92,192.83)
G1 X283.922 Y192.830
; Coordinate transform: (278.62,1800.28) -> (278.62,191.72)
G1 X278.620 Y191.720
; Coordinate transform: (273.59,1799.55) -> (273.59,192.45)
G1 X273.592 Y192.450
; Coordinate transform: (268.76,1797.15) -> (268.76,194.85)
G1 X268.762 Y194.850
; Coordinate transform: (264.07,1793.20) -> (264.07,198.80)
G1 X264.075 Y198.800
; Coordinate transform: (259.51,1787.72) -> (259.51,204.28)
G1 X259.506 Y204.280
; Coordinate transform: (255.10,1780.71) -> (255.10,211.29)
G1 X255.105 Y211.290
; Coordinate transform: (250.96,1772.32) -> (250.96,219.68)
G1 X250.961 Y219.680
; Coordinate transform: (247.25,1762.62) -> (247.25,229.38)
G1 X247.251 Y229.380
; Coordinate transform: (244.18,1752.01) -> (244.18,239.99)
G1 X244.175 Y239.990
; Coordinate transform: (241.94,1740.93) -> (241.94,251.07)
G1 X241.936 Y251.070
; Coordinate transform: (240.68,1729.81) -> (240.68,262.19)
G1 X240.682 Y262.190
; Coordinate transform: (240.49,1719.03) -> (240.49,272.97)
G1 X240.486 Y272.970
; Coordinate transform: (241.37,1708.83) -> (241.37,283.17)
G1 X241.369 Y283.170
; Coordinate transform: (243.33,1699.24) -> (243.33,292.76)
G1 X243.332 Y292.760
; Coordinate transform: (246.38,1690.16) -> (246.38,301.84)
G1 X246.376 Y301.840
; Coordinate transform: (250.55,1681.27) -> (250.55,310.73)
G1 X250.552 Y310.730
; Coordinate transform: (255.90,1672.18) -> (255.90,319.82)
G1 X255.897 Y319.820
; Coordinate transform: (262.30,1662.58) -> (262.30,329.42)
G1 X262.302 Y329.420
; Coordinate transform: (269.42,1652.51) -> (269.42,339.49)
G1 X269.416 Y339.490
; Coordinate transform: (276.71,1642.22) -> (276.71,349.78)
G1 X276.715 Y349.780
; Coordinate transform: (283.94,1631.98) -> (283.94,360.02)
G1 X283.937 Y360.020
; Coordinate transform: (291.14,1621.92) -> (291.14,370.08)
G1 X291.144 Y370.080
; Coordinate transform: (298.39,1612.31) -> (298.39,379.69)
G1 X298.395 Y379.690
; Coordinate transform: (305.59,1603.50) -> (305.59,388.50)
G1 X305.590 Y388.500
; Coordinate transform: (312.63,1595.81) -> (312.63,396.19)
G1 X312.627 Y396.190
; Coordinate transform: (319.46,1589.43) -> (319.46,402.57)
G1 X319.465 Y402.570
; Coordinate transform: (326.12,1584.38) -> (326.12,407.62)
G1 X326.115 Y407.620
; Coordinate transform: (332.65,1580.67) -> (332.65,411.33)
G1 X332.650 Y411.330
; Coordinate transform: (339.18,1578.24) -> (339.18,413.76)
G1 X339.184 Y413.760
; Coordinate transform: (345.85,1577.01) -> (345.85,414.99)
G1 X345.851 Y414.990
; Coordinate transform: (352.83,1576.91) -> (352.83,415.09)
G1 X352.828 Y415.090
; Coordinate transform: (360.30,1577.86) -> (360.30,414.14)
G1 X360.304 Y414.140
; Coordinate transform: (368.42,1579.79) -> (368.42,412.21)
G1 X368.418 Y412.210
; Coordinate transform: (377.29,1582.59) -> (377.29,409.41)
G1 X377.288 Y409.410
; Coordinate transform: (386.93,1586.09) -> (386.93,405.91)
G1 X386.934 Y405.910
; Coordinate transform: (397.26,1590.11) -> (397.26,401.89)
G1 X397.262 Y401.890
; Coordinate transform: (408.13,1594.44) -> (408.13,397.56)
G1 X408.126 Y397.560
; Coordinate transform: (419.31,1598.88) -> (419.31,393.12)
G1 X419.309 Y393.120
; Coordinate transform: (430.65,1603.28) -> (430.65,388.72)
G1 X430.650 Y388.720
; Coordinate transform: (442.05,1607.55) -> (442.05,384.45)
G1 X442.053 Y384.450
; Coordinate transform: (453.45,1611.70) -> (453.45,380.30)
G1 X453.454 Y380.300
; Coordinate transform: (464.77,1615.72) -> (464.77,376.28)
G1 X464.775 Y376.280
; Coordinate transform: (475.81,1619.65) -> (475.81,372.35)
G1 X475.808 Y372.350
; Coordinate transform: (486.33,1623.56) -> (486.33,368.44)
G1 X486.331 Y368.440
; Coordinate transform: (496.12,1627.38) -> (496.12,364.62)
G1 X496.123 Y364.620
; Coordinate transform: (505.05,1631.12) -> (505.05,360.88)
G1 X505.050 Y360.880
; Coordinate transform: (513.07,1634.78) -> (513.07,357.22)
G1 X513.067 Y357.220
; Coordinate transform: (520.17,1638.37) -> (520.17,353.63)
G1 X520.171 Y353.630
; Coordinate transform: (526.47,1641.95) -> (526.47,350.05)
G1 X526.468 Y350.050
; Coordinate transform: (532.07,1645.57) -> (532.07,346.43)
G1 X532.066 Y346.430
; Coordinate transform: (537.13,1649.29) -> (537.13,342.71)
G1 X537.128 Y342.710
; Coordinate transform: (541.82,1653.18) -> (541.82,338.82)
G1 X541.818 Y338.820
; Coordinate transform: (546.31,1657.33) -> (546.31,334.67)
G1 X546.306 Y334.670
; Coordinate transform: (550.72,1661.79) -> (550.72,330.21)
G1 X550.724 Y330.210
; Coordinate transform: (555.19,1666.58) -> (555.19,325.42)
G1 X555.190 Y325.420
; Coordinate transform: (559.80,1671.72) -> (559.80,320.28)
G1 X559.799 Y320.280
M400 ; Wait for drawing to complete
; === STOP BRUSH SEQUENCE ===
; STOP BRUSH A
G4 P50 ; Short delay before stepper command
G1 U0.000 F200.0 ; Close Brush A flow
M400 ; Wait for stepper motion to complete
M106 P2 S0 ; Brush A air off
; Z already at 84.000mm, above safe threshold of 10.000mm, no need to raise
; === END STOP BRUSH SEQUENCE ===
; === PATH END ===


; Path 8/49 (id: path8)
; WIDTH: requested=117.176mm, actual=117.176mm, compensation=1.000
; Z HEIGHT: 84.000mm (min=4.0, max=84.0)
; PAINT FLOW: 0.500 (baseline=0.1, max=0.5)
; PAINT FLOW COMPONENTS: base=0.100, width=0.300, opacity=0.100
; FEEDRATE: 594.5 mm/min (z_factor=0.0259, speed_factor=0.956)
; WARNING: Requested stroke width 117.2mm exceeds machine capability.
; H.Airbrush cannot draw strokes wider than 6.6mm at 1mm/s minimum speed.
; Stroke width has been reduced to 6.6mm.
; ===== STROKE PARAMETERS =====
; Color: black
; Width: 117.18mm
; Opacity: 0.25
; Brush: brush_a (index 0)
T0 ; Select Brush A (Black)
; ===== AIRBRUSH SETTINGS =====
; Z-height: 84.00mm
; Paint flow: 0.50
; Feedrate: 594.5mm/min (includes Z scaling)
; Using brush: brush_a (tool 0)
; Path with Brush A (black) at Z=84.000mm
; Using: Air=P2, Flow=A axis
; Drawing Z height: 84.000mm, Travel Z height: 10.000mm
; Machine Z range: 0-84mm (Safe range: 5-80mm)
; === START BRUSH SEQUENCE ===
; START BRUSH A
; Z already at 84.000mm, above safe threshold of 10.000mm, no need to raise
T0 ; Select Tool 0 (Brush A)
G4 P500 ; Wait for tool change to complete
; === END BRUSH SEQUENCE ===
; Coordinate transform: (1157.19,1055.62) -> (1157.19,936.38)
G0 X1157.190 Y936.380 F24000
M400 ; Wait for XY movement to complete
G1 Z84.000 F1200
M400 ; Wait for Z movement to complete
; === ACTIVATE BRUSH AT POSITION ===
; AIR ON FIRST - Important to prevent dripping
M106 P2 S1 ; Brush A air on
; PAINT ON AFTER AIR
G4 P50 ; Short delay before stepper command
G1 U2.400 F200.0 ; Set Brush A flow to 2.400mm
M400 ; Wait for stepper motion to complete
; === BRUSH ACTIVATED ===
G1 F594.4557554428459
; Coordinate transform: (1157.29,1057.51) -> (1157.29,934.49)
G1 X1157.290 Y934.490
; Coordinate transform: (1157.33,1059.98) -> (1157.33,932.02)
G1 X1157.330 Y932.020
; Coordinate transform: (1157.23,1062.72) -> (1157.23,929.28)
G1 X1157.230 Y929.280
; Coordinate transform: (1156.91,1065.42) -> (1156.91,926.58)
G1 X1156.910 Y926.580
; Coordinate transform: (1156.36,1067.82) -> (1156.36,924.18)
G1 X1156.360 Y924.180
; Coordinate transform: (1155.59,1069.67) -> (1155.59,922.33)
G1 X1155.590 Y922.330
; Coordinate transform: (1154.71,1070.84) -> (1154.71,921.16)
G1 X1154.710 Y921.160
; Coordinate transform: (1153.88,1071.26) -> (1153.88,920.74)
G1 X1153.880 Y920.740
; Coordinate transform: (1153.23,1070.93) -> (1153.23,921.07)
G1 X1153.230 Y921.070
; Coordinate transform: (1152.86,1069.93) -> (1152.86,922.07)
G1 X1152.860 Y922.070
; Coordinate transform: (1152.81,1068.32) -> (1152.81,923.68)
G1 X1152.810 Y923.680
; Coordinate transform: (1153.08,1066.30) -> (1153.08,925.70)
G1 X1153.080 Y925.700
; Coordinate transform: (1153.68,1064.05) -> (1153.68,927.95)
G1 X1153.680 Y927.950
; Coordinate transform: (1154.57,1061.79) -> (1154.57,930.21)
G1 X1154.570 Y930.210
; Coordinate transform: (1155.68,1059.69) -> (1155.68,932.31)
G1 X1155.680 Y932.310
; Coordinate transform: (1156.92,1057.87) -> (1156.92,934.13)
G1 X1156.920 Y934.130
; Coordinate transform: (1158.19,1056.37) -> (1158.19,935.63)
G1 X1158.190 Y935.630
; Coordinate transform: (1159.33,1055.24) -> (1159.33,936.76)
G1 X1159.330 Y936.760
; Coordinate transform: (1160.19,1054.48) -> (1160.19,937.52)
G1 X1160.190 Y937.520
; Coordinate transform: (1160.65,1054.11) -> (1160.65,937.89)
G1 X1160.650 Y937.890
; Coordinate transform: (1160.69,1054.16) -> (1160.69,937.84)
G1 X1160.690 Y937.840
; Coordinate transform: (1160.30,1054.61) -> (1160.30,937.39)
G1 X1160.300 Y937.390
; Coordinate transform: (1159.56,1055.35) -> (1159.56,936.65)
G1 X1159.560 Y936.650
; Coordinate transform: (1158.56,1056.38) -> (1158.56,935.62)
G1 X1158.560 Y935.620
; Coordinate transform: (1157.44,1057.67) -> (1157.44,934.33)
G1 X1157.440 Y934.330
; Coordinate transform: (1156.31,1059.20) -> (1156.31,932.80)
G1 X1156.310 Y932.800
; Coordinate transform: (1155.26,1060.95) -> (1155.26,931.05)
G1 X1155.260 Y931.050
; Coordinate transform: (1154.31,1062.88) -> (1154.31,929.12)
G1 X1154.310 Y929.120
; Coordinate transform: (1153.47,1064.96) -> (1153.47,927.04)
G1 X1153.470 Y927.040
; Coordinate transform: (1152.76,1067.12) -> (1152.76,924.88)
G1 X1152.760 Y924.880
; Coordinate transform: (1152.19,1069.32) -> (1152.19,922.68)
G1 X1152.190 Y922.680
; Coordinate transform: (1151.80,1071.52) -> (1151.80,920.48)
G1 X1151.800 Y920.480
; Coordinate transform: (1151.61,1073.67) -> (1151.61,918.33)
G1 X1151.610 Y918.330
; Coordinate transform: (1151.60,1075.76) -> (1151.60,916.24)
G1 X1151.600 Y916.240
; Coordinate transform: (1151.80,1077.80) -> (1151.80,914.20)
G1 X1151.800 Y914.200
; Coordinate transform: (1152.19,1079.81) -> (1152.19,912.19)
G1 X1152.190 Y912.190
; Coordinate transform: (1152.77,1081.81) -> (1152.77,910.19)
G1 X1152.770 Y910.190
; Coordinate transform: (1153.51,1083.86) -> (1153.51,908.14)
G1 X1153.510 Y908.140
; Coordinate transform: (1154.35,1085.98) -> (1154.35,906.02)
G1 X1154.350 Y906.020
; Coordinate transform: (1155.26,1088.21) -> (1155.26,903.79)
G1 X1155.260 Y903.790
; Coordinate transform: (1156.21,1090.56) -> (1156.21,901.44)
G1 X1156.210 Y901.440
; Coordinate transform: (1157.19,1093.08) -> (1157.19,898.92)
G1 X1157.190 Y898.920
; Coordinate transform: (1158.18,1095.77) -> (1158.18,896.23)
G1 X1158.180 Y896.230
M400 ; Wait for drawing to complete
; === STOP BRUSH SEQUENCE ===
; STOP BRUSH A
G4 P50 ; Short delay before stepper command
G1 U0.000 F200.0 ; Close Brush A flow
M400 ; Wait for stepper motion to complete
M106 P2 S0 ; Brush A air off
; Z already at 84.000mm, above safe threshold of 10.000mm, no need to raise
; === END STOP BRUSH SEQUENCE ===
; === PATH END ===


; Path 9/49 (id: path9)
; WIDTH: requested=117.176mm, actual=117.176mm, compensation=1.000
; Z HEIGHT: 84.000mm (min=4.0, max=84.0)
; PAINT FLOW: 0.500 (baseline=0.1, max=0.5)
; PAINT FLOW COMPONENTS: base=0.100, width=0.300, opacity=0.100
; FEEDRATE: 594.5 mm/min (z_factor=0.0259, speed_factor=0.956)
; WARNING: Requested stroke width 117.2mm exceeds machine capability.
; H.Airbrush cannot draw strokes wider than 6.6mm at 1mm/s minimum speed.
; Stroke width has been reduced to 6.6mm.
; ===== STROKE PARAMETERS =====
; Color: black
; Width: 117.18mm
; Opacity: 0.25
; Brush: brush_a (index 0)
T0 ; Select Brush A (Black)
; ===== AIRBRUSH SETTINGS =====
; Z-height: 84.00mm
; Paint flow: 0.50
; Feedrate: 594.5mm/min (includes Z scaling)
; Using brush: brush_a (tool 0)
; Path with Brush A (black) at Z=84.000mm
; Using: Air=P2, Flow=A axis
; Drawing Z height: 84.000mm, Travel Z height: 10.000mm
; Machine Z range: 0-84mm (Safe range: 5-80mm)
; === START BRUSH SEQUENCE ===
; START BRUSH A
; Z already at 84.000mm, above safe threshold of 10.000mm, no need to raise
T0 ; Select Tool 0 (Brush A)
G4 P500 ; Wait for tool change to complete
; === END BRUSH SEQUENCE ===
; Coordinate transform: (679.06,136.89) -> (679.06,1855.11)
G0 X679.056 Y1855.108 F24000
M400 ; Wait for XY movement to complete
G1 Z84.000 F1200
M400 ; Wait for Z movement to complete
; === ACTIVATE BRUSH AT POSITION ===
; AIR ON FIRST - Important to prevent dripping
M106 P2 S1 ; Brush A air on
; PAINT ON AFTER AIR
G4 P50 ; Short delay before stepper command
G1 U2.400 F200.0 ; Set Brush A flow to 2.400mm
M400 ; Wait for stepper motion to complete
; === BRUSH ACTIVATED ===
G1 F594.4557554428459
; Coordinate transform: (678.81,136.09) -> (678.81,1855.91)
G1 X678.808 Y1855.912
; Coordinate transform: (678.52,134.94) -> (678.52,1857.06)
G1 X678.517 Y1857.058
; Coordinate transform: (678.19,133.50) -> (678.19,1858.50)
G1 X678.186 Y1858.496
; Coordinate transform: (677.81,131.82) -> (677.81,1860.18)
G1 X677.814 Y1860.184
; Coordinate transform: (677.41,129.92) -> (677.41,1862.08)
G1 X677.411 Y1862.080
; Coordinate transform: (676.88,128.01) -> (676.88,1863.99)
G1 X676.881 Y1863.991
; Coordinate transform: (676.33,126.41) -> (676.33,1865.59)
G1 X676.327 Y1865.589
; Coordinate transform: (675.74,125.31) -> (675.74,1866.69)
G1 X675.740 Y1866.687
; Coordinate transform: (675.12,124.83) -> (675.12,1867.17)
G1 X675.120 Y1867.172
; Coordinate transform: (674.46,124.99) -> (674.46,1867.01)
G1 X674.460 Y1867.009
; Coordinate transform: (673.74,125.75) -> (673.74,1866.25)
G1 X673.744 Y1866.248
; Coordinate transform: (672.96,127.00) -> (672.96,1865.00)
G1 X672.962 Y1865.002
; Coordinate transform: (672.10,128.56) -> (672.10,1863.43)
G1 X672.095 Y1863.435
; Coordinate transform: (671.11,130.28) -> (671.11,1861.72)
G1 X671.112 Y1861.723
; Coordinate transform: (669.98,131.96) -> (669.98,1860.05)
G1 X669.984 Y1860.045
; Coordinate transform: (668.67,133.45) -> (668.67,1858.55)
G1 X668.667 Y1858.548
; Coordinate transform: (667.11,134.81) -> (667.11,1857.19)
G1 X667.112 Y1857.189
; Coordinate transform: (665.26,136.07) -> (665.26,1855.93)
G1 X665.264 Y1855.929
; Coordinate transform: (663.05,137.27) -> (663.05,1854.73)
G1 X663.050 Y1854.730
; Coordinate transform: (660.38,138.45) -> (660.38,1853.55)
G1 X660.377 Y1853.548
; Coordinate transform: (657.12,139.66) -> (657.12,1852.34)
G1 X657.121 Y1852.341
; Coordinate transform: (653.16,140.93) -> (653.16,1851.07)
G1 X653.158 Y1851.070
; Coordinate transform: (648.36,142.31) -> (648.36,1849.69)
G1 X648.363 Y1849.694
; Coordinate transform: (642.56,143.82) -> (642.56,1848.18)
G1 X642.564 Y1848.176
; Coordinate transform: (635.61,145.52) -> (635.61,1846.48)
G1 X635.607 Y1846.483
; Coordinate transform: (627.44,147.40) -> (627.44,1844.60)
G1 X627.438 Y1844.598
; Coordinate transform: (618.05,149.50) -> (618.05,1842.50)
G1 X618.055 Y1842.498
; Coordinate transform: (607.64,151.82) -> (607.64,1840.18)
G1 X607.641 Y1840.177
; Coordinate transform: (596.55,154.36) -> (596.55,1837.64)
G1 X596.549 Y1837.642
; Coordinate transform: (585.23,157.09) -> (585.23,1834.91)
G1 X585.232 Y1834.912
; Coordinate transform: (574.18,159.99) -> (574.18,1832.01)
G1 X574.178 Y1832.011
; Coordinate transform: (563.79,163.04) -> (563.79,1828.96)
G1 X563.790 Y1828.964
; Coordinate transform: (554.31,166.19) -> (554.31,1825.81)
G1 X554.313 Y1825.810
; Coordinate transform: (545.86,169.41) -> (545.86,1822.59)
G1 X545.861 Y1822.589
; Coordinate transform: (538.38,172.68) -> (538.38,1819.32)
G1 X538.380 Y1819.322
; Coordinate transform: (531.74,175.99) -> (531.74,1816.01)
G1 X531.735 Y1816.011
; Coordinate transform: (525.72,179.36) -> (525.72,1812.64)
G1 X525.720 Y1812.637
; Coordinate transform: (520.14,182.78) -> (520.14,1809.21)
G1 X520.139 Y1809.215
; Coordinate transform: (514.78,186.24) -> (514.78,1805.76)
G1 X514.777 Y1805.762
; Coordinate transform: (509.42,189.71) -> (509.42,1802.29)
G1 X509.423 Y1802.288
; Coordinate transform: (503.90,193.19) -> (503.90,1798.81)
G1 X503.901 Y1798.814
; Coordinate transform: (498.06,196.58) -> (498.06,1795.42)
G1 X498.060 Y1795.417
; Coordinate transform: (491.73,199.82) -> (491.73,1792.18)
G1 X491.732 Y1792.180
; Coordinate transform: (484.85,202.82) -> (484.85,1789.18)
G1 X484.848 Y1789.184
; Coordinate transform: (477.29,205.49) -> (477.29,1786.51)
G1 X477.292 Y1786.510
; Coordinate transform: (469.04,207.77) -> (469.04,1784.23)
G1 X469.044 Y1784.231
; Coordinate transform: (460.07,209.59) -> (460.07,1782.41)
G1 X460.066 Y1782.414
; Coordinate transform: (450.44,210.93) -> (450.44,1781.07)
G1 X450.444 Y1781.068
; Coordinate transform: (440.25,211.83) -> (440.25,1780.17)
G1 X440.248 Y1780.173
; Coordinate transform: (429.55,212.33) -> (429.55,1779.67)
G1 X429.549 Y1779.670
; Coordinate transform: (418.38,212.57) -> (418.38,1779.43)
G1 X418.377 Y1779.427
; Coordinate transform: (406.70,212.74) -> (406.70,1779.26)
G1 X406.704 Y1779.256
; Coordinate transform: (394.48,213.09) -> (394.48,1778.91)
G1 X394.478 Y1778.913
; Coordinate transform: (381.68,213.91) -> (381.68,1778.09)
G1 X381.683 Y1778.092
; Coordinate transform: (368.44,215.53) -> (368.44,1776.47)
G1 X368.440 Y1776.474
; Coordinate transform: (355.05,218.14) -> (355.05,1773.86)
G1 X355.046 Y1773.857
; Coordinate transform: (341.99,221.80) -> (341.99,1770.20)
G1 X341.990 Y1770.202
; Coordinate transform: (329.93,226.39) -> (329.93,1765.61)
G1 X329.933 Y1765.610
; Coordinate transform: (319.52,231.78) -> (319.52,1760.22)
G1 X319.518 Y1760.225
; Coordinate transform: (311.19,237.87) -> (311.19,1754.13)
G1 X311.194 Y1754.127
; Coordinate transform: (305.11,244.70) -> (305.11,1747.30)
G1 X305.106 Y1747.300
; Coordinate transform: (301.19,252.36) -> (301.19,1739.64)
G1 X301.186 Y1739.638
; Coordinate transform: (299.24,261.00) -> (299.24,1731.00)
G1 X299.242 Y1731.002
; Coordinate transform: (299.06,270.75) -> (299.06,1721.25)
G1 X299.065 Y1721.247
; Coordinate transform: (300.45,281.67) -> (300.45,1710.33)
G1 X300.450 Y1710.330
; Coordinate transform: (303.17,293.70) -> (303.17,1698.30)
G1 X303.170 Y1698.301
; Coordinate transform: (306.96,306.63) -> (306.96,1685.37)
G1 X306.958 Y1685.369
; Coordinate transform: (311.51,320.10) -> (311.51,1671.90)
G1 X311.507 Y1671.900
; Coordinate transform: (316.56,333.65) -> (316.56,1658.35)
G1 X316.562 Y1658.350
; Coordinate transform: (321.93,346.79) -> (321.93,1645.21)
G1 X321.925 Y1645.213
; Coordinate transform: (327.42,359.06) -> (327.42,1632.94)
G1 X327.415 Y1632.944
; Coordinate transform: (332.93,370.13) -> (332.93,1621.87)
G1 X332.926 Y1621.873
; Coordinate transform: (338.37,379.86) -> (338.37,1612.14)
G1 X338.369 Y1612.137
; Coordinate transform: (343.67,388.28) -> (343.67,1603.72)
G1 X343.671 Y1603.717
; Coordinate transform: (348.79,395.55) -> (348.79,1596.45)
G1 X348.794 Y1596.448
; Coordinate transform: (353.70,401.84) -> (353.70,1590.16)
G1 X353.696 Y1590.162
; Coordinate transform: (358.34,407.41) -> (358.34,1584.59)
G1 X358.341 Y1584.593
; Coordinate transform: (362.72,412.49) -> (362.72,1579.51)
G1 X362.716 Y1579.513
; Coordinate transform: (366.69,417.27) -> (366.69,1574.73)
G1 X366.695 Y1574.731
; Coordinate transform: (370.38,422.03) -> (370.38,1569.97)
G1 X370.375 Y1569.969
; Coordinate transform: (373.74,427.01) -> (373.74,1564.99)
G1 X373.744 Y1564.991
; Coordinate transform: (376.78,432.44) -> (376.78,1559.56)
G1 X376.780 Y1559.564
; Coordinate transform: (379.44,438.58) -> (379.44,1553.42)
G1 X379.441 Y1553.424
; Coordinate transform: (381.64,445.77) -> (381.64,1546.23)
G1 X381.643 Y1546.228
; Coordinate transform: (383.30,454.27) -> (383.30,1537.73)
G1 X383.296 Y1537.733
; Coordinate transform: (384.28,464.38) -> (384.28,1527.62)
G1 X384.277 Y1527.622
; Coordinate transform: (384.49,476.18) -> (384.49,1515.83)
G1 X384.486 Y1515.825
; Coordinate transform: (383.85,489.56) -> (383.85,1502.44)
G1 X383.851 Y1502.440
; Coordinate transform: (382.39,504.20) -> (382.39,1487.80)
G1 X382.394 Y1487.799
; Coordinate transform: (380.26,519.57) -> (380.26,1472.43)
G1 X380.264 Y1472.431
; Coordinate transform: (377.73,535.10) -> (377.73,1456.90)
G1 X377.725 Y1456.898
; Coordinate transform: (375.05,550.29) -> (375.05,1441.71)
G1 X375.052 Y1441.711
; Coordinate transform: (372.33,564.71) -> (372.33,1427.29)
G1 X372.330 Y1427.287
; Coordinate transform: (369.78,578.04) -> (369.78,1413.96)
G1 X369.779 Y1413.960
; Coordinate transform: (367.38,590.00) -> (367.38,1402.00)
G1 X367.384 Y1401.996
; Coordinate transform: (365.04,600.38) -> (365.04,1391.62)
G1 X365.041 Y1391.620
; Coordinate transform: (362.58,609.03) -> (362.58,1382.97)
G1 X362.582 Y1382.972
; Coordinate transform: (359.81,615.94) -> (359.81,1376.06)
G1 X359.805 Y1376.062
; Coordinate transform: (356.49,621.16) -> (356.49,1370.84)
G1 X356.491 Y1370.835
; Coordinate transform: (352.39,624.87) -> (352.39,1367.13)
G1 X352.391 Y1367.134
; Coordinate transform: (347.23,627.21) -> (347.23,1364.80)
G1 X347.232 Y1364.795
; Coordinate transform: (340.80,628.34) -> (340.80,1363.66)
G1 X340.803 Y1363.657
; Coordinate transform: (332.86,628.42) -> (332.86,1363.58)
G1 X332.860 Y1363.575
; Coordinate transform: (323.25,627.59) -> (323.25,1364.41)
G1 X323.247 Y1364.414
; Coordinate transform: (311.92,625.95) -> (311.92,1366.05)
G1 X311.920 Y1366.053
; Coordinate transform: (299.16,623.61) -> (299.16,1368.39)
G1 X299.158 Y1368.391
; Coordinate transform: (285.42,620.69) -> (285.42,1371.31)
G1 X285.419 Y1371.311
; Coordinate transform: (271.20,617.32) -> (271.20,1374.68)
G1 X271.204 Y1374.680
; Coordinate transform: (256.89,613.65) -> (256.89,1378.35)
G1 X256.888 Y1378.347
; Coordinate transform: (242.67,609.84) -> (242.67,1382.16)
G1 X242.666 Y1382.164
; Coordinate transform: (228.58,605.99) -> (228.58,1386.01)
G1 X228.577 Y1386.013
; Coordinate transform: (214.58,602.22) -> (214.58,1389.78)
G1 X214.578 Y1389.779
; Coordinate transform: (200.64,598.65) -> (200.64,1393.35)
G1 X200.641 Y1393.347
; Coordinate transform: (186.77,595.38) -> (186.77,1396.62)
G1 X186.766 Y1396.625
; Coordinate transform: (172.92,592.43) -> (172.92,1399.57)
G1 X172.921 Y1399.567
; Coordinate transform: (159.05,589.84) -> (159.05,1402.16)
G1 X159.053 Y1402.158
; Coordinate transform: (145.10,587.60) -> (145.10,1404.40)
G1 X145.096 Y1404.400
; Coordinate transform: (130.98,585.72) -> (130.98,1406.28)
G1 X130.981 Y1406.282
; Coordinate transform: (117.08,584.22) -> (117.08,1407.78)
G1 X117.077 Y1407.782
; Coordinate transform: (105.33,583.12) -> (105.33,1408.88)
G1 X105.332 Y1408.884
; Coordinate transform: (97.09,582.32) -> (97.09,1409.68)
G1 X97.093 Y1409.681
; Coordinate transform: (92.19,581.77) -> (92.19,1410.23)
G1 X92.188 Y1410.229
; Coordinate transform: (90.45,581.45) -> (90.45,1410.55)
G1 X90.450 Y1410.549
; Coordinate transform: (91.72,581.34) -> (91.72,1410.66)
G1 X91.723 Y1410.661
; Coordinate transform: (95.86,581.42) -> (95.86,1410.58)
G1 X95.855 Y1410.579
; Coordinate transform: (102.70,581.69) -> (102.70,1410.31)
G1 X102.704 Y1410.311
; Coordinate transform: (112.13,582.14) -> (112.13,1409.86)
G1 X112.134 Y1409.861
; Coordinate transform: (123.93,582.87) -> (123.93,1409.13)
G1 X123.931 Y1409.128
; Coordinate transform: (136.24,583.87) -> (136.24,1408.13)
G1 X136.240 Y1408.135
; Coordinate transform: (148.05,585.09) -> (148.05,1406.91)
G1 X148.047 Y1406.909
; Coordinate transform: (159.34,586.52) -> (159.34,1405.48)
G1 X159.343 Y1405.484
; Coordinate transform: (170.29,588.12) -> (170.29,1403.88)
G1 X170.292 Y1403.884
; Coordinate transform: (180.98,589.88) -> (180.98,1402.12)
G1 X180.979 Y1402.121
; Coordinate transform: (191.46,591.79) -> (191.46,1400.21)
G1 X191.462 Y1400.210
; Coordinate transform: (201.79,593.83) -> (201.79,1398.17)
G1 X201.787 Y1398.173
; Coordinate transform: (211.97,595.95) -> (211.97,1396.05)
G1 X211.970 Y1396.051
; Coordinate transform: (222.03,598.09) -> (222.03,1393.91)
G1 X222.032 Y1393.907
; Coordinate transform: (231.99,600.18) -> (231.99,1391.82)
G1 X231.992 Y1391.819
; Coordinate transform: (241.90,602.11) -> (241.90,1389.89)
G1 X241.898 Y1389.891
; Coordinate transform: (251.77,603.78) -> (251.77,1388.22)
G1 X251.774 Y1388.221
; Coordinate transform: (261.64,605.10) -> (261.64,1386.90)
G1 X261.642 Y1386.899
; Coordinate transform: (271.46,605.98) -> (271.46,1386.02)
G1 X271.461 Y1386.018
; Coordinate transform: (281.09,606.34) -> (281.09,1385.66)
G1 X281.090 Y1385.663
; Coordinate transform: (290.36,606.06) -> (290.36,1385.94)
G1 X290.361 Y1385.940
; Coordinate transform: (299.03,605.05) -> (299.03,1386.95)
G1 X299.034 Y1386.953
; Coordinate transform: (306.89,603.18) -> (306.89,1388.82)
G1 X306.889 Y1388.823
; Coordinate transform: (313.78,600.32) -> (313.78,1391.68)
G1 X313.776 Y1391.676
; Coordinate transform: (319.67,596.34) -> (319.67,1395.66)
G1 X319.666 Y1395.657
; Coordinate transform: (324.58,591.11) -> (324.58,1400.89)
G1 X324.584 Y1400.888
; Coordinate transform: (328.64,584.50) -> (328.64,1407.50)
G1 X328.640 Y1407.497
; Coordinate transform: (332.00,576.41) -> (332.00,1415.59)
G1 X332.003 Y1415.591
; Coordinate transform: (334.80,566.83) -> (334.80,1425.17)
G1 X334.797 Y1425.170
; Coordinate transform: (337.11,555.82) -> (337.11,1436.18)
G1 X337.109 Y1436.176
; Coordinate transform: (338.98,543.55) -> (338.98,1448.45)
G1 X338.979 Y1448.453
; Coordinate transform: (340.42,530.33) -> (340.42,1461.67)
G1 X340.416 Y1461.668
; Coordinate transform: (341.36,516.62) -> (341.36,1475.38)
G1 X341.363 Y1475.380
; Coordinate transform: (341.72,502.91) -> (341.72,1489.09)
G1 X341.717 Y1489.089
; Coordinate transform: (341.34,489.78) -> (341.34,1502.22)
G1 X341.344 Y1502.223
; Coordinate transform: (340.08,477.76) -> (340.08,1514.24)
G1 X340.080 Y1514.240
; Coordinate transform: (337.79,467.25) -> (337.79,1524.75)
G1 X337.785 Y1524.748
; Coordinate transform: (334.34,458.47) -> (334.34,1533.53)
G1 X334.344 Y1533.530
; Coordinate transform: (329.73,451.44) -> (329.73,1540.57)
G1 X329.726 Y1540.565
; Coordinate transform: (323.95,446.05) -> (323.95,1545.95)
G1 X323.951 Y1545.947
; Coordinate transform: (317.06,442.13) -> (317.06,1549.87)
G1 X317.063 Y1549.867
; Coordinate transform: (309.16,439.53) -> (309.16,1552.47)
G1 X309.163 Y1552.469
; Coordinate transform: (300.37,438.14) -> (300.37,1553.86)
G1 X300.374 Y1553.855
; Coordinate transform: (290.86,437.91) -> (290.86,1554.09)
G1 X290.864 Y1554.093
; Coordinate transform: (280.78,438.82) -> (280.78,1553.18)
G1 X280.783 Y1553.182
; Coordinate transform: (270.25,440.96) -> (270.25,1551.04)
G1 X270.248 Y1551.035
; Coordinate transform: (259.37,444.44) -> (259.37,1547.56)
G1 X259.370 Y1547.559
; Coordinate transform: (248.28,449.31) -> (248.28,1542.69)
G1 X248.284 Y1542.694
; Coordinate transform: (237.21,455.57) -> (237.21,1536.43)
G1 X237.209 Y1536.427
; Coordinate transform: (226.47,463.18) -> (226.47,1528.83)
G1 X226.471 Y1528.825
; Coordinate transform: (216.39,471.90) -> (216.39,1520.10)
G1 X216.388 Y1520.104
; Coordinate transform: (207.17,481.48) -> (207.17,1510.52)
G1 X207.172 Y1510.522
; Coordinate transform: (198.90,491.63) -> (198.90,1500.37)
G1 X198.895 Y1500.371
; Coordinate transform: (191.49,502.08) -> (191.49,1489.92)
G1 X191.487 Y1489.920
; Coordinate transform: (184.81,512.56) -> (184.81,1479.44)
G1 X184.806 Y1479.436
; Coordinate transform: (178.64,522.82) -> (178.64,1469.18)
G1 X178.644 Y1469.180
; Coordinate transform: (172.92,532.43) -> (172.92,1459.57)
G1 X172.916 Y1459.571
; Coordinate transform: (167.37,541.24) -> (167.37,1450.76)
G1 X167.368 Y1450.765
; Coordinate transform: (161.89,549.05) -> (161.89,1442.95)
G1 X161.886 Y1442.951
; Coordinate transform: (156.35,555.88) -> (156.35,1436.12)
G1 X156.350 Y1436.122
; Coordinate transform: (150.65,561.77) -> (150.65,1430.22)
G1 X150.651 Y1430.225
; Coordinate transform: (144.65,566.95) -> (144.65,1425.05)
G1 X144.652 Y1425.046
; Coordinate transform: (138.24,571.64) -> (138.24,1420.36)
G1 X138.244 Y1420.355
; Coordinate transform: (131.40,576.08) -> (131.40,1415.92)
G1 X131.401 Y1415.924
; Coordinate transform: (124.12,580.54) -> (124.12,1411.46)
G1 X124.125 Y1411.456
; Coordinate transform: (117.25,585.32) -> (117.25,1406.68)
G1 X117.251 Y1406.683
; Coordinate transform: (111.52,590.68) -> (111.52,1401.32)
G1 X111.517 Y1401.318
; Coordinate transform: (107.92,596.88) -> (107.92,1395.12)
G1 X107.923 Y1395.121
; Coordinate transform: (107.06,604.20) -> (107.06,1387.80)
G1 X107.058 Y1387.804
; Coordinate transform: (108.71,612.72) -> (108.71,1379.28)
G1 X108.708 Y1379.279
; Coordinate transform: (112.55,622.66) -> (112.55,1369.34)
G1 X112.553 Y1369.338
; Coordinate transform: (118.18,634.27) -> (118.18,1357.73)
G1 X118.176 Y1357.726
; Coordinate transform: (124.85,647.69) -> (124.85,1344.31)
G1 X124.851 Y1344.311
; Coordinate transform: (131.75,662.40) -> (131.75,1329.60)
G1 X131.747 Y1329.599
; Coordinate transform: (137.91,677.61) -> (137.91,1314.39)
G1 X137.906 Y1314.388
; Coordinate transform: (143.18,692.43) -> (143.18,1299.57)
G1 X143.179 Y1299.572
; Coordinate transform: (147.40,706.11) -> (147.40,1285.89)
G1 X147.404 Y1285.889
; Coordinate transform: (150.48,718.18) -> (150.48,1273.82)
G1 X150.476 Y1273.818
; Coordinate transform: (152.41,728.44) -> (152.41,1263.56)
G1 X152.414 Y1263.564
; Coordinate transform: (153.30,736.99) -> (153.30,1255.01)
G1 X153.296 Y1255.009
; Coordinate transform: (153.20,744.07) -> (153.20,1247.93)
G1 X153.199 Y1247.932
; Coordinate transform: (152.17,749.93) -> (152.17,1242.07)
G1 X152.172 Y1242.074
; Coordinate transform: (150.23,754.83) -> (150.23,1237.17)
G1 X150.229 Y1237.168
; Coordinate transform: (147.34,759.03) -> (147.34,1232.97)
G1 X147.345 Y1232.973
; Coordinate transform: (143.45,762.74) -> (143.45,1229.26)
G1 X143.451 Y1229.260
; Coordinate transform: (138.53,766.16) -> (138.53,1225.84)
G1 X138.534 Y1225.841
; Coordinate transform: (132.59,769.46) -> (132.59,1222.55)
G1 X132.589 Y1222.545
; Coordinate transform: (125.58,772.80) -> (125.58,1219.20)
G1 X125.575 Y1219.201
; Coordinate transform: (118.25,776.33) -> (118.25,1215.67)
G1 X118.250 Y1215.673
; Coordinate transform: (111.45,780.16) -> (111.45,1211.84)
G1 X111.446 Y1211.837
; Coordinate transform: (106.35,784.37) -> (106.35,1207.63)
G1 X106.349 Y1207.635
; Coordinate transform: (103.86,789.01) -> (103.86,1202.99)
G1 X103.863 Y1202.988
; Coordinate transform: (104.32,794.23) -> (104.32,1197.77)
G1 X104.317 Y1197.768
; Coordinate transform: (107.51,800.16) -> (107.51,1191.84)
G1 X107.514 Y1191.842
; Coordinate transform: (113.08,807.08) -> (113.08,1184.92)
G1 X113.080 Y1184.918
; Coordinate transform: (120.12,815.32) -> (120.12,1176.68)
G1 X120.118 Y1176.679
; Coordinate transform: (127.71,825.10) -> (127.71,1166.90)
G1 X127.714 Y1166.905
; Coordinate transform: (135.14,836.50) -> (135.14,1155.50)
G1 X135.138 Y1155.497
; Coordinate transform: (141.98,849.41) -> (141.98,1142.59)
G1 X141.977 Y1142.586
; Coordinate transform: (148.12,863.40) -> (148.12,1128.60)
G1 X148.124 Y1128.597
; Coordinate transform: (153.37,877.83) -> (153.37,1114.17)
G1 X153.367 Y1114.172
; Coordinate transform: (157.56,892.04) -> (157.56,1099.96)
G1 X157.559 Y1099.964
; Coordinate transform: (160.61,905.59) -> (160.61,1086.41)
G1 X160.607 Y1086.414
; Coordinate transform: (162.48,918.29) -> (162.48,1073.71)
G1 X162.476 Y1073.711
; Coordinate transform: (163.17,930.14) -> (163.17,1061.86)
G1 X163.169 Y1061.864
; Coordinate transform: (162.69,941.21) -> (162.69,1050.79)
G1 X162.693 Y1050.791
; Coordinate transform: (161.04,951.66) -> (161.04,1040.34)
G1 X161.041 Y1040.342
; Coordinate transform: (158.20,961.69) -> (158.20,1030.31)
G1 X158.198 Y1030.314
; Coordinate transform: (154.24,971.52) -> (154.24,1020.48)
G1 X154.235 Y1020.480
; Coordinate transform: (149.26,981.38) -> (149.26,1010.62)
G1 X149.257 Y1010.620
; Coordinate transform: (143.38,991.47) -> (143.38,1000.53)
G1 X143.379 Y1000.535
; Coordinate transform: (136.81,1001.92) -> (136.81,990.08)
G1 X136.813 Y990.080
; Coordinate transform: (129.81,1012.81) -> (129.81,979.19)
G1 X129.807 Y979.190
; Coordinate transform: (122.78,1024.13) -> (122.78,967.87)
G1 X122.780 Y967.870
; Coordinate transform: (116.70,1035.69) -> (116.70,956.31)
G1 X116.705 Y956.310
; Coordinate transform: (112.39,1047.22) -> (112.39,944.78)
G1 X112.390 Y944.780
; Coordinate transform: (110.65,1058.49) -> (110.65,933.51)
G1 X110.647 Y933.510
; Coordinate transform: (111.75,1069.42) -> (111.75,922.58)
G1 X111.751 Y922.580
; Coordinate transform: (115.45,1080.06) -> (115.45,911.94)
G1 X115.447 Y911.940
; Coordinate transform: (120.96,1090.59) -> (120.96,901.41)
G1 X120.963 Y901.410
; Coordinate transform: (127.34,1101.10) -> (127.34,890.90)
G1 X127.337 Y890.900
; Coordinate transform: (133.53,1111.64) -> (133.53,880.36)
G1 X133.527 Y880.360
; Coordinate transform: (138.67,1122.31) -> (138.67,869.69)
G1 X138.671 Y869.690
; Coordinate transform: (142.47,1133.18) -> (142.47,858.82)
G1 X142.471 Y858.820
; Coordinate transform: (144.67,1144.34) -> (144.67,847.66)
G1 X144.669 Y847.660
; Coordinate transform: (145.11,1155.93) -> (145.11,836.07)
G1 X145.110 Y836.070
; Coordinate transform: (143.81,1168.01) -> (143.81,823.99)
G1 X143.810 Y823.990
; Coordinate transform: (140.95,1180.57) -> (140.95,811.43)
G1 X140.946 Y811.430
; Coordinate transform: (136.79,1193.55) -> (136.79,798.45)
G1 X136.794 Y798.450
; Coordinate transform: (131.69,1206.86) -> (131.69,785.14)
G1 X131.686 Y785.140
; Coordinate transform: (125.95,1220.41) -> (125.95,771.59)
G1 X125.951 Y771.590
; Coordinate transform: (120.64,1234.04) -> (120.64,757.96)
G1 X120.643 Y757.960
; Coordinate transform: (116.64,1247.54) -> (116.64,744.46)
G1 X116.642 Y744.460
; Coordinate transform: (114.57,1260.61) -> (114.57,731.39)
G1 X114.570 Y731.390
; Coordinate transform: (114.80,1272.95) -> (114.80,719.05)
G1 X114.795 Y719.050
; Coordinate transform: (117.19,1284.27) -> (117.19,707.73)
G1 X117.189 Y707.730
; Coordinate transform: (121.20,1294.36) -> (121.20,697.64)
G1 X121.200 Y697.640
; Coordinate transform: (126.22,1303.06) -> (126.22,688.94)
G1 X126.219 Y688.940
; Coordinate transform: (131.54,1310.26) -> (131.54,681.74)
G1 X131.541 Y681.740
; Coordinate transform: (136.45,1315.94) -> (136.45,676.06)
G1 X136.453 Y676.060
; Coordinate transform: (140.93,1320.13) -> (140.93,671.87)
G1 X140.932 Y671.870
; Coordinate transform: (145.00,1322.89) -> (145.00,669.11)
G1 X145.003 Y669.110
; Coordinate transform: (148.72,1324.30) -> (148.72,667.70)
G1 X148.715 Y667.700
; Coordinate transform: (152.16,1324.43) -> (152.16,667.57)
G1 X152.161 Y667.570
; Coordinate transform: (155.47,1323.31) -> (155.47,668.69)
G1 X155.465 Y668.690
; Coordinate transform: (158.77,1320.93) -> (158.77,671.07)
G1 X158.767 Y671.070
; Coordinate transform: (162.22,1317.24) -> (162.22,674.76)
G1 X162.220 Y674.760
; Coordinate transform: (165.96,1312.18) -> (165.96,679.82)
G1 X165.956 Y679.820
; Coordinate transform: (170.01,1305.71) -> (170.01,686.29)
G1 X170.012 Y686.290
; Coordinate transform: (174.44,1297.77) -> (174.44,694.23)
G1 X174.440 Y694.230
; Coordinate transform: (179.28,1288.41) -> (179.28,703.59)
G1 X179.275 Y703.590
; Coordinate transform: (184.44,1277.74) -> (184.44,714.26)
G1 X184.438 Y714.260
; Coordinate transform: (189.76,1266.12) -> (189.76,725.88)
G1 X189.760 Y725.880
; Coordinate transform: (195.07,1254.02) -> (195.07,737.98)
G1 X195.066 Y737.980
; Coordinate transform: (200.10,1241.97) -> (200.10,750.03)
G1 X200.103 Y750.030
; Coordinate transform: (204.69,1230.50) -> (204.69,761.50)
G1 X204.693 Y761.500
; Coordinate transform: (208.77,1219.98) -> (208.77,772.02)
G1 X208.773 Y772.020
; Coordinate transform: (212.34,1210.54) -> (212.34,781.46)
G1 X212.337 Y781.460
; Coordinate transform: (215.46,1202.20) -> (215.46,789.80)
G1 X215.464 Y789.800
; Coordinate transform: (218.29,1194.84) -> (218.29,797.16)
G1 X218.292 Y797.160
; Coordinate transform: (221.00,1188.27) -> (221.00,803.73)
G1 X220.998 Y803.730
; Coordinate transform: (223.75,1182.27) -> (223.75,809.73)
G1 X223.753 Y809.730
; Coordinate transform: (226.70,1176.58) -> (226.70,815.42)
G1 X226.699 Y815.420
; Coordinate transform: (229.99,1170.94) -> (229.99,821.06)
G1 X229.990 Y821.060
; Coordinate transform: (233.78,1165.04) -> (233.78,826.96)
G1 X233.781 Y826.960
; Coordinate transform: (238.23,1158.59) -> (238.23,833.41)
G1 X238.232 Y833.410
; Coordinate transform: (243.40,1151.27) -> (243.40,840.73)
G1 X243.400 Y840.730
; Coordinate transform: (249.29,1142.79) -> (249.29,849.21)
G1 X249.286 Y849.210
; Coordinate transform: (255.85,1132.88) -> (255.85,859.12)
G1 X255.847 Y859.120
; Coordinate transform: (262.80,1121.47) -> (262.80,870.53)
G1 X262.795 Y870.530
; Coordinate transform: (269.79,1108.65) -> (269.79,883.35)
G1 X269.794 Y883.350
; Coordinate transform: (276.53,1094.70) -> (276.53,897.30)
G1 X276.533 Y897.300
; Coordinate transform: (282.85,1080.05) -> (282.85,911.95)
G1 X282.847 Y911.950
; Coordinate transform: (288.75,1065.18) -> (288.75,926.82)
G1 X288.745 Y926.820
; Coordinate transform: (294.36,1050.54) -> (294.36,941.46)
G1 X294.358 Y941.460
; Coordinate transform: (299.83,1036.44) -> (299.83,955.56)
G1 X299.835 Y955.560
; Coordinate transform: (305.24,1023.06) -> (305.24,968.94)
G1 X305.244 Y968.940
; Coordinate transform: (310.61,1010.43) -> (310.61,981.57)
G1 X310.608 Y981.570
; Coordinate transform: (315.87,998.51) -> (315.87,993.49)
G1 X315.872 Y993.490
; Coordinate transform: (321.00,987.31) -> (321.00,1004.69)
G1 X321.005 Y1004.686
; Coordinate transform: (325.92,976.86) -> (325.92,1015.14)
G1 X325.917 Y1015.143
; Coordinate transform: (330.63,967.15) -> (330.63,1024.85)
G1 X330.630 Y1024.853
; Coordinate transform: (335.24,958.22) -> (335.24,1033.78)
G1 X335.236 Y1033.781
; Coordinate transform: (339.88,950.14) -> (339.88,1041.86)
G1 X339.885 Y1041.856
; Coordinate transform: (344.76,942.92) -> (344.76,1049.08)
G1 X344.756 Y1049.076
; Coordinate transform: (350.03,936.51) -> (350.03,1055.49)
G1 X350.027 Y1055.492
; Coordinate transform: (355.89,930.80) -> (355.89,1061.20)
G1 X355.887 Y1061.197
; Coordinate transform: (362.43,925.67) -> (362.43,1066.33)
G1 X362.432 Y1066.331
; Coordinate transform: (369.71,920.99) -> (369.71,1071.01)
G1 X369.713 Y1071.013
; Coordinate transform: (377.68,916.64) -> (377.68,1075.36)
G1 X377.681 Y1075.358
; Coordinate transform: (386.17,912.54) -> (386.17,1079.46)
G1 X386.171 Y1079.461
; Coordinate transform: (394.94,908.62) -> (394.94,1083.38)
G1 X394.942 Y1083.384
; Coordinate transform: (403.71,904.84) -> (403.71,1087.16)
G1 X403.713 Y1087.160
; Coordinate transform: (412.21,901.17) -> (412.21,1090.83)
G1 X412.206 Y1090.834
; Coordinate transform: (420.14,897.55) -> (420.14,1094.45)
G1 X420.138 Y1094.448
; Coordinate transform: (427.38,893.98) -> (427.38,1098.03)
G1 X427.376 Y1098.025
; Coordinate transform: (433.84,890.37) -> (433.84,1101.63)
G1 X433.844 Y1101.626
; Coordinate transform: (439.55,886.68) -> (439.55,1105.32)
G1 X439.545 Y1105.319
; Coordinate transform: (444.51,882.81) -> (444.51,1109.19)
G1 X444.510 Y1109.194
; Coordinate transform: (448.81,878.62) -> (448.81,1113.38)
G1 X448.810 Y1113.377
; Coordinate transform: (452.53,873.99) -> (452.53,1118.01)
G1 X452.529 Y1118.009
; Coordinate transform: (455.77,868.79) -> (455.77,1123.21)
G1 X455.770 Y1123.211
; Coordinate transform: (458.64,862.87) -> (458.64,1129.13)
G1 X458.639 Y1129.134
; Coordinate transform: (461.24,856.04) -> (461.24,1135.96)
G1 X461.244 Y1135.960
; Coordinate transform: (463.69,848.19) -> (463.69,1143.81)
G1 X463.695 Y1143.812
; Coordinate transform: (466.11,839.16) -> (466.11,1152.84)
G1 X466.108 Y1152.839
; Coordinate transform: (468.62,828.97) -> (468.62,1163.03)
G1 X468.621 Y1163.035
; Coordinate transform: (471.37,817.69) -> (471.37,1174.31)
G1 X471.367 Y1174.314
; Coordinate transform: (474.47,805.52) -> (474.47,1186.48)
G1 X474.466 Y1186.478
; Coordinate transform: (478.01,792.80) -> (478.01,1199.20)
G1 X478.007 Y1199.200
; Coordinate transform: (482.03,779.90) -> (482.03,1212.10)
G1 X482.032 Y1212.098
; Coordinate transform: (486.53,767.29) -> (486.53,1224.71)
G1 X486.527 Y1224.707
; Coordinate transform: (491.41,755.48) -> (491.41,1236.52)
G1 X491.406 Y1236.520
; Coordinate transform: (496.55,744.87) -> (496.55,1247.13)
G1 X496.547 Y1247.135
; Coordinate transform: (501.84,735.70) -> (501.84,1256.30)
G1 X501.838 Y1256.304
; Coordinate transform: (507.15,728.03) -> (507.15,1263.97)
G1 X507.146 Y1263.970
; Coordinate transform: (512.38,721.77) -> (512.38,1270.22)
G1 X512.379 Y1270.225
; Coordinate transform: (517.50,716.75) -> (517.50,1275.24)
G1 X517.495 Y1275.245
; Coordinate transform: (522.52,712.79) -> (522.52,1279.21)
G1 X522.521 Y1279.208
; Coordinate transform: (527.53,709.71) -> (527.53,1282.29)
G1 X527.527 Y1282.290
; Coordinate transform: (532.63,707.37) -> (532.63,1284.63)
G1 X532.627 Y1284.632
; Coordinate transform: (537.98,705.62) -> (537.98,1286.38)
G1 X537.979 Y1286.378
; Coordinate transform: (543.77,704.37) -> (543.77,1287.63)
G1 X543.773 Y1287.627
M400 ; Wait for drawing to complete
; === STOP BRUSH SEQUENCE ===
; STOP BRUSH A
G4 P50 ; Short delay before stepper command
G1 U0.000 F200.0 ; Close Brush A flow
M400 ; Wait for stepper motion to complete
M106 P2 S0 ; Brush A air off
; Z already at 84.000mm, above safe threshold of 10.000mm, no need to raise
; === END STOP BRUSH SEQUENCE ===
; === PATH END ===


; Path 10/49 (id: path10)
; WIDTH: requested=117.176mm, actual=117.176mm, compensation=1.000
; Z HEIGHT: 84.000mm (min=4.0, max=84.0)
; PAINT FLOW: 0.500 (baseline=0.1, max=0.5)
; PAINT FLOW COMPONENTS: base=0.100, width=0.300, opacity=0.100
; FEEDRATE: 594.5 mm/min (z_factor=0.0259, speed_factor=0.956)
; WARNING: Requested stroke width 117.2mm exceeds machine capability.
; H.Airbrush cannot draw strokes wider than 6.6mm at 1mm/s minimum speed.
; Stroke width has been reduced to 6.6mm.
; ===== STROKE PARAMETERS =====
; Color: black
; Width: 117.18mm
; Opacity: 0.25
; Brush: brush_a (index 0)
T0 ; Select Brush A (Black)
; ===== AIRBRUSH SETTINGS =====
; Z-height: 84.00mm
; Paint flow: 0.50
; Feedrate: 594.5mm/min (includes Z scaling)
; Using brush: brush_a (tool 0)
; Path with Brush A (black) at Z=84.000mm
; Using: Air=P2, Flow=A axis
; Drawing Z height: 84.000mm, Travel Z height: 10.000mm
; Machine Z range: 0-84mm (Safe range: 5-80mm)
; === START BRUSH SEQUENCE ===
; START BRUSH A
; Z already at 84.000mm, above safe threshold of 10.000mm, no need to raise
T0 ; Select Tool 0 (Brush A)
G4 P500 ; Wait for tool change to complete
; === END BRUSH SEQUENCE ===
; Coordinate transform: (778.30,592.07) -> (778.30,1399.93)
G0 X778.303 Y1399.929 F24000
M400 ; Wait for XY movement to complete
G1 Z84.000 F1200
M400 ; Wait for Z movement to complete
; === ACTIVATE BRUSH AT POSITION ===
; AIR ON FIRST - Important to prevent dripping
M106 P2 S1 ; Brush A air on
; PAINT ON AFTER AIR
G4 P50 ; Short delay before stepper command
G1 U2.400 F200.0 ; Set Brush A flow to 2.400mm
M400 ; Wait for stepper motion to complete
; === BRUSH ACTIVATED ===
G1 F594.4557554428459
; Coordinate transform: (778.53,593.36) -> (778.53,1398.64)
G1 X778.533 Y1398.641
; Coordinate transform: (778.81,595.16) -> (778.81,1396.84)
G1 X778.812 Y1396.840
; Coordinate transform: (779.14,597.38) -> (779.14,1394.62)
G1 X779.138 Y1394.616
; Coordinate transform: (779.52,599.94) -> (779.52,1392.06)
G1 X779.516 Y1392.062
; Coordinate transform: (779.94,602.74) -> (779.94,1389.26)
G1 X779.939 Y1389.263
; Coordinate transform: (780.42,605.73) -> (780.42,1386.27)
G1 X780.424 Y1386.266
; Coordinate transform: (781.00,608.91) -> (781.00,1383.09)
G1 X780.998 Y1383.089
; Coordinate transform: (781.70,612.25) -> (781.70,1379.74)
G1 X781.696 Y1379.745
; Coordinate transform: (782.55,615.77) -> (782.55,1376.23)
G1 X782.546 Y1376.233
; Coordinate transform: (783.59,619.48) -> (783.59,1372.53)
G1 X783.587 Y1372.525
; Coordinate transform: (784.85,623.43) -> (784.85,1368.57)
G1 X784.854 Y1368.568
; Coordinate transform: (786.38,627.70) -> (786.38,1364.30)
G1 X786.385 Y1364.299
; Coordinate transform: (788.22,632.35) -> (788.22,1359.65)
G1 X788.221 Y1359.653
; Coordinate transform: (790.39,637.42) -> (790.39,1354.58)
G1 X790.386 Y1354.581
; Coordinate transform: (792.89,642.96) -> (792.89,1349.04)
G1 X792.892 Y1349.042
; Coordinate transform: (795.74,649.00) -> (795.74,1343.00)
G1 X795.736 Y1342.999
; Coordinate transform: (798.89,655.46) -> (798.89,1336.54)
G1 X798.887 Y1336.538
; Coordinate transform: (802.28,662.22) -> (802.28,1329.78)
G1 X802.281 Y1329.779
; Coordinate transform: (805.83,669.10) -> (805.83,1322.90)
G1 X805.829 Y1322.896
; Coordinate transform: (809.40,675.87) -> (809.40,1316.13)
G1 X809.401 Y1316.133
; Coordinate transform: (812.91,682.15) -> (812.91,1309.85)
G1 X812.915 Y1309.845
; Coordinate transform: (816.11,687.83) -> (816.11,1304.17)
G1 X816.106 Y1304.172
; Coordinate transform: (818.83,692.69) -> (818.83,1299.31)
G1 X818.826 Y1299.309
; Coordinate transform: (820.96,696.60) -> (820.96,1295.40)
G1 X820.962 Y1295.400
; Coordinate transform: (822.44,699.48) -> (822.44,1292.52)
G1 X822.440 Y1292.519
; Coordinate transform: (823.22,701.31) -> (823.22,1290.69)
G1 X823.222 Y1290.691
; Coordinate transform: (823.30,702.10) -> (823.30,1289.90)
G1 X823.299 Y1289.901
; Coordinate transform: (822.68,701.90) -> (822.68,1290.10)
G1 X822.680 Y1290.104
; Coordinate transform: (821.39,700.77) -> (821.39,1291.22)
G1 X821.389 Y1291.225
; Coordinate transform: (819.47,698.82) -> (819.47,1293.18)
G1 X819.473 Y1293.179
; Coordinate transform: (816.97,696.12) -> (816.97,1295.88)
G1 X816.969 Y1295.882
; Coordinate transform: (813.91,692.75) -> (813.91,1299.25)
G1 X813.915 Y1299.254
; Coordinate transform: (810.34,688.79) -> (810.34,1303.21)
G1 X810.344 Y1303.207
; Coordinate transform: (806.26,684.34) -> (806.26,1307.66)
G1 X806.258 Y1307.656
; Coordinate transform: (801.65,679.50) -> (801.65,1312.50)
G1 X801.651 Y1312.499
; Coordinate transform: (796.53,674.35) -> (796.53,1317.65)
G1 X796.530 Y1317.654
; Coordinate transform: (790.85,668.96) -> (790.85,1323.04)
G1 X790.854 Y1323.037
; Coordinate transform: (784.54,663.47) -> (784.54,1328.53)
G1 X784.538 Y1328.529
; Coordinate transform: (777.54,657.94) -> (777.54,1334.06)
G1 X777.544 Y1334.056
; Coordinate transform: (769.74,652.45) -> (769.74,1339.55)
G1 X769.737 Y1339.546
; Coordinate transform: (761.10,647.03) -> (761.10,1344.97)
G1 X761.102 Y1344.967
; Coordinate transform: (751.60,641.69) -> (751.60,1350.31)
G1 X751.601 Y1350.310
; Coordinate transform: (741.45,636.38) -> (741.45,1355.62)
G1 X741.447 Y1355.616
; Coordinate transform: (731.00,631.08) -> (731.00,1360.92)
G1 X731.002 Y1360.916
; Coordinate transform: (720.78,625.78) -> (720.78,1366.22)
G1 X720.777 Y1366.223
; Coordinate transform: (711.27,620.44) -> (711.27,1371.56)
G1 X711.272 Y1371.561
; Coordinate transform: (702.78,615.01) -> (702.78,1376.99)
G1 X702.785 Y1376.990
; Coordinate transform: (695.50,609.39) -> (695.50,1382.61)
G1 X695.499 Y1382.609
; Coordinate transform: (689.36,603.41) -> (689.36,1388.59)
G1 X689.357 Y1388.588
; Coordinate transform: (684.28,596.82) -> (684.28,1395.18)
G1 X684.277 Y1395.182
; Coordinate transform: (680.07,589.42) -> (680.07,1402.58)
G1 X680.066 Y1402.582
; Coordinate transform: (676.53,581.08) -> (676.53,1410.92)
G1 X676.529 Y1410.921
; Coordinate transform: (673.49,571.84) -> (673.49,1420.16)
G1 X673.488 Y1420.164
; Coordinate transform: (670.78,561.87) -> (670.78,1430.13)
G1 X670.781 Y1430.128
; Coordinate transform: (668.25,551.43) -> (668.25,1440.57)
G1 X668.250 Y1440.573
; Coordinate transform: (665.72,540.53) -> (665.72,1451.47)
G1 X665.715 Y1451.467
; Coordinate transform: (662.96,528.95) -> (662.96,1463.05)
G1 X662.964 Y1463.047
; Coordinate transform: (659.76,516.18) -> (659.76,1475.82)
G1 X659.763 Y1475.815
; Coordinate transform: (655.94,502.12) -> (655.94,1489.88)
G1 X655.942 Y1489.881
; Coordinate transform: (651.49,487.22) -> (651.49,1504.78)
G1 X651.493 Y1504.780
; Coordinate transform: (646.51,472.12) -> (646.51,1519.88)
G1 X646.508 Y1519.881
; Coordinate transform: (641.25,457.19) -> (641.25,1534.81)
G1 X641.249 Y1534.806
; Coordinate transform: (636.05,442.64) -> (636.05,1549.36)
G1 X636.047 Y1549.355
; Coordinate transform: (631.07,428.55) -> (631.07,1563.45)
G1 X631.065 Y1563.455
; Coordinate transform: (626.34,414.90) -> (626.34,1577.10)
G1 X626.337 Y1577.098
; Coordinate transform: (621.88,401.73) -> (621.88,1590.27)
G1 X621.878 Y1590.266
; Coordinate transform: (617.74,389.07) -> (617.74,1602.93)
G1 X617.742 Y1602.929
; Coordinate transform: (613.81,377.22) -> (613.81,1614.78)
G1 X613.811 Y1614.777
; Coordinate transform: (610.03,366.31) -> (610.03,1625.69)
G1 X610.026 Y1625.686
; Coordinate transform: (606.35,356.45) -> (606.35,1635.55)
G1 X606.349 Y1635.548
; Coordinate transform: (602.79,347.62) -> (602.79,1644.38)
G1 X602.794 Y1644.375
; Coordinate transform: (599.38,339.74) -> (599.38,1652.26)
G1 X599.379 Y1652.262
; Coordinate transform: (596.13,332.62) -> (596.13,1659.38)
G1 X596.135 Y1659.375
; Coordinate transform: (593.09,326.07) -> (593.09,1665.93)
G1 X593.092 Y1665.934
; Coordinate transform: (590.38,319.79) -> (590.38,1672.21)
G1 X590.378 Y1672.214
; Coordinate transform: (587.91,313.57) -> (587.91,1678.43)
G1 X587.914 Y1678.427
; Coordinate transform: (585.75,307.17) -> (585.75,1684.83)
G1 X585.753 Y1684.833
; Coordinate transform: (583.96,300.30) -> (583.96,1691.70)
G1 X583.959 Y1691.702
; Coordinate transform: (582.62,292.78) -> (582.62,1699.22)
G1 X582.617 Y1699.221
; Coordinate transform: (581.83,284.37) -> (581.83,1707.63)
G1 X581.830 Y1707.626
; Coordinate transform: (581.68,275.01) -> (581.68,1716.99)
G1 X581.684 Y1716.994
; Coordinate transform: (582.25,264.62) -> (582.25,1727.38)
G1 X582.253 Y1727.375
; Coordinate transform: (583.57,253.30) -> (583.57,1738.70)
G1 X583.574 Y1738.700
; Coordinate transform: (585.65,241.24) -> (585.65,1750.76)
G1 X585.646 Y1750.761
; Coordinate transform: (588.45,228.76) -> (588.45,1763.24)
G1 X588.452 Y1763.240
; Coordinate transform: (591.95,216.26) -> (591.95,1775.74)
G1 X591.948 Y1775.741
; Coordinate transform: (596.06,204.14) -> (596.06,1787.86)
G1 X596.060 Y1787.858
; Coordinate transform: (600.64,192.76) -> (600.64,1799.24)
G1 X600.640 Y1799.238
; Coordinate transform: (605.43,182.35) -> (605.43,1809.65)
G1 X605.429 Y1809.648
; Coordinate transform: (610.13,173.00) -> (610.13,1819.00)
G1 X610.134 Y1818.997
; Coordinate transform: (614.47,164.68) -> (614.47,1827.32)
G1 X614.467 Y1827.324
; Coordinate transform: (618.17,157.17) -> (618.17,1834.83)
G1 X618.170 Y1834.833
; Coordinate transform: (621.10,150.17) -> (621.10,1841.83)
G1 X621.095 Y1841.833
; Coordinate transform: (623.14,143.27) -> (623.14,1848.73)
G1 X623.142 Y1848.733
; Coordinate transform: (624.26,136.09) -> (624.26,1855.91)
G1 X624.261 Y1855.914
; Coordinate transform: (624.43,128.26) -> (624.43,1863.74)
G1 X624.428 Y1863.737
; Coordinate transform: (623.64,119.88) -> (623.64,1872.12)
G1 X623.642 Y1872.120
; Coordinate transform: (621.95,111.64) -> (621.95,1880.36)
G1 X621.949 Y1880.363
; Coordinate transform: (619.45,104.75) -> (619.45,1887.25)
G1 X619.445 Y1887.252
; Coordinate transform: (616.24,100.40) -> (616.24,1891.60)
G1 X616.236 Y1891.600
; Coordinate transform: (612.40,98.94) -> (612.40,1893.06)
G1 X612.402 Y1893.056
; Coordinate transform: (607.99,100.32) -> (607.99,1891.68)
G1 X607.993 Y1891.676
; Coordinate transform: (603.02,104.46) -> (603.02,1887.54)
G1 X603.018 Y1887.543
; Coordinate transform: (597.41,110.96) -> (597.41,1881.04)
G1 X597.409 Y1881.040
; Coordinate transform: (591.10,118.70) -> (591.10,1873.30)
G1 X591.104 Y1873.304
; Coordinate transform: (584.09,126.48) -> (584.09,1865.52)
G1 X584.086 Y1865.516
; Coordinate transform: (576.43,133.65) -> (576.43,1858.35)
G1 X576.431 Y1858.351
; Coordinate transform: (568.33,139.75) -> (568.33,1852.25)
G1 X568.325 Y1852.253
; Coordinate transform: (560.01,144.91) -> (560.01,1847.09)
G1 X560.011 Y1847.092
; Coordinate transform: (551.72,149.16) -> (551.72,1842.84)
G1 X551.722 Y1842.838
; Coordinate transform: (543.61,152.54) -> (543.61,1839.45)
G1 X543.608 Y1839.455
; Coordinate transform: (535.74,155.09) -> (535.74,1836.91)
G1 X535.739 Y1836.913
; Coordinate transform: (528.02,156.80) -> (528.02,1835.20)
G1 X528.017 Y1835.199
; Coordinate transform: (520.26,157.65) -> (520.26,1834.35)
G1 X520.263 Y1834.353
; Coordinate transform: (512.20,157.58) -> (512.20,1834.42)
G1 X512.201 Y1834.418
; Coordinate transform: (503.50,156.52) -> (503.50,1835.48)
G1 X503.504 Y1835.477
; Coordinate transform: (493.85,154.40) -> (493.85,1837.60)
G1 X493.850 Y1837.598
; Coordinate transform: (482.95,151.14) -> (482.95,1840.86)
G1 X482.950 Y1840.856
; Coordinate transform: (470.58,146.70) -> (470.58,1845.30)
G1 X470.579 Y1845.300
; Coordinate transform: (456.75,141.04) -> (456.75,1850.95)
G1 X456.749 Y1850.955
; Coordinate transform: (441.81,134.36) -> (441.81,1857.64)
G1 X441.814 Y1857.641
; Coordinate transform: (426.39,126.91) -> (426.39,1865.09)
G1 X426.389 Y1865.089
; Coordinate transform: (411.19,119.55) -> (411.19,1872.45)
G1 X411.192 Y1872.453
; Coordinate transform: (396.80,113.30) -> (396.80,1878.70)
G1 X396.795 Y1878.705
; Coordinate transform: (383.47,109.18) -> (383.47,1882.82)
G1 X383.469 Y1882.816
; Coordinate transform: (371.15,107.85) -> (371.15,1884.15)
G1 X371.154 Y1884.148
; Coordinate transform: (359.65,109.33) -> (359.65,1882.67)
G1 X359.647 Y1882.667
; Coordinate transform: (348.69,113.13) -> (348.69,1878.87)
G1 X348.694 Y1878.870
; Coordinate transform: (338.08,118.35) -> (338.08,1873.65)
G1 X338.077 Y1873.647
; Coordinate transform: (327.67,123.98) -> (327.67,1868.02)
G1 X327.671 Y1868.017
; Coordinate transform: (317.61,129.29) -> (317.61,1862.71)
G1 X317.609 Y1862.714
; Coordinate transform: (308.18,133.61) -> (308.18,1858.39)
G1 X308.175 Y1858.391
; Coordinate transform: (299.69,136.66) -> (299.69,1855.34)
G1 X299.694 Y1855.342
; Coordinate transform: (292.45,138.49) -> (292.45,1853.51)
G1 X292.448 Y1853.515
; Coordinate transform: (286.60,139.12) -> (286.60,1852.88)
G1 X286.596 Y1852.875
; Coordinate transform: (282.14,138.64) -> (282.14,1853.36)
G1 X282.138 Y1853.363
; Coordinate transform: (279.04,137.05) -> (279.04,1854.95)
G1 X279.036 Y1854.948
; Coordinate transform: (277.24,134.36) -> (277.24,1857.64)
G1 X277.238 Y1857.636
; Coordinate transform: (276.66,130.53) -> (276.66,1861.46)
G1 X276.663 Y1861.465
; Coordinate transform: (277.25,125.64) -> (277.25,1866.36)
G1 X277.245 Y1866.362
; Coordinate transform: (278.95,120.12) -> (278.95,1871.88)
G1 X278.946 Y1871.884
; Coordinate transform: (281.75,114.42) -> (281.75,1877.59)
G1 X281.745 Y1877.585
; Coordinate transform: (285.58,109.22) -> (285.58,1882.78)
G1 X285.577 Y1882.783
M400 ; Wait for drawing to complete
; === STOP BRUSH SEQUENCE ===
; STOP BRUSH A
G4 P50 ; Short delay before stepper command
G1 U0.000 F200.0 ; Close Brush A flow
M400 ; Wait for stepper motion to complete
M106 P2 S0 ; Brush A air off
; Z already at 84.000mm, above safe threshold of 10.000mm, no need to raise
; === END STOP BRUSH SEQUENCE ===
; === PATH END ===


; Path 11/49 (id: path11)
; WIDTH: requested=117.176mm, actual=117.176mm, compensation=1.000
; Z HEIGHT: 84.000mm (min=4.0, max=84.0)
; PAINT FLOW: 0.500 (baseline=0.1, max=0.5)
; PAINT FLOW COMPONENTS: base=0.100, width=0.300, opacity=0.100
; FEEDRATE: 594.5 mm/min (z_factor=0.0259, speed_factor=0.956)
; WARNING: Requested stroke width 117.2mm exceeds machine capability.
; H.Airbrush cannot draw strokes wider than 6.6mm at 1mm/s minimum speed.
; Stroke width has been reduced to 6.6mm.
; ===== STROKE PARAMETERS =====
; Color: black
; Width: 117.18mm
; Opacity: 0.25
; Brush: brush_a (index 0)
T0 ; Select Brush A (Black)
; ===== AIRBRUSH SETTINGS =====
; Z-height: 84.00mm
; Paint flow: 0.50
; Feedrate: 594.5mm/min (includes Z scaling)
; Using brush: brush_a (tool 0)
; Path with Brush A (black) at Z=84.000mm
; Using: Air=P2, Flow=A axis
; Drawing Z height: 84.000mm, Travel Z height: 10.000mm
; Machine Z range: 0-84mm (Safe range: 5-80mm)
; === START BRUSH SEQUENCE ===
; START BRUSH A
; Z already at 84.000mm, above safe threshold of 10.000mm, no need to raise
T0 ; Select Tool 0 (Brush A)
G4 P500 ; Wait for tool change to complete
; === END BRUSH SEQUENCE ===
; Coordinate transform: (1801.25,805.82) -> (1801.25,1186.18)
G0 X1801.250 Y1186.183 F24000
M400 ; Wait for XY movement to complete
G1 Z84.000 F1200
M400 ; Wait for Z movement to complete
; === ACTIVATE BRUSH AT POSITION ===
; AIR ON FIRST - Important to prevent dripping
M106 P2 S1 ; Brush A air on
; PAINT ON AFTER AIR
G4 P50 ; Short delay before stepper command
G1 U2.400 F200.0 ; Set Brush A flow to 2.400mm
M400 ; Wait for stepper motion to complete
; === BRUSH ACTIVATED ===
G1 F594.4557554428459
; Coordinate transform: (1803.95,806.02) -> (1803.95,1185.98)
G1 X1803.950 Y1185.981
; Coordinate transform: (1807.51,806.13) -> (1807.51,1185.87)
G1 X1807.510 Y1185.867
; Coordinate transform: (1811.55,806.09) -> (1811.55,1185.91)
G1 X1811.550 Y1185.911
; Coordinate transform: (1815.68,805.81) -> (1815.68,1186.19)
G1 X1815.680 Y1186.189
; Coordinate transform: (1819.55,805.23) -> (1819.55,1186.77)
G1 X1819.550 Y1186.772
; Coordinate transform: (1823.15,804.36) -> (1823.15,1187.64)
G1 X1823.150 Y1187.638
; Coordinate transform: (1826.54,803.24) -> (1826.54,1188.76)
G1 X1826.540 Y1188.763
; Coordinate transform: (1829.77,801.88) -> (1829.77,1190.12)
G1 X1829.770 Y1190.125
; Coordinate transform: (1832.89,800.27) -> (1832.89,1191.73)
G1 X1832.890 Y1191.726
; Coordinate transform: (1835.98,798.44) -> (1835.98,1193.56)
G1 X1835.980 Y1193.558
; Coordinate transform: (1839.11,796.38) -> (1839.11,1195.62)
G1 X1839.110 Y1195.615
; Coordinate transform: (1842.37,794.10) -> (1842.37,1197.90)
G1 X1842.370 Y1197.902
; Coordinate transform: (1845.85,791.56) -> (1845.85,1200.44)
G1 X1845.850 Y1200.436
; Coordinate transform: (1849.66,788.75) -> (1849.66,1203.25)
G1 X1849.660 Y1203.246
; Coordinate transform: (1853.79,785.66) -> (1853.79,1206.34)
G1 X1853.790 Y1206.341
; Coordinate transform: (1858.26,782.26) -> (1858.26,1209.74)
G1 X1858.260 Y1209.744
; Coordinate transform: (1863.09,778.52) -> (1863.09,1213.48)
G1 X1863.090 Y1213.481
; Coordinate transform: (1867.88,774.41) -> (1867.88,1217.59)
G1 X1867.880 Y1217.590
; Coordinate transform: (1871.99,769.91) -> (1871.99,1222.09)
G1 X1871.990 Y1222.094
; Coordinate transform: (1874.91,764.98) -> (1874.91,1227.02)
G1 X1874.910 Y1227.019
; Coordinate transform: (1876.27,759.55) -> (1876.27,1232.45)
G1 X1876.270 Y1232.451
; Coordinate transform: (1875.83,753.50) -> (1875.83,1238.49)
G1 X1875.830 Y1238.495
; Coordinate transform: (1873.61,746.74) -> (1873.61,1245.26)
G1 X1873.610 Y1245.257
; Coordinate transform: (1869.85,739.10) -> (1869.85,1252.90)
G1 X1869.850 Y1252.902
; Coordinate transform: (1864.89,730.52) -> (1864.89,1261.48)
G1 X1864.890 Y1261.476
; Coordinate transform: (1859.23,720.99) -> (1859.23,1271.01)
G1 X1859.230 Y1271.007
; Coordinate transform: (1853.34,710.61) -> (1853.34,1281.39)
G1 X1853.340 Y1281.389
; Coordinate transform: (1847.25,699.58) -> (1847.25,1292.42)
G1 X1847.250 Y1292.416
; Coordinate transform: (1841.08,688.16) -> (1841.08,1303.84)
G1 X1841.080 Y1303.844
; Coordinate transform: (1834.95,676.58) -> (1834.95,1315.42)
G1 X1834.950 Y1315.422
; Coordinate transform: (1829.02,665.08) -> (1829.02,1326.92)
G1 X1829.020 Y1326.925
; Coordinate transform: (1823.53,653.82) -> (1823.53,1338.18)
G1 X1823.530 Y1338.179
; Coordinate transform: (1818.76,642.96) -> (1818.76,1349.04)
G1 X1818.760 Y1349.042
; Coordinate transform: (1814.80,632.61) -> (1814.80,1359.39)
G1 X1814.800 Y1359.389
; Coordinate transform: (1811.71,622.81) -> (1811.71,1369.19)
G1 X1811.710 Y1369.189
; Coordinate transform: (1809.43,613.50) -> (1809.43,1378.50)
G1 X1809.430 Y1378.500
; Coordinate transform: (1807.82,604.64) -> (1807.82,1387.36)
G1 X1807.820 Y1387.364
; Coordinate transform: (1806.85,596.10) -> (1806.85,1395.90)
G1 X1806.850 Y1395.898
; Coordinate transform: (1806.60,587.76) -> (1806.60,1404.24)
G1 X1806.600 Y1404.238
; Coordinate transform: (1807.30,579.43) -> (1807.30,1412.57)
G1 X1807.300 Y1412.569
; Coordinate transform: (1809.26,570.99) -> (1809.26,1421.01)
G1 X1809.260 Y1421.012
; Coordinate transform: (1812.90,562.32) -> (1812.90,1429.68)
G1 X1812.900 Y1429.681
; Coordinate transform: (1818.55,553.43) -> (1818.55,1438.57)
G1 X1818.550 Y1438.565
; Coordinate transform: (1826.14,544.51) -> (1826.14,1447.49)
G1 X1826.140 Y1447.490
; Coordinate transform: (1834.94,535.98) -> (1834.94,1456.02)
G1 X1834.940 Y1456.019
; Coordinate transform: (1844.28,528.36) -> (1844.28,1463.64)
G1 X1844.280 Y1463.641
; Coordinate transform: (1853.97,522.06) -> (1853.97,1469.94)
G1 X1853.970 Y1469.936
; Coordinate transform: (1863.96,517.17) -> (1863.96,1474.83)
G1 X1863.960 Y1474.830
; Coordinate transform: (1873.86,513.63) -> (1873.86,1478.37)
G1 X1873.860 Y1478.365
; Coordinate transform: (1882.46,511.32) -> (1882.46,1480.68)
G1 X1882.460 Y1480.676
; Coordinate transform: (1888.32,510.02) -> (1888.32,1481.98)
G1 X1888.320 Y1481.979
; Coordinate transform: (1891.02,509.45) -> (1891.02,1482.55)
G1 X1891.020 Y1482.550
; Coordinate transform: (1890.73,509.50) -> (1890.73,1482.51)
G1 X1890.730 Y1482.505
; Coordinate transform: (1887.58,510.13) -> (1887.58,1481.87)
G1 X1887.580 Y1481.867
; Coordinate transform: (1881.74,511.44) -> (1881.74,1480.56)
G1 X1881.740 Y1480.558
; Coordinate transform: (1873.90,513.62) -> (1873.90,1478.38)
G1 X1873.900 Y1478.385
; Coordinate transform: (1865.39,516.79) -> (1865.39,1475.21)
G1 X1865.390 Y1475.209
; Coordinate transform: (1857.09,521.05) -> (1857.09,1470.95)
G1 X1857.090 Y1470.951
; Coordinate transform: (1849.41,526.46) -> (1849.41,1465.54)
G1 X1849.410 Y1465.543
; Coordinate transform: (1842.16,533.03) -> (1842.16,1458.97)
G1 X1842.160 Y1458.974
; Coordinate transform: (1835.34,540.56) -> (1835.34,1451.44)
G1 X1835.340 Y1451.443
; Coordinate transform: (1829.14,548.77) -> (1829.14,1443.23)
G1 X1829.140 Y1443.228
; Coordinate transform: (1824.01,557.34) -> (1824.01,1434.66)
G1 X1824.010 Y1434.664
; Coordinate transform: (1820.47,566.00) -> (1820.47,1426.00)
G1 X1820.470 Y1426.002
; Coordinate transform: (1818.85,574.61) -> (1818.85,1417.39)
G1 X1818.850 Y1417.388
; Coordinate transform: (1819.30,583.18) -> (1819.30,1408.82)
G1 X1819.300 Y1408.824
; Coordinate transform: (1821.84,591.77) -> (1821.84,1400.23)
G1 X1821.840 Y1400.234
; Coordinate transform: (1826.39,600.53) -> (1826.39,1391.47)
G1 X1826.390 Y1391.473
; Coordinate transform: (1832.99,609.57) -> (1832.99,1382.43)
G1 X1832.990 Y1382.429
; Coordinate transform: (1841.59,618.87) -> (1841.59,1373.13)
G1 X1841.590 Y1373.129
; Coordinate transform: (1851.90,628.28) -> (1851.90,1363.72)
G1 X1851.900 Y1363.717
; Coordinate transform: (1863.51,637.55) -> (1863.51,1354.45)
G1 X1863.510 Y1354.446
; Coordinate transform: (1875.48,646.42) -> (1875.48,1345.58)
G1 X1875.480 Y1345.582
; Coordinate transform: (1885.78,654.68) -> (1885.78,1337.32)
G1 X1885.780 Y1337.319
; Coordinate transform: (1892.65,662.28) -> (1892.65,1329.72)
G1 X1892.650 Y1329.719
; Coordinate transform: (1896.25,669.25) -> (1896.25,1322.75)
G1 X1896.250 Y1322.748
; Coordinate transform: (1896.76,675.61) -> (1896.76,1316.39)
G1 X1896.760 Y1316.388
; Coordinate transform: (1894.32,681.38) -> (1894.32,1310.62)
G1 X1894.320 Y1310.617
; Coordinate transform: (1889.09,686.59) -> (1889.09,1305.41)
G1 X1889.090 Y1305.411
; Coordinate transform: (1881.21,691.26) -> (1881.21,1300.74)
G1 X1881.210 Y1300.740
; Coordinate transform: (1871.00,695.36) -> (1871.00,1296.64)
G1 X1871.000 Y1296.636
; Coordinate transform: (1859.91,699.00) -> (1859.91,1293.00)
G1 X1859.910 Y1292.998
; Coordinate transform: (1848.95,702.33) -> (1848.95,1289.67)
G1 X1848.950 Y1289.667
; Coordinate transform: (1837.71,705.53) -> (1837.71,1286.47)
G1 X1837.710 Y1286.466
; Coordinate transform: (1825.81,708.73) -> (1825.81,1283.27)
G1 X1825.810 Y1283.272
; Coordinate transform: (1813.31,712.01) -> (1813.31,1279.99)
G1 X1813.310 Y1279.990
; Coordinate transform: (1801.17,715.40) -> (1801.17,1276.60)
G1 X1801.170 Y1276.595
; Coordinate transform: (1790.75,718.80) -> (1790.75,1273.20)
G1 X1790.750 Y1273.196
; Coordinate transform: (1781.69,722.00) -> (1781.69,1270.00)
G1 X1781.690 Y1270.000
; Coordinate transform: (1773.33,724.90) -> (1773.33,1267.10)
G1 X1773.330 Y1267.102
; Coordinate transform: (1764.81,727.48) -> (1764.81,1264.52)
G1 X1764.810 Y1264.522
; Coordinate transform: (1755.85,729.83) -> (1755.85,1262.17)
G1 X1755.850 Y1262.167
; Coordinate transform: (1746.33,732.10) -> (1746.33,1259.90)
G1 X1746.330 Y1259.901
; Coordinate transform: (1736.40,734.46) -> (1736.40,1257.54)
G1 X1736.400 Y1257.538
; Coordinate transform: (1726.32,737.07) -> (1726.32,1254.93)
G1 X1726.320 Y1254.935
; Coordinate transform: (1716.39,739.96) -> (1716.39,1252.04)
G1 X1716.390 Y1252.040
; Coordinate transform: (1706.78,743.00) -> (1706.78,1249.00)
G1 X1706.780 Y1248.996
; Coordinate transform: (1697.66,746.08) -> (1697.66,1245.92)
G1 X1697.660 Y1245.923
; Coordinate transform: (1689.20,748.88) -> (1689.20,1243.12)
G1 X1689.200 Y1243.117
; Coordinate transform: (1681.46,751.51) -> (1681.46,1240.49)
G1 X1681.460 Y1240.494
; Coordinate transform: (1674.28,754.18) -> (1674.28,1237.82)
G1 X1674.280 Y1237.819
; Coordinate transform: (1667.30,757.25) -> (1667.30,1234.74)
G1 X1667.300 Y1234.745
; Coordinate transform: (1660.19,761.00) -> (1660.19,1231.00)
G1 X1660.190 Y1230.996
; Coordinate transform: (1652.70,765.55) -> (1652.70,1226.45)
G1 X1652.700 Y1226.454
; Coordinate transform: (1644.74,770.89) -> (1644.74,1221.11)
G1 X1644.740 Y1221.105
; Coordinate transform: (1636.40,777.11) -> (1636.40,1214.89)
G1 X1636.400 Y1214.894
; Coordinate transform: (1627.75,784.31) -> (1627.75,1207.69)
G1 X1627.750 Y1207.691
; Coordinate transform: (1619.23,792.18) -> (1619.23,1199.82)
G1 X1619.230 Y1199.817
; Coordinate transform: (1611.92,799.65) -> (1611.92,1192.35)
G1 X1611.920 Y1192.353
; Coordinate transform: (1606.94,805.62) -> (1606.94,1186.38)
G1 X1606.940 Y1186.378
; Coordinate transform: (1604.41,810.01) -> (1604.41,1181.99)
G1 X1604.410 Y1181.987
; Coordinate transform: (1603.89,813.37) -> (1603.89,1178.63)
G1 X1603.890 Y1178.629
; Coordinate transform: (1605.06,816.10) -> (1605.06,1175.90)
G1 X1605.060 Y1175.902
M400 ; Wait for drawing to complete
; === STOP BRUSH SEQUENCE ===
; STOP BRUSH A
G4 P50 ; Short delay before stepper command
G1 U0.000 F200.0 ; Close Brush A flow
M400 ; Wait for stepper motion to complete
M106 P2 S0 ; Brush A air off
; Z already at 84.000mm, above safe threshold of 10.000mm, no need to raise
; === END STOP BRUSH SEQUENCE ===
; === PATH END ===


; Path 12/49 (id: path12)
; WIDTH: requested=117.176mm, actual=117.176mm, compensation=1.000
; Z HEIGHT: 84.000mm (min=4.0, max=84.0)
; PAINT FLOW: 0.500 (baseline=0.1, max=0.5)
; PAINT FLOW COMPONENTS: base=0.100, width=0.300, opacity=0.100
; FEEDRATE: 594.5 mm/min (z_factor=0.0259, speed_factor=0.956)
; WARNING: Requested stroke width 117.2mm exceeds machine capability.
; H.Airbrush cannot draw strokes wider than 6.6mm at 1mm/s minimum speed.
; Stroke width has been reduced to 6.6mm.
; ===== STROKE PARAMETERS =====
; Color: black
; Width: 117.18mm
; Opacity: 0.25
; Brush: brush_a (index 0)
T0 ; Select Brush A (Black)
; ===== AIRBRUSH SETTINGS =====
; Z-height: 84.00mm
; Paint flow: 0.50
; Feedrate: 594.5mm/min (includes Z scaling)
; Using brush: brush_a (tool 0)
; Path with Brush A (black) at Z=84.000mm
; Using: Air=P2, Flow=A axis
; Drawing Z height: 84.000mm, Travel Z height: 10.000mm
; Machine Z range: 0-84mm (Safe range: 5-80mm)
; === START BRUSH SEQUENCE ===
; START BRUSH A
; Z already at 84.000mm, above safe threshold of 10.000mm, no need to raise
T0 ; Select Tool 0 (Brush A)
G4 P500 ; Wait for tool change to complete
; === END BRUSH SEQUENCE ===
; Coordinate transform: (1877.49,119.77) -> (1877.49,1872.23)
G0 X1877.490 Y1872.232 F24000
M400 ; Wait for XY movement to complete
G1 Z84.000 F1200
M400 ; Wait for Z movement to complete
; === ACTIVATE BRUSH AT POSITION ===
; AIR ON FIRST - Important to prevent dripping
M106 P2 S1 ; Brush A air on
; PAINT ON AFTER AIR
G4 P50 ; Short delay before stepper command
G1 U2.400 F200.0 ; Set Brush A flow to 2.400mm
M400 ; Wait for stepper motion to complete
; === BRUSH ACTIVATED ===
G1 F594.4557554428459
; Coordinate transform: (1872.34,121.32) -> (1872.34,1870.68)
G1 X1872.340 Y1870.683
; Coordinate transform: (1865.81,123.59) -> (1865.81,1868.41)
G1 X1865.810 Y1868.409
; Coordinate transform: (1858.87,126.37) -> (1858.87,1865.63)
G1 X1858.870 Y1865.633
; Coordinate transform: (1852.36,129.30) -> (1852.36,1862.70)
G1 X1852.360 Y1862.701
; Coordinate transform: (1846.46,131.96) -> (1846.46,1860.04)
G1 X1846.460 Y1860.039
; Coordinate transform: (1841.28,134.00) -> (1841.28,1858.00)
G1 X1841.280 Y1857.996
; Coordinate transform: (1836.78,135.44) -> (1836.78,1856.56)
G1 X1836.780 Y1856.564
; Coordinate transform: (1832.89,136.28) -> (1832.89,1855.72)
G1 X1832.890 Y1855.717
; Coordinate transform: (1829.54,136.57) -> (1829.54,1855.43)
G1 X1829.540 Y1855.428
; Coordinate transform: (1826.64,136.34) -> (1826.64,1855.66)
G1 X1826.640 Y1855.661
; Coordinate transform: (1824.17,135.61) -> (1824.17,1856.39)
G1 X1824.170 Y1856.390
; Coordinate transform: (1822.05,134.41) -> (1822.05,1857.59)
G1 X1822.050 Y1857.589
; Coordinate transform: (1820.24,132.75) -> (1820.24,1859.25)
G1 X1820.240 Y1859.254
; Coordinate transform: (1818.70,130.61) -> (1818.70,1861.39)
G1 X1818.700 Y1861.392
; Coordinate transform: (1817.38,128.11) -> (1817.38,1863.89)
G1 X1817.380 Y1863.892
; Coordinate transform: (1816.25,125.50) -> (1816.25,1866.50)
G1 X1816.250 Y1866.499
; Coordinate transform: (1815.37,123.02) -> (1815.37,1868.98)
G1 X1815.370 Y1868.977
; Coordinate transform: (1814.61,120.88) -> (1814.61,1871.12)
G1 X1814.610 Y1871.121
; Coordinate transform: (1813.96,119.23) -> (1813.96,1872.77)
G1 X1813.960 Y1872.768
; Coordinate transform: (1813.42,118.19) -> (1813.42,1873.81)
G1 X1813.420 Y1873.812
; Coordinate transform: (1812.95,117.80) -> (1812.95,1874.20)
G1 X1812.950 Y1874.201
; Coordinate transform: (1812.56,118.06) -> (1812.56,1873.94)
G1 X1812.560 Y1873.943
; Coordinate transform: (1812.22,118.92) -> (1812.22,1873.08)
G1 X1812.220 Y1873.080
; Coordinate transform: (1811.92,120.31) -> (1811.92,1871.69)
G1 X1811.920 Y1871.690
; Coordinate transform: (1811.62,122.12) -> (1811.62,1869.88)
G1 X1811.620 Y1869.880
; Coordinate transform: (1811.31,124.22) -> (1811.31,1867.78)
G1 X1811.310 Y1867.775
; Coordinate transform: (1810.96,126.50) -> (1810.96,1865.50)
G1 X1810.960 Y1865.502
; Coordinate transform: (1810.54,128.82) -> (1810.54,1863.18)
G1 X1810.540 Y1863.180
; Coordinate transform: (1809.98,131.11) -> (1809.98,1860.89)
G1 X1809.980 Y1860.891
; Coordinate transform: (1809.26,133.26) -> (1809.26,1858.74)
G1 X1809.260 Y1858.744
; Coordinate transform: (1808.35,135.35) -> (1808.35,1856.65)
G1 X1808.350 Y1856.651
; Coordinate transform: (1807.16,137.55) -> (1807.16,1854.45)
G1 X1807.160 Y1854.447
; Coordinate transform: (1805.62,140.05) -> (1805.62,1851.95)
G1 X1805.620 Y1851.950
; Coordinate transform: (1803.60,143.04) -> (1803.60,1848.95)
G1 X1803.600 Y1848.955
; Coordinate transform: (1800.95,146.80) -> (1800.95,1845.20)
G1 X1800.950 Y1845.202
M400 ; Wait for drawing to complete
; === STOP BRUSH SEQUENCE ===
; STOP BRUSH A
G4 P50 ; Short delay before stepper command
G1 U0.000 F200.0 ; Close Brush A flow
M400 ; Wait for stepper motion to complete
M106 P2 S0 ; Brush A air off
; Z already at 84.000mm, above safe threshold of 10.000mm, no need to raise
; === END STOP BRUSH SEQUENCE ===
; === PATH END ===


; Path 13/49 (id: path13)
; WIDTH: requested=117.176mm, actual=117.176mm, compensation=1.000
; Z HEIGHT: 84.000mm (min=4.0, max=84.0)
; PAINT FLOW: 0.500 (baseline=0.1, max=0.5)
; PAINT FLOW COMPONENTS: base=0.100, width=0.300, opacity=0.100
; FEEDRATE: 594.5 mm/min (z_factor=0.0259, speed_factor=0.956)
; WARNING: Requested stroke width 117.2mm exceeds machine capability.
; H.Airbrush cannot draw strokes wider than 6.6mm at 1mm/s minimum speed.
; Stroke width has been reduced to 6.6mm.
; ===== STROKE PARAMETERS =====
; Color: black
; Width: 117.18mm
; Opacity: 0.25
; Brush: brush_a (index 0)
T0 ; Select Brush A (Black)
; ===== AIRBRUSH SETTINGS =====
; Z-height: 84.00mm
; Paint flow: 0.50
; Feedrate: 594.5mm/min (includes Z scaling)
; Using brush: brush_a (tool 0)
; Path with Brush A (black) at Z=84.000mm
; Using: Air=P2, Flow=A axis
; Drawing Z height: 84.000mm, Travel Z height: 10.000mm
; Machine Z range: 0-84mm (Safe range: 5-80mm)
; === START BRUSH SEQUENCE ===
; START BRUSH A
; Z already at 84.000mm, above safe threshold of 10.000mm, no need to raise
T0 ; Select Tool 0 (Brush A)
G4 P500 ; Wait for tool change to complete
; === END BRUSH SEQUENCE ===
; Coordinate transform: (869.79,1396.44) -> (869.79,595.56)
G0 X869.792 Y595.560 F24000
M400 ; Wait for XY movement to complete
G1 Z84.000 F1200
M400 ; Wait for Z movement to complete
; === ACTIVATE BRUSH AT POSITION ===
; AIR ON FIRST - Important to prevent dripping
M106 P2 S1 ; Brush A air on
; PAINT ON AFTER AIR
G4 P50 ; Short delay before stepper command
G1 U2.400 F200.0 ; Set Brush A flow to 2.400mm
M400 ; Wait for stepper motion to complete
; === BRUSH ACTIVATED ===
G1 F594.4557554428459
; Coordinate transform: (870.08,1395.52) -> (870.08,596.48)
G1 X870.080 Y596.480
; Coordinate transform: (870.50,1394.32) -> (870.50,597.68)
G1 X870.497 Y597.680
; Coordinate transform: (871.00,1393.02) -> (871.00,598.98)
G1 X871.002 Y598.980
; Coordinate transform: (871.66,1391.77) -> (871.66,600.23)
G1 X871.664 Y600.230
; Coordinate transform: (872.33,1390.75) -> (872.33,601.25)
G1 X872.331 Y601.250
; Coordinate transform: (872.97,1390.07) -> (872.97,601.93)
G1 X872.966 Y601.930
; Coordinate transform: (873.55,1389.81) -> (873.55,602.19)
G1 X873.554 Y602.190
; Coordinate transform: (874.09,1389.98) -> (874.09,602.02)
G1 X874.089 Y602.020
; Coordinate transform: (874.59,1390.58) -> (874.59,601.42)
G1 X874.589 Y601.420
; Coordinate transform: (875.09,1391.57) -> (875.09,600.43)
G1 X875.088 Y600.430
; Coordinate transform: (875.62,1392.86) -> (875.62,599.14)
G1 X875.625 Y599.140
; Coordinate transform: (876.25,1394.34) -> (876.25,597.66)
G1 X876.252 Y597.660
; Coordinate transform: (877.03,1395.89) -> (877.03,596.11)
G1 X877.034 Y596.110
; Coordinate transform: (878.03,1397.39) -> (878.03,594.61)
G1 X878.034 Y594.610
; Coordinate transform: (879.33,1398.77) -> (879.33,593.23)
G1 X879.332 Y593.230
; Coordinate transform: (881.01,1399.95) -> (881.01,592.05)
G1 X881.006 Y592.050
; Coordinate transform: (883.16,1400.91) -> (883.16,591.09)
G1 X883.158 Y591.090
; Coordinate transform: (885.90,1401.64) -> (885.90,590.36)
G1 X885.900 Y590.360
; Coordinate transform: (889.37,1402.18) -> (889.37,589.82)
G1 X889.374 Y589.820
; Coordinate transform: (893.75,1402.61) -> (893.75,589.39)
G1 X893.749 Y589.390
; Coordinate transform: (899.24,1403.02) -> (899.24,588.98)
G1 X899.239 Y588.980
; Coordinate transform: (905.96,1403.54) -> (905.96,588.46)
G1 X905.959 Y588.460
; Coordinate transform: (914.07,1404.29) -> (914.07,587.71)
G1 X914.071 Y587.710
; Coordinate transform: (923.42,1405.44) -> (923.42,586.56)
G1 X923.424 Y586.560
; Coordinate transform: (933.72,1407.18) -> (933.72,584.82)
G1 X933.723 Y584.820
; Coordinate transform: (944.44,1409.77) -> (944.44,582.23)
G1 X944.444 Y582.230
; Coordinate transform: (955.19,1413.39) -> (955.19,578.61)
G1 X955.189 Y578.610
; Coordinate transform: (965.67,1418.12) -> (965.67,573.88)
G1 X965.672 Y573.880
; Coordinate transform: (975.66,1424.11) -> (975.66,567.89)
G1 X975.662 Y567.890
; Coordinate transform: (985.23,1431.42) -> (985.23,560.58)
G1 X985.228 Y560.580
; Coordinate transform: (994.73,1439.62) -> (994.73,552.38)
G1 X994.729 Y552.380
; Coordinate transform: (1004.47,1448.16) -> (1004.47,543.84)
G1 X1004.470 Y543.840
; Coordinate transform: (1014.39,1456.22) -> (1014.39,535.78)
G1 X1014.390 Y535.780
; Coordinate transform: (1024.29,1463.58) -> (1024.29,528.42)
G1 X1024.290 Y528.420
; Coordinate transform: (1034.08,1470.09) -> (1034.08,521.91)
G1 X1034.080 Y521.910
; Coordinate transform: (1043.67,1475.67) -> (1043.67,516.33)
G1 X1043.670 Y516.330
; Coordinate transform: (1053.01,1480.26) -> (1053.01,511.74)
G1 X1053.010 Y511.740
; Coordinate transform: (1062.10,1483.65) -> (1062.10,508.35)
G1 X1062.100 Y508.350
; Coordinate transform: (1071.03,1485.74) -> (1071.03,506.26)
G1 X1071.030 Y506.260
; Coordinate transform: (1079.90,1486.42) -> (1079.90,505.58)
G1 X1079.900 Y505.580
; Coordinate transform: (1088.70,1485.77) -> (1088.70,506.23)
G1 X1088.700 Y506.230
; Coordinate transform: (1097.12,1484.05) -> (1097.12,507.95)
G1 X1097.120 Y507.950
; Coordinate transform: (1104.55,1481.78) -> (1104.55,510.22)
G1 X1104.550 Y510.220
; Coordinate transform: (1110.57,1479.46) -> (1110.57,512.54)
G1 X1110.570 Y512.540
; Coordinate transform: (1114.95,1477.45) -> (1114.95,514.55)
G1 X1114.950 Y514.550
; Coordinate transform: (1117.75,1475.91) -> (1117.75,516.09)
G1 X1117.750 Y516.090
; Coordinate transform: (1119.18,1474.82) -> (1119.18,517.18)
G1 X1119.180 Y517.180
; Coordinate transform: (1119.35,1474.16) -> (1119.35,517.84)
G1 X1119.350 Y517.840
; Coordinate transform: (1118.35,1473.92) -> (1118.35,518.08)
G1 X1118.350 Y518.080
; Coordinate transform: (1116.19,1474.08) -> (1116.19,517.92)
G1 X1116.190 Y517.920
; Coordinate transform: (1112.81,1474.62) -> (1112.81,517.38)
G1 X1112.810 Y517.380
; Coordinate transform: (1108.06,1475.54) -> (1108.06,516.46)
G1 X1108.060 Y516.460
; Coordinate transform: (1102.00,1476.67) -> (1102.00,515.33)
G1 X1102.000 Y515.330
; Coordinate transform: (1094.65,1477.77) -> (1094.65,514.23)
G1 X1094.650 Y514.230
; Coordinate transform: (1086.30,1478.44) -> (1086.30,513.56)
G1 X1086.300 Y513.560
; Coordinate transform: (1077.42,1478.18) -> (1077.42,513.82)
G1 X1077.420 Y513.820
; Coordinate transform: (1068.19,1476.71) -> (1068.19,515.29)
G1 X1068.190 Y515.290
; Coordinate transform: (1058.59,1473.89) -> (1058.59,518.11)
G1 X1058.590 Y518.110
; Coordinate transform: (1048.48,1469.86) -> (1048.48,522.14)
G1 X1048.480 Y522.140
; Coordinate transform: (1037.88,1464.70) -> (1037.88,527.30)
G1 X1037.880 Y527.300
; Coordinate transform: (1026.90,1458.42) -> (1026.90,533.58)
G1 X1026.900 Y533.580
; Coordinate transform: (1015.66,1451.36) -> (1015.66,540.64)
G1 X1015.660 Y540.640
; Coordinate transform: (1004.42,1443.66) -> (1004.42,548.34)
G1 X1004.420 Y548.340
; Coordinate transform: (993.45,1436.05) -> (993.45,555.95)
G1 X993.446 Y555.950
; Coordinate transform: (982.83,1429.17) -> (982.83,562.83)
G1 X982.826 Y562.830
; Coordinate transform: (972.16,1423.47) -> (972.16,568.53)
G1 X972.159 Y568.530
; Coordinate transform: (961.30,1419.02) -> (961.30,572.98)
G1 X961.299 Y572.980
; Coordinate transform: (950.37,1415.57) -> (950.37,576.43)
G1 X950.366 Y576.430
; Coordinate transform: (939.63,1412.86) -> (939.63,579.14)
G1 X939.628 Y579.140
; Coordinate transform: (929.37,1410.70) -> (929.37,581.30)
G1 X929.373 Y581.300
; Coordinate transform: (919.93,1408.89) -> (919.93,583.11)
G1 X919.927 Y583.110
; Coordinate transform: (911.53,1407.25) -> (911.53,584.75)
G1 X911.533 Y584.750
; Coordinate transform: (904.28,1405.62) -> (904.28,586.38)
G1 X904.285 Y586.380
; Coordinate transform: (898.04,1403.89) -> (898.04,588.11)
G1 X898.042 Y588.110
; Coordinate transform: (892.49,1402.02) -> (892.49,589.98)
G1 X892.493 Y589.980
; Coordinate transform: (887.31,1399.99) -> (887.31,592.01)
G1 X887.309 Y592.010
; Coordinate transform: (882.08,1397.75) -> (882.08,594.25)
G1 X882.077 Y594.250
; Coordinate transform: (876.37,1395.26) -> (876.37,596.74)
G1 X876.366 Y596.740
; Coordinate transform: (869.75,1392.44) -> (869.75,599.56)
G1 X869.753 Y599.560
; Coordinate transform: (861.83,1389.14) -> (861.83,602.86)
G1 X861.832 Y602.860
; Coordinate transform: (852.22,1385.27) -> (852.22,606.73)
G1 X852.215 Y606.730
; Coordinate transform: (840.62,1380.82) -> (840.62,611.18)
G1 X840.621 Y611.180
; Coordinate transform: (827.08,1375.81) -> (827.08,616.19)
G1 X827.075 Y616.190
; Coordinate transform: (812.15,1370.18) -> (812.15,621.82)
G1 X812.155 Y621.820
; Coordinate transform: (797.01,1364.14) -> (797.01,627.86)
G1 X797.009 Y627.860
; Coordinate transform: (782.78,1357.80) -> (782.78,634.20)
G1 X782.778 Y634.200
; Coordinate transform: (770.29,1351.18) -> (770.29,640.82)
G1 X770.290 Y640.820
; Coordinate transform: (760.10,1344.35) -> (760.10,647.65)
G1 X760.101 Y647.650
; Coordinate transform: (752.49,1337.64) -> (752.49,654.36)
G1 X752.490 Y654.360
; Coordinate transform: (747.38,1331.62) -> (747.38,660.38)
G1 X747.377 Y660.380
; Coordinate transform: (744.63,1326.58) -> (744.63,665.42)
G1 X744.628 Y665.420
; Coordinate transform: (743.99,1322.39) -> (743.99,669.61)
G1 X743.991 Y669.610
; Coordinate transform: (745.26,1318.92) -> (745.26,673.08)
G1 X745.263 Y673.080
; Coordinate transform: (748.32,1316.09) -> (748.32,675.91)
G1 X748.322 Y675.910
M400 ; Wait for drawing to complete
; === STOP BRUSH SEQUENCE ===
; STOP BRUSH A
G4 P50 ; Short delay before stepper command
G1 U0.000 F200.0 ; Close Brush A flow
M400 ; Wait for stepper motion to complete
M106 P2 S0 ; Brush A air off
; Z already at 84.000mm, above safe threshold of 10.000mm, no need to raise
; === END STOP BRUSH SEQUENCE ===
; === PATH END ===


; Path 14/49 (id: path14)
; WIDTH: requested=117.176mm, actual=117.176mm, compensation=1.000
; Z HEIGHT: 84.000mm (min=4.0, max=84.0)
; PAINT FLOW: 0.500 (baseline=0.1, max=0.5)
; PAINT FLOW COMPONENTS: base=0.100, width=0.300, opacity=0.100
; FEEDRATE: 594.5 mm/min (z_factor=0.0259, speed_factor=0.956)
; WARNING: Requested stroke width 117.2mm exceeds machine capability.
; H.Airbrush cannot draw strokes wider than 6.6mm at 1mm/s minimum speed.
; Stroke width has been reduced to 6.6mm.
; ===== STROKE PARAMETERS =====
; Color: black
; Width: 117.18mm
; Opacity: 0.25
; Brush: brush_a (index 0)
T0 ; Select Brush A (Black)
; ===== AIRBRUSH SETTINGS =====
; Z-height: 84.00mm
; Paint flow: 0.50
; Feedrate: 594.5mm/min (includes Z scaling)
; Using brush: brush_a (tool 0)
; Path with Brush A (black) at Z=84.000mm
; Using: Air=P2, Flow=A axis
; Drawing Z height: 84.000mm, Travel Z height: 10.000mm
; Machine Z range: 0-84mm (Safe range: 5-80mm)
; === START BRUSH SEQUENCE ===
; START BRUSH A
; Z already at 84.000mm, above safe threshold of 10.000mm, no need to raise
T0 ; Select Tool 0 (Brush A)
G4 P500 ; Wait for tool change to complete
; === END BRUSH SEQUENCE ===
; Coordinate transform: (1021.42,1233.30) -> (1021.42,758.70)
G0 X1021.420 Y758.700 F24000
M400 ; Wait for XY movement to complete
G1 Z84.000 F1200
M400 ; Wait for Z movement to complete
; === ACTIVATE BRUSH AT POSITION ===
; AIR ON FIRST - Important to prevent dripping
M106 P2 S1 ; Brush A air on
; PAINT ON AFTER AIR
G4 P50 ; Short delay before stepper command
G1 U2.400 F200.0 ; Set Brush A flow to 2.400mm
M400 ; Wait for stepper motion to complete
; === BRUSH ACTIVATED ===
G1 F594.4557554428459
; Coordinate transform: (1021.03,1231.85) -> (1021.03,760.15)
G1 X1021.030 Y760.150
; Coordinate transform: (1020.49,1229.79) -> (1020.49,762.21)
G1 X1020.490 Y762.210
; Coordinate transform: (1019.79,1227.32) -> (1019.79,764.68)
G1 X1019.790 Y764.680
; Coordinate transform: (1018.97,1224.70) -> (1018.97,767.30)
G1 X1018.970 Y767.300
; Coordinate transform: (1018.01,1222.20) -> (1018.01,769.80)
G1 X1018.010 Y769.800
; Coordinate transform: (1016.98,1220.05) -> (1016.98,771.95)
G1 X1016.980 Y771.950
; Coordinate transform: (1015.91,1218.43) -> (1015.91,773.57)
G1 X1015.910 Y773.570
; Coordinate transform: (1014.81,1217.47) -> (1014.81,774.53)
G1 X1014.810 Y774.530
; Coordinate transform: (1013.69,1217.24) -> (1013.69,774.76)
G1 X1013.690 Y774.760
; Coordinate transform: (1012.57,1217.72) -> (1012.57,774.28)
G1 X1012.570 Y774.280
; Coordinate transform: (1011.44,1218.86) -> (1011.44,773.14)
G1 X1011.440 Y773.140
; Coordinate transform: (1010.28,1220.54) -> (1010.28,771.46)
G1 X1010.280 Y771.460
; Coordinate transform: (1009.09,1222.60) -> (1009.09,769.40)
G1 X1009.090 Y769.400
; Coordinate transform: (1007.83,1224.85) -> (1007.83,767.15)
G1 X1007.830 Y767.150
; Coordinate transform: (1006.48,1227.12) -> (1006.48,764.88)
G1 X1006.480 Y764.880
; Coordinate transform: (1005.01,1229.22) -> (1005.01,762.78)
G1 X1005.010 Y762.780
; Coordinate transform: (1003.40,1231.03) -> (1003.40,760.97)
G1 X1003.400 Y760.970
; Coordinate transform: (1001.62,1232.45) -> (1001.62,759.55)
G1 X1001.620 Y759.550
; Coordinate transform: (999.65,1233.46) -> (999.65,758.54)
G1 X999.648 Y758.540
; Coordinate transform: (997.44,1234.04) -> (997.44,757.96)
G1 X997.436 Y757.960
; Coordinate transform: (994.93,1234.19) -> (994.93,757.81)
G1 X994.931 Y757.810
; Coordinate transform: (992.05,1233.90) -> (992.05,758.10)
G1 X992.052 Y758.100
; Coordinate transform: (988.69,1233.16) -> (988.69,758.84)
G1 X988.690 Y758.840
; Coordinate transform: (984.70,1231.96) -> (984.70,760.04)
G1 X984.699 Y760.040
; Coordinate transform: (979.89,1230.26) -> (979.89,761.74)
G1 X979.894 Y761.740
; Coordinate transform: (974.05,1228.00) -> (974.05,764.00)
G1 X974.054 Y764.000
; Coordinate transform: (966.94,1225.29) -> (966.94,766.71)
G1 X966.937 Y766.710
; Coordinate transform: (958.26,1222.18) -> (958.26,769.82)
G1 X958.257 Y769.820
; Coordinate transform: (947.94,1218.66) -> (947.94,773.34)
G1 X947.941 Y773.340
; Coordinate transform: (935.97,1214.67) -> (935.97,777.33)
G1 X935.974 Y777.330
; Coordinate transform: (922.50,1210.17) -> (922.50,781.83)
G1 X922.501 Y781.830
; Coordinate transform: (908.10,1205.22) -> (908.10,786.78)
G1 X908.096 Y786.780
; Coordinate transform: (893.34,1199.93) -> (893.34,792.07)
G1 X893.336 Y792.070
; Coordinate transform: (878.54,1194.44) -> (878.54,797.56)
G1 X878.545 Y797.560
; Coordinate transform: (864.04,1188.98) -> (864.04,803.02)
G1 X864.042 Y803.020
; Coordinate transform: (850.02,1183.87) -> (850.02,808.13)
G1 X850.023 Y808.130
; Coordinate transform: (836.45,1179.47) -> (836.45,812.53)
G1 X836.448 Y812.530
; Coordinate transform: (823.16,1176.15) -> (823.16,815.85)
G1 X823.165 Y815.850
; Coordinate transform: (810.07,1174.12) -> (810.07,817.88)
G1 X810.071 Y817.880
; Coordinate transform: (797.20,1173.45) -> (797.20,818.55)
G1 X797.203 Y818.550
; Coordinate transform: (784.75,1174.05) -> (784.75,817.95)
G1 X784.748 Y817.950
; Coordinate transform: (772.99,1175.72) -> (772.99,816.28)
G1 X772.987 Y816.280
; Coordinate transform: (762.22,1178.29) -> (762.22,813.71)
G1 X762.220 Y813.710
; Coordinate transform: (752.71,1181.57) -> (752.71,810.43)
G1 X752.712 Y810.430
; Coordinate transform: (744.61,1185.37) -> (744.61,806.63)
G1 X744.612 Y806.630
; Coordinate transform: (737.97,1189.51) -> (737.97,802.49)
G1 X737.969 Y802.490
; Coordinate transform: (732.73,1193.80) -> (732.73,798.20)
G1 X732.729 Y798.200
; Coordinate transform: (728.83,1198.01) -> (728.83,793.99)
G1 X728.832 Y793.990
; Coordinate transform: (726.15,1201.98) -> (726.15,790.02)
G1 X726.153 Y790.020
; Coordinate transform: (724.58,1205.59) -> (724.58,786.41)
G1 X724.576 Y786.410
; Coordinate transform: (724.00,1208.70) -> (724.00,783.30)
G1 X724.004 Y783.300
; Coordinate transform: (724.37,1211.24) -> (724.37,780.76)
G1 X724.371 Y780.760
; Coordinate transform: (725.65,1213.17) -> (725.65,778.83)
G1 X725.655 Y778.830
; Coordinate transform: (727.86,1214.46) -> (727.86,777.54)
G1 X727.863 Y777.540
; Coordinate transform: (731.05,1215.11) -> (731.05,776.89)
G1 X731.055 Y776.890
; Coordinate transform: (735.33,1215.15) -> (735.33,776.85)
G1 X735.330 Y776.850
; Coordinate transform: (740.79,1214.61) -> (740.79,777.39)
G1 X740.787 Y777.390
; Coordinate transform: (747.53,1213.52) -> (747.53,778.48)
G1 X747.530 Y778.480
; Coordinate transform: (755.71,1211.93) -> (755.71,780.07)
G1 X755.710 Y780.070
; Coordinate transform: (765.38,1209.92) -> (765.38,782.08)
G1 X765.382 Y782.080
; Coordinate transform: (776.54,1207.58) -> (776.54,784.42)
G1 X776.544 Y784.420
; Coordinate transform: (789.05,1205.00) -> (789.05,787.00)
G1 X789.052 Y787.000
; Coordinate transform: (802.54,1202.32) -> (802.54,789.68)
G1 X802.539 Y789.680
; Coordinate transform: (816.56,1199.66) -> (816.56,792.34)
G1 X816.556 Y792.340
; Coordinate transform: (830.69,1197.17) -> (830.69,794.83)
G1 X830.692 Y794.830
; Coordinate transform: (844.75,1194.97) -> (844.75,797.03)
G1 X844.755 Y797.030
; Coordinate transform: (858.74,1193.12) -> (858.74,798.88)
G1 X858.740 Y798.880
; Coordinate transform: (872.64,1191.51) -> (872.64,800.49)
G1 X872.637 Y800.490
; Coordinate transform: (886.36,1189.94) -> (886.36,802.06)
G1 X886.362 Y802.060
; Coordinate transform: (899.75,1188.08) -> (899.75,803.92)
G1 X899.752 Y803.920
; Coordinate transform: (912.56,1185.67) -> (912.56,806.33)
G1 X912.559 Y806.330
; Coordinate transform: (924.41,1182.58) -> (924.41,809.42)
G1 X924.413 Y809.420
; Coordinate transform: (934.82,1178.83) -> (934.82,813.17)
G1 X934.820 Y813.170
; Coordinate transform: (943.23,1174.53) -> (943.23,817.47)
G1 X943.231 Y817.470
; Coordinate transform: (949.14,1169.79) -> (949.14,822.21)
G1 X949.143 Y822.210
; Coordinate transform: (952.24,1164.53) -> (952.24,827.47)
G1 X952.235 Y827.470
; Coordinate transform: (952.48,1158.44) -> (952.48,833.56)
G1 X952.481 Y833.560
; Coordinate transform: (950.20,1151.15) -> (950.20,840.85)
G1 X950.199 Y840.850
; Coordinate transform: (945.67,1142.49) -> (945.67,849.51)
G1 X945.668 Y849.510
; Coordinate transform: (939.26,1132.41) -> (939.26,859.59)
G1 X939.263 Y859.590
; Coordinate transform: (931.62,1121.60) -> (931.62,870.40)
G1 X931.622 Y870.400
; Coordinate transform: (923.65,1110.79) -> (923.65,881.21)
G1 X923.650 Y881.210
; Coordinate transform: (916.20,1100.38) -> (916.20,891.62)
G1 X916.199 Y891.620
; Coordinate transform: (909.64,1090.61) -> (909.64,901.39)
G1 X909.642 Y901.390
; Coordinate transform: (904.24,1081.59) -> (904.24,910.41)
G1 X904.243 Y910.410
; Coordinate transform: (900.06,1073.30) -> (900.06,918.70)
G1 X900.056 Y918.700
; Coordinate transform: (896.96,1065.73) -> (896.96,926.27)
G1 X896.960 Y926.270
; Coordinate transform: (894.72,1058.85) -> (894.72,933.15)
G1 X894.715 Y933.150
; Coordinate transform: (893.01,1052.64) -> (893.01,939.36)
G1 X893.013 Y939.360
; Coordinate transform: (891.52,1047.08) -> (891.52,944.92)
G1 X891.519 Y944.920
; Coordinate transform: (889.88,1042.15) -> (889.88,949.85)
G1 X889.879 Y949.850
; Coordinate transform: (887.78,1037.78) -> (887.78,954.22)
G1 X887.780 Y954.220
; Coordinate transform: (884.91,1033.75) -> (884.91,958.25)
G1 X884.913 Y958.250
; Coordinate transform: (880.96,1029.78) -> (880.96,962.22)
G1 X880.956 Y962.220
; Coordinate transform: (875.56,1025.49) -> (875.56,966.51)
G1 X875.560 Y966.510
; Coordinate transform: (868.47,1020.54) -> (868.47,971.46)
G1 X868.469 Y971.460
; Coordinate transform: (859.67,1014.60) -> (859.67,977.40)
G1 X859.670 Y977.400
; Coordinate transform: (849.30,1007.50) -> (849.30,984.50)
G1 X849.300 Y984.500
; Coordinate transform: (837.66,999.41) -> (837.66,992.59)
G1 X837.665 Y992.588
; Coordinate transform: (825.21,990.75) -> (825.21,1001.25)
G1 X825.209 Y1001.255
; Coordinate transform: (812.43,981.98) -> (812.43,1010.02)
G1 X812.427 Y1010.019
; Coordinate transform: (799.88,973.49) -> (799.88,1018.51)
G1 X799.880 Y1018.514
; Coordinate transform: (788.16,965.46) -> (788.16,1026.54)
G1 X788.163 Y1026.540
; Coordinate transform: (777.82,957.90) -> (777.82,1034.10)
G1 X777.821 Y1034.097
; Coordinate transform: (769.12,950.71) -> (769.12,1041.30)
G1 X769.116 Y1041.295
; Coordinate transform: (762.02,943.74) -> (762.02,1048.26)
G1 X762.020 Y1048.260
; Coordinate transform: (756.45,936.84) -> (756.45,1055.16)
G1 X756.445 Y1055.161
; Coordinate transform: (752.10,929.88) -> (752.10,1062.12)
G1 X752.098 Y1062.124
; Coordinate transform: (748.72,922.71) -> (748.72,1069.29)
G1 X748.723 Y1069.293
; Coordinate transform: (746.14,915.15) -> (746.14,1076.85)
G1 X746.140 Y1076.850
; Coordinate transform: (744.15,907.18) -> (744.15,1084.82)
G1 X744.152 Y1084.820
; Coordinate transform: (742.57,898.79) -> (742.57,1093.21)
G1 X742.569 Y1093.214
; Coordinate transform: (741.18,890.17) -> (741.18,1101.83)
G1 X741.183 Y1101.829
; Coordinate transform: (739.76,881.56) -> (739.76,1110.44)
G1 X739.765 Y1110.441
; Coordinate transform: (738.07,873.25) -> (738.07,1118.75)
G1 X738.066 Y1118.751
; Coordinate transform: (735.82,865.50) -> (735.82,1126.50)
G1 X735.821 Y1126.498
; Coordinate transform: (732.76,858.50) -> (732.76,1133.50)
G1 X732.757 Y1133.502
; Coordinate transform: (728.56,852.23) -> (728.56,1139.77)
G1 X728.559 Y1139.766
; Coordinate transform: (722.98,846.61) -> (722.98,1145.39)
G1 X722.981 Y1145.389
; Coordinate transform: (715.80,841.41) -> (715.80,1150.59)
G1 X715.803 Y1150.586
; Coordinate transform: (706.86,836.36) -> (706.86,1155.64)
G1 X706.858 Y1155.637
; Coordinate transform: (696.16,831.21) -> (696.16,1160.79)
G1 X696.159 Y1160.788
; Coordinate transform: (683.95,825.75) -> (683.95,1166.25)
G1 X683.948 Y1166.246
; Coordinate transform: (670.67,819.89) -> (670.67,1172.11)
G1 X670.674 Y1172.108
; Coordinate transform: (656.88,813.66) -> (656.88,1178.34)
G1 X656.881 Y1178.341
; Coordinate transform: (643.10,807.20) -> (643.10,1184.80)
G1 X643.095 Y1184.805
; Coordinate transform: (629.73,800.71) -> (629.73,1191.29)
G1 X629.732 Y1191.287
; Coordinate transform: (616.95,794.40) -> (616.95,1197.60)
G1 X616.945 Y1197.601
; Coordinate transform: (604.76,788.58) -> (604.76,1203.42)
G1 X604.758 Y1203.421
; Coordinate transform: (593.13,783.51) -> (593.13,1208.49)
G1 X593.134 Y1208.488
; Coordinate transform: (582.07,779.40) -> (582.07,1212.60)
G1 X582.073 Y1212.604
; Coordinate transform: (571.55,776.40) -> (571.55,1215.60)
G1 X571.548 Y1215.601
; Coordinate transform: (561.51,774.64) -> (561.51,1217.36)
G1 X561.508 Y1217.358
; Coordinate transform: (552.00,774.17) -> (552.00,1217.83)
G1 X552.002 Y1217.825
; Coordinate transform: (543.05,775.00) -> (543.05,1217.00)
G1 X543.054 Y1216.997
; Coordinate transform: (534.71,777.06) -> (534.71,1214.94)
G1 X534.710 Y1214.939
; Coordinate transform: (527.02,780.18) -> (527.02,1211.82)
G1 X527.019 Y1211.823
; Coordinate transform: (520.04,784.14) -> (520.04,1207.86)
G1 X520.044 Y1207.856
; Coordinate transform: (513.78,788.72) -> (513.78,1203.28)
G1 X513.782 Y1203.284
; Coordinate transform: (508.23,793.67) -> (508.23,1198.33)
G1 X508.228 Y1198.331
; Coordinate transform: (503.37,798.78) -> (503.37,1193.22)
G1 X503.365 Y1193.216
; Coordinate transform: (499.18,803.88) -> (499.18,1188.12)
G1 X499.177 Y1188.122
; Coordinate transform: (495.65,808.80) -> (495.65,1183.20)
G1 X495.651 Y1183.204
; Coordinate transform: (492.77,813.41) -> (492.77,1178.59)
G1 X492.768 Y1178.594
; Coordinate transform: (490.50,817.60) -> (490.50,1174.40)
G1 X490.498 Y1174.398
; Coordinate transform: (488.81,821.32) -> (488.81,1170.68)
G1 X488.814 Y1170.679
; Coordinate transform: (487.68,824.53) -> (487.68,1167.47)
G1 X487.683 Y1167.472
; Coordinate transform: (487.08,827.22) -> (487.08,1164.78)
G1 X487.080 Y1164.777
M400 ; Wait for drawing to complete
; === STOP BRUSH SEQUENCE ===
; STOP BRUSH A
G4 P50 ; Short delay before stepper command
G1 U0.000 F200.0 ; Close Brush A flow
M400 ; Wait for stepper motion to complete
M106 P2 S0 ; Brush A air off
; Z already at 84.000mm, above safe threshold of 10.000mm, no need to raise
; === END STOP BRUSH SEQUENCE ===
; === PATH END ===


; Path 15/49 (id: path15)
; WIDTH: requested=117.176mm, actual=117.176mm, compensation=1.000
; Z HEIGHT: 84.000mm (min=4.0, max=84.0)
; PAINT FLOW: 0.500 (baseline=0.1, max=0.5)
; PAINT FLOW COMPONENTS: base=0.100, width=0.300, opacity=0.100
; FEEDRATE: 594.5 mm/min (z_factor=0.0259, speed_factor=0.956)
; WARNING: Requested stroke width 117.2mm exceeds machine capability.
; H.Airbrush cannot draw strokes wider than 6.6mm at 1mm/s minimum speed.
; Stroke width has been reduced to 6.6mm.
; ===== STROKE PARAMETERS =====
; Color: black
; Width: 117.18mm
; Opacity: 0.25
; Brush: brush_a (index 0)
T0 ; Select Brush A (Black)
; ===== AIRBRUSH SETTINGS =====
; Z-height: 84.00mm
; Paint flow: 0.50
; Feedrate: 594.5mm/min (includes Z scaling)
; Using brush: brush_a (tool 0)
; Path with Brush A (black) at Z=84.000mm
; Using: Air=P2, Flow=A axis
; Drawing Z height: 84.000mm, Travel Z height: 10.000mm
; Machine Z range: 0-84mm (Safe range: 5-80mm)
; === START BRUSH SEQUENCE ===
; START BRUSH A
; Z already at 84.000mm, above safe threshold of 10.000mm, no need to raise
T0 ; Select Tool 0 (Brush A)
G4 P500 ; Wait for tool change to complete
; === END BRUSH SEQUENCE ===
; Coordinate transform: (1044.44,247.38) -> (1044.44,1744.62)
G0 X1044.440 Y1744.625 F24000
M400 ; Wait for XY movement to complete
G1 Z84.000 F1200
M400 ; Wait for Z movement to complete
; === ACTIVATE BRUSH AT POSITION ===
; AIR ON FIRST - Important to prevent dripping
M106 P2 S1 ; Brush A air on
; PAINT ON AFTER AIR
G4 P50 ; Short delay before stepper command
G1 U2.400 F200.0 ; Set Brush A flow to 2.400mm
M400 ; Wait for stepper motion to complete
; === BRUSH ACTIVATED ===
G1 F594.4557554428459
; Coordinate transform: (1042.66,247.81) -> (1042.66,1744.19)
G1 X1042.660 Y1744.195
; Coordinate transform: (1040.27,248.38) -> (1040.27,1743.62)
G1 X1040.270 Y1743.618
; Coordinate transform: (1037.45,249.01) -> (1037.45,1742.99)
G1 X1037.450 Y1742.989
; Coordinate transform: (1034.38,249.58) -> (1034.38,1742.42)
G1 X1034.380 Y1742.424
; Coordinate transform: (1031.23,249.99) -> (1031.23,1742.01)
G1 X1031.230 Y1742.007
; Coordinate transform: (1028.14,250.19) -> (1028.14,1741.81)
G1 X1028.140 Y1741.808
; Coordinate transform: (1025.23,250.09) -> (1025.23,1741.90)
G1 X1025.230 Y1741.905
; Coordinate transform: (1022.58,249.63) -> (1022.58,1742.37)
G1 X1022.580 Y1742.369
; Coordinate transform: (1020.14,248.78) -> (1020.14,1743.22)
G1 X1020.140 Y1743.223
; Coordinate transform: (1017.87,247.52) -> (1017.87,1744.48)
G1 X1017.870 Y1744.482
; Coordinate transform: (1015.70,245.86) -> (1015.70,1746.14)
G1 X1015.700 Y1746.140
; Coordinate transform: (1013.59,243.81) -> (1013.59,1748.19)
G1 X1013.590 Y1748.194
; Coordinate transform: (1011.46,241.34) -> (1011.46,1750.66)
G1 X1011.460 Y1750.660
; Coordinate transform: (1009.28,238.43) -> (1009.28,1753.58)
G1 X1009.280 Y1753.575
; Coordinate transform: (1007.01,235.02) -> (1007.01,1756.98)
G1 X1007.010 Y1756.979
; Coordinate transform: (1004.63,231.09) -> (1004.63,1760.91)
G1 X1004.630 Y1760.915
; Coordinate transform: (1002.07,226.74) -> (1002.07,1765.26)
G1 X1002.070 Y1765.258
; Coordinate transform: (999.27,222.13) -> (999.27,1769.87)
G1 X999.270 Y1769.874
; Coordinate transform: (996.22,217.32) -> (996.22,1774.68)
G1 X996.218 Y1774.684
; Coordinate transform: (992.89,212.42) -> (992.89,1779.58)
G1 X992.888 Y1779.583
; Coordinate transform: (989.27,207.62) -> (989.27,1784.38)
G1 X989.268 Y1784.383
; Coordinate transform: (985.36,203.06) -> (985.36,1788.93)
G1 X985.360 Y1788.935
; Coordinate transform: (981.18,198.85) -> (981.18,1793.15)
G1 X981.183 Y1793.148
; Coordinate transform: (976.75,195.03) -> (976.75,1796.97)
G1 X976.746 Y1796.966
; Coordinate transform: (972.06,191.66) -> (972.06,1800.34)
G1 X972.060 Y1800.343
; Coordinate transform: (967.13,188.75) -> (967.13,1803.25)
G1 X967.130 Y1803.252
; Coordinate transform: (961.94,186.28) -> (961.94,1805.71)
G1 X961.941 Y1805.715
; Coordinate transform: (956.52,184.23) -> (956.52,1807.77)
G1 X956.519 Y1807.770
; Coordinate transform: (950.87,182.55) -> (950.87,1809.45)
G1 X950.874 Y1809.453
; Coordinate transform: (945.01,181.21) -> (945.01,1810.79)
G1 X945.009 Y1810.789
; Coordinate transform: (938.98,180.20) -> (938.98,1811.80)
G1 X938.975 Y1811.796
; Coordinate transform: (932.80,179.52) -> (932.80,1812.48)
G1 X932.799 Y1812.481
; Coordinate transform: (926.53,179.17) -> (926.53,1812.83)
G1 X926.531 Y1812.830
; Coordinate transform: (920.22,179.18) -> (920.22,1812.83)
G1 X920.220 Y1812.825
; Coordinate transform: (913.89,179.57) -> (913.89,1812.43)
G1 X913.887 Y1812.430
; Coordinate transform: (907.52,180.42) -> (907.52,1811.58)
G1 X907.523 Y1811.583
; Coordinate transform: (901.10,181.80) -> (901.10,1810.20)
G1 X901.095 Y1810.199
; Coordinate transform: (894.52,183.82) -> (894.52,1808.18)
G1 X894.524 Y1808.178
; Coordinate transform: (887.72,186.62) -> (887.72,1805.38)
G1 X887.717 Y1805.380
; Coordinate transform: (880.58,190.32) -> (880.58,1801.67)
G1 X880.582 Y1801.675
; Coordinate transform: (873.04,195.09) -> (873.04,1796.91)
G1 X873.041 Y1796.909
; Coordinate transform: (865.12,200.92) -> (865.12,1791.08)
G1 X865.125 Y1791.084
; Coordinate transform: (856.95,207.78) -> (856.95,1784.22)
G1 X856.949 Y1784.216
; Coordinate transform: (848.76,215.51) -> (848.76,1776.49)
G1 X848.760 Y1776.486
; Coordinate transform: (840.90,223.85) -> (840.90,1768.15)
G1 X840.897 Y1768.146
; Coordinate transform: (833.66,232.57) -> (833.66,1759.43)
G1 X833.665 Y1759.428
; Coordinate transform: (827.38,241.55) -> (827.38,1750.45)
G1 X827.385 Y1750.452
; Coordinate transform: (822.30,250.43) -> (822.30,1741.57)
G1 X822.299 Y1741.567
; Coordinate transform: (818.60,258.91) -> (818.60,1733.09)
G1 X818.602 Y1733.093
; Coordinate transform: (816.29,266.84) -> (816.29,1725.16)
G1 X816.286 Y1725.157
; Coordinate transform: (815.23,274.46) -> (815.23,1717.54)
G1 X815.226 Y1717.542
; Coordinate transform: (815.23,282.22) -> (815.23,1709.78)
G1 X815.231 Y1709.776
; Coordinate transform: (816.15,290.56) -> (816.15,1701.44)
G1 X816.151 Y1701.445
; Coordinate transform: (817.84,299.83) -> (817.84,1692.17)
G1 X817.841 Y1692.173
; Coordinate transform: (820.11,310.21) -> (820.11,1681.79)
G1 X820.111 Y1681.786
; Coordinate transform: (822.69,321.77) -> (822.69,1670.23)
G1 X822.694 Y1670.227
; Coordinate transform: (825.21,334.39) -> (825.21,1657.61)
G1 X825.210 Y1657.610
; Coordinate transform: (827.33,347.73) -> (827.33,1644.27)
G1 X827.332 Y1644.269
; Coordinate transform: (828.79,361.48) -> (828.79,1630.53)
G1 X828.786 Y1630.525
; Coordinate transform: (829.30,375.47) -> (829.30,1616.53)
G1 X829.296 Y1616.531
; Coordinate transform: (828.63,389.83) -> (828.63,1602.17)
G1 X828.635 Y1602.171
; Coordinate transform: (826.83,404.29) -> (826.83,1587.71)
G1 X826.833 Y1587.715
; Coordinate transform: (824.20,417.94) -> (824.20,1574.06)
G1 X824.198 Y1574.063
; Coordinate transform: (821.08,430.16) -> (821.08,1561.84)
G1 X821.080 Y1561.844
; Coordinate transform: (817.79,440.74) -> (817.79,1551.26)
G1 X817.794 Y1551.264
; Coordinate transform: (814.61,449.57) -> (814.61,1542.43)
G1 X814.611 Y1542.433
; Coordinate transform: (811.70,456.68) -> (811.70,1535.33)
G1 X811.701 Y1535.325
; Coordinate transform: (809.15,462.19) -> (809.15,1529.81)
G1 X809.147 Y1529.806
; Coordinate transform: (806.96,466.38) -> (806.96,1525.62)
G1 X806.958 Y1525.624
; Coordinate transform: (805.12,469.45) -> (805.12,1522.55)
G1 X805.119 Y1522.552
; Coordinate transform: (803.59,471.60) -> (803.59,1520.40)
G1 X803.587 Y1520.397
; Coordinate transform: (802.29,473.02) -> (802.29,1518.98)
G1 X802.292 Y1518.978
; Coordinate transform: (801.17,473.83) -> (801.17,1518.17)
G1 X801.175 Y1518.172
M400 ; Wait for drawing to complete
; === STOP BRUSH SEQUENCE ===
; STOP BRUSH A
G4 P50 ; Short delay before stepper command
G1 U0.000 F200.0 ; Close Brush A flow
M400 ; Wait for stepper motion to complete
M106 P2 S0 ; Brush A air off
; Z already at 84.000mm, above safe threshold of 10.000mm, no need to raise
; === END STOP BRUSH SEQUENCE ===
; === PATH END ===


; Path 16/49 (id: path16)
; WIDTH: requested=117.176mm, actual=117.176mm, compensation=1.000
; Z HEIGHT: 84.000mm (min=4.0, max=84.0)
; PAINT FLOW: 0.500 (baseline=0.1, max=0.5)
; PAINT FLOW COMPONENTS: base=0.100, width=0.300, opacity=0.100
; FEEDRATE: 594.5 mm/min (z_factor=0.0259, speed_factor=0.956)
; WARNING: Requested stroke width 117.2mm exceeds machine capability.
; H.Airbrush cannot draw strokes wider than 6.6mm at 1mm/s minimum speed.
; Stroke width has been reduced to 6.6mm.
; ===== STROKE PARAMETERS =====
; Color: black
; Width: 117.18mm
; Opacity: 0.25
; Brush: brush_a (index 0)
T0 ; Select Brush A (Black)
; ===== AIRBRUSH SETTINGS =====
; Z-height: 84.00mm
; Paint flow: 0.50
; Feedrate: 594.5mm/min (includes Z scaling)
; Using brush: brush_a (tool 0)
; Path with Brush A (black) at Z=84.000mm
; Using: Air=P2, Flow=A axis
; Drawing Z height: 84.000mm, Travel Z height: 10.000mm
; Machine Z range: 0-84mm (Safe range: 5-80mm)
; === START BRUSH SEQUENCE ===
; START BRUSH A
; Z already at 84.000mm, above safe threshold of 10.000mm, no need to raise
T0 ; Select Tool 0 (Brush A)
G4 P500 ; Wait for tool change to complete
; === END BRUSH SEQUENCE ===
; Coordinate transform: (1514.20,1581.71) -> (1514.20,410.29)
G0 X1514.200 Y410.290 F24000
M400 ; Wait for XY movement to complete
G1 Z84.000 F1200
M400 ; Wait for Z movement to complete
; === ACTIVATE BRUSH AT POSITION ===
; AIR ON FIRST - Important to prevent dripping
M106 P2 S1 ; Brush A air on
; PAINT ON AFTER AIR
G4 P50 ; Short delay before stepper command
G1 U2.400 F200.0 ; Set Brush A flow to 2.400mm
M400 ; Wait for stepper motion to complete
; === BRUSH ACTIVATED ===
G1 F594.4557554428459
; Coordinate transform: (1514.24,1581.36) -> (1514.24,410.64)
G1 X1514.240 Y410.640
; Coordinate transform: (1514.30,1580.85) -> (1514.30,411.15)
G1 X1514.300 Y411.150
; Coordinate transform: (1514.45,1580.20) -> (1514.45,411.80)
G1 X1514.450 Y411.800
; Coordinate transform: (1514.75,1579.49) -> (1514.75,412.51)
G1 X1514.750 Y412.510
; Coordinate transform: (1515.19,1578.74) -> (1515.19,413.26)
G1 X1515.190 Y413.260
; Coordinate transform: (1515.78,1577.94) -> (1515.78,414.06)
G1 X1515.780 Y414.060
; Coordinate transform: (1516.50,1577.10) -> (1516.50,414.90)
G1 X1516.500 Y414.900
; Coordinate transform: (1517.34,1576.20) -> (1517.34,415.80)
G1 X1517.340 Y415.800
; Coordinate transform: (1518.29,1575.24) -> (1518.29,416.76)
G1 X1518.290 Y416.760
; Coordinate transform: (1519.33,1574.21) -> (1519.33,417.79)
G1 X1519.330 Y417.790
; Coordinate transform: (1520.49,1573.10) -> (1520.49,418.90)
G1 X1520.490 Y418.900
; Coordinate transform: (1521.78,1571.85) -> (1521.78,420.15)
G1 X1521.780 Y420.150
; Coordinate transform: (1523.24,1570.40) -> (1523.24,421.60)
G1 X1523.240 Y421.600
; Coordinate transform: (1524.93,1568.69) -> (1524.93,423.31)
G1 X1524.930 Y423.310
; Coordinate transform: (1526.88,1566.63) -> (1526.88,425.37)
G1 X1526.880 Y425.370
; Coordinate transform: (1529.16,1564.17) -> (1529.16,427.83)
G1 X1529.160 Y427.830
; Coordinate transform: (1531.86,1561.22) -> (1531.86,430.78)
G1 X1531.860 Y430.780
; Coordinate transform: (1535.06,1557.72) -> (1535.06,434.28)
G1 X1535.060 Y434.280
; Coordinate transform: (1538.83,1553.53) -> (1538.83,438.47)
G1 X1538.830 Y438.470
; Coordinate transform: (1543.24,1548.48) -> (1543.24,443.52)
G1 X1543.240 Y443.520
; Coordinate transform: (1548.33,1542.55) -> (1548.33,449.45)
G1 X1548.330 Y449.450
; Coordinate transform: (1554.09,1535.72) -> (1554.09,456.28)
G1 X1554.090 Y456.280
; Coordinate transform: (1560.40,1528.00) -> (1560.40,464.00)
G1 X1560.400 Y464.000
; Coordinate transform: (1567.07,1519.61) -> (1567.07,472.39)
G1 X1567.070 Y472.390
; Coordinate transform: (1573.82,1510.79) -> (1573.82,481.21)
G1 X1573.820 Y481.210
; Coordinate transform: (1580.29,1501.87) -> (1580.29,490.13)
G1 X1580.290 Y490.130
; Coordinate transform: (1586.20,1493.20) -> (1586.20,498.80)
G1 X1586.200 Y498.800
; Coordinate transform: (1591.29,1485.03) -> (1591.29,506.97)
G1 X1591.290 Y506.970
; Coordinate transform: (1595.48,1477.60) -> (1595.48,514.40)
G1 X1595.480 Y514.400
; Coordinate transform: (1598.66,1471.02) -> (1598.66,520.98)
G1 X1598.660 Y520.980
; Coordinate transform: (1600.84,1465.41) -> (1600.84,526.59)
G1 X1600.840 Y526.590
; Coordinate transform: (1602.07,1460.79) -> (1602.07,531.21)
G1 X1602.070 Y531.210
; Coordinate transform: (1602.44,1457.20) -> (1602.44,534.80)
G1 X1602.440 Y534.800
; Coordinate transform: (1602.02,1454.65) -> (1602.02,537.35)
G1 X1602.020 Y537.350
; Coordinate transform: (1600.85,1453.09) -> (1600.85,538.91)
G1 X1600.850 Y538.910
; Coordinate transform: (1598.95,1452.48) -> (1598.95,539.52)
G1 X1598.950 Y539.520
; Coordinate transform: (1596.33,1452.80) -> (1596.33,539.20)
G1 X1596.330 Y539.200
; Coordinate transform: (1592.97,1454.03) -> (1592.97,537.97)
G1 X1592.970 Y537.970
; Coordinate transform: (1589.11,1456.30) -> (1589.11,535.70)
G1 X1589.110 Y535.700
; Coordinate transform: (1584.94,1459.74) -> (1584.94,532.26)
G1 X1584.940 Y532.260
; Coordinate transform: (1580.47,1464.39) -> (1580.47,527.61)
G1 X1580.470 Y527.610
; Coordinate transform: (1575.61,1470.27) -> (1575.61,521.73)
G1 X1575.610 Y521.730
; Coordinate transform: (1570.60,1477.45) -> (1570.60,514.55)
G1 X1570.600 Y514.550
; Coordinate transform: (1565.42,1485.85) -> (1565.42,506.15)
G1 X1565.420 Y506.150
; Coordinate transform: (1560.09,1495.24) -> (1560.09,496.76)
G1 X1560.090 Y496.760
; Coordinate transform: (1554.74,1505.32) -> (1554.74,486.68)
G1 X1554.740 Y486.680
; Coordinate transform: (1549.43,1515.59) -> (1549.43,476.41)
G1 X1549.430 Y476.410
; Coordinate transform: (1544.32,1525.62) -> (1544.32,466.38)
G1 X1544.320 Y466.380
; Coordinate transform: (1539.50,1534.97) -> (1539.50,457.03)
G1 X1539.500 Y457.030
; Coordinate transform: (1534.92,1543.52) -> (1534.92,448.48)
G1 X1534.920 Y448.480
; Coordinate transform: (1530.55,1551.37) -> (1530.55,440.63)
G1 X1530.550 Y440.630
; Coordinate transform: (1526.26,1558.69) -> (1526.26,433.31)
G1 X1526.260 Y433.310
; Coordinate transform: (1521.85,1565.79) -> (1521.85,426.21)
G1 X1521.850 Y426.210
; Coordinate transform: (1517.07,1573.05) -> (1517.07,418.95)
G1 X1517.070 Y418.950
; Coordinate transform: (1511.72,1580.87) -> (1511.72,411.13)
G1 X1511.720 Y411.130
; Coordinate transform: (1505.47,1589.66) -> (1505.47,402.34)
G1 X1505.470 Y402.340
; Coordinate transform: (1498.17,1599.69) -> (1498.17,392.31)
G1 X1498.170 Y392.310
; Coordinate transform: (1489.77,1610.98) -> (1489.77,381.02)
G1 X1489.770 Y381.020
; Coordinate transform: (1480.49,1623.26) -> (1480.49,368.74)
G1 X1480.490 Y368.740
; Coordinate transform: (1470.76,1635.79) -> (1470.76,356.21)
G1 X1470.760 Y356.210
; Coordinate transform: (1461.15,1647.79) -> (1461.15,344.21)
G1 X1461.150 Y344.210
; Coordinate transform: (1452.16,1658.67) -> (1452.16,333.33)
G1 X1452.160 Y333.330
; Coordinate transform: (1444.14,1668.15) -> (1444.14,323.85)
G1 X1444.140 Y323.850
; Coordinate transform: (1437.27,1676.22) -> (1437.27,315.78)
G1 X1437.270 Y315.780
; Coordinate transform: (1431.61,1683.08) -> (1431.61,308.92)
G1 X1431.610 Y308.920
; Coordinate transform: (1427.15,1688.99) -> (1427.15,303.01)
G1 X1427.150 Y303.010
; Coordinate transform: (1423.79,1694.26) -> (1423.79,297.74)
G1 X1423.790 Y297.740
; Coordinate transform: (1421.46,1699.18) -> (1421.46,292.82)
G1 X1421.460 Y292.820
; Coordinate transform: (1420.10,1704.07) -> (1420.10,287.93)
G1 X1420.100 Y287.930
; Coordinate transform: (1419.65,1709.17) -> (1419.65,282.83)
G1 X1419.650 Y282.830
; Coordinate transform: (1420.03,1714.75) -> (1420.03,277.25)
G1 X1420.030 Y277.250
; Coordinate transform: (1421.23,1721.08) -> (1421.23,270.92)
G1 X1421.230 Y270.920
; Coordinate transform: (1423.23,1728.30) -> (1423.23,263.70)
G1 X1423.230 Y263.700
; Coordinate transform: (1426.03,1736.60) -> (1426.03,255.40)
G1 X1426.030 Y255.400
; Coordinate transform: (1429.62,1745.97) -> (1429.62,246.03)
G1 X1429.620 Y246.030
; Coordinate transform: (1434.04,1756.31) -> (1434.04,235.69)
G1 X1434.040 Y235.690
; Coordinate transform: (1439.29,1767.40) -> (1439.29,224.60)
G1 X1439.290 Y224.600
; Coordinate transform: (1445.28,1778.85) -> (1445.28,213.15)
G1 X1445.280 Y213.150
; Coordinate transform: (1451.91,1790.29) -> (1451.91,201.71)
G1 X1451.910 Y201.710
; Coordinate transform: (1459.06,1801.42) -> (1459.06,190.58)
G1 X1459.060 Y190.580
; Coordinate transform: (1466.62,1811.84) -> (1466.62,180.16)
G1 X1466.620 Y180.160
; Coordinate transform: (1474.49,1821.27) -> (1474.49,170.73)
G1 X1474.490 Y170.730
; Coordinate transform: (1482.60,1829.95) -> (1482.60,162.05)
G1 X1482.600 Y162.050
; Coordinate transform: (1490.93,1838.47) -> (1490.93,153.53)
G1 X1490.930 Y153.530
; Coordinate transform: (1499.39,1847.05) -> (1499.39,144.95)
G1 X1499.390 Y144.950
; Coordinate transform: (1507.79,1855.75) -> (1507.79,136.25)
G1 X1507.790 Y136.250
; Coordinate transform: (1515.92,1864.26) -> (1515.92,127.74)
G1 X1515.920 Y127.740
; Coordinate transform: (1523.79,1872.04) -> (1523.79,119.96)
G1 X1523.790 Y119.960
; Coordinate transform: (1531.53,1878.36) -> (1531.53,113.64)
G1 X1531.530 Y113.640
; Coordinate transform: (1539.27,1882.72) -> (1539.27,109.28)
G1 X1539.270 Y109.280
; Coordinate transform: (1547.19,1884.84) -> (1547.19,107.16)
G1 X1547.190 Y107.160
; Coordinate transform: (1555.33,1884.63) -> (1555.33,107.37)
G1 X1555.330 Y107.370
; Coordinate transform: (1563.70,1882.24) -> (1563.70,109.76)
G1 X1563.700 Y109.760
; Coordinate transform: (1572.18,1878.10) -> (1572.18,113.90)
G1 X1572.180 Y113.900
; Coordinate transform: (1580.59,1872.88) -> (1580.59,119.12)
G1 X1580.590 Y119.120
; Coordinate transform: (1588.76,1867.25) -> (1588.76,124.75)
G1 X1588.760 Y124.750
; Coordinate transform: (1596.81,1861.59) -> (1596.81,130.41)
G1 X1596.810 Y130.410
; Coordinate transform: (1604.92,1856.35) -> (1604.92,135.65)
G1 X1604.920 Y135.650
; Coordinate transform: (1613.22,1851.69) -> (1613.22,140.31)
G1 X1613.220 Y140.310
; Coordinate transform: (1621.69,1847.72) -> (1621.69,144.28)
G1 X1621.690 Y144.280
; Coordinate transform: (1630.14,1844.58) -> (1630.14,147.42)
G1 X1630.140 Y147.420
; Coordinate transform: (1638.49,1842.29) -> (1638.49,149.71)
G1 X1638.490 Y149.710
; Coordinate transform: (1646.76,1840.67) -> (1646.76,151.33)
G1 X1646.760 Y151.330
; Coordinate transform: (1654.98,1839.54) -> (1654.98,152.46)
G1 X1654.980 Y152.460
; Coordinate transform: (1663.15,1838.75) -> (1663.15,153.25)
G1 X1663.150 Y153.250
; Coordinate transform: (1671.33,1838.13) -> (1671.33,153.87)
G1 X1671.330 Y153.870
; Coordinate transform: (1679.56,1837.54) -> (1679.56,154.46)
G1 X1679.560 Y154.460
; Coordinate transform: (1687.78,1836.78) -> (1687.78,155.22)
G1 X1687.780 Y155.220
; Coordinate transform: (1696.03,1835.72) -> (1696.03,156.28)
G1 X1696.030 Y156.280
; Coordinate transform: (1704.42,1834.24) -> (1704.42,157.76)
G1 X1704.420 Y157.760
; Coordinate transform: (1713.23,1832.26) -> (1713.23,159.74)
G1 X1713.230 Y159.740
; Coordinate transform: (1722.83,1829.65) -> (1722.83,162.35)
G1 X1722.830 Y162.350
; Coordinate transform: (1733.45,1826.36) -> (1733.45,165.64)
G1 X1733.450 Y165.640
; Coordinate transform: (1745.05,1822.38) -> (1745.05,169.62)
G1 X1745.050 Y169.620
; Coordinate transform: (1757.42,1817.79) -> (1757.42,174.21)
G1 X1757.420 Y174.210
; Coordinate transform: (1770.50,1812.61) -> (1770.50,179.39)
G1 X1770.500 Y179.390
; Coordinate transform: (1784.10,1807.12) -> (1784.10,184.88)
G1 X1784.100 Y184.880
; Coordinate transform: (1797.84,1801.80) -> (1797.84,190.20)
G1 X1797.840 Y190.200
; Coordinate transform: (1811.47,1797.02) -> (1811.47,194.98)
G1 X1811.470 Y194.980
; Coordinate transform: (1824.72,1792.84) -> (1824.72,199.16)
G1 X1824.720 Y199.160
; Coordinate transform: (1837.57,1789.10) -> (1837.57,202.90)
G1 X1837.570 Y202.900
; Coordinate transform: (1850.08,1785.60) -> (1850.08,206.40)
G1 X1850.080 Y206.400
; Coordinate transform: (1862.31,1782.27) -> (1862.31,209.73)
G1 X1862.310 Y209.730
; Coordinate transform: (1874.15,1779.12) -> (1874.15,212.88)
G1 X1874.150 Y212.880
; Coordinate transform: (1884.76,1776.03) -> (1884.76,215.97)
G1 X1884.760 Y215.970
; Coordinate transform: (1892.83,1772.77) -> (1892.83,219.23)
G1 X1892.830 Y219.230
; Coordinate transform: (1897.96,1769.21) -> (1897.96,222.79)
G1 X1897.960 Y222.790
M400 ; Wait for drawing to complete
; === STOP BRUSH SEQUENCE ===
; STOP BRUSH A
G4 P50 ; Short delay before stepper command
G1 U0.000 F200.0 ; Close Brush A flow
M400 ; Wait for stepper motion to complete
M106 P2 S0 ; Brush A air off
; Z already at 84.000mm, above safe threshold of 10.000mm, no need to raise
; === END STOP BRUSH SEQUENCE ===
; === PATH END ===


; Path 17/49 (id: path17)
; WIDTH: requested=117.176mm, actual=117.176mm, compensation=1.000
; Z HEIGHT: 84.000mm (min=4.0, max=84.0)
; PAINT FLOW: 0.500 (baseline=0.1, max=0.5)
; PAINT FLOW COMPONENTS: base=0.100, width=0.300, opacity=0.100
; FEEDRATE: 594.5 mm/min (z_factor=0.0259, speed_factor=0.956)
; WARNING: Requested stroke width 117.2mm exceeds machine capability.
; H.Airbrush cannot draw strokes wider than 6.6mm at 1mm/s minimum speed.
; Stroke width has been reduced to 6.6mm.
; ===== STROKE PARAMETERS =====
; Color: black
; Width: 117.18mm
; Opacity: 0.25
; Brush: brush_a (index 0)
T0 ; Select Brush A (Black)
; ===== AIRBRUSH SETTINGS =====
; Z-height: 84.00mm
; Paint flow: 0.50
; Feedrate: 594.5mm/min (includes Z scaling)
; Using brush: brush_a (tool 0)
; Path with Brush A (black) at Z=84.000mm
; Using: Air=P2, Flow=A axis
; Drawing Z height: 84.000mm, Travel Z height: 10.000mm
; Machine Z range: 0-84mm (Safe range: 5-80mm)
; === START BRUSH SEQUENCE ===
; START BRUSH A
; Z already at 84.000mm, above safe threshold of 10.000mm, no need to raise
T0 ; Select Tool 0 (Brush A)
G4 P500 ; Wait for tool change to complete
; === END BRUSH SEQUENCE ===
; Coordinate transform: (1668.39,220.65) -> (1668.39,1771.35)
G0 X1668.390 Y1771.352 F24000
M400 ; Wait for XY movement to complete
G1 Z84.000 F1200
M400 ; Wait for Z movement to complete
; === ACTIVATE BRUSH AT POSITION ===
; AIR ON FIRST - Important to prevent dripping
M106 P2 S1 ; Brush A air on
; PAINT ON AFTER AIR
G4 P50 ; Short delay before stepper command
G1 U2.400 F200.0 ; Set Brush A flow to 2.400mm
M400 ; Wait for stepper motion to complete
; === BRUSH ACTIVATED ===
G1 F594.4557554428459
; Coordinate transform: (1669.27,222.41) -> (1669.27,1769.59)
G1 X1669.270 Y1769.591
; Coordinate transform: (1670.52,224.87) -> (1670.52,1767.13)
G1 X1670.520 Y1767.133
; Coordinate transform: (1672.02,227.89) -> (1672.02,1764.11)
G1 X1672.020 Y1764.106
; Coordinate transform: (1673.69,231.34) -> (1673.69,1760.66)
G1 X1673.690 Y1760.663
; Coordinate transform: (1675.40,235.06) -> (1675.40,1756.94)
G1 X1675.400 Y1756.943
; Coordinate transform: (1677.05,238.91) -> (1677.05,1753.09)
G1 X1677.050 Y1753.087
; Coordinate transform: (1678.53,242.75) -> (1678.53,1749.25)
G1 X1678.530 Y1749.247
; Coordinate transform: (1679.75,246.46) -> (1679.75,1745.54)
G1 X1679.750 Y1745.543
; Coordinate transform: (1680.66,249.93) -> (1680.66,1742.07)
G1 X1680.660 Y1742.074
; Coordinate transform: (1681.19,253.08) -> (1681.19,1738.92)
G1 X1681.190 Y1738.920
; Coordinate transform: (1681.34,255.85) -> (1681.34,1736.15)
G1 X1681.340 Y1736.153
; Coordinate transform: (1681.09,258.19) -> (1681.09,1733.81)
G1 X1681.090 Y1733.808
; Coordinate transform: (1680.44,260.10) -> (1680.44,1731.90)
G1 X1680.440 Y1731.898
; Coordinate transform: (1679.34,261.59) -> (1679.34,1730.41)
G1 X1679.340 Y1730.413
; Coordinate transform: (1677.77,262.67) -> (1677.77,1729.33)
G1 X1677.770 Y1729.326
; Coordinate transform: (1675.65,263.40) -> (1675.65,1728.60)
G1 X1675.650 Y1728.603
; Coordinate transform: (1672.91,263.81) -> (1672.91,1728.19)
G1 X1672.910 Y1728.190
; Coordinate transform: (1669.41,263.96) -> (1669.41,1728.04)
G1 X1669.410 Y1728.037
; Coordinate transform: (1665.00,263.92) -> (1665.00,1728.08)
G1 X1665.000 Y1728.076
; Coordinate transform: (1659.60,263.82) -> (1659.60,1728.17)
G1 X1659.600 Y1728.175
; Coordinate transform: (1653.08,263.82) -> (1653.08,1728.18)
G1 X1653.080 Y1728.184
; Coordinate transform: (1645.40,264.07) -> (1645.40,1727.92)
G1 X1645.400 Y1727.925
; Coordinate transform: (1636.68,264.80) -> (1636.68,1727.20)
G1 X1636.680 Y1727.202
; Coordinate transform: (1627.13,266.17) -> (1627.13,1725.83)
G1 X1627.130 Y1725.832
; Coordinate transform: (1617.03,268.31) -> (1617.03,1723.69)
G1 X1617.030 Y1723.688
; Coordinate transform: (1606.75,271.22) -> (1606.75,1720.78)
G1 X1606.750 Y1720.780
; Coordinate transform: (1596.72,274.76) -> (1596.72,1717.24)
G1 X1596.720 Y1717.244
; Coordinate transform: (1587.45,278.69) -> (1587.45,1713.31)
G1 X1587.450 Y1713.310
; Coordinate transform: (1579.60,282.75) -> (1579.60,1709.25)
G1 X1579.600 Y1709.253
; Coordinate transform: (1573.57,286.75) -> (1573.57,1705.25)
G1 X1573.570 Y1705.250
; Coordinate transform: (1569.55,290.64) -> (1569.55,1701.36)
G1 X1569.550 Y1701.364
; Coordinate transform: (1567.62,294.41) -> (1567.62,1697.59)
G1 X1567.620 Y1697.587
; Coordinate transform: (1567.78,298.14) -> (1567.78,1693.86)
G1 X1567.780 Y1693.863
; Coordinate transform: (1569.95,301.89) -> (1569.95,1690.11)
G1 X1569.950 Y1690.108
; Coordinate transform: (1574.04,305.79) -> (1574.04,1686.21)
G1 X1574.040 Y1686.215
; Coordinate transform: (1579.98,309.93) -> (1579.98,1682.07)
G1 X1579.980 Y1682.066
; Coordinate transform: (1587.67,314.41) -> (1587.67,1677.59)
G1 X1587.670 Y1677.593
; Coordinate transform: (1596.84,319.24) -> (1596.84,1672.76)
G1 X1596.840 Y1672.765
; Coordinate transform: (1607.14,324.41) -> (1607.14,1667.59)
G1 X1607.140 Y1667.589
; Coordinate transform: (1618.02,329.90) -> (1618.02,1662.10)
G1 X1618.020 Y1662.095
; Coordinate transform: (1628.89,335.67) -> (1628.89,1656.33)
G1 X1628.890 Y1656.326
; Coordinate transform: (1639.16,341.73) -> (1639.16,1650.27)
G1 X1639.160 Y1650.267
; Coordinate transform: (1648.31,348.17) -> (1648.31,1643.84)
G1 X1648.310 Y1643.835
; Coordinate transform: (1656.06,355.09) -> (1656.06,1636.91)
G1 X1656.060 Y1636.911
; Coordinate transform: (1662.25,362.68) -> (1662.25,1629.32)
G1 X1662.250 Y1629.323
; Coordinate transform: (1667.10,371.09) -> (1667.10,1620.91)
G1 X1667.100 Y1620.913
; Coordinate transform: (1670.78,380.45) -> (1670.78,1611.55)
G1 X1670.780 Y1611.546
; Coordinate transform: (1673.45,390.86) -> (1673.45,1601.14)
G1 X1673.450 Y1601.140
; Coordinate transform: (1675.30,402.16) -> (1675.30,1589.84)
G1 X1675.300 Y1589.838
; Coordinate transform: (1676.48,414.12) -> (1676.48,1577.88)
G1 X1676.480 Y1577.879
; Coordinate transform: (1677.10,426.42) -> (1677.10,1565.58)
G1 X1677.100 Y1565.584
; Coordinate transform: (1677.34,438.77) -> (1677.34,1553.23)
G1 X1677.340 Y1553.228
; Coordinate transform: (1677.46,451.04) -> (1677.46,1540.96)
G1 X1677.460 Y1540.960
; Coordinate transform: (1677.75,463.18) -> (1677.75,1528.82)
G1 X1677.750 Y1528.818
; Coordinate transform: (1678.41,475.30) -> (1678.41,1516.70)
G1 X1678.410 Y1516.703
; Coordinate transform: (1679.57,487.54) -> (1679.57,1504.46)
G1 X1679.570 Y1504.465
; Coordinate transform: (1681.34,500.00) -> (1681.34,1492.00)
G1 X1681.340 Y1492.002
; Coordinate transform: (1683.85,512.65) -> (1683.85,1479.35)
G1 X1683.850 Y1479.349
; Coordinate transform: (1687.22,525.25) -> (1687.22,1466.76)
G1 X1687.220 Y1466.755
; Coordinate transform: (1691.29,537.68) -> (1691.29,1454.32)
G1 X1691.290 Y1454.321
; Coordinate transform: (1695.78,549.97) -> (1695.78,1442.03)
G1 X1695.780 Y1442.031
; Coordinate transform: (1700.49,562.03) -> (1700.49,1429.97)
G1 X1700.490 Y1429.965
; Coordinate transform: (1705.42,573.68) -> (1705.42,1418.32)
G1 X1705.420 Y1418.321
; Coordinate transform: (1710.62,584.60) -> (1710.62,1407.40)
G1 X1710.620 Y1407.404
; Coordinate transform: (1716.16,594.52) -> (1716.16,1397.48)
G1 X1716.160 Y1397.484
; Coordinate transform: (1721.95,603.47) -> (1721.95,1388.53)
G1 X1721.950 Y1388.534
; Coordinate transform: (1727.79,611.49) -> (1727.79,1380.51)
G1 X1727.790 Y1380.508
; Coordinate transform: (1733.52,618.66) -> (1733.52,1373.34)
G1 X1733.520 Y1373.337
; Coordinate transform: (1738.98,625.10) -> (1738.98,1366.90)
G1 X1738.980 Y1366.897
; Coordinate transform: (1744.08,630.95) -> (1744.08,1361.05)
G1 X1744.080 Y1361.055
; Coordinate transform: (1748.78,636.28) -> (1748.78,1355.72)
G1 X1748.780 Y1355.718
; Coordinate transform: (1753.03,641.23) -> (1753.03,1350.77)
G1 X1753.030 Y1350.768
; Coordinate transform: (1756.83,645.91) -> (1756.83,1346.09)
G1 X1756.830 Y1346.093
; Coordinate transform: (1760.21,650.39) -> (1760.21,1341.61)
G1 X1760.210 Y1341.610
; Coordinate transform: (1763.22,654.70) -> (1763.22,1337.30)
G1 X1763.220 Y1337.296
; Coordinate transform: (1765.95,658.93) -> (1765.95,1333.07)
G1 X1765.950 Y1333.071
; Coordinate transform: (1768.54,663.13) -> (1768.54,1328.87)
G1 X1768.540 Y1328.874
; Coordinate transform: (1771.12,667.26) -> (1771.12,1324.74)
G1 X1771.120 Y1324.744
; Coordinate transform: (1773.79,671.31) -> (1773.79,1320.69)
G1 X1773.790 Y1320.692
; Coordinate transform: (1776.69,675.30) -> (1776.69,1316.70)
G1 X1776.690 Y1316.696
; Coordinate transform: (1779.99,679.25) -> (1779.99,1312.75)
G1 X1779.990 Y1312.750
; Coordinate transform: (1783.91,683.14) -> (1783.91,1308.86)
G1 X1783.910 Y1308.859
; Coordinate transform: (1788.76,686.98) -> (1788.76,1305.02)
G1 X1788.760 Y1305.021
; Coordinate transform: (1794.83,690.80) -> (1794.83,1301.20)
G1 X1794.830 Y1301.203
; Coordinate transform: (1802.27,694.69) -> (1802.27,1297.31)
G1 X1802.270 Y1297.306
; Coordinate transform: (1811.28,698.79) -> (1811.28,1293.21)
G1 X1811.280 Y1293.210
; Coordinate transform: (1821.07,703.21) -> (1821.07,1288.79)
G1 X1821.070 Y1288.786
; Coordinate transform: (1830.90,707.99) -> (1830.90,1284.01)
G1 X1830.900 Y1284.008
; Coordinate transform: (1840.12,713.07) -> (1840.12,1278.93)
G1 X1840.120 Y1278.935
; Coordinate transform: (1848.95,718.33) -> (1848.95,1273.67)
G1 X1848.950 Y1273.674
; Coordinate transform: (1857.58,723.71) -> (1857.58,1268.29)
G1 X1857.580 Y1268.290
; Coordinate transform: (1866.24,729.14) -> (1866.24,1262.86)
G1 X1866.240 Y1262.861
; Coordinate transform: (1874.45,734.61) -> (1874.45,1257.39)
G1 X1874.450 Y1257.393
; Coordinate transform: (1881.54,740.13) -> (1881.54,1251.87)
G1 X1881.540 Y1251.865
; Coordinate transform: (1886.59,745.79) -> (1886.59,1246.21)
G1 X1886.590 Y1246.214
; Coordinate transform: (1888.97,751.66) -> (1888.97,1240.34)
G1 X1888.970 Y1240.344
M400 ; Wait for drawing to complete
; === STOP BRUSH SEQUENCE ===
; STOP BRUSH A
G4 P50 ; Short delay before stepper command
G1 U0.000 F200.0 ; Close Brush A flow
M400 ; Wait for stepper motion to complete
M106 P2 S0 ; Brush A air off
; Z already at 84.000mm, above safe threshold of 10.000mm, no need to raise
; === END STOP BRUSH SEQUENCE ===
; === PATH END ===


; Path 18/49 (id: path18)
; WIDTH: requested=117.176mm, actual=117.176mm, compensation=1.000
; Z HEIGHT: 84.000mm (min=4.0, max=84.0)
; PAINT FLOW: 0.500 (baseline=0.1, max=0.5)
; PAINT FLOW COMPONENTS: base=0.100, width=0.300, opacity=0.100
; FEEDRATE: 594.5 mm/min (z_factor=0.0259, speed_factor=0.956)
; WARNING: Requested stroke width 117.2mm exceeds machine capability.
; H.Airbrush cannot draw strokes wider than 6.6mm at 1mm/s minimum speed.
; Stroke width has been reduced to 6.6mm.
; ===== STROKE PARAMETERS =====
; Color: black
; Width: 117.18mm
; Opacity: 0.25
; Brush: brush_a (index 0)
T0 ; Select Brush A (Black)
; ===== AIRBRUSH SETTINGS =====
; Z-height: 84.00mm
; Paint flow: 0.50
; Feedrate: 594.5mm/min (includes Z scaling)
; Using brush: brush_a (tool 0)
; Path with Brush A (black) at Z=84.000mm
; Using: Air=P2, Flow=A axis
; Drawing Z height: 84.000mm, Travel Z height: 10.000mm
; Machine Z range: 0-84mm (Safe range: 5-80mm)
; === START BRUSH SEQUENCE ===
; START BRUSH A
; Z already at 84.000mm, above safe threshold of 10.000mm, no need to raise
T0 ; Select Tool 0 (Brush A)
G4 P500 ; Wait for tool change to complete
; === END BRUSH SEQUENCE ===
; Coordinate transform: (1010.84,531.26) -> (1010.84,1460.74)
G0 X1010.840 Y1460.743 F24000
M400 ; Wait for XY movement to complete
G1 Z84.000 F1200
M400 ; Wait for Z movement to complete
; === ACTIVATE BRUSH AT POSITION ===
; AIR ON FIRST - Important to prevent dripping
M106 P2 S1 ; Brush A air on
; PAINT ON AFTER AIR
G4 P50 ; Short delay before stepper command
G1 U2.400 F200.0 ; Set Brush A flow to 2.400mm
M400 ; Wait for stepper motion to complete
; === BRUSH ACTIVATED ===
G1 F594.4557554428459
; Coordinate transform: (1011.20,531.68) -> (1011.20,1460.32)
G1 X1011.200 Y1460.322
; Coordinate transform: (1011.74,532.19) -> (1011.74,1459.81)
G1 X1011.740 Y1459.806
; Coordinate transform: (1012.44,532.78) -> (1012.44,1459.22)
G1 X1012.440 Y1459.218
; Coordinate transform: (1013.29,533.41) -> (1013.29,1458.59)
G1 X1013.290 Y1458.590
; Coordinate transform: (1014.31,534.05) -> (1014.31,1457.95)
G1 X1014.310 Y1457.950
; Coordinate transform: (1015.49,534.68) -> (1015.49,1457.32)
G1 X1015.490 Y1457.319
; Coordinate transform: (1016.86,535.28) -> (1016.86,1456.72)
G1 X1016.860 Y1456.724
; Coordinate transform: (1018.42,535.81) -> (1018.42,1456.19)
G1 X1018.420 Y1456.187
; Coordinate transform: (1020.22,536.28) -> (1020.22,1455.72)
G1 X1020.220 Y1455.720
; Coordinate transform: (1022.30,536.65) -> (1022.30,1455.35)
G1 X1022.300 Y1455.348
; Coordinate transform: (1024.72,536.91) -> (1024.72,1455.09)
G1 X1024.720 Y1455.088
; Coordinate transform: (1027.56,537.04) -> (1027.56,1454.96)
G1 X1027.560 Y1454.958
; Coordinate transform: (1030.84,537.02) -> (1030.84,1454.98)
G1 X1030.840 Y1454.984
; Coordinate transform: (1034.59,536.80) -> (1034.59,1455.20)
G1 X1034.590 Y1455.200
; Coordinate transform: (1038.86,536.36) -> (1038.86,1455.64)
G1 X1038.860 Y1455.645
; Coordinate transform: (1043.72,535.62) -> (1043.72,1456.38)
G1 X1043.720 Y1456.376
; Coordinate transform: (1049.11,534.57) -> (1049.11,1457.43)
G1 X1049.110 Y1457.432
; Coordinate transform: (1054.96,533.13) -> (1054.96,1458.87)
G1 X1054.960 Y1458.865
; Coordinate transform: (1061.17,531.27) -> (1061.17,1460.73)
G1 X1061.170 Y1460.729
; Coordinate transform: (1067.52,528.98) -> (1067.52,1463.02)
G1 X1067.520 Y1463.023
; Coordinate transform: (1073.81,526.24) -> (1073.81,1465.76)
G1 X1073.810 Y1465.759
; Coordinate transform: (1079.78,523.10) -> (1079.78,1468.90)
G1 X1079.780 Y1468.903
; Coordinate transform: (1085.13,519.62) -> (1085.13,1472.38)
G1 X1085.130 Y1472.375
; Coordinate transform: (1089.62,515.87) -> (1089.62,1476.13)
G1 X1089.620 Y1476.127
; Coordinate transform: (1093.07,511.87) -> (1093.07,1480.13)
G1 X1093.070 Y1480.134
; Coordinate transform: (1095.32,507.60) -> (1095.32,1484.40)
G1 X1095.320 Y1484.400
; Coordinate transform: (1096.29,503.07) -> (1096.29,1488.93)
G1 X1096.290 Y1488.929
; Coordinate transform: (1095.93,498.23) -> (1095.93,1493.77)
G1 X1095.930 Y1493.771
; Coordinate transform: (1094.20,492.97) -> (1094.20,1499.03)
G1 X1094.200 Y1499.033
; Coordinate transform: (1091.13,487.23) -> (1091.13,1504.77)
G1 X1091.130 Y1504.774
; Coordinate transform: (1086.76,480.94) -> (1086.76,1511.06)
G1 X1086.760 Y1511.062
; Coordinate transform: (1081.16,474.07) -> (1081.16,1517.92)
G1 X1081.160 Y1517.925
; Coordinate transform: (1074.51,466.72) -> (1074.51,1525.28)
G1 X1074.510 Y1525.284
; Coordinate transform: (1067.04,459.00) -> (1067.04,1533.00)
G1 X1067.040 Y1533.000
; Coordinate transform: (1059.04,451.11) -> (1059.04,1540.89)
G1 X1059.040 Y1540.894
; Coordinate transform: (1050.83,443.21) -> (1050.83,1548.79)
G1 X1050.830 Y1548.787
; Coordinate transform: (1042.72,435.49) -> (1042.72,1556.51)
G1 X1042.720 Y1556.509
; Coordinate transform: (1034.86,428.06) -> (1034.86,1563.94)
G1 X1034.860 Y1563.943
; Coordinate transform: (1027.52,421.13) -> (1027.52,1570.87)
G1 X1027.520 Y1570.867
; Coordinate transform: (1020.70,414.64) -> (1020.70,1577.36)
G1 X1020.700 Y1577.359
; Coordinate transform: (1014.40,408.41) -> (1014.40,1583.59)
G1 X1014.400 Y1583.590
; Coordinate transform: (1008.48,402.28) -> (1008.48,1589.72)
G1 X1008.480 Y1589.716
; Coordinate transform: (1002.83,396.08) -> (1002.83,1595.92)
G1 X1002.830 Y1595.923
; Coordinate transform: (997.31,389.60) -> (997.31,1602.40)
G1 X997.309 Y1602.400
; Coordinate transform: (991.82,382.74) -> (991.82,1609.26)
G1 X991.824 Y1609.256
; Coordinate transform: (986.35,375.46) -> (986.35,1616.54)
G1 X986.351 Y1616.544
; Coordinate transform: (980.97,367.66) -> (980.97,1624.34)
G1 X980.969 Y1624.341
; Coordinate transform: (975.81,359.30) -> (975.81,1632.70)
G1 X975.812 Y1632.700
; Coordinate transform: (971.11,350.35) -> (971.11,1641.65)
G1 X971.108 Y1641.649
; Coordinate transform: (967.10,340.75) -> (967.10,1651.26)
G1 X967.103 Y1651.255
; Coordinate transform: (964.00,330.38) -> (964.00,1661.62)
G1 X964.001 Y1661.619
; Coordinate transform: (961.91,319.26) -> (961.91,1672.74)
G1 X961.910 Y1672.744
; Coordinate transform: (960.79,307.50) -> (960.79,1684.50)
G1 X960.794 Y1684.503
; Coordinate transform: (960.45,295.51) -> (960.45,1696.49)
G1 X960.450 Y1696.490
; Coordinate transform: (960.60,283.75) -> (960.60,1708.25)
G1 X960.603 Y1708.246
; Coordinate transform: (961.04,272.49) -> (961.04,1719.51)
G1 X961.041 Y1719.510
; Coordinate transform: (961.62,261.88) -> (961.62,1730.12)
G1 X961.615 Y1730.117
; Coordinate transform: (962.20,252.03) -> (962.20,1739.97)
G1 X962.204 Y1739.970
; Coordinate transform: (962.73,243.00) -> (962.73,1749.00)
G1 X962.730 Y1749.002
; Coordinate transform: (963.16,234.79) -> (963.16,1757.21)
G1 X963.160 Y1757.213
; Coordinate transform: (963.49,227.36) -> (963.49,1764.64)
G1 X963.491 Y1764.640
; Coordinate transform: (963.81,220.66) -> (963.81,1771.35)
G1 X963.812 Y1771.345
; Coordinate transform: (964.21,214.59) -> (964.21,1777.41)
G1 X964.210 Y1777.415
; Coordinate transform: (964.78,209.06) -> (964.78,1782.94)
G1 X964.782 Y1782.944
; Coordinate transform: (965.61,203.97) -> (965.61,1788.03)
G1 X965.612 Y1788.028
; Coordinate transform: (966.78,199.22) -> (966.78,1792.78)
G1 X966.778 Y1792.778
; Coordinate transform: (968.34,194.69) -> (968.34,1797.31)
G1 X968.339 Y1797.313
M400 ; Wait for drawing to complete
; === STOP BRUSH SEQUENCE ===
; STOP BRUSH A
G4 P50 ; Short delay before stepper command
G1 U0.000 F200.0 ; Close Brush A flow
M400 ; Wait for stepper motion to complete
M106 P2 S0 ; Brush A air off
; Z already at 84.000mm, above safe threshold of 10.000mm, no need to raise
; === END STOP BRUSH SEQUENCE ===
; === PATH END ===


; Path 19/49 (id: path19)
; WIDTH: requested=117.176mm, actual=117.176mm, compensation=1.000
; Z HEIGHT: 84.000mm (min=4.0, max=84.0)
; PAINT FLOW: 0.500 (baseline=0.1, max=0.5)
; PAINT FLOW COMPONENTS: base=0.100, width=0.300, opacity=0.100
; FEEDRATE: 594.5 mm/min (z_factor=0.0259, speed_factor=0.956)
; WARNING: Requested stroke width 117.2mm exceeds machine capability.
; H.Airbrush cannot draw strokes wider than 6.6mm at 1mm/s minimum speed.
; Stroke width has been reduced to 6.6mm.
; ===== STROKE PARAMETERS =====
; Color: black
; Width: 117.18mm
; Opacity: 0.25
; Brush: brush_a (index 0)
T0 ; Select Brush A (Black)
; ===== AIRBRUSH SETTINGS =====
; Z-height: 84.00mm
; Paint flow: 0.50
; Feedrate: 594.5mm/min (includes Z scaling)
; Using brush: brush_a (tool 0)
; Path with Brush A (black) at Z=84.000mm
; Using: Air=P2, Flow=A axis
; Drawing Z height: 84.000mm, Travel Z height: 10.000mm
; Machine Z range: 0-84mm (Safe range: 5-80mm)
; === START BRUSH SEQUENCE ===
; START BRUSH A
; Z already at 84.000mm, above safe threshold of 10.000mm, no need to raise
T0 ; Select Tool 0 (Brush A)
G4 P500 ; Wait for tool change to complete
; === END BRUSH SEQUENCE ===
; Coordinate transform: (909.89,572.22) -> (909.89,1419.78)
G0 X909.891 Y1419.778 F24000
M400 ; Wait for XY movement to complete
G1 Z84.000 F1200
M400 ; Wait for Z movement to complete
; === ACTIVATE BRUSH AT POSITION ===
; AIR ON FIRST - Important to prevent dripping
M106 P2 S1 ; Brush A air on
; PAINT ON AFTER AIR
G4 P50 ; Short delay before stepper command
G1 U2.400 F200.0 ; Set Brush A flow to 2.400mm
M400 ; Wait for stepper motion to complete
; === BRUSH ACTIVATED ===
G1 F594.4557554428459
; Coordinate transform: (909.71,574.08) -> (909.71,1417.92)
G1 X909.713 Y1417.918
; Coordinate transform: (909.43,576.71) -> (909.43,1415.29)
G1 X909.431 Y1415.290
; Coordinate transform: (909.07,579.99) -> (909.07,1412.01)
G1 X909.065 Y1412.007
; Coordinate transform: (908.63,583.82) -> (908.63,1408.18)
G1 X908.633 Y1408.176
; Coordinate transform: (908.16,588.10) -> (908.16,1403.90)
G1 X908.159 Y1403.901
; Coordinate transform: (907.68,592.73) -> (907.68,1399.27)
G1 X907.676 Y1399.273
; Coordinate transform: (907.22,597.64) -> (907.22,1394.36)
G1 X907.215 Y1394.363
; Coordinate transform: (906.80,602.77) -> (906.80,1389.23)
G1 X906.800 Y1389.227
; Coordinate transform: (906.45,608.08) -> (906.45,1383.92)
G1 X906.446 Y1383.917
; Coordinate transform: (906.18,613.50) -> (906.18,1378.50)
G1 X906.176 Y1378.498
; Coordinate transform: (906.01,618.99) -> (906.01,1373.01)
G1 X906.007 Y1373.013
; Coordinate transform: (905.96,624.45) -> (905.96,1367.55)
G1 X905.963 Y1367.551
; Coordinate transform: (906.07,629.79) -> (906.07,1362.21)
G1 X906.070 Y1362.206
; Coordinate transform: (906.35,634.96) -> (906.35,1357.05)
G1 X906.351 Y1357.045
; Coordinate transform: (906.85,639.79) -> (906.85,1352.21)
G1 X906.849 Y1352.213
; Coordinate transform: (907.61,644.18) -> (907.61,1347.82)
G1 X907.605 Y1347.818
; Coordinate transform: (908.66,648.08) -> (908.66,1343.92)
G1 X908.662 Y1343.923
; Coordinate transform: (910.05,651.40) -> (910.05,1340.60)
G1 X910.051 Y1340.595
; Coordinate transform: (911.81,654.13) -> (911.81,1337.87)
G1 X911.812 Y1337.869
; Coordinate transform: (913.98,656.25) -> (913.98,1335.75)
G1 X913.980 Y1335.752
; Coordinate transform: (916.60,657.78) -> (916.60,1334.22)
G1 X916.599 Y1334.221
; Coordinate transform: (919.72,658.77) -> (919.72,1333.23)
G1 X919.723 Y1333.233
; Coordinate transform: (923.41,659.26) -> (923.41,1332.74)
G1 X923.413 Y1332.736
; Coordinate transform: (927.75,659.33) -> (927.75,1332.67)
G1 X927.750 Y1332.672
; Coordinate transform: (932.77,659.03) -> (932.77,1332.97)
G1 X932.773 Y1332.969
; Coordinate transform: (938.53,658.44) -> (938.53,1333.56)
G1 X938.535 Y1333.556
; Coordinate transform: (945.10,657.64) -> (945.10,1334.36)
G1 X945.104 Y1334.357
; Coordinate transform: (952.46,656.71) -> (952.46,1335.29)
G1 X952.457 Y1335.288
; Coordinate transform: (960.60,655.74) -> (960.60,1336.26)
G1 X960.603 Y1336.258
; Coordinate transform: (969.46,654.82) -> (969.46,1337.18)
G1 X969.460 Y1337.176
; Coordinate transform: (978.94,654.05) -> (978.94,1337.95)
G1 X978.940 Y1337.949
; Coordinate transform: (988.90,653.51) -> (988.90,1338.49)
G1 X988.905 Y1338.493
; Coordinate transform: (999.22,653.25) -> (999.22,1338.75)
G1 X999.220 Y1338.751
; Coordinate transform: (1009.79,653.29) -> (1009.79,1338.70)
G1 X1009.790 Y1338.705
; Coordinate transform: (1020.57,653.60) -> (1020.57,1338.40)
G1 X1020.570 Y1338.403
; Coordinate transform: (1031.55,654.02) -> (1031.55,1337.98)
G1 X1031.550 Y1337.983
; Coordinate transform: (1042.70,654.36) -> (1042.70,1337.64)
G1 X1042.700 Y1337.636
; Coordinate transform: (1053.96,654.40) -> (1053.96,1337.60)
G1 X1053.960 Y1337.596
; Coordinate transform: (1065.18,653.88) -> (1065.18,1338.12)
G1 X1065.180 Y1338.123
; Coordinate transform: (1076.15,652.56) -> (1076.15,1339.44)
G1 X1076.150 Y1339.442
; Coordinate transform: (1086.66,650.29) -> (1086.66,1341.71)
G1 X1086.660 Y1341.707
; Coordinate transform: (1096.55,647.00) -> (1096.55,1345.00)
G1 X1096.550 Y1344.996
; Coordinate transform: (1105.67,642.70) -> (1105.67,1349.30)
G1 X1105.670 Y1349.305
; Coordinate transform: (1113.98,637.47) -> (1113.98,1354.53)
G1 X1113.980 Y1354.530
; Coordinate transform: (1121.45,631.50) -> (1121.45,1360.50)
G1 X1121.450 Y1360.498
; Coordinate transform: (1128.15,624.97) -> (1128.15,1367.03)
G1 X1128.150 Y1367.032
; Coordinate transform: (1134.15,618.09) -> (1134.15,1373.91)
G1 X1134.150 Y1373.909
; Coordinate transform: (1139.52,611.09) -> (1139.52,1380.91)
G1 X1139.520 Y1380.910
; Coordinate transform: (1144.38,604.17) -> (1144.38,1387.83)
G1 X1144.380 Y1387.830
; Coordinate transform: (1148.80,597.51) -> (1148.80,1394.49)
G1 X1148.800 Y1394.486
; Coordinate transform: (1152.84,591.28) -> (1152.84,1400.72)
G1 X1152.840 Y1400.722
; Coordinate transform: (1156.68,585.54) -> (1156.68,1406.46)
G1 X1156.680 Y1406.464
; Coordinate transform: (1160.46,580.32) -> (1160.46,1411.68)
G1 X1160.460 Y1411.685
; Coordinate transform: (1164.30,575.62) -> (1164.30,1416.38)
G1 X1164.300 Y1416.382
; Coordinate transform: (1168.34,571.41) -> (1168.34,1420.59)
G1 X1168.340 Y1420.590
; Coordinate transform: (1172.75,567.64) -> (1172.75,1424.36)
G1 X1172.750 Y1424.361
; Coordinate transform: (1177.66,564.24) -> (1177.66,1427.76)
G1 X1177.660 Y1427.757
; Coordinate transform: (1183.15,561.13) -> (1183.15,1430.87)
G1 X1183.150 Y1430.866
; Coordinate transform: (1189.32,558.21) -> (1189.32,1433.79)
G1 X1189.320 Y1433.792
; Coordinate transform: (1196.27,555.33) -> (1196.27,1436.67)
G1 X1196.270 Y1436.675
; Coordinate transform: (1204.03,552.31) -> (1204.03,1439.69)
G1 X1204.030 Y1439.691
; Coordinate transform: (1212.64,548.99) -> (1212.64,1443.01)
G1 X1212.640 Y1443.009
; Coordinate transform: (1222.01,545.18) -> (1222.01,1446.82)
G1 X1222.010 Y1446.819
; Coordinate transform: (1231.81,540.72) -> (1231.81,1451.28)
G1 X1231.810 Y1451.277
; Coordinate transform: (1241.59,535.51) -> (1241.59,1456.49)
G1 X1241.590 Y1456.487
; Coordinate transform: (1250.85,529.63) -> (1250.85,1462.37)
G1 X1250.850 Y1462.372
; Coordinate transform: (1259.30,523.18) -> (1259.30,1468.82)
G1 X1259.300 Y1468.820
; Coordinate transform: (1266.74,516.30) -> (1266.74,1475.70)
G1 X1266.740 Y1475.704
; Coordinate transform: (1273.19,509.05) -> (1273.19,1482.95)
G1 X1273.190 Y1482.948
; Coordinate transform: (1278.75,501.46) -> (1278.75,1490.54)
G1 X1278.750 Y1490.539
; Coordinate transform: (1283.59,493.47) -> (1283.59,1498.53)
G1 X1283.590 Y1498.532
; Coordinate transform: (1287.85,484.90) -> (1287.85,1507.10)
G1 X1287.850 Y1507.095
; Coordinate transform: (1291.67,475.49) -> (1291.67,1516.51)
G1 X1291.670 Y1516.509
; Coordinate transform: (1295.17,464.92) -> (1295.17,1527.08)
G1 X1295.170 Y1527.084
; Coordinate transform: (1298.40,452.94) -> (1298.40,1539.06)
G1 X1298.400 Y1539.060
; Coordinate transform: (1301.33,439.65) -> (1301.33,1552.35)
G1 X1301.330 Y1552.350
; Coordinate transform: (1303.71,425.65) -> (1303.71,1566.35)
G1 X1303.710 Y1566.346
; Coordinate transform: (1305.44,411.36) -> (1305.44,1580.64)
G1 X1305.440 Y1580.637
; Coordinate transform: (1306.55,396.98) -> (1306.55,1595.02)
G1 X1306.550 Y1595.022
; Coordinate transform: (1307.15,382.57) -> (1307.15,1609.43)
G1 X1307.150 Y1609.432
; Coordinate transform: (1307.45,368.17) -> (1307.45,1623.83)
G1 X1307.450 Y1623.827
; Coordinate transform: (1307.59,353.89) -> (1307.59,1638.11)
G1 X1307.590 Y1638.107
; Coordinate transform: (1307.79,339.75) -> (1307.79,1652.25)
G1 X1307.790 Y1652.249
; Coordinate transform: (1308.31,325.83) -> (1308.31,1666.16)
G1 X1308.310 Y1666.165
; Coordinate transform: (1309.30,312.25) -> (1309.30,1679.75)
G1 X1309.300 Y1679.748
; Coordinate transform: (1310.79,299.03) -> (1310.79,1692.97)
G1 X1310.790 Y1692.968
; Coordinate transform: (1312.73,286.32) -> (1312.73,1705.68)
G1 X1312.730 Y1705.678
; Coordinate transform: (1315.12,274.31) -> (1315.12,1717.69)
G1 X1315.120 Y1717.691
; Coordinate transform: (1317.95,263.04) -> (1317.95,1728.96)
G1 X1317.950 Y1728.962
; Coordinate transform: (1321.24,252.40) -> (1321.24,1739.60)
G1 X1321.240 Y1739.598
; Coordinate transform: (1324.86,242.58) -> (1324.86,1749.42)
G1 X1324.860 Y1749.421
; Coordinate transform: (1328.64,233.70) -> (1328.64,1758.30)
G1 X1328.640 Y1758.300
; Coordinate transform: (1332.52,225.85) -> (1332.52,1766.15)
G1 X1332.520 Y1766.149
; Coordinate transform: (1336.45,218.94) -> (1336.45,1773.06)
G1 X1336.450 Y1773.056
; Coordinate transform: (1340.47,212.87) -> (1340.47,1779.13)
G1 X1340.470 Y1779.127
; Coordinate transform: (1344.58,207.40) -> (1344.58,1784.60)
G1 X1344.580 Y1784.597
; Coordinate transform: (1348.82,202.34) -> (1348.82,1789.66)
G1 X1348.820 Y1789.658
; Coordinate transform: (1353.20,197.59) -> (1353.20,1794.41)
G1 X1353.200 Y1794.406
; Coordinate transform: (1357.70,193.13) -> (1357.70,1798.87)
G1 X1357.700 Y1798.872
; Coordinate transform: (1362.31,188.94) -> (1362.31,1803.06)
G1 X1362.310 Y1803.057
; Coordinate transform: (1367.05,185.07) -> (1367.05,1806.93)
G1 X1367.050 Y1806.934
; Coordinate transform: (1371.89,181.51) -> (1371.89,1810.49)
G1 X1371.890 Y1810.487
; Coordinate transform: (1376.82,178.27) -> (1376.82,1813.73)
G1 X1376.820 Y1813.733
; Coordinate transform: (1381.89,175.28) -> (1381.89,1816.71)
G1 X1381.890 Y1816.715
M400 ; Wait for drawing to complete
; === STOP BRUSH SEQUENCE ===
; STOP BRUSH A
G4 P50 ; Short delay before stepper command
G1 U0.000 F200.0 ; Close Brush A flow
M400 ; Wait for stepper motion to complete
M106 P2 S0 ; Brush A air off
; Z already at 84.000mm, above safe threshold of 10.000mm, no need to raise
; === END STOP BRUSH SEQUENCE ===
; === PATH END ===


; Path 20/49 (id: path20)
; WIDTH: requested=117.176mm, actual=117.176mm, compensation=1.000
; Z HEIGHT: 84.000mm (min=4.0, max=84.0)
; PAINT FLOW: 0.500 (baseline=0.1, max=0.5)
; PAINT FLOW COMPONENTS: base=0.100, width=0.300, opacity=0.100
; FEEDRATE: 594.5 mm/min (z_factor=0.0259, speed_factor=0.956)
; WARNING: Requested stroke width 117.2mm exceeds machine capability.
; H.Airbrush cannot draw strokes wider than 6.6mm at 1mm/s minimum speed.
; Stroke width has been reduced to 6.6mm.
; ===== STROKE PARAMETERS =====
; Color: black
; Width: 117.18mm
; Opacity: 0.25
; Brush: brush_a (index 0)
T0 ; Select Brush A (Black)
; ===== AIRBRUSH SETTINGS =====
; Z-height: 84.00mm
; Paint flow: 0.50
; Feedrate: 594.5mm/min (includes Z scaling)
; Using brush: brush_a (tool 0)
; Path with Brush A (black) at Z=84.000mm
; Using: Air=P2, Flow=A axis
; Drawing Z height: 84.000mm, Travel Z height: 10.000mm
; Machine Z range: 0-84mm (Safe range: 5-80mm)
; === START BRUSH SEQUENCE ===
; START BRUSH A
; Z already at 84.000mm, above safe threshold of 10.000mm, no need to raise
T0 ; Select Tool 0 (Brush A)
G4 P500 ; Wait for tool change to complete
; === END BRUSH SEQUENCE ===
; Coordinate transform: (118.08,114.12) -> (118.08,1877.88)
G0 X118.081 Y1877.877 F24000
M400 ; Wait for XY movement to complete
G1 Z84.000 F1200
M400 ; Wait for Z movement to complete
; === ACTIVATE BRUSH AT POSITION ===
; AIR ON FIRST - Important to prevent dripping
M106 P2 S1 ; Brush A air on
; PAINT ON AFTER AIR
G4 P50 ; Short delay before stepper command
G1 U2.400 F200.0 ; Set Brush A flow to 2.400mm
M400 ; Wait for stepper motion to complete
; === BRUSH ACTIVATED ===
G1 F594.4557554428459
; Coordinate transform: (119.67,118.39) -> (119.67,1873.61)
G1 X119.666 Y1873.607
; Coordinate transform: (121.87,123.72) -> (121.87,1868.28)
G1 X121.869 Y1868.281
; Coordinate transform: (124.47,129.48) -> (124.47,1862.52)
G1 X124.474 Y1862.518
; Coordinate transform: (127.19,135.04) -> (127.19,1856.96)
G1 X127.188 Y1856.962
; Coordinate transform: (129.67,140.14) -> (129.67,1851.86)
G1 X129.672 Y1851.862
; Coordinate transform: (131.62,144.81) -> (131.62,1847.18)
G1 X131.621 Y1847.185
; Coordinate transform: (132.82,149.11) -> (132.82,1842.89)
G1 X132.817 Y1842.891
; Coordinate transform: (133.27,153.11) -> (133.27,1838.89)
G1 X133.272 Y1838.886
; Coordinate transform: (133.03,156.95) -> (133.03,1835.05)
G1 X133.031 Y1835.050
; Coordinate transform: (132.15,160.73) -> (132.15,1831.27)
G1 X132.148 Y1831.274
; Coordinate transform: (130.67,164.56) -> (130.67,1827.44)
G1 X130.669 Y1827.445
; Coordinate transform: (128.78,168.50) -> (128.78,1823.50)
G1 X128.778 Y1823.501
; Coordinate transform: (126.73,172.63) -> (126.73,1819.37)
G1 X126.734 Y1819.374
; Coordinate transform: (124.79,177.02) -> (124.79,1814.98)
G1 X124.791 Y1814.982
; Coordinate transform: (123.17,181.76) -> (123.17,1810.24)
G1 X123.171 Y1810.244
; Coordinate transform: (122.05,186.88) -> (122.05,1805.12)
G1 X122.045 Y1805.125
; Coordinate transform: (121.53,192.45) -> (121.53,1799.55)
G1 X121.529 Y1799.553
; Coordinate transform: (121.66,198.53) -> (121.66,1793.47)
G1 X121.660 Y1793.467
; Coordinate transform: (122.41,205.16) -> (122.41,1786.85)
G1 X122.411 Y1786.845
; Coordinate transform: (123.70,212.37) -> (123.70,1779.63)
G1 X123.703 Y1779.635
; Coordinate transform: (125.38,220.13) -> (125.38,1771.87)
G1 X125.375 Y1771.869
; Coordinate transform: (127.23,228.44) -> (127.23,1763.56)
G1 X127.230 Y1763.560
; Coordinate transform: (129.04,237.21) -> (129.04,1754.79)
G1 X129.040 Y1754.789
; Coordinate transform: (130.57,246.35) -> (130.57,1745.65)
G1 X130.570 Y1745.647
; Coordinate transform: (131.59,255.75) -> (131.59,1736.25)
G1 X131.589 Y1736.252
; Coordinate transform: (131.89,265.28) -> (131.89,1726.72)
G1 X131.891 Y1726.720
; Coordinate transform: (131.34,274.86) -> (131.34,1717.14)
G1 X131.337 Y1717.145
; Coordinate transform: (129.87,284.36) -> (129.87,1707.64)
G1 X129.866 Y1707.645
; Coordinate transform: (127.55,293.65) -> (127.55,1698.35)
G1 X127.548 Y1698.346
; Coordinate transform: (124.58,302.64) -> (124.58,1689.36)
G1 X124.584 Y1689.361
; Coordinate transform: (121.27,311.21) -> (121.27,1680.79)
G1 X121.266 Y1680.791
; Coordinate transform: (117.94,319.30) -> (117.94,1672.70)
G1 X117.936 Y1672.702
; Coordinate transform: (114.93,326.87) -> (114.93,1665.13)
G1 X114.928 Y1665.133
; Coordinate transform: (112.69,333.89) -> (112.69,1658.11)
G1 X112.691 Y1658.107
; Coordinate transform: (111.55,340.36) -> (111.55,1651.64)
G1 X111.548 Y1651.637
; Coordinate transform: (111.60,346.30) -> (111.60,1645.70)
G1 X111.598 Y1645.699
; Coordinate transform: (112.71,351.74) -> (112.71,1640.26)
G1 X112.710 Y1640.263
; Coordinate transform: (114.57,356.71) -> (114.57,1635.29)
G1 X114.571 Y1635.286
; Coordinate transform: (116.75,361.30) -> (116.75,1630.70)
G1 X116.750 Y1630.702
; Coordinate transform: (118.77,365.48) -> (118.77,1626.52)
G1 X118.766 Y1626.522
; Coordinate transform: (120.39,369.43) -> (120.39,1622.57)
G1 X120.385 Y1622.568
; Coordinate transform: (121.46,373.26) -> (121.46,1618.74)
G1 X121.456 Y1618.743
; Coordinate transform: (121.89,377.07) -> (121.89,1614.93)
G1 X121.892 Y1614.933
; Coordinate transform: (121.67,380.99) -> (121.67,1611.01)
G1 X121.674 Y1611.012
; Coordinate transform: (120.83,385.16) -> (120.83,1606.84)
G1 X120.828 Y1606.839
; Coordinate transform: (119.45,389.74) -> (119.45,1602.26)
G1 X119.454 Y1602.264
; Coordinate transform: (117.68,394.89) -> (117.68,1597.11)
G1 X117.676 Y1597.108
; Coordinate transform: (115.64,400.83) -> (115.64,1591.17)
G1 X115.643 Y1591.170
; Coordinate transform: (113.69,407.70) -> (113.69,1584.30)
G1 X113.685 Y1584.297
; Coordinate transform: (112.17,415.69) -> (112.17,1576.31)
G1 X112.165 Y1576.306
; Coordinate transform: (111.39,424.92) -> (111.39,1567.08)
G1 X111.395 Y1567.084
; Coordinate transform: (111.59,435.49) -> (111.59,1556.51)
G1 X111.587 Y1556.511
; Coordinate transform: (112.83,447.40) -> (112.83,1544.60)
G1 X112.830 Y1544.601
; Coordinate transform: (115.06,460.54) -> (115.06,1531.46)
G1 X115.056 Y1531.463
; Coordinate transform: (118.03,474.65) -> (118.03,1517.35)
G1 X118.025 Y1517.345
; Coordinate transform: (121.41,489.35) -> (121.41,1502.65)
G1 X121.412 Y1502.651
; Coordinate transform: (124.96,504.08) -> (124.96,1487.92)
G1 X124.961 Y1487.918
; Coordinate transform: (128.33,518.26) -> (128.33,1473.74)
G1 X128.333 Y1473.739
; Coordinate transform: (131.20,531.24) -> (131.20,1460.76)
G1 X131.200 Y1460.761
; Coordinate transform: (133.32,542.62) -> (133.32,1449.38)
G1 X133.321 Y1449.384
; Coordinate transform: (134.76,552.27) -> (134.76,1439.73)
G1 X134.757 Y1439.728
; Coordinate transform: (135.64,560.44) -> (135.64,1431.56)
G1 X135.640 Y1431.559
; Coordinate transform: (136.07,567.47) -> (136.07,1424.53)
G1 X136.073 Y1424.534
; Coordinate transform: (136.13,573.79) -> (136.13,1418.21)
G1 X136.135 Y1418.213
; Coordinate transform: (135.89,579.85) -> (135.89,1412.15)
G1 X135.886 Y1412.154
; Coordinate transform: (135.36,586.14) -> (135.36,1405.86)
G1 X135.361 Y1405.863
M400 ; Wait for drawing to complete
; === STOP BRUSH SEQUENCE ===
; STOP BRUSH A
G4 P50 ; Short delay before stepper command
G1 U0.000 F200.0 ; Close Brush A flow
M400 ; Wait for stepper motion to complete
M106 P2 S0 ; Brush A air off
; Z already at 84.000mm, above safe threshold of 10.000mm, no need to raise
; === END STOP BRUSH SEQUENCE ===
; === PATH END ===


; Path 21/49 (id: path21)
; WIDTH: requested=117.176mm, actual=117.176mm, compensation=1.000
; Z HEIGHT: 84.000mm (min=4.0, max=84.0)
; PAINT FLOW: 0.500 (baseline=0.1, max=0.5)
; PAINT FLOW COMPONENTS: base=0.100, width=0.300, opacity=0.100
; FEEDRATE: 594.5 mm/min (z_factor=0.0259, speed_factor=0.956)
; WARNING: Requested stroke width 117.2mm exceeds machine capability.
; H.Airbrush cannot draw strokes wider than 6.6mm at 1mm/s minimum speed.
; Stroke width has been reduced to 6.6mm.
; ===== STROKE PARAMETERS =====
; Color: black
; Width: 117.18mm
; Opacity: 0.25
; Brush: brush_a (index 0)
T0 ; Select Brush A (Black)
; ===== AIRBRUSH SETTINGS =====
; Z-height: 84.00mm
; Paint flow: 0.50
; Feedrate: 594.5mm/min (includes Z scaling)
; Using brush: brush_a (tool 0)
; Path with Brush A (black) at Z=84.000mm
; Using: Air=P2, Flow=A axis
; Drawing Z height: 84.000mm, Travel Z height: 10.000mm
; Machine Z range: 0-84mm (Safe range: 5-80mm)
; === START BRUSH SEQUENCE ===
; START BRUSH A
; Z already at 84.000mm, above safe threshold of 10.000mm, no need to raise
T0 ; Select Tool 0 (Brush A)
G4 P500 ; Wait for tool change to complete
; === END BRUSH SEQUENCE ===
; Coordinate transform: (483.07,1273.82) -> (483.07,718.18)
G0 X483.068 Y718.180 F24000
M400 ; Wait for XY movement to complete
G1 Z84.000 F1200
M400 ; Wait for Z movement to complete
; === ACTIVATE BRUSH AT POSITION ===
; AIR ON FIRST - Important to prevent dripping
M106 P2 S1 ; Brush A air on
; PAINT ON AFTER AIR
G4 P50 ; Short delay before stepper command
G1 U2.400 F200.0 ; Set Brush A flow to 2.400mm
M400 ; Wait for stepper motion to complete
; === BRUSH ACTIVATED ===
G1 F594.4557554428459
; Coordinate transform: (482.55,1272.89) -> (482.55,719.11)
G1 X482.553 Y719.110
; Coordinate transform: (481.84,1271.56) -> (481.84,720.44)
G1 X481.837 Y720.440
; Coordinate transform: (480.95,1269.91) -> (480.95,722.09)
G1 X480.946 Y722.090
; Coordinate transform: (479.92,1268.01) -> (479.92,723.99)
G1 X479.918 Y723.990
; Coordinate transform: (478.78,1265.91) -> (478.78,726.09)
G1 X478.779 Y726.090
; Coordinate transform: (477.56,1263.68) -> (477.56,728.32)
G1 X477.560 Y728.320
; Coordinate transform: (476.28,1261.37) -> (476.28,730.63)
G1 X476.276 Y730.630
; Coordinate transform: (474.94,1259.03) -> (474.94,732.97)
G1 X474.943 Y732.970
; Coordinate transform: (473.56,1256.66) -> (473.56,735.34)
G1 X473.557 Y735.340
; Coordinate transform: (472.12,1254.28) -> (472.12,737.72)
G1 X472.116 Y737.720
; Coordinate transform: (470.61,1251.90) -> (470.61,740.10)
G1 X470.609 Y740.100
; Coordinate transform: (469.03,1249.52) -> (469.03,742.48)
G1 X469.034 Y742.480
; Coordinate transform: (467.39,1247.15) -> (467.39,744.85)
G1 X467.386 Y744.850
; Coordinate transform: (465.65,1244.75) -> (465.65,747.25)
G1 X465.646 Y747.250
; Coordinate transform: (463.79,1242.33) -> (463.79,749.67)
G1 X463.788 Y749.670
; Coordinate transform: (461.79,1239.89) -> (461.79,752.11)
G1 X461.786 Y752.110
; Coordinate transform: (459.61,1237.41) -> (459.61,754.59)
G1 X459.606 Y754.590
; Coordinate transform: (457.20,1234.88) -> (457.20,757.12)
G1 X457.203 Y757.120
; Coordinate transform: (454.52,1232.30) -> (454.52,759.70)
G1 X454.519 Y759.700
; Coordinate transform: (451.48,1229.64) -> (451.48,762.36)
G1 X451.480 Y762.360
; Coordinate transform: (448.03,1226.91) -> (448.03,765.09)
G1 X448.031 Y765.090
; Coordinate transform: (444.10,1224.09) -> (444.10,767.91)
G1 X444.098 Y767.910
; Coordinate transform: (439.59,1221.22) -> (439.59,770.78)
G1 X439.591 Y770.780
; Coordinate transform: (434.39,1218.28) -> (434.39,773.72)
G1 X434.393 Y773.720
; Coordinate transform: (428.48,1215.30) -> (428.48,776.70)
G1 X428.475 Y776.700
; Coordinate transform: (421.78,1212.30) -> (421.78,779.70)
G1 X421.783 Y779.700
; Coordinate transform: (414.33,1209.36) -> (414.33,782.64)
G1 X414.329 Y782.640
; Coordinate transform: (406.23,1206.54) -> (406.23,785.46)
G1 X406.234 Y785.460
; Coordinate transform: (397.70,1203.90) -> (397.70,788.10)
G1 X397.699 Y788.100
; Coordinate transform: (389.01,1201.52) -> (389.01,790.48)
G1 X389.007 Y790.480
; Coordinate transform: (380.51,1199.44) -> (380.51,792.56)
G1 X380.506 Y792.560
; Coordinate transform: (372.53,1197.71) -> (372.53,794.29)
G1 X372.526 Y794.290
; Coordinate transform: (365.36,1196.34) -> (365.36,795.66)
G1 X365.358 Y795.660
; Coordinate transform: (359.21,1195.30) -> (359.21,796.70)
G1 X359.207 Y796.700
; Coordinate transform: (354.14,1194.54) -> (354.14,797.46)
G1 X354.136 Y797.460
; Coordinate transform: (350.17,1193.99) -> (350.17,798.01)
G1 X350.171 Y798.010
; Coordinate transform: (347.28,1193.60) -> (347.28,798.40)
G1 X347.277 Y798.400
; Coordinate transform: (345.37,1193.33) -> (345.37,798.67)
G1 X345.370 Y798.670
; Coordinate transform: (344.37,1193.12) -> (344.37,798.88)
G1 X344.365 Y798.880
; Coordinate transform: (344.19,1192.95) -> (344.19,799.05)
G1 X344.192 Y799.050
M400 ; Wait for drawing to complete
; === STOP BRUSH SEQUENCE ===
; STOP BRUSH A
G4 P50 ; Short delay before stepper command
G1 U0.000 F200.0 ; Close Brush A flow
M400 ; Wait for stepper motion to complete
M106 P2 S0 ; Brush A air off
; Z already at 84.000mm, above safe threshold of 10.000mm, no need to raise
; === END STOP BRUSH SEQUENCE ===
; === PATH END ===


; Path 22/49 (id: path22)
; WIDTH: requested=117.176mm, actual=117.176mm, compensation=1.000
; Z HEIGHT: 84.000mm (min=4.0, max=84.0)
; PAINT FLOW: 0.500 (baseline=0.1, max=0.5)
; PAINT FLOW COMPONENTS: base=0.100, width=0.300, opacity=0.100
; FEEDRATE: 594.5 mm/min (z_factor=0.0259, speed_factor=0.956)
; WARNING: Requested stroke width 117.2mm exceeds machine capability.
; H.Airbrush cannot draw strokes wider than 6.6mm at 1mm/s minimum speed.
; Stroke width has been reduced to 6.6mm.
; ===== STROKE PARAMETERS =====
; Color: black
; Width: 117.18mm
; Opacity: 0.25
; Brush: brush_a (index 0)
T0 ; Select Brush A (Black)
; ===== AIRBRUSH SETTINGS =====
; Z-height: 84.00mm
; Paint flow: 0.50
; Feedrate: 594.5mm/min (includes Z scaling)
; Using brush: brush_a (tool 0)
; Path with Brush A (black) at Z=84.000mm
; Using: Air=P2, Flow=A axis
; Drawing Z height: 84.000mm, Travel Z height: 10.000mm
; Machine Z range: 0-84mm (Safe range: 5-80mm)
; === START BRUSH SEQUENCE ===
; START BRUSH A
; Z already at 84.000mm, above safe threshold of 10.000mm, no need to raise
T0 ; Select Tool 0 (Brush A)
G4 P500 ; Wait for tool change to complete
; === END BRUSH SEQUENCE ===
; Coordinate transform: (1024.84,765.22) -> (1024.84,1226.78)
G0 X1024.840 Y1226.779 F24000
M400 ; Wait for XY movement to complete
G1 Z84.000 F1200
M400 ; Wait for Z movement to complete
; === ACTIVATE BRUSH AT POSITION ===
; AIR ON FIRST - Important to prevent dripping
M106 P2 S1 ; Brush A air on
; PAINT ON AFTER AIR
G4 P50 ; Short delay before stepper command
G1 U2.400 F200.0 ; Set Brush A flow to 2.400mm
M400 ; Wait for stepper motion to complete
; === BRUSH ACTIVATED ===
G1 F594.4557554428459
; Coordinate transform: (1023.94,765.19) -> (1023.94,1226.81)
G1 X1023.940 Y1226.813
; Coordinate transform: (1022.63,765.20) -> (1022.63,1226.80)
G1 X1022.630 Y1226.800
; Coordinate transform: (1020.98,765.26) -> (1020.98,1226.74)
G1 X1020.980 Y1226.744
; Coordinate transform: (1019.02,765.35) -> (1019.02,1226.65)
G1 X1019.020 Y1226.654
; Coordinate transform: (1016.79,765.46) -> (1016.79,1226.54)
G1 X1016.790 Y1226.536
; Coordinate transform: (1014.34,765.60) -> (1014.34,1226.40)
G1 X1014.340 Y1226.396
; Coordinate transform: (1011.69,765.76) -> (1011.69,1226.24)
G1 X1011.690 Y1226.240
; Coordinate transform: (1008.87,765.93) -> (1008.87,1226.07)
G1 X1008.870 Y1226.069
; Coordinate transform: (1005.90,766.12) -> (1005.90,1225.88)
G1 X1005.900 Y1225.882
; Coordinate transform: (1002.78,766.33) -> (1002.78,1225.67)
G1 X1002.780 Y1225.673
; Coordinate transform: (999.52,766.57) -> (999.52,1225.43)
G1 X999.523 Y1225.435
; Coordinate transform: (996.11,766.83) -> (996.11,1225.17)
G1 X996.107 Y1225.171
; Coordinate transform: (992.51,767.12) -> (992.51,1224.88)
G1 X992.509 Y1224.879
; Coordinate transform: (988.74,767.46) -> (988.74,1224.55)
G1 X988.743 Y1224.545
; Coordinate transform: (984.82,767.85) -> (984.82,1224.15)
G1 X984.816 Y1224.150
; Coordinate transform: (980.72,768.33) -> (980.72,1223.67)
G1 X980.715 Y1223.673
; Coordinate transform: (976.42,768.92) -> (976.42,1223.08)
G1 X976.425 Y1223.082
; Coordinate transform: (972.00,769.66) -> (972.00,1222.34)
G1 X971.998 Y1222.339
; Coordinate transform: (967.48,770.60) -> (967.48,1221.40)
G1 X967.477 Y1221.399
; Coordinate transform: (962.88,771.79) -> (962.88,1220.21)
G1 X962.877 Y1220.206
; Coordinate transform: (958.27,773.31) -> (958.27,1218.69)
G1 X958.273 Y1218.690
; Coordinate transform: (953.72,775.22) -> (953.72,1216.78)
G1 X953.723 Y1216.777
; Coordinate transform: (949.26,777.63) -> (949.26,1214.37)
G1 X949.265 Y1214.373
; Coordinate transform: (944.95,780.64) -> (944.95,1211.36)
G1 X944.948 Y1211.364
; Coordinate transform: (940.83,784.37) -> (940.83,1207.63)
G1 X940.834 Y1207.626
; Coordinate transform: (936.95,789.00) -> (936.95,1203.01)
G1 X936.949 Y1203.005
; Coordinate transform: (933.29,794.68) -> (933.29,1197.32)
G1 X933.288 Y1197.323
; Coordinate transform: (929.88,801.57) -> (929.88,1190.43)
G1 X929.876 Y1190.427
; Coordinate transform: (926.73,809.83) -> (926.73,1182.17)
G1 X926.730 Y1182.170
; Coordinate transform: (923.86,819.51) -> (923.86,1172.49)
G1 X923.863 Y1172.485
; Coordinate transform: (921.30,830.61) -> (921.30,1161.39)
G1 X921.298 Y1161.391
; Coordinate transform: (919.10,842.83) -> (919.10,1149.17)
G1 X919.095 Y1149.168
; Coordinate transform: (917.35,855.76) -> (917.35,1136.24)
G1 X917.348 Y1136.236
; Coordinate transform: (916.16,868.92) -> (916.16,1123.08)
G1 X916.162 Y1123.084
; Coordinate transform: (915.65,881.85) -> (915.65,1110.15)
G1 X915.655 Y1110.152
; Coordinate transform: (915.93,894.24) -> (915.93,1097.76)
G1 X915.930 Y1097.758
; Coordinate transform: (917.02,905.94) -> (917.02,1086.06)
G1 X917.017 Y1086.057
; Coordinate transform: (918.80,916.97) -> (918.80,1075.03)
G1 X918.797 Y1075.035
; Coordinate transform: (920.94,927.27) -> (920.94,1064.72)
G1 X920.940 Y1064.725
; Coordinate transform: (922.96,936.67) -> (922.96,1055.33)
G1 X922.962 Y1055.334
; Coordinate transform: (924.31,944.79) -> (924.31,1047.21)
G1 X924.310 Y1047.209
; Coordinate transform: (924.67,951.34) -> (924.67,1040.66)
G1 X924.667 Y1040.659
; Coordinate transform: (923.86,956.18) -> (923.86,1035.82)
G1 X923.857 Y1035.824
; Coordinate transform: (922.06,959.45) -> (922.06,1032.55)
G1 X922.060 Y1032.551
; Coordinate transform: (919.40,961.27) -> (919.40,1030.73)
G1 X919.397 Y1030.728
; Coordinate transform: (915.90,961.74) -> (915.90,1030.26)
G1 X915.905 Y1030.256
; Coordinate transform: (911.54,960.91) -> (911.54,1031.09)
G1 X911.541 Y1031.085
; Coordinate transform: (906.24,958.84) -> (906.24,1033.16)
G1 X906.243 Y1033.161
; Coordinate transform: (900.05,955.73) -> (900.05,1036.27)
G1 X900.052 Y1036.268
; Coordinate transform: (893.20,952.08) -> (893.20,1039.92)
G1 X893.201 Y1039.923
; Coordinate transform: (885.97,948.43) -> (885.97,1043.57)
G1 X885.969 Y1043.572
; Coordinate transform: (878.47,945.14) -> (878.47,1046.86)
G1 X878.468 Y1046.863
; Coordinate transform: (870.70,942.47) -> (870.70,1049.53)
G1 X870.696 Y1049.527
; Coordinate transform: (862.48,940.54) -> (862.48,1051.46)
G1 X862.478 Y1051.457
; Coordinate transform: (853.57,939.43) -> (853.57,1052.57)
G1 X853.571 Y1052.569
; Coordinate transform: (843.76,939.18) -> (843.76,1052.82)
G1 X843.759 Y1052.822
; Coordinate transform: (832.93,939.81) -> (832.93,1052.19)
G1 X832.930 Y1052.187
; Coordinate transform: (821.12,941.34) -> (821.12,1050.66)
G1 X821.119 Y1050.658
; Coordinate transform: (808.64,943.73) -> (808.64,1048.27)
G1 X808.640 Y1048.272
; Coordinate transform: (796.13,946.89) -> (796.13,1045.11)
G1 X796.126 Y1045.107
; Coordinate transform: (784.32,950.73) -> (784.32,1041.27)
G1 X784.324 Y1041.273
; Coordinate transform: (773.84,955.12) -> (773.84,1036.88)
G1 X773.835 Y1036.882
; Coordinate transform: (764.94,959.99) -> (764.94,1032.01)
G1 X764.944 Y1032.006
; Coordinate transform: (757.51,965.38) -> (757.51,1026.62)
G1 X757.508 Y1026.615
; Coordinate transform: (751.19,971.41) -> (751.19,1020.59)
G1 X751.186 Y1020.593
; Coordinate transform: (745.59,978.18) -> (745.59,1013.82)
G1 X745.585 Y1013.822
; Coordinate transform: (740.43,985.83) -> (740.43,1006.17)
G1 X740.430 Y1006.175
; Coordinate transform: (735.61,994.35) -> (735.61,997.65)
G1 X735.605 Y997.649
; Coordinate transform: (731.10,1003.69) -> (731.10,988.31)
G1 X731.098 Y988.310
; Coordinate transform: (727.02,1013.62) -> (727.02,978.38)
G1 X727.024 Y978.380
; Coordinate transform: (723.60,1023.88) -> (723.60,968.12)
G1 X723.598 Y968.120
; Coordinate transform: (721.02,1034.26) -> (721.02,957.74)
G1 X721.025 Y957.740
; Coordinate transform: (719.45,1044.55) -> (719.45,947.45)
G1 X719.449 Y947.450
; Coordinate transform: (718.96,1054.57) -> (718.96,937.43)
G1 X718.955 Y937.430
; Coordinate transform: (719.58,1064.22) -> (719.58,927.78)
G1 X719.583 Y927.780
; Coordinate transform: (721.31,1073.53) -> (721.31,918.47)
G1 X721.314 Y918.470
; Coordinate transform: (724.13,1082.56) -> (724.13,909.44)
G1 X724.135 Y909.440
; Coordinate transform: (728.03,1091.39) -> (728.03,900.61)
G1 X728.034 Y900.610
; Coordinate transform: (733.00,1100.06) -> (733.00,891.94)
G1 X733.003 Y891.940
; Coordinate transform: (739.06,1108.66) -> (739.06,883.34)
G1 X739.060 Y883.340
; Coordinate transform: (746.12,1117.26) -> (746.12,874.74)
G1 X746.123 Y874.740
; Coordinate transform: (754.15,1125.91) -> (754.15,866.09)
G1 X754.153 Y866.090
; Coordinate transform: (762.96,1134.67) -> (762.96,857.33)
G1 X762.963 Y857.330
; Coordinate transform: (772.41,1143.49) -> (772.41,848.51)
G1 X772.415 Y848.510
; Coordinate transform: (782.30,1152.41) -> (782.30,839.59)
G1 X782.304 Y839.590
; Coordinate transform: (792.50,1161.45) -> (792.50,830.55)
G1 X792.505 Y830.550
; Coordinate transform: (802.94,1170.74) -> (802.94,821.26)
G1 X802.944 Y821.260
; Coordinate transform: (813.57,1180.38) -> (813.57,811.62)
G1 X813.566 Y811.620
; Coordinate transform: (824.26,1190.22) -> (824.26,801.78)
G1 X824.265 Y801.780
; Coordinate transform: (834.93,1200.12) -> (834.93,791.88)
G1 X834.932 Y791.880
; Coordinate transform: (845.53,1210.10) -> (845.53,781.90)
G1 X845.527 Y781.900
; Coordinate transform: (856.10,1220.54) -> (856.10,771.46)
G1 X856.102 Y771.460
; Coordinate transform: (866.47,1231.53) -> (866.47,760.47)
G1 X866.466 Y760.470
; Coordinate transform: (876.21,1242.74) -> (876.21,749.26)
G1 X876.209 Y749.260
; Coordinate transform: (884.98,1253.71) -> (884.98,738.29)
G1 X884.975 Y738.290
; Coordinate transform: (892.82,1264.33) -> (892.82,727.67)
G1 X892.819 Y727.670
; Coordinate transform: (899.90,1274.59) -> (899.90,717.41)
G1 X899.903 Y717.410
; Coordinate transform: (906.01,1284.08) -> (906.01,707.92)
G1 X906.008 Y707.920
; Coordinate transform: (910.86,1292.70) -> (910.86,699.30)
G1 X910.856 Y699.300
; Coordinate transform: (914.62,1300.66) -> (914.62,691.34)
G1 X914.621 Y691.340
; Coordinate transform: (917.69,1308.48) -> (917.69,683.52)
G1 X917.691 Y683.520
; Coordinate transform: (920.41,1316.50) -> (920.41,675.50)
G1 X920.414 Y675.500
; Coordinate transform: (923.08,1324.96) -> (923.08,667.04)
G1 X923.076 Y667.040
; Coordinate transform: (926.08,1333.57) -> (926.08,658.43)
G1 X926.084 Y658.430
; Coordinate transform: (929.82,1341.91) -> (929.82,650.09)
G1 X929.821 Y650.090
; Coordinate transform: (934.69,1349.30) -> (934.69,642.70)
G1 X934.694 Y642.700
; Coordinate transform: (940.88,1355.39) -> (940.88,636.61)
G1 X940.882 Y636.610
; Coordinate transform: (948.27,1359.98) -> (948.27,632.02)
G1 X948.271 Y632.020
; Coordinate transform: (956.74,1362.80) -> (956.74,629.20)
G1 X956.744 Y629.200
; Coordinate transform: (966.18,1363.83) -> (966.18,628.17)
G1 X966.185 Y628.170
; Coordinate transform: (976.49,1363.35) -> (976.49,628.65)
G1 X976.486 Y628.650
; Coordinate transform: (987.29,1361.95) -> (987.29,630.05)
G1 X987.293 Y630.050
; Coordinate transform: (998.18,1360.35) -> (998.18,631.65)
G1 X998.184 Y631.650
; Coordinate transform: (1008.77,1359.07) -> (1008.77,632.93)
G1 X1008.770 Y632.930
; Coordinate transform: (1018.85,1358.25) -> (1018.85,633.75)
G1 X1018.850 Y633.750
; Coordinate transform: (1028.33,1357.79) -> (1028.33,634.21)
G1 X1028.330 Y634.210
; Coordinate transform: (1037.18,1357.54) -> (1037.18,634.46)
G1 X1037.180 Y634.460
; Coordinate transform: (1045.43,1357.38) -> (1045.43,634.62)
G1 X1045.430 Y634.620
; Coordinate transform: (1053.09,1357.16) -> (1053.09,634.84)
G1 X1053.090 Y634.840
; Coordinate transform: (1060.40,1356.76) -> (1060.40,635.24)
G1 X1060.400 Y635.240
; Coordinate transform: (1067.47,1356.15) -> (1067.47,635.85)
G1 X1067.470 Y635.850
; Coordinate transform: (1074.40,1355.25) -> (1074.40,636.75)
G1 X1074.400 Y636.750
; Coordinate transform: (1081.30,1354.05) -> (1081.30,637.95)
G1 X1081.300 Y637.950
; Coordinate transform: (1088.26,1352.58) -> (1088.26,639.42)
G1 X1088.260 Y639.420
M400 ; Wait for drawing to complete
; === STOP BRUSH SEQUENCE ===
; STOP BRUSH A
G4 P50 ; Short delay before stepper command
G1 U0.000 F200.0 ; Close Brush A flow
M400 ; Wait for stepper motion to complete
M106 P2 S0 ; Brush A air off
; Z already at 84.000mm, above safe threshold of 10.000mm, no need to raise
; === END STOP BRUSH SEQUENCE ===
; === PATH END ===


; Path 23/49 (id: path23)
; WIDTH: requested=117.176mm, actual=117.176mm, compensation=1.000
; Z HEIGHT: 84.000mm (min=4.0, max=84.0)
; PAINT FLOW: 0.500 (baseline=0.1, max=0.5)
; PAINT FLOW COMPONENTS: base=0.100, width=0.300, opacity=0.100
; FEEDRATE: 594.5 mm/min (z_factor=0.0259, speed_factor=0.956)
; WARNING: Requested stroke width 117.2mm exceeds machine capability.
; H.Airbrush cannot draw strokes wider than 6.6mm at 1mm/s minimum speed.
; Stroke width has been reduced to 6.6mm.
; ===== STROKE PARAMETERS =====
; Color: black
; Width: 117.18mm
; Opacity: 0.25
; Brush: brush_a (index 0)
T0 ; Select Brush A (Black)
; ===== AIRBRUSH SETTINGS =====
; Z-height: 84.00mm
; Paint flow: 0.50
; Feedrate: 594.5mm/min (includes Z scaling)
; Using brush: brush_a (tool 0)
; Path with Brush A (black) at Z=84.000mm
; Using: Air=P2, Flow=A axis
; Drawing Z height: 84.000mm, Travel Z height: 10.000mm
; Machine Z range: 0-84mm (Safe range: 5-80mm)
; === START BRUSH SEQUENCE ===
; START BRUSH A
; Z already at 84.000mm, above safe threshold of 10.000mm, no need to raise
T0 ; Select Tool 0 (Brush A)
G4 P500 ; Wait for tool change to complete
; === END BRUSH SEQUENCE ===
; Coordinate transform: (307.83,794.14) -> (307.83,1197.86)
G0 X307.827 Y1197.864 F24000
M400 ; Wait for XY movement to complete
G1 Z84.000 F1200
M400 ; Wait for Z movement to complete
; === ACTIVATE BRUSH AT POSITION ===
; AIR ON FIRST - Important to prevent dripping
M106 P2 S1 ; Brush A air on
; PAINT ON AFTER AIR
G4 P50 ; Short delay before stepper command
G1 U2.400 F200.0 ; Set Brush A flow to 2.400mm
M400 ; Wait for stepper motion to complete
; === BRUSH ACTIVATED ===
G1 F594.4557554428459
; Coordinate transform: (308.29,793.16) -> (308.29,1198.84)
G1 X308.287 Y1198.838
; Coordinate transform: (308.94,791.75) -> (308.94,1200.25)
G1 X308.940 Y1200.247
; Coordinate transform: (309.76,790.00) -> (309.76,1202.00)
G1 X309.756 Y1201.999
; Coordinate transform: (310.69,788.01) -> (310.69,1203.99)
G1 X310.690 Y1203.988
; Coordinate transform: (311.70,785.89) -> (311.70,1206.11)
G1 X311.701 Y1206.106
; Coordinate transform: (312.76,783.73) -> (312.76,1208.27)
G1 X312.759 Y1208.273
; Coordinate transform: (313.90,781.55) -> (313.90,1210.45)
G1 X313.902 Y1210.450
; Coordinate transform: (315.10,779.63) -> (315.10,1212.37)
G1 X315.098 Y1212.372
; Coordinate transform: (316.25,777.99) -> (316.25,1214.01)
G1 X316.252 Y1214.015
; Coordinate transform: (317.35,776.61) -> (317.35,1215.39)
G1 X317.348 Y1215.393
; Coordinate transform: (318.38,775.48) -> (318.38,1216.52)
G1 X318.379 Y1216.519
; Coordinate transform: (319.35,774.63) -> (319.35,1217.37)
G1 X319.353 Y1217.372
; Coordinate transform: (320.28,774.05) -> (320.28,1217.95)
G1 X320.279 Y1217.949
; Coordinate transform: (321.18,773.75) -> (321.18,1218.25)
G1 X321.177 Y1218.246
; Coordinate transform: (322.06,773.73) -> (322.06,1218.27)
G1 X322.065 Y1218.266
; Coordinate transform: (322.97,773.98) -> (322.97,1218.02)
G1 X322.974 Y1218.018
; Coordinate transform: (323.93,774.49) -> (323.93,1217.51)
G1 X323.925 Y1217.512
; Coordinate transform: (324.95,775.25) -> (324.95,1216.75)
G1 X324.950 Y1216.752
; Coordinate transform: (326.08,776.26) -> (326.08,1215.74)
G1 X326.083 Y1215.736
; Coordinate transform: (327.37,777.55) -> (327.37,1214.45)
G1 X327.369 Y1214.451
; Coordinate transform: (328.86,779.12) -> (328.86,1212.88)
G1 X328.857 Y1212.883
; Coordinate transform: (330.60,780.99) -> (330.60,1211.01)
G1 X330.601 Y1211.015
; Coordinate transform: (332.67,783.18) -> (332.67,1208.82)
G1 X332.665 Y1208.820
; Coordinate transform: (335.13,785.74) -> (335.13,1206.26)
G1 X335.130 Y1206.259
; Coordinate transform: (338.10,788.73) -> (338.10,1203.27)
G1 X338.097 Y1203.271
; Coordinate transform: (341.66,792.21) -> (341.66,1199.79)
G1 X341.662 Y1199.786
; Coordinate transform: (345.88,796.24) -> (345.88,1195.76)
G1 X345.881 Y1195.757
; Coordinate transform: (350.81,800.82) -> (350.81,1191.18)
G1 X350.807 Y1191.177
; Coordinate transform: (356.51,805.97) -> (356.51,1186.03)
G1 X356.509 Y1186.028
; Coordinate transform: (362.90,811.68) -> (362.90,1180.32)
G1 X362.900 Y1180.321
; Coordinate transform: (369.86,817.79) -> (369.86,1174.21)
G1 X369.859 Y1174.209
; Coordinate transform: (377.18,824.17) -> (377.18,1167.83)
G1 X377.180 Y1167.833
; Coordinate transform: (384.59,830.59) -> (384.59,1161.41)
G1 X384.591 Y1161.411
; Coordinate transform: (391.80,836.84) -> (391.80,1155.16)
G1 X391.800 Y1155.163
; Coordinate transform: (398.48,842.70) -> (398.48,1149.30)
G1 X398.479 Y1149.297
; Coordinate transform: (404.41,848.05) -> (404.41,1143.95)
G1 X404.412 Y1143.949
; Coordinate transform: (409.38,852.79) -> (409.38,1139.21)
G1 X409.380 Y1139.210
; Coordinate transform: (413.26,856.92) -> (413.26,1135.08)
G1 X413.256 Y1135.079
; Coordinate transform: (416.00,860.51) -> (416.00,1131.49)
G1 X416.001 Y1131.488
; Coordinate transform: (417.62,863.66) -> (417.62,1128.34)
G1 X417.621 Y1128.342
M400 ; Wait for drawing to complete
; === STOP BRUSH SEQUENCE ===
; STOP BRUSH A
G4 P50 ; Short delay before stepper command
G1 U0.000 F200.0 ; Close Brush A flow
M400 ; Wait for stepper motion to complete
M106 P2 S0 ; Brush A air off
; Z already at 84.000mm, above safe threshold of 10.000mm, no need to raise
; === END STOP BRUSH SEQUENCE ===
; === PATH END ===


; Path 24/49 (id: path24)
; WIDTH: requested=117.176mm, actual=117.176mm, compensation=1.000
; Z HEIGHT: 84.000mm (min=4.0, max=84.0)
; PAINT FLOW: 0.500 (baseline=0.1, max=0.5)
; PAINT FLOW COMPONENTS: base=0.100, width=0.300, opacity=0.100
; FEEDRATE: 594.5 mm/min (z_factor=0.0259, speed_factor=0.956)
; WARNING: Requested stroke width 117.2mm exceeds machine capability.
; H.Airbrush cannot draw strokes wider than 6.6mm at 1mm/s minimum speed.
; Stroke width has been reduced to 6.6mm.
; ===== STROKE PARAMETERS =====
; Color: black
; Width: 117.18mm
; Opacity: 0.25
; Brush: brush_a (index 0)
T0 ; Select Brush A (Black)
; ===== AIRBRUSH SETTINGS =====
; Z-height: 84.00mm
; Paint flow: 0.50
; Feedrate: 594.5mm/min (includes Z scaling)
; Using brush: brush_a (tool 0)
; Path with Brush A (black) at Z=84.000mm
; Using: Air=P2, Flow=A axis
; Drawing Z height: 84.000mm, Travel Z height: 10.000mm
; Machine Z range: 0-84mm (Safe range: 5-80mm)
; === START BRUSH SEQUENCE ===
; START BRUSH A
; Z already at 84.000mm, above safe threshold of 10.000mm, no need to raise
T0 ; Select Tool 0 (Brush A)
G4 P500 ; Wait for tool change to complete
; === END BRUSH SEQUENCE ===
; Coordinate transform: (114.11,1783.73) -> (114.11,208.27)
G0 X114.106 Y208.270 F24000
M400 ; Wait for XY movement to complete
G1 Z84.000 F1200
M400 ; Wait for Z movement to complete
; === ACTIVATE BRUSH AT POSITION ===
; AIR ON FIRST - Important to prevent dripping
M106 P2 S1 ; Brush A air on
; PAINT ON AFTER AIR
G4 P50 ; Short delay before stepper command
G1 U2.400 F200.0 ; Set Brush A flow to 2.400mm
M400 ; Wait for stepper motion to complete
; === BRUSH ACTIVATED ===
G1 F594.4557554428459
; Coordinate transform: (118.15,1784.91) -> (118.15,207.09)
G1 X118.149 Y207.090
; Coordinate transform: (123.00,1786.80) -> (123.00,205.20)
G1 X122.998 Y205.200
; Coordinate transform: (127.93,1789.37) -> (127.93,202.63)
G1 X127.934 Y202.630
; Coordinate transform: (132.28,1792.52) -> (132.28,199.48)
G1 X132.277 Y199.480
; Coordinate transform: (135.53,1796.07) -> (135.53,195.93)
G1 X135.525 Y195.930
; Coordinate transform: (137.72,1799.79) -> (137.72,192.21)
G1 X137.723 Y192.210
; Coordinate transform: (138.94,1803.45) -> (138.94,188.55)
G1 X138.939 Y188.550
; Coordinate transform: (139.24,1806.93) -> (139.24,185.07)
G1 X139.236 Y185.070
; Coordinate transform: (138.66,1810.21) -> (138.66,181.79)
G1 X138.660 Y181.790
; Coordinate transform: (137.25,1813.29) -> (137.25,178.71)
G1 X137.255 Y178.710
; Coordinate transform: (135.05,1816.17) -> (135.05,175.83)
G1 X135.048 Y175.830
; Coordinate transform: (132.05,1818.91) -> (132.05,173.09)
G1 X132.047 Y173.090
; Coordinate transform: (128.27,1821.74) -> (128.27,170.26)
G1 X128.270 Y170.260
; Coordinate transform: (124.24,1824.89) -> (124.24,167.11)
G1 X124.239 Y167.110
; Coordinate transform: (120.49,1828.58) -> (120.49,163.42)
G1 X120.491 Y163.420
; Coordinate transform: (117.48,1833.00) -> (117.48,159.00)
G1 X117.484 Y159.000
; Coordinate transform: (115.58,1838.32) -> (115.58,153.68)
G1 X115.576 Y153.680
; Coordinate transform: (115.05,1844.64) -> (115.05,147.36)
G1 X115.045 Y147.360
; Coordinate transform: (116.00,1852.17) -> (116.00,139.83)
G1 X116.001 Y139.830
; Coordinate transform: (118.30,1860.71) -> (118.30,131.29)
G1 X118.295 Y131.290
; Coordinate transform: (121.65,1869.93) -> (121.65,122.07)
G1 X121.651 Y122.070
; Coordinate transform: (125.58,1878.73) -> (125.58,113.27)
G1 X125.580 Y113.270
; Coordinate transform: (129.68,1885.93) -> (129.68,106.07)
G1 X129.677 Y106.070
; Coordinate transform: (133.64,1890.53) -> (133.64,101.47)
G1 X133.637 Y101.470
; Coordinate transform: (137.43,1892.15) -> (137.43,99.85)
G1 X137.428 Y99.850
; Coordinate transform: (141.22,1890.92) -> (141.22,101.08)
G1 X141.219 Y101.080
; Coordinate transform: (145.21,1886.90) -> (145.21,105.10)
G1 X145.206 Y105.100
; Coordinate transform: (149.62,1880.41) -> (149.62,111.59)
G1 X149.621 Y111.590
; Coordinate transform: (154.49,1872.36) -> (154.49,119.64)
G1 X154.486 Y119.640
; Coordinate transform: (159.65,1863.93) -> (159.65,128.07)
G1 X159.654 Y128.070
; Coordinate transform: (164.92,1856.42) -> (164.92,135.58)
G1 X164.921 Y135.580
; Coordinate transform: (170.21,1850.41) -> (170.21,141.59)
G1 X170.207 Y141.590
; Coordinate transform: (175.56,1845.84) -> (175.56,146.16)
G1 X175.558 Y146.160
; Coordinate transform: (181.06,1842.54) -> (181.06,149.46)
G1 X181.061 Y149.460
; Coordinate transform: (186.73,1840.08) -> (186.73,151.92)
G1 X186.726 Y151.920
; Coordinate transform: (192.55,1838.12) -> (192.55,153.88)
G1 X192.554 Y153.880
; Coordinate transform: (198.52,1836.41) -> (198.52,155.59)
G1 X198.516 Y155.590
; Coordinate transform: (204.52,1834.76) -> (204.52,157.24)
G1 X204.523 Y157.240
; Coordinate transform: (210.50,1833.04) -> (210.50,158.96)
G1 X210.503 Y158.960
; Coordinate transform: (216.36,1831.24) -> (216.36,160.76)
G1 X216.362 Y160.760
; Coordinate transform: (222.02,1829.37) -> (222.02,162.63)
G1 X222.016 Y162.630
; Coordinate transform: (227.28,1827.45) -> (227.28,164.55)
G1 X227.279 Y164.550
M400 ; Wait for drawing to complete
; === STOP BRUSH SEQUENCE ===
; STOP BRUSH A
G4 P50 ; Short delay before stepper command
G1 U0.000 F200.0 ; Close Brush A flow
M400 ; Wait for stepper motion to complete
M106 P2 S0 ; Brush A air off
; Z already at 84.000mm, above safe threshold of 10.000mm, no need to raise
; === END STOP BRUSH SEQUENCE ===
; === PATH END ===


; Path 25/49 (id: path25)
; WIDTH: requested=117.176mm, actual=117.176mm, compensation=1.000
; Z HEIGHT: 84.000mm (min=4.0, max=84.0)
; PAINT FLOW: 0.500 (baseline=0.1, max=0.5)
; PAINT FLOW COMPONENTS: base=0.100, width=0.300, opacity=0.100
; FEEDRATE: 594.5 mm/min (z_factor=0.0259, speed_factor=0.956)
; WARNING: Requested stroke width 117.2mm exceeds machine capability.
; H.Airbrush cannot draw strokes wider than 6.6mm at 1mm/s minimum speed.
; Stroke width has been reduced to 6.6mm.
; ===== STROKE PARAMETERS =====
; Color: black
; Width: 117.18mm
; Opacity: 0.25
; Brush: brush_a (index 0)
T0 ; Select Brush A (Black)
; ===== AIRBRUSH SETTINGS =====
; Z-height: 84.00mm
; Paint flow: 0.50
; Feedrate: 594.5mm/min (includes Z scaling)
; Using brush: brush_a (tool 0)
; Path with Brush A (black) at Z=84.000mm
; Using: Air=P2, Flow=A axis
; Drawing Z height: 84.000mm, Travel Z height: 10.000mm
; Machine Z range: 0-84mm (Safe range: 5-80mm)
; === START BRUSH SEQUENCE ===
; START BRUSH A
; Z already at 84.000mm, above safe threshold of 10.000mm, no need to raise
T0 ; Select Tool 0 (Brush A)
G4 P500 ; Wait for tool change to complete
; === END BRUSH SEQUENCE ===
; Coordinate transform: (420.90,340.19) -> (420.90,1651.81)
G0 X420.900 Y1651.805 F24000
M400 ; Wait for XY movement to complete
G1 Z84.000 F1200
M400 ; Wait for Z movement to complete
; === ACTIVATE BRUSH AT POSITION ===
; AIR ON FIRST - Important to prevent dripping
M106 P2 S1 ; Brush A air on
; PAINT ON AFTER AIR
G4 P50 ; Short delay before stepper command
G1 U2.400 F200.0 ; Set Brush A flow to 2.400mm
M400 ; Wait for stepper motion to complete
; === BRUSH ACTIVATED ===
G1 F594.4557554428459
; Coordinate transform: (420.55,339.43) -> (420.55,1652.57)
G1 X420.550 Y1652.571
; Coordinate transform: (420.05,338.28) -> (420.05,1653.72)
G1 X420.048 Y1653.716
; Coordinate transform: (419.38,336.81) -> (419.38,1655.19)
G1 X419.380 Y1655.189
; Coordinate transform: (418.53,335.05) -> (418.53,1656.95)
G1 X418.533 Y1656.947
; Coordinate transform: (417.49,333.05) -> (417.49,1658.95)
G1 X417.486 Y1658.953
; Coordinate transform: (416.20,330.82) -> (416.20,1661.18)
G1 X416.202 Y1661.177
; Coordinate transform: (414.65,328.40) -> (414.65,1663.60)
G1 X414.646 Y1663.599
; Coordinate transform: (412.78,325.79) -> (412.78,1666.21)
G1 X412.778 Y1666.213
; Coordinate transform: (410.55,322.98) -> (410.55,1669.02)
G1 X410.548 Y1669.019
; Coordinate transform: (407.89,319.96) -> (407.89,1672.04)
G1 X407.895 Y1672.038
; Coordinate transform: (404.78,316.72) -> (404.78,1675.28)
G1 X404.781 Y1675.279
; Coordinate transform: (401.17,313.23) -> (401.17,1678.77)
G1 X401.167 Y1678.767
; Coordinate transform: (397.00,309.46) -> (397.00,1682.54)
G1 X397.005 Y1682.535
; Coordinate transform: (392.24,305.37) -> (392.24,1686.63)
G1 X392.241 Y1686.626
; Coordinate transform: (386.88,300.96) -> (386.88,1691.04)
G1 X386.878 Y1691.041
; Coordinate transform: (380.97,296.25) -> (380.97,1695.75)
G1 X380.974 Y1695.746
; Coordinate transform: (374.60,291.30) -> (374.60,1700.70)
G1 X374.595 Y1700.705
; Coordinate transform: (367.96,286.18) -> (367.96,1705.82)
G1 X367.964 Y1705.819
; Coordinate transform: (361.32,281.05) -> (361.32,1710.95)
G1 X361.316 Y1710.951
; Coordinate transform: (354.91,276.02) -> (354.91,1715.98)
G1 X354.907 Y1715.984
; Coordinate transform: (349.02,271.22) -> (349.02,1720.78)
G1 X349.022 Y1720.780
; Coordinate transform: (343.87,266.76) -> (343.87,1725.24)
G1 X343.871 Y1725.240
; Coordinate transform: (339.62,262.70) -> (339.62,1729.30)
G1 X339.625 Y1729.296
; Coordinate transform: (336.41,259.06) -> (336.41,1732.93)
G1 X336.411 Y1732.935
; Coordinate transform: (334.30,255.83) -> (334.30,1736.17)
G1 X334.295 Y1736.167
; Coordinate transform: (333.28,252.99) -> (333.28,1739.01)
G1 X333.278 Y1739.014
; Coordinate transform: (333.34,250.47) -> (333.34,1741.53)
G1 X333.339 Y1741.533
; Coordinate transform: (334.45,248.21) -> (334.45,1743.79)
G1 X334.450 Y1743.789
; Coordinate transform: (336.57,246.15) -> (336.57,1745.85)
G1 X336.566 Y1745.852
; Coordinate transform: (339.62,244.21) -> (339.62,1747.79)
G1 X339.621 Y1747.790
; Coordinate transform: (343.52,242.36) -> (343.52,1749.64)
G1 X343.522 Y1749.637
; Coordinate transform: (348.18,240.58) -> (348.18,1751.42)
G1 X348.183 Y1751.420
; Coordinate transform: (353.51,238.84) -> (353.51,1753.16)
G1 X353.513 Y1753.162
; Coordinate transform: (359.42,237.13) -> (359.42,1754.87)
G1 X359.420 Y1754.868
; Coordinate transform: (365.79,235.48) -> (365.79,1756.52)
G1 X365.792 Y1756.517
; Coordinate transform: (372.54,233.91) -> (372.54,1758.09)
G1 X372.543 Y1758.093
; Coordinate transform: (379.54,232.43) -> (379.54,1759.57)
G1 X379.537 Y1759.569
; Coordinate transform: (386.68,231.08) -> (386.68,1760.92)
G1 X386.680 Y1760.917
; Coordinate transform: (393.90,229.87) -> (393.90,1762.13)
G1 X393.898 Y1762.131
; Coordinate transform: (401.15,228.79) -> (401.15,1763.21)
G1 X401.146 Y1763.210
; Coordinate transform: (408.42,227.82) -> (408.42,1764.18)
G1 X408.415 Y1764.182
; Coordinate transform: (415.72,226.93) -> (415.72,1765.07)
G1 X415.723 Y1765.067
; Coordinate transform: (423.07,226.12) -> (423.07,1765.88)
G1 X423.071 Y1765.883
; Coordinate transform: (430.48,225.35) -> (430.48,1766.65)
G1 X430.476 Y1766.647
; Coordinate transform: (437.92,224.63) -> (437.92,1767.37)
G1 X437.915 Y1767.365
; Coordinate transform: (445.38,223.97) -> (445.38,1768.03)
G1 X445.375 Y1768.025
; Coordinate transform: (452.81,223.41) -> (452.81,1768.59)
G1 X452.811 Y1768.592
; Coordinate transform: (460.19,223.00) -> (460.19,1769.00)
G1 X460.193 Y1769.004
M400 ; Wait for drawing to complete
; === STOP BRUSH SEQUENCE ===
; STOP BRUSH A
G4 P50 ; Short delay before stepper command
G1 U0.000 F200.0 ; Close Brush A flow
M400 ; Wait for stepper motion to complete
M106 P2 S0 ; Brush A air off
; Z already at 84.000mm, above safe threshold of 10.000mm, no need to raise
; === END STOP BRUSH SEQUENCE ===
; === PATH END ===


; Path 26/49 (id: path26)
; WIDTH: requested=117.176mm, actual=117.176mm, compensation=1.000
; Z HEIGHT: 84.000mm (min=4.0, max=84.0)
; PAINT FLOW: 0.500 (baseline=0.1, max=0.5)
; PAINT FLOW COMPONENTS: base=0.100, width=0.300, opacity=0.100
; FEEDRATE: 594.5 mm/min (z_factor=0.0259, speed_factor=0.956)
; WARNING: Requested stroke width 117.2mm exceeds machine capability.
; H.Airbrush cannot draw strokes wider than 6.6mm at 1mm/s minimum speed.
; Stroke width has been reduced to 6.6mm.
; ===== STROKE PARAMETERS =====
; Color: black
; Width: 117.18mm
; Opacity: 0.25
; Brush: brush_a (index 0)
T0 ; Select Brush A (Black)
; ===== AIRBRUSH SETTINGS =====
; Z-height: 84.00mm
; Paint flow: 0.50
; Feedrate: 594.5mm/min (includes Z scaling)
; Using brush: brush_a (tool 0)
; Path with Brush A (black) at Z=84.000mm
; Using: Air=P2, Flow=A axis
; Drawing Z height: 84.000mm, Travel Z height: 10.000mm
; Machine Z range: 0-84mm (Safe range: 5-80mm)
; === START BRUSH SEQUENCE ===
; START BRUSH A
; Z already at 84.000mm, above safe threshold of 10.000mm, no need to raise
T0 ; Select Tool 0 (Brush A)
G4 P500 ; Wait for tool change to complete
; === END BRUSH SEQUENCE ===
; Coordinate transform: (1605.61,920.43) -> (1605.61,1071.57)
G0 X1605.610 Y1071.573 F24000
M400 ; Wait for XY movement to complete
G1 Z84.000 F1200
M400 ; Wait for Z movement to complete
; === ACTIVATE BRUSH AT POSITION ===
; AIR ON FIRST - Important to prevent dripping
M106 P2 S1 ; Brush A air on
; PAINT ON AFTER AIR
G4 P50 ; Short delay before stepper command
G1 U2.400 F200.0 ; Set Brush A flow to 2.400mm
M400 ; Wait for stepper motion to complete
; === BRUSH ACTIVATED ===
G1 F594.4557554428459
; Coordinate transform: (1605.69,922.78) -> (1605.69,1069.22)
G1 X1605.690 Y1069.217
; Coordinate transform: (1606.04,925.59) -> (1606.04,1066.41)
G1 X1606.040 Y1066.407
; Coordinate transform: (1606.72,928.53) -> (1606.72,1063.47)
G1 X1606.720 Y1063.472
; Coordinate transform: (1607.81,931.27) -> (1607.81,1060.73)
G1 X1607.810 Y1060.734
; Coordinate transform: (1609.34,933.54) -> (1609.34,1058.46)
G1 X1609.340 Y1058.464
; Coordinate transform: (1611.36,935.12) -> (1611.36,1056.88)
G1 X1611.360 Y1056.880
; Coordinate transform: (1613.91,935.88) -> (1613.91,1056.12)
G1 X1613.910 Y1056.119
; Coordinate transform: (1616.96,935.78) -> (1616.96,1056.22)
G1 X1616.960 Y1056.223
; Coordinate transform: (1620.48,934.88) -> (1620.48,1057.12)
G1 X1620.480 Y1057.116
; Coordinate transform: (1624.44,933.38) -> (1624.44,1058.62)
G1 X1624.440 Y1058.625
; Coordinate transform: (1628.85,931.50) -> (1628.85,1060.50)
G1 X1628.850 Y1060.501
; Coordinate transform: (1633.71,929.50) -> (1633.71,1062.50)
G1 X1633.710 Y1062.497
; Coordinate transform: (1639.05,927.58) -> (1639.05,1064.42)
G1 X1639.050 Y1064.425
; Coordinate transform: (1644.95,925.84) -> (1644.95,1066.16)
G1 X1644.950 Y1066.158
; Coordinate transform: (1651.15,924.31) -> (1651.15,1067.69)
G1 X1651.150 Y1067.689
; Coordinate transform: (1657.32,922.89) -> (1657.32,1069.11)
G1 X1657.320 Y1069.107
; Coordinate transform: (1663.00,921.43) -> (1663.00,1070.57)
G1 X1663.000 Y1070.571
; Coordinate transform: (1667.70,919.69) -> (1667.70,1072.31)
G1 X1667.700 Y1072.308
; Coordinate transform: (1671.10,917.46) -> (1671.10,1074.54)
G1 X1671.100 Y1074.544
; Coordinate transform: (1673.13,914.53) -> (1673.13,1077.47)
G1 X1673.130 Y1077.465
; Coordinate transform: (1673.89,910.79) -> (1673.89,1081.21)
G1 X1673.890 Y1081.206
; Coordinate transform: (1673.61,906.12) -> (1673.61,1085.88)
G1 X1673.610 Y1085.884
; Coordinate transform: (1672.57,900.44) -> (1672.57,1091.56)
G1 X1672.570 Y1091.558
; Coordinate transform: (1671.12,893.75) -> (1671.12,1098.24)
G1 X1671.120 Y1098.245
; Coordinate transform: (1669.69,885.97) -> (1669.69,1106.03)
G1 X1669.690 Y1106.027
; Coordinate transform: (1668.52,877.13) -> (1668.52,1114.87)
G1 X1668.520 Y1114.873
; Coordinate transform: (1667.89,867.26) -> (1667.89,1124.74)
G1 X1667.890 Y1124.740
; Coordinate transform: (1667.77,856.64) -> (1667.77,1135.36)
G1 X1667.770 Y1135.355
; Coordinate transform: (1667.94,845.72) -> (1667.94,1146.28)
G1 X1667.940 Y1146.282
; Coordinate transform: (1668.11,834.93) -> (1668.11,1157.07)
G1 X1668.110 Y1157.066
; Coordinate transform: (1668.12,824.59) -> (1668.12,1167.41)
G1 X1668.120 Y1167.409
; Coordinate transform: (1668.08,815.16) -> (1668.08,1176.84)
G1 X1668.080 Y1176.837
; Coordinate transform: (1668.10,806.99) -> (1668.10,1185.01)
G1 X1668.100 Y1185.011
; Coordinate transform: (1668.28,800.29) -> (1668.28,1191.71)
G1 X1668.280 Y1191.708
; Coordinate transform: (1668.62,795.01) -> (1668.62,1196.99)
G1 X1668.620 Y1196.986
; Coordinate transform: (1669.17,791.04) -> (1669.17,1200.96)
G1 X1669.170 Y1200.961
; Coordinate transform: (1669.94,788.26) -> (1669.94,1203.74)
G1 X1669.940 Y1203.743
; Coordinate transform: (1670.91,786.54) -> (1670.91,1205.46)
G1 X1670.910 Y1205.458
; Coordinate transform: (1672.10,785.79) -> (1672.10,1206.21)
G1 X1672.100 Y1206.210
M400 ; Wait for drawing to complete
; === STOP BRUSH SEQUENCE ===
; STOP BRUSH A
G4 P50 ; Short delay before stepper command
G1 U0.000 F200.0 ; Close Brush A flow
M400 ; Wait for stepper motion to complete
M106 P2 S0 ; Brush A air off
; Z already at 84.000mm, above safe threshold of 10.000mm, no need to raise
; === END STOP BRUSH SEQUENCE ===
; === PATH END ===


; Path 27/49 (id: path27)
; WIDTH: requested=117.176mm, actual=117.176mm, compensation=1.000
; Z HEIGHT: 84.000mm (min=4.0, max=84.0)
; PAINT FLOW: 0.500 (baseline=0.1, max=0.5)
; PAINT FLOW COMPONENTS: base=0.100, width=0.300, opacity=0.100
; FEEDRATE: 594.5 mm/min (z_factor=0.0259, speed_factor=0.956)
; WARNING: Requested stroke width 117.2mm exceeds machine capability.
; H.Airbrush cannot draw strokes wider than 6.6mm at 1mm/s minimum speed.
; Stroke width has been reduced to 6.6mm.
; ===== STROKE PARAMETERS =====
; Color: black
; Width: 117.18mm
; Opacity: 0.25
; Brush: brush_a (index 0)
T0 ; Select Brush A (Black)
; ===== AIRBRUSH SETTINGS =====
; Z-height: 84.00mm
; Paint flow: 0.50
; Feedrate: 594.5mm/min (includes Z scaling)
; Using brush: brush_a (tool 0)
; Path with Brush A (black) at Z=84.000mm
; Using: Air=P2, Flow=A axis
; Drawing Z height: 84.000mm, Travel Z height: 10.000mm
; Machine Z range: 0-84mm (Safe range: 5-80mm)
; === START BRUSH SEQUENCE ===
; START BRUSH A
; Z already at 84.000mm, above safe threshold of 10.000mm, no need to raise
T0 ; Select Tool 0 (Brush A)
G4 P500 ; Wait for tool change to complete
; === END BRUSH SEQUENCE ===
; Coordinate transform: (1757.18,220.08) -> (1757.18,1771.92)
G0 X1757.180 Y1771.917 F24000
M400 ; Wait for XY movement to complete
G1 Z84.000 F1200
M400 ; Wait for Z movement to complete
; === ACTIVATE BRUSH AT POSITION ===
; AIR ON FIRST - Important to prevent dripping
M106 P2 S1 ; Brush A air on
; PAINT ON AFTER AIR
G4 P50 ; Short delay before stepper command
G1 U2.400 F200.0 ; Set Brush A flow to 2.400mm
M400 ; Wait for stepper motion to complete
; === BRUSH ACTIVATED ===
G1 F594.4557554428459
; Coordinate transform: (1756.44,220.73) -> (1756.44,1771.27)
G1 X1756.440 Y1771.274
; Coordinate transform: (1755.53,221.58) -> (1755.53,1770.42)
G1 X1755.530 Y1770.422
; Coordinate transform: (1754.54,222.57) -> (1754.54,1769.43)
G1 X1754.540 Y1769.433
; Coordinate transform: (1753.57,223.69) -> (1753.57,1768.31)
G1 X1753.570 Y1768.313
; Coordinate transform: (1752.81,224.85) -> (1752.81,1767.15)
G1 X1752.810 Y1767.154
; Coordinate transform: (1752.27,225.95) -> (1752.27,1766.05)
G1 X1752.270 Y1766.047
; Coordinate transform: (1752.01,226.97) -> (1752.01,1765.03)
G1 X1752.010 Y1765.029
; Coordinate transform: (1752.07,227.89) -> (1752.07,1764.11)
G1 X1752.070 Y1764.114
; Coordinate transform: (1752.46,228.70) -> (1752.46,1763.30)
G1 X1752.460 Y1763.304
; Coordinate transform: (1753.17,229.42) -> (1753.17,1762.58)
G1 X1753.170 Y1762.578
; Coordinate transform: (1754.16,230.09) -> (1754.16,1761.91)
G1 X1754.160 Y1761.909
; Coordinate transform: (1755.38,230.75) -> (1755.38,1761.25)
G1 X1755.380 Y1761.252
; Coordinate transform: (1756.79,231.44) -> (1756.79,1760.56)
G1 X1756.790 Y1760.561
; Coordinate transform: (1758.31,232.22) -> (1758.31,1759.78)
G1 X1758.310 Y1759.777
; Coordinate transform: (1759.91,233.16) -> (1759.91,1758.84)
G1 X1759.910 Y1758.843
; Coordinate transform: (1761.60,234.28) -> (1761.60,1757.72)
G1 X1761.600 Y1757.723
; Coordinate transform: (1763.40,235.63) -> (1763.40,1756.37)
G1 X1763.400 Y1756.365
; Coordinate transform: (1765.33,237.28) -> (1765.33,1754.72)
G1 X1765.330 Y1754.718
; Coordinate transform: (1767.42,239.28) -> (1767.42,1752.72)
G1 X1767.420 Y1752.720
; Coordinate transform: (1769.69,241.71) -> (1769.69,1750.29)
G1 X1769.690 Y1750.292
; Coordinate transform: (1772.15,244.67) -> (1772.15,1747.33)
G1 X1772.150 Y1747.332
; Coordinate transform: (1774.81,248.29) -> (1774.81,1743.70)
G1 X1774.810 Y1743.705
; Coordinate transform: (1777.74,252.70) -> (1777.74,1739.30)
G1 X1777.740 Y1739.298
; Coordinate transform: (1781.00,257.96) -> (1781.00,1734.04)
G1 X1781.000 Y1734.040
; Coordinate transform: (1784.64,264.16) -> (1784.64,1727.84)
G1 X1784.640 Y1727.836
; Coordinate transform: (1788.67,271.44) -> (1788.67,1720.56)
G1 X1788.670 Y1720.564
; Coordinate transform: (1793.06,279.77) -> (1793.06,1712.23)
G1 X1793.060 Y1712.234
; Coordinate transform: (1797.77,289.12) -> (1797.77,1702.88)
G1 X1797.770 Y1702.885
; Coordinate transform: (1802.75,299.32) -> (1802.75,1692.68)
G1 X1802.750 Y1692.684
; Coordinate transform: (1807.87,310.15) -> (1807.87,1681.85)
G1 X1807.870 Y1681.854
; Coordinate transform: (1813.00,321.32) -> (1813.00,1670.68)
G1 X1813.000 Y1670.684
; Coordinate transform: (1817.96,332.55) -> (1817.96,1659.45)
G1 X1817.960 Y1659.447
; Coordinate transform: (1822.55,343.68) -> (1822.55,1648.32)
G1 X1822.550 Y1648.320
; Coordinate transform: (1826.60,354.61) -> (1826.60,1637.39)
G1 X1826.600 Y1637.387
; Coordinate transform: (1829.97,365.41) -> (1829.97,1626.59)
G1 X1829.970 Y1626.587
; Coordinate transform: (1832.54,376.27) -> (1832.54,1615.73)
G1 X1832.540 Y1615.732
; Coordinate transform: (1834.27,387.37) -> (1834.27,1604.63)
G1 X1834.270 Y1604.634
; Coordinate transform: (1835.19,398.83) -> (1835.19,1593.17)
G1 X1835.190 Y1593.173
; Coordinate transform: (1835.30,410.64) -> (1835.30,1581.36)
G1 X1835.300 Y1581.356
; Coordinate transform: (1834.59,422.62) -> (1834.59,1569.38)
G1 X1834.590 Y1569.378
; Coordinate transform: (1833.00,434.35) -> (1833.00,1557.65)
G1 X1833.000 Y1557.651
; Coordinate transform: (1830.38,445.38) -> (1830.38,1546.62)
G1 X1830.380 Y1546.624
; Coordinate transform: (1826.52,455.38) -> (1826.52,1536.62)
G1 X1826.520 Y1536.616
; Coordinate transform: (1821.27,464.21) -> (1821.27,1527.79)
G1 X1821.270 Y1527.785
; Coordinate transform: (1814.46,471.89) -> (1814.46,1520.11)
G1 X1814.460 Y1520.107
; Coordinate transform: (1806.03,478.48) -> (1806.03,1513.53)
G1 X1806.030 Y1513.525
; Coordinate transform: (1796.46,483.96) -> (1796.46,1508.04)
G1 X1796.460 Y1508.044
; Coordinate transform: (1786.19,488.31) -> (1786.19,1503.69)
G1 X1786.190 Y1503.690
; Coordinate transform: (1775.50,491.59) -> (1775.50,1500.41)
G1 X1775.500 Y1500.414
; Coordinate transform: (1764.47,494.09) -> (1764.47,1497.91)
G1 X1764.470 Y1497.907
; Coordinate transform: (1753.20,496.24) -> (1753.20,1495.76)
G1 X1753.200 Y1495.759
; Coordinate transform: (1741.73,498.43) -> (1741.73,1493.57)
G1 X1741.730 Y1493.569
; Coordinate transform: (1729.99,500.98) -> (1729.99,1491.02)
G1 X1729.990 Y1491.021
; Coordinate transform: (1718.39,503.97) -> (1718.39,1488.03)
G1 X1718.390 Y1488.034
; Coordinate transform: (1707.45,507.33) -> (1707.45,1484.67)
G1 X1707.450 Y1484.674
; Coordinate transform: (1697.45,510.95) -> (1697.45,1481.05)
G1 X1697.450 Y1481.046
; Coordinate transform: (1688.41,514.72) -> (1688.41,1477.28)
G1 X1688.410 Y1477.278
; Coordinate transform: (1680.16,518.55) -> (1680.16,1473.45)
G1 X1680.160 Y1473.451
; Coordinate transform: (1672.48,522.50) -> (1672.48,1469.50)
G1 X1672.480 Y1469.502
; Coordinate transform: (1665.11,526.76) -> (1665.11,1465.24)
G1 X1665.110 Y1465.238
; Coordinate transform: (1657.88,531.57) -> (1657.88,1460.43)
G1 X1657.880 Y1460.427
; Coordinate transform: (1650.72,537.01) -> (1650.72,1454.99)
G1 X1650.720 Y1454.985
; Coordinate transform: (1643.74,543.00) -> (1643.74,1449.00)
G1 X1643.740 Y1448.999
; Coordinate transform: (1637.16,549.28) -> (1637.16,1442.72)
G1 X1637.160 Y1442.722
; Coordinate transform: (1631.27,555.42) -> (1631.27,1436.58)
G1 X1631.270 Y1436.577
; Coordinate transform: (1626.33,561.12) -> (1626.33,1430.88)
G1 X1626.330 Y1430.881
; Coordinate transform: (1622.44,566.37) -> (1622.44,1425.63)
G1 X1622.440 Y1425.630
; Coordinate transform: (1619.61,571.37) -> (1619.61,1420.63)
G1 X1619.610 Y1420.627
; Coordinate transform: (1617.78,576.41) -> (1617.78,1415.59)
G1 X1617.780 Y1415.594
; Coordinate transform: (1616.81,581.95) -> (1616.81,1410.05)
G1 X1616.810 Y1410.047
; Coordinate transform: (1616.56,588.54) -> (1616.56,1403.45)
G1 X1616.560 Y1403.455
; Coordinate transform: (1616.87,596.62) -> (1616.87,1395.38)
G1 X1616.870 Y1395.385
; Coordinate transform: (1617.60,606.35) -> (1617.60,1385.65)
G1 X1617.600 Y1385.649
; Coordinate transform: (1618.62,617.73) -> (1618.62,1374.27)
G1 X1618.620 Y1374.270
; Coordinate transform: (1619.86,630.47) -> (1619.86,1361.53)
G1 X1619.860 Y1361.535
; Coordinate transform: (1621.27,643.92) -> (1621.27,1348.08)
G1 X1621.270 Y1348.084
; Coordinate transform: (1622.74,657.14) -> (1622.74,1334.86)
G1 X1622.740 Y1334.863
; Coordinate transform: (1624.13,669.51) -> (1624.13,1322.49)
G1 X1624.130 Y1322.486
; Coordinate transform: (1625.31,681.12) -> (1625.31,1310.88)
G1 X1625.310 Y1310.880
; Coordinate transform: (1626.14,691.90) -> (1626.14,1300.10)
G1 X1626.140 Y1300.104
; Coordinate transform: (1626.40,701.65) -> (1626.40,1290.35)
G1 X1626.400 Y1290.345
; Coordinate transform: (1625.85,710.24) -> (1625.85,1281.76)
G1 X1625.850 Y1281.760
; Coordinate transform: (1624.28,717.85) -> (1624.28,1274.15)
G1 X1624.280 Y1274.155
; Coordinate transform: (1621.47,724.70) -> (1621.47,1267.30)
G1 X1621.470 Y1267.299
; Coordinate transform: (1617.43,730.81) -> (1617.43,1261.19)
G1 X1617.430 Y1261.194
; Coordinate transform: (1612.19,736.12) -> (1612.19,1255.88)
G1 X1612.190 Y1255.884
; Coordinate transform: (1605.83,740.63) -> (1605.83,1251.37)
G1 X1605.830 Y1251.366
; Coordinate transform: (1598.47,744.43) -> (1598.47,1247.57)
G1 X1598.470 Y1247.571
; Coordinate transform: (1590.27,747.62) -> (1590.27,1244.38)
G1 X1590.270 Y1244.375
; Coordinate transform: (1581.57,750.36) -> (1581.57,1241.64)
G1 X1581.570 Y1241.637
; Coordinate transform: (1572.80,752.62) -> (1572.80,1239.38)
G1 X1572.800 Y1239.379
; Coordinate transform: (1564.24,754.31) -> (1564.24,1237.69)
G1 X1564.240 Y1237.689
; Coordinate transform: (1555.90,755.45) -> (1555.90,1236.55)
G1 X1555.900 Y1236.547
; Coordinate transform: (1547.47,756.33) -> (1547.47,1235.67)
G1 X1547.470 Y1235.667
; Coordinate transform: (1538.73,757.34) -> (1538.73,1234.66)
G1 X1538.730 Y1234.663
; Coordinate transform: (1529.56,758.95) -> (1529.56,1233.05)
G1 X1529.560 Y1233.054
; Coordinate transform: (1519.97,761.37) -> (1519.97,1230.63)
G1 X1519.970 Y1230.635
; Coordinate transform: (1509.98,764.71) -> (1509.98,1227.29)
G1 X1509.980 Y1227.289
; Coordinate transform: (1499.44,768.95) -> (1499.44,1223.05)
G1 X1499.440 Y1223.054
; Coordinate transform: (1488.40,774.11) -> (1488.40,1217.89)
G1 X1488.400 Y1217.889
; Coordinate transform: (1477.15,780.27) -> (1477.15,1211.73)
G1 X1477.150 Y1211.726
; Coordinate transform: (1466.27,787.22) -> (1466.27,1204.78)
G1 X1466.270 Y1204.777
; Coordinate transform: (1456.33,794.69) -> (1456.33,1197.31)
G1 X1456.330 Y1197.311
; Coordinate transform: (1447.18,802.52) -> (1447.18,1189.48)
G1 X1447.180 Y1189.480
; Coordinate transform: (1438.44,810.75) -> (1438.44,1181.25)
G1 X1438.440 Y1181.253
; Coordinate transform: (1429.67,819.54) -> (1429.67,1172.46)
G1 X1429.670 Y1172.464
; Coordinate transform: (1420.99,828.91) -> (1420.99,1163.09)
G1 X1420.990 Y1163.085
; Coordinate transform: (1412.77,838.40) -> (1412.77,1153.60)
G1 X1412.770 Y1153.601
; Coordinate transform: (1405.06,847.58) -> (1405.06,1144.42)
G1 X1405.060 Y1144.418
; Coordinate transform: (1397.90,856.39) -> (1397.90,1135.61)
G1 X1397.900 Y1135.612
; Coordinate transform: (1391.31,864.87) -> (1391.31,1127.13)
G1 X1391.310 Y1127.126
; Coordinate transform: (1385.31,873.14) -> (1385.31,1118.86)
G1 X1385.310 Y1118.858
; Coordinate transform: (1379.90,881.33) -> (1379.90,1110.67)
G1 X1379.900 Y1110.672
; Coordinate transform: (1374.98,889.57) -> (1374.98,1102.43)
G1 X1374.980 Y1102.431
; Coordinate transform: (1370.37,898.02) -> (1370.37,1093.98)
G1 X1370.370 Y1093.981
; Coordinate transform: (1365.92,906.83) -> (1365.92,1085.17)
G1 X1365.920 Y1085.172
; Coordinate transform: (1361.49,916.14) -> (1361.49,1075.86)
G1 X1361.490 Y1075.855
; Coordinate transform: (1356.95,926.13) -> (1356.95,1065.87)
G1 X1356.950 Y1065.871
; Coordinate transform: (1352.22,936.88) -> (1352.22,1055.12)
G1 X1352.220 Y1055.115
; Coordinate transform: (1347.29,948.36) -> (1347.29,1043.64)
G1 X1347.290 Y1043.638
; Coordinate transform: (1342.26,960.36) -> (1342.26,1031.64)
G1 X1342.260 Y1031.636
; Coordinate transform: (1337.25,972.67) -> (1337.25,1019.33)
G1 X1337.250 Y1019.329
; Coordinate transform: (1332.29,985.12) -> (1332.29,1006.88)
G1 X1332.290 Y1006.876
; Coordinate transform: (1327.44,997.63) -> (1327.44,994.37)
G1 X1327.440 Y994.366
; Coordinate transform: (1322.73,1010.21) -> (1322.73,981.79)
G1 X1322.730 Y981.790
; Coordinate transform: (1318.10,1022.83) -> (1318.10,969.17)
G1 X1318.100 Y969.170
; Coordinate transform: (1313.40,1035.54) -> (1313.40,956.46)
G1 X1313.400 Y956.460
; Coordinate transform: (1308.55,1048.26) -> (1308.55,943.74)
G1 X1308.550 Y943.740
; Coordinate transform: (1303.53,1060.84) -> (1303.53,931.16)
G1 X1303.530 Y931.160
; Coordinate transform: (1298.32,1073.20) -> (1298.32,918.80)
G1 X1298.320 Y918.800
; Coordinate transform: (1293.13,1085.23) -> (1293.13,906.77)
G1 X1293.130 Y906.770
; Coordinate transform: (1288.23,1096.84) -> (1288.23,895.16)
G1 X1288.230 Y895.160
; Coordinate transform: (1283.86,1107.83) -> (1283.86,884.17)
G1 X1283.860 Y884.170
; Coordinate transform: (1280.07,1118.35) -> (1280.07,873.65)
G1 X1280.070 Y873.650
; Coordinate transform: (1276.82,1128.54) -> (1276.82,863.46)
G1 X1276.820 Y863.460
; Coordinate transform: (1274.04,1138.52) -> (1274.04,853.48)
G1 X1274.040 Y853.480
; Coordinate transform: (1271.69,1148.12) -> (1271.69,843.88)
G1 X1271.690 Y843.880
; Coordinate transform: (1269.75,1157.29) -> (1269.75,834.71)
G1 X1269.750 Y834.710
; Coordinate transform: (1268.17,1166.14) -> (1268.17,825.86)
G1 X1268.170 Y825.860
; Coordinate transform: (1266.80,1175.03) -> (1266.80,816.97)
G1 X1266.800 Y816.970
; Coordinate transform: (1265.55,1184.34) -> (1265.55,807.66)
G1 X1265.550 Y807.660
; Coordinate transform: (1264.29,1194.36) -> (1264.29,797.64)
G1 X1264.290 Y797.640
; Coordinate transform: (1263.02,1205.13) -> (1263.02,786.87)
G1 X1263.020 Y786.870
; Coordinate transform: (1261.76,1216.58) -> (1261.76,775.42)
G1 X1261.760 Y775.420
; Coordinate transform: (1260.56,1228.59) -> (1260.56,763.41)
G1 X1260.560 Y763.410
; Coordinate transform: (1259.41,1241.00) -> (1259.41,751.00)
G1 X1259.410 Y751.000
; Coordinate transform: (1258.29,1253.57) -> (1258.29,738.43)
G1 X1258.290 Y738.430
; Coordinate transform: (1257.11,1266.13) -> (1257.11,725.87)
G1 X1257.110 Y725.870
; Coordinate transform: (1255.85,1278.51) -> (1255.85,713.49)
G1 X1255.850 Y713.490
; Coordinate transform: (1254.51,1290.58) -> (1254.51,701.42)
G1 X1254.510 Y701.420
; Coordinate transform: (1253.13,1302.26) -> (1253.13,689.74)
G1 X1253.130 Y689.740
; Coordinate transform: (1251.76,1313.53) -> (1251.76,678.47)
G1 X1251.760 Y678.470
; Coordinate transform: (1250.40,1324.41) -> (1250.40,667.59)
G1 X1250.400 Y667.590
; Coordinate transform: (1249.20,1334.58) -> (1249.20,657.42)
G1 X1249.200 Y657.420
; Coordinate transform: (1248.16,1344.09) -> (1248.16,647.91)
G1 X1248.160 Y647.910
; Coordinate transform: (1247.27,1352.98) -> (1247.27,639.02)
G1 X1247.270 Y639.020
; Coordinate transform: (1246.53,1361.26) -> (1246.53,630.74)
G1 X1246.530 Y630.740
; Coordinate transform: (1245.75,1369.31) -> (1245.75,622.69)
G1 X1245.750 Y622.690
; Coordinate transform: (1244.94,1377.11) -> (1244.94,614.89)
G1 X1244.940 Y614.890
; Coordinate transform: (1244.08,1384.72) -> (1244.08,607.28)
G1 X1244.080 Y607.280
; Coordinate transform: (1243.20,1392.13) -> (1243.20,599.87)
G1 X1243.200 Y599.870
; Coordinate transform: (1242.29,1399.38) -> (1242.29,592.62)
G1 X1242.290 Y592.620
; Coordinate transform: (1241.38,1406.44) -> (1241.38,585.56)
G1 X1241.380 Y585.560
; Coordinate transform: (1240.50,1413.33) -> (1240.50,578.67)
G1 X1240.500 Y578.670
; Coordinate transform: (1239.85,1419.91) -> (1239.85,572.09)
G1 X1239.850 Y572.090
; Coordinate transform: (1239.41,1426.11) -> (1239.41,565.89)
G1 X1239.410 Y565.890
M400 ; Wait for drawing to complete
; === STOP BRUSH SEQUENCE ===
; STOP BRUSH A
G4 P50 ; Short delay before stepper command
G1 U0.000 F200.0 ; Close Brush A flow
M400 ; Wait for stepper motion to complete
M106 P2 S0 ; Brush A air off
; Z already at 84.000mm, above safe threshold of 10.000mm, no need to raise
; === END STOP BRUSH SEQUENCE ===
; === PATH END ===


; Path 28/49 (id: path28)
; WIDTH: requested=117.176mm, actual=117.176mm, compensation=1.000
; Z HEIGHT: 84.000mm (min=4.0, max=84.0)
; PAINT FLOW: 0.500 (baseline=0.1, max=0.5)
; PAINT FLOW COMPONENTS: base=0.100, width=0.300, opacity=0.100
; FEEDRATE: 594.5 mm/min (z_factor=0.0259, speed_factor=0.956)
; WARNING: Requested stroke width 117.2mm exceeds machine capability.
; H.Airbrush cannot draw strokes wider than 6.6mm at 1mm/s minimum speed.
; Stroke width has been reduced to 6.6mm.
; ===== STROKE PARAMETERS =====
; Color: black
; Width: 117.18mm
; Opacity: 0.25
; Brush: brush_a (index 0)
T0 ; Select Brush A (Black)
; ===== AIRBRUSH SETTINGS =====
; Z-height: 84.00mm
; Paint flow: 0.50
; Feedrate: 594.5mm/min (includes Z scaling)
; Using brush: brush_a (tool 0)
; Path with Brush A (black) at Z=84.000mm
; Using: Air=P2, Flow=A axis
; Drawing Z height: 84.000mm, Travel Z height: 10.000mm
; Machine Z range: 0-84mm (Safe range: 5-80mm)
; === START BRUSH SEQUENCE ===
; START BRUSH A
; Z already at 84.000mm, above safe threshold of 10.000mm, no need to raise
T0 ; Select Tool 0 (Brush A)
G4 P500 ; Wait for tool change to complete
; === END BRUSH SEQUENCE ===
; Coordinate transform: (1847.59,1653.12) -> (1847.59,338.88)
G0 X1847.590 Y338.880 F24000
M400 ; Wait for XY movement to complete
G1 Z84.000 F1200
M400 ; Wait for Z movement to complete
; === ACTIVATE BRUSH AT POSITION ===
; AIR ON FIRST - Important to prevent dripping
M106 P2 S1 ; Brush A air on
; PAINT ON AFTER AIR
G4 P50 ; Short delay before stepper command
G1 U2.400 F200.0 ; Set Brush A flow to 2.400mm
M400 ; Wait for stepper motion to complete
; === BRUSH ACTIVATED ===
G1 F594.4557554428459
; Coordinate transform: (1848.13,1652.80) -> (1848.13,339.20)
G1 X1848.130 Y339.200
; Coordinate transform: (1848.96,1652.34) -> (1848.96,339.66)
G1 X1848.960 Y339.660
; Coordinate transform: (1850.06,1651.73) -> (1850.06,340.27)
G1 X1850.060 Y340.270
; Coordinate transform: (1851.39,1650.98) -> (1851.39,341.02)
G1 X1851.390 Y341.020
; Coordinate transform: (1852.93,1650.10) -> (1852.93,341.90)
G1 X1852.930 Y341.900
; Coordinate transform: (1854.67,1649.07) -> (1854.67,342.93)
G1 X1854.670 Y342.930
; Coordinate transform: (1856.58,1647.88) -> (1856.58,344.12)
G1 X1856.580 Y344.120
; Coordinate transform: (1858.65,1646.49) -> (1858.65,345.51)
G1 X1858.650 Y345.510
; Coordinate transform: (1860.88,1644.88) -> (1860.88,347.12)
G1 X1860.880 Y347.120
; Coordinate transform: (1863.19,1643.00) -> (1863.19,349.00)
G1 X1863.190 Y349.000
; Coordinate transform: (1865.33,1640.82) -> (1865.33,351.18)
G1 X1865.330 Y351.180
; Coordinate transform: (1867.06,1638.27) -> (1867.06,353.73)
G1 X1867.060 Y353.730
; Coordinate transform: (1868.23,1635.32) -> (1868.23,356.68)
G1 X1868.230 Y356.680
; Coordinate transform: (1868.77,1631.90) -> (1868.77,360.10)
G1 X1868.770 Y360.100
; Coordinate transform: (1868.69,1627.94) -> (1868.69,364.06)
G1 X1868.690 Y364.060
; Coordinate transform: (1868.08,1623.34) -> (1868.08,368.66)
G1 X1868.080 Y368.660
; Coordinate transform: (1867.08,1618.05) -> (1867.08,373.95)
G1 X1867.080 Y373.950
; Coordinate transform: (1865.92,1612.01) -> (1865.92,379.99)
G1 X1865.920 Y379.990
; Coordinate transform: (1864.86,1605.14) -> (1864.86,386.86)
G1 X1864.860 Y386.860
; Coordinate transform: (1864.11,1597.48) -> (1864.11,394.52)
G1 X1864.110 Y394.520
; Coordinate transform: (1863.88,1589.01) -> (1863.88,402.99)
G1 X1863.880 Y402.990
; Coordinate transform: (1864.28,1579.81) -> (1864.28,412.19)
G1 X1864.280 Y412.190
; Coordinate transform: (1865.37,1569.98) -> (1865.37,422.02)
G1 X1865.370 Y422.020
; Coordinate transform: (1867.07,1559.71) -> (1867.07,432.29)
G1 X1867.070 Y432.290
; Coordinate transform: (1869.22,1549.25) -> (1869.22,442.75)
G1 X1869.220 Y442.750
; Coordinate transform: (1871.56,1538.91) -> (1871.56,453.09)
G1 X1871.560 Y453.090
; Coordinate transform: (1873.80,1528.90) -> (1873.80,463.10)
G1 X1873.800 Y463.100
; Coordinate transform: (1875.64,1519.64) -> (1875.64,472.36)
G1 X1875.640 Y472.360
; Coordinate transform: (1876.84,1511.36) -> (1876.84,480.64)
G1 X1876.840 Y480.640
; Coordinate transform: (1877.23,1504.24) -> (1877.23,487.76)
G1 X1877.230 Y487.760
; Coordinate transform: (1876.80,1498.34) -> (1876.80,493.66)
G1 X1876.800 Y493.660
; Coordinate transform: (1875.67,1493.66) -> (1875.67,498.34)
G1 X1875.670 Y498.340
; Coordinate transform: (1874.07,1490.17) -> (1874.07,501.83)
G1 X1874.070 Y501.830
; Coordinate transform: (1872.22,1487.74) -> (1872.22,504.26)
G1 X1872.220 Y504.260
; Coordinate transform: (1870.31,1486.27) -> (1870.31,505.73)
G1 X1870.310 Y505.730
; Coordinate transform: (1868.48,1485.65) -> (1868.48,506.35)
G1 X1868.480 Y506.350
; Coordinate transform: (1866.89,1485.78) -> (1866.89,506.22)
G1 X1866.890 Y506.220
; Coordinate transform: (1865.65,1486.63) -> (1865.65,505.37)
G1 X1865.650 Y505.370
M400 ; Wait for drawing to complete
; === STOP BRUSH SEQUENCE ===
; STOP BRUSH A
G4 P50 ; Short delay before stepper command
G1 U0.000 F200.0 ; Close Brush A flow
M400 ; Wait for stepper motion to complete
M106 P2 S0 ; Brush A air off
; Z already at 84.000mm, above safe threshold of 10.000mm, no need to raise
; === END STOP BRUSH SEQUENCE ===
; === PATH END ===


; Path 29/49 (id: path29)
; WIDTH: requested=117.176mm, actual=117.176mm, compensation=1.000
; Z HEIGHT: 84.000mm (min=4.0, max=84.0)
; PAINT FLOW: 0.500 (baseline=0.1, max=0.5)
; PAINT FLOW COMPONENTS: base=0.100, width=0.300, opacity=0.100
; FEEDRATE: 594.5 mm/min (z_factor=0.0259, speed_factor=0.956)
; WARNING: Requested stroke width 117.2mm exceeds machine capability.
; H.Airbrush cannot draw strokes wider than 6.6mm at 1mm/s minimum speed.
; Stroke width has been reduced to 6.6mm.
; ===== STROKE PARAMETERS =====
; Color: black
; Width: 117.18mm
; Opacity: 0.25
; Brush: brush_a (index 0)
T0 ; Select Brush A (Black)
; ===== AIRBRUSH SETTINGS =====
; Z-height: 84.00mm
; Paint flow: 0.50
; Feedrate: 594.5mm/min (includes Z scaling)
; Using brush: brush_a (tool 0)
; Path with Brush A (black) at Z=84.000mm
; Using: Air=P2, Flow=A axis
; Drawing Z height: 84.000mm, Travel Z height: 10.000mm
; Machine Z range: 0-84mm (Safe range: 5-80mm)
; === START BRUSH SEQUENCE ===
; START BRUSH A
; Z already at 84.000mm, above safe threshold of 10.000mm, no need to raise
T0 ; Select Tool 0 (Brush A)
G4 P500 ; Wait for tool change to complete
; === END BRUSH SEQUENCE ===
; Coordinate transform: (732.45,394.70) -> (732.45,1597.30)
G0 X732.448 Y1597.299 F24000
M400 ; Wait for XY movement to complete
G1 Z84.000 F1200
M400 ; Wait for Z movement to complete
; === ACTIVATE BRUSH AT POSITION ===
; AIR ON FIRST - Important to prevent dripping
M106 P2 S1 ; Brush A air on
; PAINT ON AFTER AIR
G4 P50 ; Short delay before stepper command
G1 U2.400 F200.0 ; Set Brush A flow to 2.400mm
M400 ; Wait for stepper motion to complete
; === BRUSH ACTIVATED ===
G1 F594.4557554428459
; Coordinate transform: (732.64,393.26) -> (732.64,1598.74)
G1 X732.636 Y1598.743
; Coordinate transform: (732.92,391.27) -> (732.92,1600.73)
G1 X732.917 Y1600.729
; Coordinate transform: (733.29,388.90) -> (733.29,1603.10)
G1 X733.295 Y1603.098
; Coordinate transform: (733.78,386.32) -> (733.78,1605.68)
G1 X733.777 Y1605.679
; Coordinate transform: (734.36,383.70) -> (734.36,1608.30)
G1 X734.359 Y1608.296
; Coordinate transform: (735.10,381.21) -> (735.10,1610.79)
G1 X735.095 Y1610.791
; Coordinate transform: (735.93,378.97) -> (735.93,1613.03)
G1 X735.935 Y1613.031
; Coordinate transform: (736.87,377.09) -> (736.87,1614.91)
G1 X736.865 Y1614.909
; Coordinate transform: (737.87,375.65) -> (737.87,1616.35)
G1 X737.866 Y1616.349
; Coordinate transform: (738.93,374.70) -> (738.93,1617.30)
G1 X738.933 Y1617.302
; Coordinate transform: (740.06,374.26) -> (740.06,1617.74)
G1 X740.064 Y1617.742
; Coordinate transform: (741.26,374.33) -> (741.26,1617.67)
G1 X741.262 Y1617.670
; Coordinate transform: (742.55,374.90) -> (742.55,1617.10)
G1 X742.549 Y1617.096
; Coordinate transform: (743.96,375.96) -> (743.96,1616.04)
G1 X743.955 Y1616.042
; Coordinate transform: (745.52,377.45) -> (745.52,1614.55)
G1 X745.518 Y1614.552
; Coordinate transform: (747.30,379.33) -> (747.30,1612.67)
G1 X747.303 Y1612.666
; Coordinate transform: (749.39,381.57) -> (749.39,1610.43)
G1 X749.386 Y1610.431
; Coordinate transform: (751.82,384.10) -> (751.82,1607.90)
G1 X751.824 Y1607.903
; Coordinate transform: (754.67,386.83) -> (754.67,1605.17)
G1 X754.668 Y1605.169
; Coordinate transform: (757.98,389.67) -> (757.98,1602.34)
G1 X757.975 Y1602.335
; Coordinate transform: (761.83,392.49) -> (761.83,1599.51)
G1 X761.831 Y1599.511
; Coordinate transform: (766.34,395.18) -> (766.34,1596.82)
G1 X766.341 Y1596.823
; Coordinate transform: (771.51,397.59) -> (771.51,1594.41)
G1 X771.512 Y1594.412
; Coordinate transform: (777.33,399.63) -> (777.33,1592.37)
G1 X777.330 Y1592.365
; Coordinate transform: (783.80,401.23) -> (783.80,1590.77)
G1 X783.803 Y1590.773
; Coordinate transform: (790.82,402.27) -> (790.82,1589.72)
G1 X790.824 Y1589.725
; Coordinate transform: (798.34,402.68) -> (798.34,1589.32)
G1 X798.339 Y1589.319
; Coordinate transform: (806.22,402.42) -> (806.22,1589.58)
G1 X806.216 Y1589.582
; Coordinate transform: (814.36,401.49) -> (814.36,1590.51)
G1 X814.357 Y1590.512
; Coordinate transform: (822.68,400.04) -> (822.68,1591.96)
G1 X822.684 Y1591.965
; Coordinate transform: (831.12,398.27) -> (831.12,1593.73)
G1 X831.117 Y1593.730
; Coordinate transform: (839.58,396.49) -> (839.58,1595.51)
G1 X839.582 Y1595.513
; Coordinate transform: (847.99,394.95) -> (847.99,1597.05)
G1 X847.989 Y1597.049
; Coordinate transform: (856.26,393.84) -> (856.26,1598.16)
G1 X856.262 Y1598.158
; Coordinate transform: (864.37,393.14) -> (864.37,1598.86)
G1 X864.366 Y1598.860
; Coordinate transform: (872.29,392.81) -> (872.29,1599.19)
G1 X872.292 Y1599.192
; Coordinate transform: (880.08,392.75) -> (880.08,1599.25)
G1 X880.075 Y1599.251
; Coordinate transform: (887.81,392.89) -> (887.81,1599.11)
G1 X887.807 Y1599.114
; Coordinate transform: (895.75,393.18) -> (895.75,1598.82)
G1 X895.753 Y1598.821
; Coordinate transform: (904.20,393.60) -> (904.20,1598.40)
G1 X904.202 Y1598.400
; Coordinate transform: (913.46,394.15) -> (913.46,1597.85)
G1 X913.461 Y1597.848
; Coordinate transform: (923.59,394.87) -> (923.59,1597.13)
G1 X923.592 Y1597.127
; Coordinate transform: (934.43,395.83) -> (934.43,1596.17)
G1 X934.427 Y1596.172
; Coordinate transform: (945.30,397.12) -> (945.30,1594.88)
G1 X945.303 Y1594.879
; Coordinate transform: (955.63,398.80) -> (955.63,1593.20)
G1 X955.631 Y1593.205
; Coordinate transform: (965.06,400.84) -> (965.06,1591.16)
G1 X965.064 Y1591.163
; Coordinate transform: (973.59,403.21) -> (973.59,1588.79)
G1 X973.591 Y1588.792
; Coordinate transform: (981.43,405.89) -> (981.43,1586.11)
G1 X981.426 Y1586.112
; Coordinate transform: (988.81,408.92) -> (988.81,1583.08)
G1 X988.813 Y1583.081
; Coordinate transform: (996.01,412.37) -> (996.01,1579.63)
G1 X996.009 Y1579.629
M400 ; Wait for drawing to complete
; === STOP BRUSH SEQUENCE ===
; STOP BRUSH A
G4 P50 ; Short delay before stepper command
G1 U0.000 F200.0 ; Close Brush A flow
M400 ; Wait for stepper motion to complete
M106 P2 S0 ; Brush A air off
; Z already at 84.000mm, above safe threshold of 10.000mm, no need to raise
; === END STOP BRUSH SEQUENCE ===
; === PATH END ===


; Path 30/49 (id: path30)
; WIDTH: requested=117.176mm, actual=117.176mm, compensation=1.000
; Z HEIGHT: 84.000mm (min=4.0, max=84.0)
; PAINT FLOW: 0.500 (baseline=0.1, max=0.5)
; PAINT FLOW COMPONENTS: base=0.100, width=0.300, opacity=0.100
; FEEDRATE: 594.5 mm/min (z_factor=0.0259, speed_factor=0.956)
; WARNING: Requested stroke width 117.2mm exceeds machine capability.
; H.Airbrush cannot draw strokes wider than 6.6mm at 1mm/s minimum speed.
; Stroke width has been reduced to 6.6mm.
; ===== STROKE PARAMETERS =====
; Color: black
; Width: 117.18mm
; Opacity: 0.25
; Brush: brush_a (index 0)
T0 ; Select Brush A (Black)
; ===== AIRBRUSH SETTINGS =====
; Z-height: 84.00mm
; Paint flow: 0.50
; Feedrate: 594.5mm/min (includes Z scaling)
; Using brush: brush_a (tool 0)
; Path with Brush A (black) at Z=84.000mm
; Using: Air=P2, Flow=A axis
; Drawing Z height: 84.000mm, Travel Z height: 10.000mm
; Machine Z range: 0-84mm (Safe range: 5-80mm)
; === START BRUSH SEQUENCE ===
; START BRUSH A
; Z already at 84.000mm, above safe threshold of 10.000mm, no need to raise
T0 ; Select Tool 0 (Brush A)
G4 P500 ; Wait for tool change to complete
; === END BRUSH SEQUENCE ===
; Coordinate transform: (532.80,503.74) -> (532.80,1488.26)
G0 X532.805 Y1488.261 F24000
M400 ; Wait for XY movement to complete
G1 Z84.000 F1200
M400 ; Wait for Z movement to complete
; === ACTIVATE BRUSH AT POSITION ===
; AIR ON FIRST - Important to prevent dripping
M106 P2 S1 ; Brush A air on
; PAINT ON AFTER AIR
G4 P50 ; Short delay before stepper command
G1 U2.400 F200.0 ; Set Brush A flow to 2.400mm
M400 ; Wait for stepper motion to complete
; === BRUSH ACTIVATED ===
G1 F594.4557554428459
; Coordinate transform: (532.94,504.25) -> (532.94,1487.75)
G1 X532.939 Y1487.751
; Coordinate transform: (533.18,505.01) -> (533.18,1486.99)
G1 X533.180 Y1486.992
; Coordinate transform: (533.53,506.00) -> (533.53,1486.00)
G1 X533.527 Y1485.996
; Coordinate transform: (533.98,507.22) -> (533.98,1484.78)
G1 X533.978 Y1484.779
; Coordinate transform: (534.54,508.66) -> (534.54,1483.34)
G1 X534.537 Y1483.343
; Coordinate transform: (535.20,510.31) -> (535.20,1481.69)
G1 X535.203 Y1481.691
; Coordinate transform: (535.98,512.18) -> (535.98,1479.82)
G1 X535.979 Y1479.819
; Coordinate transform: (536.88,514.28) -> (536.88,1477.72)
G1 X536.883 Y1477.719
; Coordinate transform: (537.92,516.62) -> (537.92,1475.38)
G1 X537.922 Y1475.384
; Coordinate transform: (539.12,519.20) -> (539.12,1472.80)
G1 X539.116 Y1472.804
; Coordinate transform: (540.48,522.05) -> (540.48,1469.95)
G1 X540.484 Y1469.950
; Coordinate transform: (542.06,525.21) -> (542.06,1466.79)
G1 X542.061 Y1466.793
; Coordinate transform: (543.89,528.72) -> (543.89,1463.28)
G1 X543.886 Y1463.282
; Coordinate transform: (545.98,532.61) -> (545.98,1459.39)
G1 X545.980 Y1459.391
; Coordinate transform: (548.36,536.88) -> (548.36,1455.12)
G1 X548.356 Y1455.124
; Coordinate transform: (551.03,541.53) -> (551.03,1450.47)
G1 X551.034 Y1450.472
; Coordinate transform: (554.02,546.59) -> (554.02,1445.41)
G1 X554.022 Y1445.411
; Coordinate transform: (557.32,551.97) -> (557.32,1440.03)
G1 X557.322 Y1440.033
; Coordinate transform: (560.91,557.56) -> (560.91,1434.44)
G1 X560.907 Y1434.441
; Coordinate transform: (564.70,563.25) -> (564.70,1428.75)
G1 X564.703 Y1428.747
; Coordinate transform: (568.64,568.85) -> (568.64,1423.15)
G1 X568.640 Y1423.150
; Coordinate transform: (572.65,574.19) -> (572.65,1417.81)
G1 X572.654 Y1417.808
; Coordinate transform: (576.67,579.14) -> (576.67,1412.86)
G1 X576.672 Y1412.855
; Coordinate transform: (580.61,583.61) -> (580.61,1408.39)
G1 X580.605 Y1408.386
; Coordinate transform: (584.39,587.56) -> (584.39,1404.44)
G1 X584.391 Y1404.438
; Coordinate transform: (588.01,591.00) -> (588.01,1401.00)
G1 X588.015 Y1400.998
; Coordinate transform: (591.46,593.99) -> (591.46,1398.01)
G1 X591.464 Y1398.006
; Coordinate transform: (594.71,596.62) -> (594.71,1395.38)
G1 X594.713 Y1395.381
; Coordinate transform: (597.73,598.94) -> (597.73,1393.06)
G1 X597.734 Y1393.059
; Coordinate transform: (600.45,601.04) -> (600.45,1390.96)
G1 X600.454 Y1390.957
; Coordinate transform: (602.91,603.17) -> (602.91,1388.83)
G1 X602.909 Y1388.828
; Coordinate transform: (605.19,605.37) -> (605.19,1386.63)
G1 X605.188 Y1386.628
; Coordinate transform: (607.31,607.78) -> (607.31,1384.22)
G1 X607.310 Y1384.218
; Coordinate transform: (609.29,610.55) -> (609.29,1381.45)
G1 X609.289 Y1381.447
; Coordinate transform: (611.14,613.87) -> (611.14,1378.13)
G1 X611.142 Y1378.126
M400 ; Wait for drawing to complete
; === STOP BRUSH SEQUENCE ===
; STOP BRUSH A
G4 P50 ; Short delay before stepper command
G1 U0.000 F200.0 ; Close Brush A flow
M400 ; Wait for stepper motion to complete
M106 P2 S0 ; Brush A air off
; Z already at 84.000mm, above safe threshold of 10.000mm, no need to raise
; === END STOP BRUSH SEQUENCE ===
; === PATH END ===


; Path 31/49 (id: path31)
; WIDTH: requested=117.176mm, actual=117.176mm, compensation=1.000
; Z HEIGHT: 84.000mm (min=4.0, max=84.0)
; PAINT FLOW: 0.500 (baseline=0.1, max=0.5)
; PAINT FLOW COMPONENTS: base=0.100, width=0.300, opacity=0.100
; FEEDRATE: 594.5 mm/min (z_factor=0.0259, speed_factor=0.956)
; WARNING: Requested stroke width 117.2mm exceeds machine capability.
; H.Airbrush cannot draw strokes wider than 6.6mm at 1mm/s minimum speed.
; Stroke width has been reduced to 6.6mm.
; ===== STROKE PARAMETERS =====
; Color: black
; Width: 117.18mm
; Opacity: 0.25
; Brush: brush_a (index 0)
T0 ; Select Brush A (Black)
; ===== AIRBRUSH SETTINGS =====
; Z-height: 84.00mm
; Paint flow: 0.50
; Feedrate: 594.5mm/min (includes Z scaling)
; Using brush: brush_a (tool 0)
; Path with Brush A (black) at Z=84.000mm
; Using: Air=P2, Flow=A axis
; Drawing Z height: 84.000mm, Travel Z height: 10.000mm
; Machine Z range: 0-84mm (Safe range: 5-80mm)
; === START BRUSH SEQUENCE ===
; START BRUSH A
; Z already at 84.000mm, above safe threshold of 10.000mm, no need to raise
T0 ; Select Tool 0 (Brush A)
G4 P500 ; Wait for tool change to complete
; === END BRUSH SEQUENCE ===
; Coordinate transform: (1083.55,1857.38) -> (1083.55,134.62)
G0 X1083.550 Y134.620 F24000
M400 ; Wait for XY movement to complete
G1 Z84.000 F1200
M400 ; Wait for Z movement to complete
; === ACTIVATE BRUSH AT POSITION ===
; AIR ON FIRST - Important to prevent dripping
M106 P2 S1 ; Brush A air on
; PAINT ON AFTER AIR
G4 P50 ; Short delay before stepper command
G1 U2.400 F200.0 ; Set Brush A flow to 2.400mm
M400 ; Wait for stepper motion to complete
; === BRUSH ACTIVATED ===
G1 F594.4557554428459
; Coordinate transform: (1083.03,1859.03) -> (1083.03,132.97)
G1 X1083.030 Y132.970
; Coordinate transform: (1082.31,1861.37) -> (1082.31,130.63)
G1 X1082.310 Y130.630
; Coordinate transform: (1081.36,1864.15) -> (1081.36,127.85)
G1 X1081.360 Y127.850
; Coordinate transform: (1080.18,1866.92) -> (1080.18,125.08)
G1 X1080.180 Y125.080
; Coordinate transform: (1078.74,1869.30) -> (1078.74,122.70)
G1 X1078.740 Y122.700
; Coordinate transform: (1077.02,1870.97) -> (1077.02,121.03)
G1 X1077.020 Y121.030
; Coordinate transform: (1075.00,1871.74) -> (1075.00,120.26)
G1 X1075.000 Y120.260
; Coordinate transform: (1072.67,1871.55) -> (1072.67,120.45)
G1 X1072.670 Y120.450
; Coordinate transform: (1069.99,1870.51) -> (1069.99,121.49)
G1 X1069.990 Y121.490
; Coordinate transform: (1066.91,1868.80) -> (1066.91,123.20)
G1 X1066.910 Y123.200
; Coordinate transform: (1063.42,1866.67) -> (1063.42,125.33)
G1 X1063.420 Y125.330
; Coordinate transform: (1059.45,1864.42) -> (1059.45,127.58)
G1 X1059.450 Y127.580
; Coordinate transform: (1054.93,1862.34) -> (1054.93,129.66)
G1 X1054.930 Y129.660
; Coordinate transform: (1049.76,1860.69) -> (1049.76,131.31)
G1 X1049.760 Y131.310
; Coordinate transform: (1043.88,1859.65) -> (1043.88,132.35)
G1 X1043.880 Y132.350
; Coordinate transform: (1037.25,1859.27) -> (1037.25,132.73)
G1 X1037.250 Y132.730
; Coordinate transform: (1029.82,1859.52) -> (1029.82,132.48)
G1 X1029.820 Y132.480
; Coordinate transform: (1021.61,1860.32) -> (1021.61,131.68)
G1 X1021.610 Y131.680
; Coordinate transform: (1012.66,1861.56) -> (1012.66,130.44)
G1 X1012.660 Y130.440
; Coordinate transform: (1003.11,1862.99) -> (1003.11,129.01)
G1 X1003.110 Y129.010
; Coordinate transform: (993.16,1864.31) -> (993.16,127.69)
G1 X993.156 Y127.690
; Coordinate transform: (982.99,1865.24) -> (982.99,126.76)
G1 X982.994 Y126.760
; Coordinate transform: (972.84,1865.60) -> (972.84,126.40)
G1 X972.841 Y126.400
; Coordinate transform: (962.87,1865.32) -> (962.87,126.68)
G1 X962.867 Y126.680
; Coordinate transform: (953.24,1864.44) -> (953.24,127.56)
G1 X953.239 Y127.560
; Coordinate transform: (944.13,1863.10) -> (944.13,128.90)
G1 X944.130 Y128.900
; Coordinate transform: (935.77,1861.60) -> (935.77,130.40)
G1 X935.768 Y130.400
; Coordinate transform: (928.36,1860.22) -> (928.36,131.78)
G1 X928.356 Y131.780
; Coordinate transform: (922.07,1859.28) -> (922.07,132.72)
G1 X922.070 Y132.720
; Coordinate transform: (917.02,1858.94) -> (917.02,133.06)
G1 X917.024 Y133.060
; Coordinate transform: (913.24,1859.33) -> (913.24,132.67)
G1 X913.242 Y132.670
; Coordinate transform: (910.70,1860.55) -> (910.70,131.45)
G1 X910.696 Y131.450
; Coordinate transform: (909.30,1862.63) -> (909.30,129.37)
G1 X909.300 Y129.370
; Coordinate transform: (908.94,1865.36) -> (908.94,126.64)
G1 X908.938 Y126.640
; Coordinate transform: (909.46,1868.42) -> (909.46,123.58)
G1 X909.460 Y123.580
; Coordinate transform: (910.73,1871.48) -> (910.73,120.52)
G1 X910.725 Y120.520
; Coordinate transform: (912.60,1874.18) -> (912.60,117.82)
G1 X912.604 Y117.820
; Coordinate transform: (915.01,1876.25) -> (915.01,115.75)
G1 X915.012 Y115.750
; Coordinate transform: (917.93,1877.41) -> (917.93,114.59)
G1 X917.933 Y114.590
; Coordinate transform: (921.39,1877.47) -> (921.39,114.53)
G1 X921.386 Y114.530
; Coordinate transform: (925.45,1876.42) -> (925.45,115.58)
G1 X925.446 Y115.580
; Coordinate transform: (930.20,1874.34) -> (930.20,117.66)
G1 X930.202 Y117.660
; Coordinate transform: (935.78,1871.40) -> (935.78,120.60)
G1 X935.777 Y120.600
; Coordinate transform: (942.33,1867.72) -> (942.33,124.28)
G1 X942.326 Y124.280
; Coordinate transform: (949.94,1863.46) -> (949.94,128.54)
G1 X949.937 Y128.540
; Coordinate transform: (958.65,1858.83) -> (958.65,133.17)
G1 X958.654 Y133.170
; Coordinate transform: (968.40,1854.03) -> (968.40,137.97)
G1 X968.396 Y137.970
; Coordinate transform: (978.96,1849.02) -> (978.96,142.98)
G1 X978.959 Y142.980
; Coordinate transform: (990.04,1843.90) -> (990.04,148.10)
G1 X990.045 Y148.100
; Coordinate transform: (1001.26,1838.78) -> (1001.26,153.22)
G1 X1001.260 Y153.220
; Coordinate transform: (1012.22,1833.78) -> (1012.22,158.22)
G1 X1012.220 Y158.220
; Coordinate transform: (1022.64,1828.84) -> (1022.64,163.16)
G1 X1022.640 Y163.160
; Coordinate transform: (1032.42,1824.01) -> (1032.42,167.99)
G1 X1032.420 Y167.990
; Coordinate transform: (1041.69,1819.25) -> (1041.69,172.75)
G1 X1041.690 Y172.750
; Coordinate transform: (1050.66,1814.47) -> (1050.66,177.53)
G1 X1050.660 Y177.530
; Coordinate transform: (1059.53,1809.61) -> (1059.53,182.39)
G1 X1059.530 Y182.390
; Coordinate transform: (1068.52,1804.62) -> (1068.52,187.38)
G1 X1068.520 Y187.380
; Coordinate transform: (1077.90,1799.42) -> (1077.90,192.58)
G1 X1077.900 Y192.580
; Coordinate transform: (1087.88,1793.96) -> (1087.88,198.04)
G1 X1087.880 Y198.040
; Coordinate transform: (1098.50,1788.21) -> (1098.50,203.79)
G1 X1098.500 Y203.790
; Coordinate transform: (1109.58,1782.13) -> (1109.58,209.87)
G1 X1109.580 Y209.870
; Coordinate transform: (1120.83,1775.83) -> (1120.83,216.17)
G1 X1120.830 Y216.170
; Coordinate transform: (1131.85,1769.31) -> (1131.85,222.69)
G1 X1131.850 Y222.690
; Coordinate transform: (1142.28,1762.56) -> (1142.28,229.44)
G1 X1142.280 Y229.440
; Coordinate transform: (1151.83,1755.53) -> (1151.83,236.47)
G1 X1151.830 Y236.470
; Coordinate transform: (1160.49,1748.21) -> (1160.49,243.79)
G1 X1160.490 Y243.790
; Coordinate transform: (1168.32,1740.62) -> (1168.32,251.38)
G1 X1168.320 Y251.380
; Coordinate transform: (1175.56,1732.71) -> (1175.56,259.29)
G1 X1175.560 Y259.290
; Coordinate transform: (1182.30,1724.41) -> (1182.30,267.59)
G1 X1182.300 Y267.590
; Coordinate transform: (1188.55,1715.72) -> (1188.55,276.28)
G1 X1188.550 Y276.280
; Coordinate transform: (1194.31,1706.66) -> (1194.31,285.34)
G1 X1194.310 Y285.340
; Coordinate transform: (1199.70,1697.36) -> (1199.70,294.64)
G1 X1199.700 Y294.640
; Coordinate transform: (1204.86,1687.96) -> (1204.86,304.04)
G1 X1204.860 Y304.040
; Coordinate transform: (1209.97,1678.64) -> (1209.97,313.36)
G1 X1209.970 Y313.360
; Coordinate transform: (1215.16,1669.51) -> (1215.16,322.49)
G1 X1215.160 Y322.490
; Coordinate transform: (1220.55,1660.64) -> (1220.55,331.36)
G1 X1220.550 Y331.360
; Coordinate transform: (1226.16,1652.09) -> (1226.16,339.91)
G1 X1226.160 Y339.910
; Coordinate transform: (1231.99,1643.88) -> (1231.99,348.12)
G1 X1231.990 Y348.120
; Coordinate transform: (1238.09,1636.00) -> (1238.09,356.00)
G1 X1238.090 Y356.000
; Coordinate transform: (1244.40,1628.45) -> (1244.40,363.55)
G1 X1244.400 Y363.550
; Coordinate transform: (1250.86,1621.21) -> (1250.86,370.79)
G1 X1250.860 Y370.790
; Coordinate transform: (1257.48,1614.33) -> (1257.48,377.67)
G1 X1257.480 Y377.670
; Coordinate transform: (1264.41,1607.75) -> (1264.41,384.25)
G1 X1264.410 Y384.250
; Coordinate transform: (1271.79,1601.31) -> (1271.79,390.69)
G1 X1271.790 Y390.690
; Coordinate transform: (1279.77,1594.85) -> (1279.77,397.15)
G1 X1279.770 Y397.150
; Coordinate transform: (1288.21,1588.26) -> (1288.21,403.74)
G1 X1288.210 Y403.740
; Coordinate transform: (1296.90,1581.49) -> (1296.90,410.51)
G1 X1296.900 Y410.510
; Coordinate transform: (1305.74,1574.49) -> (1305.74,417.51)
G1 X1305.740 Y417.510
; Coordinate transform: (1314.69,1567.28) -> (1314.69,424.72)
G1 X1314.690 Y424.720
; Coordinate transform: (1323.71,1559.93) -> (1323.71,432.07)
G1 X1323.710 Y432.070
; Coordinate transform: (1332.75,1552.45) -> (1332.75,439.55)
G1 X1332.750 Y439.550
; Coordinate transform: (1341.82,1544.89) -> (1341.82,447.11)
G1 X1341.820 Y447.110
; Coordinate transform: (1350.92,1537.27) -> (1350.92,454.73)
G1 X1350.920 Y454.730
; Coordinate transform: (1360.07,1529.59) -> (1360.07,462.41)
G1 X1360.070 Y462.410
; Coordinate transform: (1369.22,1521.89) -> (1369.22,470.11)
G1 X1369.220 Y470.110
; Coordinate transform: (1378.28,1514.20) -> (1378.28,477.80)
G1 X1378.280 Y477.800
; Coordinate transform: (1387.22,1506.53) -> (1387.22,485.47)
G1 X1387.220 Y485.470
; Coordinate transform: (1396.22,1498.85) -> (1396.22,493.15)
G1 X1396.220 Y493.150
; Coordinate transform: (1405.35,1491.21) -> (1405.35,500.79)
G1 X1405.350 Y500.790
; Coordinate transform: (1414.60,1483.76) -> (1414.60,508.24)
G1 X1414.600 Y508.240
; Coordinate transform: (1423.72,1476.65) -> (1423.72,515.35)
G1 X1423.720 Y515.350
; Coordinate transform: (1432.58,1469.88) -> (1432.58,522.12)
G1 X1432.580 Y522.120
; Coordinate transform: (1441.21,1463.33) -> (1441.21,528.67)
G1 X1441.210 Y528.670
; Coordinate transform: (1449.72,1456.88) -> (1449.72,535.12)
G1 X1449.720 Y535.120
; Coordinate transform: (1458.23,1450.39) -> (1458.23,541.61)
G1 X1458.230 Y541.610
; Coordinate transform: (1466.78,1443.73) -> (1466.78,548.27)
G1 X1466.780 Y548.270
; Coordinate transform: (1475.35,1436.89) -> (1475.35,555.11)
G1 X1475.350 Y555.110
; Coordinate transform: (1483.82,1429.86) -> (1483.82,562.14)
G1 X1483.820 Y562.140
; Coordinate transform: (1492.00,1422.58) -> (1492.00,569.42)
G1 X1492.000 Y569.420
; Coordinate transform: (1499.73,1414.95) -> (1499.73,577.05)
G1 X1499.730 Y577.050
; Coordinate transform: (1506.84,1406.92) -> (1506.84,585.08)
G1 X1506.840 Y585.080
; Coordinate transform: (1513.28,1398.48) -> (1513.28,593.52)
G1 X1513.280 Y593.520
; Coordinate transform: (1519.03,1389.65) -> (1519.03,602.35)
G1 X1519.030 Y602.350
; Coordinate transform: (1524.15,1380.40) -> (1524.15,611.60)
G1 X1524.150 Y611.600
; Coordinate transform: (1528.69,1370.72) -> (1528.69,621.28)
G1 X1528.690 Y621.280
; Coordinate transform: (1532.66,1360.56) -> (1532.66,631.44)
G1 X1532.660 Y631.440
; Coordinate transform: (1536.13,1349.89) -> (1536.13,642.11)
G1 X1536.130 Y642.110
; Coordinate transform: (1539.11,1338.64) -> (1539.11,653.36)
G1 X1539.110 Y653.360
; Coordinate transform: (1541.65,1326.85) -> (1541.65,665.15)
G1 X1541.650 Y665.150
; Coordinate transform: (1543.90,1314.57) -> (1543.90,677.43)
G1 X1543.900 Y677.430
; Coordinate transform: (1546.05,1301.93) -> (1546.05,690.07)
G1 X1546.050 Y690.070
; Coordinate transform: (1548.25,1289.02) -> (1548.25,702.98)
G1 X1548.250 Y702.980
; Coordinate transform: (1550.56,1276.03) -> (1550.56,715.97)
G1 X1550.560 Y715.970
; Coordinate transform: (1553.06,1262.93) -> (1553.06,729.07)
G1 X1553.060 Y729.070
; Coordinate transform: (1555.82,1249.64) -> (1555.82,742.36)
G1 X1555.820 Y742.360
; Coordinate transform: (1558.72,1236.30) -> (1558.72,755.70)
G1 X1558.720 Y755.700
; Coordinate transform: (1561.59,1223.03) -> (1561.59,768.97)
G1 X1561.590 Y768.970
; Coordinate transform: (1564.35,1209.76) -> (1564.35,782.24)
G1 X1564.350 Y782.240
; Coordinate transform: (1567.01,1196.43) -> (1567.01,795.57)
G1 X1567.010 Y795.570
; Coordinate transform: (1569.57,1183.26) -> (1569.57,808.74)
G1 X1569.570 Y808.740
; Coordinate transform: (1572.05,1170.57) -> (1572.05,821.43)
G1 X1572.050 Y821.430
; Coordinate transform: (1574.48,1158.68) -> (1574.48,833.32)
G1 X1574.480 Y833.320
; Coordinate transform: (1576.93,1147.81) -> (1576.93,844.19)
G1 X1576.930 Y844.190
; Coordinate transform: (1579.45,1137.98) -> (1579.45,854.02)
G1 X1579.450 Y854.020
; Coordinate transform: (1582.05,1128.98) -> (1582.05,863.02)
G1 X1582.050 Y863.020
; Coordinate transform: (1584.69,1120.39) -> (1584.69,871.61)
G1 X1584.690 Y871.610
; Coordinate transform: (1587.32,1111.74) -> (1587.32,880.26)
G1 X1587.320 Y880.260
; Coordinate transform: (1589.91,1102.60) -> (1589.91,889.40)
G1 X1589.910 Y889.400
; Coordinate transform: (1592.51,1092.78) -> (1592.51,899.22)
G1 X1592.510 Y899.220
; Coordinate transform: (1595.17,1082.18) -> (1595.17,909.82)
G1 X1595.170 Y909.820
; Coordinate transform: (1597.96,1070.83) -> (1597.96,921.17)
G1 X1597.960 Y921.170
; Coordinate transform: (1600.91,1058.82) -> (1600.91,933.18)
G1 X1600.910 Y933.180
; Coordinate transform: (1604.03,1046.32) -> (1604.03,945.68)
G1 X1604.030 Y945.680
; Coordinate transform: (1607.33,1033.54) -> (1607.33,958.46)
G1 X1607.330 Y958.460
; Coordinate transform: (1610.73,1020.78) -> (1610.73,971.22)
G1 X1610.730 Y971.220
; Coordinate transform: (1614.03,1008.36) -> (1614.03,983.64)
G1 X1614.030 Y983.640
; Coordinate transform: (1616.99,996.65) -> (1616.99,995.35)
G1 X1616.990 Y995.346
; Coordinate transform: (1619.41,986.16) -> (1619.41,1005.84)
G1 X1619.410 Y1005.836
; Coordinate transform: (1621.33,977.18) -> (1621.33,1014.82)
G1 X1621.330 Y1014.821
; Coordinate transform: (1622.86,969.60) -> (1622.86,1022.40)
G1 X1622.860 Y1022.398
; Coordinate transform: (1624.08,963.06) -> (1624.08,1028.94)
G1 X1624.080 Y1028.936
; Coordinate transform: (1625.09,957.14) -> (1625.09,1034.86)
G1 X1625.090 Y1034.857
; Coordinate transform: (1625.91,951.40) -> (1625.91,1040.60)
G1 X1625.910 Y1040.604
; Coordinate transform: (1626.56,945.43) -> (1626.56,1046.57)
G1 X1626.560 Y1046.570
; Coordinate transform: (1627.02,939.09) -> (1627.02,1052.91)
G1 X1627.020 Y1052.912
; Coordinate transform: (1627.25,932.20) -> (1627.25,1059.80)
G1 X1627.250 Y1059.802
; Coordinate transform: (1627.18,925.25) -> (1627.18,1066.76)
G1 X1627.180 Y1066.755
; Coordinate transform: (1626.75,918.89) -> (1626.75,1073.11)
G1 X1626.750 Y1073.107
; Coordinate transform: (1625.99,913.85) -> (1625.99,1078.15)
G1 X1625.990 Y1078.153
M400 ; Wait for drawing to complete
; === STOP BRUSH SEQUENCE ===
; STOP BRUSH A
G4 P50 ; Short delay before stepper command
G1 U0.000 F200.0 ; Close Brush A flow
M400 ; Wait for stepper motion to complete
M106 P2 S0 ; Brush A air off
; Z already at 84.000mm, above safe threshold of 10.000mm, no need to raise
; === END STOP BRUSH SEQUENCE ===
; === PATH END ===


; Path 32/49 (id: path32)
; WIDTH: requested=117.176mm, actual=117.176mm, compensation=1.000
; Z HEIGHT: 84.000mm (min=4.0, max=84.0)
; PAINT FLOW: 0.500 (baseline=0.1, max=0.5)
; PAINT FLOW COMPONENTS: base=0.100, width=0.300, opacity=0.100
; FEEDRATE: 594.5 mm/min (z_factor=0.0259, speed_factor=0.956)
; WARNING: Requested stroke width 117.2mm exceeds machine capability.
; H.Airbrush cannot draw strokes wider than 6.6mm at 1mm/s minimum speed.
; Stroke width has been reduced to 6.6mm.
; ===== STROKE PARAMETERS =====
; Color: black
; Width: 117.18mm
; Opacity: 0.25
; Brush: brush_a (index 0)
T0 ; Select Brush A (Black)
; ===== AIRBRUSH SETTINGS =====
; Z-height: 84.00mm
; Paint flow: 0.50
; Feedrate: 594.5mm/min (includes Z scaling)
; Using brush: brush_a (tool 0)
; Path with Brush A (black) at Z=84.000mm
; Using: Air=P2, Flow=A axis
; Drawing Z height: 84.000mm, Travel Z height: 10.000mm
; Machine Z range: 0-84mm (Safe range: 5-80mm)
; === START BRUSH SEQUENCE ===
; START BRUSH A
; Z already at 84.000mm, above safe threshold of 10.000mm, no need to raise
T0 ; Select Tool 0 (Brush A)
G4 P500 ; Wait for tool change to complete
; === END BRUSH SEQUENCE ===
; Coordinate transform: (1598.39,116.55) -> (1598.39,1875.45)
G0 X1598.390 Y1875.454 F24000
M400 ; Wait for XY movement to complete
G1 Z84.000 F1200
M400 ; Wait for Z movement to complete
; === ACTIVATE BRUSH AT POSITION ===
; AIR ON FIRST - Important to prevent dripping
M106 P2 S1 ; Brush A air on
; PAINT ON AFTER AIR
G4 P50 ; Short delay before stepper command
G1 U2.400 F200.0 ; Set Brush A flow to 2.400mm
M400 ; Wait for stepper motion to complete
; === BRUSH ACTIVATED ===
G1 F594.4557554428459
; Coordinate transform: (1598.54,118.60) -> (1598.54,1873.40)
G1 X1598.540 Y1873.396
; Coordinate transform: (1598.80,121.17) -> (1598.80,1870.84)
G1 X1598.800 Y1870.835
; Coordinate transform: (1599.13,123.88) -> (1599.13,1868.12)
G1 X1599.130 Y1868.118
; Coordinate transform: (1599.61,126.38) -> (1599.61,1865.62)
G1 X1599.610 Y1865.616
; Coordinate transform: (1600.15,128.42) -> (1600.15,1863.58)
G1 X1600.150 Y1863.578
; Coordinate transform: (1600.72,129.79) -> (1600.72,1862.21)
G1 X1600.720 Y1862.214
; Coordinate transform: (1601.34,130.36) -> (1601.34,1861.64)
G1 X1601.340 Y1861.641
; Coordinate transform: (1602.02,130.11) -> (1602.02,1861.89)
G1 X1602.020 Y1861.887
; Coordinate transform: (1602.76,129.11) -> (1602.76,1862.89)
G1 X1602.760 Y1862.887
; Coordinate transform: (1603.59,127.49) -> (1603.59,1864.51)
G1 X1603.590 Y1864.508
; Coordinate transform: (1604.55,125.42) -> (1604.55,1866.58)
G1 X1604.550 Y1866.575
; Coordinate transform: (1605.68,123.12) -> (1605.68,1868.88)
G1 X1605.680 Y1868.884
; Coordinate transform: (1607.03,120.77) -> (1607.03,1871.23)
G1 X1607.030 Y1871.228
; Coordinate transform: (1608.66,118.59) -> (1608.66,1873.40)
G1 X1608.660 Y1873.405
; Coordinate transform: (1610.63,116.75) -> (1610.63,1875.25)
G1 X1610.630 Y1875.248
; Coordinate transform: (1613.04,115.40) -> (1613.04,1876.60)
G1 X1613.040 Y1876.599
; Coordinate transform: (1615.92,114.75) -> (1615.92,1877.26)
G1 X1615.920 Y1877.255
; Coordinate transform: (1619.32,114.87) -> (1619.32,1877.13)
G1 X1619.320 Y1877.127
; Coordinate transform: (1623.34,115.74) -> (1623.34,1876.26)
G1 X1623.340 Y1876.260
; Coordinate transform: (1628.10,117.19) -> (1628.10,1874.81)
G1 X1628.100 Y1874.809
; Coordinate transform: (1633.71,119.00) -> (1633.71,1873.00)
G1 X1633.710 Y1873.000
; Coordinate transform: (1640.22,121.05) -> (1640.22,1870.95)
G1 X1640.220 Y1870.948
; Coordinate transform: (1647.72,123.22) -> (1647.72,1868.79)
G1 X1647.720 Y1868.785
; Coordinate transform: (1656.14,125.36) -> (1656.14,1866.64)
G1 X1656.140 Y1866.641
; Coordinate transform: (1665.42,127.36) -> (1665.42,1864.64)
G1 X1665.420 Y1864.639
; Coordinate transform: (1675.33,129.12) -> (1675.33,1862.88)
G1 X1675.330 Y1862.883
; Coordinate transform: (1685.64,130.54) -> (1685.64,1861.46)
G1 X1685.640 Y1861.463
; Coordinate transform: (1696.10,131.56) -> (1696.10,1860.44)
G1 X1696.100 Y1860.445
; Coordinate transform: (1706.52,132.15) -> (1706.52,1859.85)
G1 X1706.520 Y1859.848
; Coordinate transform: (1716.71,132.40) -> (1716.71,1859.60)
G1 X1716.710 Y1859.601
; Coordinate transform: (1726.49,132.39) -> (1726.49,1859.61)
G1 X1726.490 Y1859.609
; Coordinate transform: (1735.60,132.21) -> (1735.60,1859.79)
G1 X1735.600 Y1859.791
; Coordinate transform: (1743.76,131.86) -> (1743.76,1860.14)
G1 X1743.760 Y1860.136
; Coordinate transform: (1750.80,131.34) -> (1750.80,1860.66)
G1 X1750.800 Y1860.659
; Coordinate transform: (1756.59,130.64) -> (1756.59,1861.36)
G1 X1756.590 Y1861.364
; Coordinate transform: (1761.08,129.76) -> (1761.08,1862.24)
G1 X1761.080 Y1862.244
; Coordinate transform: (1764.30,128.74) -> (1764.30,1863.26)
G1 X1764.300 Y1863.265
; Coordinate transform: (1766.30,127.60) -> (1766.30,1864.40)
G1 X1766.300 Y1864.397
M400 ; Wait for drawing to complete
; === STOP BRUSH SEQUENCE ===
; STOP BRUSH A
G4 P50 ; Short delay before stepper command
G1 U0.000 F200.0 ; Close Brush A flow
M400 ; Wait for stepper motion to complete
M106 P2 S0 ; Brush A air off
; Z already at 84.000mm, above safe threshold of 10.000mm, no need to raise
; === END STOP BRUSH SEQUENCE ===
; === PATH END ===


; Path 33/49 (id: path33)
; WIDTH: requested=117.176mm, actual=117.176mm, compensation=1.000
; Z HEIGHT: 84.000mm (min=4.0, max=84.0)
; PAINT FLOW: 0.500 (baseline=0.1, max=0.5)
; PAINT FLOW COMPONENTS: base=0.100, width=0.300, opacity=0.100
; FEEDRATE: 594.5 mm/min (z_factor=0.0259, speed_factor=0.956)
; WARNING: Requested stroke width 117.2mm exceeds machine capability.
; H.Airbrush cannot draw strokes wider than 6.6mm at 1mm/s minimum speed.
; Stroke width has been reduced to 6.6mm.
; ===== STROKE PARAMETERS =====
; Color: black
; Width: 117.18mm
; Opacity: 0.25
; Brush: brush_a (index 0)
T0 ; Select Brush A (Black)
; ===== AIRBRUSH SETTINGS =====
; Z-height: 84.00mm
; Paint flow: 0.50
; Feedrate: 594.5mm/min (includes Z scaling)
; Using brush: brush_a (tool 0)
; Path with Brush A (black) at Z=84.000mm
; Using: Air=P2, Flow=A axis
; Drawing Z height: 84.000mm, Travel Z height: 10.000mm
; Machine Z range: 0-84mm (Safe range: 5-80mm)
; === START BRUSH SEQUENCE ===
; START BRUSH A
; Z already at 84.000mm, above safe threshold of 10.000mm, no need to raise
T0 ; Select Tool 0 (Brush A)
G4 P500 ; Wait for tool change to complete
; === END BRUSH SEQUENCE ===
; Coordinate transform: (1873.24,858.70) -> (1873.24,1133.30)
G0 X1873.240 Y1133.296 F24000
M400 ; Wait for XY movement to complete
G1 Z84.000 F1200
M400 ; Wait for Z movement to complete
; === ACTIVATE BRUSH AT POSITION ===
; AIR ON FIRST - Important to prevent dripping
M106 P2 S1 ; Brush A air on
; PAINT ON AFTER AIR
G4 P50 ; Short delay before stepper command
G1 U2.400 F200.0 ; Set Brush A flow to 2.400mm
M400 ; Wait for stepper motion to complete
; === BRUSH ACTIVATED ===
G1 F594.4557554428459
; Coordinate transform: (1870.40,858.99) -> (1870.40,1133.01)
G1 X1870.400 Y1133.009
; Coordinate transform: (1866.80,859.55) -> (1866.80,1132.45)
G1 X1866.800 Y1132.448
; Coordinate transform: (1862.98,860.39) -> (1862.98,1131.61)
G1 X1862.980 Y1131.609
; Coordinate transform: (1859.50,861.51) -> (1859.50,1130.49)
G1 X1859.500 Y1130.491
; Coordinate transform: (1856.69,862.88) -> (1856.69,1129.12)
G1 X1856.690 Y1129.118
; Coordinate transform: (1854.53,864.45) -> (1854.53,1127.55)
G1 X1854.530 Y1127.551
; Coordinate transform: (1852.96,866.16) -> (1852.96,1125.84)
G1 X1852.960 Y1125.837
; Coordinate transform: (1851.94,867.98) -> (1851.94,1124.02)
G1 X1851.940 Y1124.019
; Coordinate transform: (1851.44,869.86) -> (1851.44,1122.14)
G1 X1851.440 Y1122.136
; Coordinate transform: (1851.42,871.78) -> (1851.42,1120.22)
G1 X1851.420 Y1120.221
; Coordinate transform: (1851.88,873.70) -> (1851.88,1118.30)
G1 X1851.880 Y1118.297
; Coordinate transform: (1852.78,875.62) -> (1852.78,1116.38)
G1 X1852.780 Y1116.378
; Coordinate transform: (1854.14,877.53) -> (1854.14,1114.47)
G1 X1854.140 Y1114.469
; Coordinate transform: (1855.95,879.43) -> (1855.95,1112.57)
G1 X1855.950 Y1112.568
; Coordinate transform: (1858.23,881.34) -> (1858.23,1110.66)
G1 X1858.230 Y1110.656
; Coordinate transform: (1860.99,883.30) -> (1860.99,1108.70)
G1 X1860.990 Y1108.703
; Coordinate transform: (1864.16,885.32) -> (1864.16,1106.68)
G1 X1864.160 Y1106.679
; Coordinate transform: (1867.35,887.43) -> (1867.35,1104.57)
G1 X1867.350 Y1104.570
; Coordinate transform: (1870.23,889.63) -> (1870.23,1102.37)
G1 X1870.230 Y1102.369
; Coordinate transform: (1872.46,891.95) -> (1872.46,1100.05)
G1 X1872.460 Y1100.053
; Coordinate transform: (1873.84,894.42) -> (1873.84,1097.58)
G1 X1873.840 Y1097.584
; Coordinate transform: (1874.24,897.11) -> (1874.24,1094.89)
G1 X1874.240 Y1094.895
; Coordinate transform: (1873.63,900.10) -> (1873.63,1091.90)
G1 X1873.630 Y1091.902
; Coordinate transform: (1872.07,903.51) -> (1872.07,1088.49)
G1 X1872.070 Y1088.486
; Coordinate transform: (1869.72,907.50) -> (1869.72,1084.49)
G1 X1869.720 Y1084.495
; Coordinate transform: (1866.79,912.27) -> (1866.79,1079.73)
G1 X1866.790 Y1079.729
; Coordinate transform: (1863.54,918.01) -> (1863.54,1073.99)
G1 X1863.540 Y1073.986
; Coordinate transform: (1860.28,924.98) -> (1860.28,1067.02)
G1 X1860.280 Y1067.019
; Coordinate transform: (1857.29,933.42) -> (1857.29,1058.58)
G1 X1857.290 Y1058.577
; Coordinate transform: (1854.59,943.43) -> (1854.59,1048.57)
G1 X1854.590 Y1048.567
; Coordinate transform: (1852.20,954.98) -> (1852.20,1037.02)
G1 X1852.200 Y1037.019
; Coordinate transform: (1850.19,967.89) -> (1850.19,1024.11)
G1 X1850.190 Y1024.107
; Coordinate transform: (1848.54,981.75) -> (1848.54,1010.25)
G1 X1848.540 Y1010.247
; Coordinate transform: (1847.14,995.92) -> (1847.14,996.08)
G1 X1847.140 Y996.078
; Coordinate transform: (1845.77,1009.69) -> (1845.77,982.31)
G1 X1845.770 Y982.310
; Coordinate transform: (1844.27,1022.43) -> (1844.27,969.57)
G1 X1844.270 Y969.570
; Coordinate transform: (1842.59,1033.74) -> (1842.59,958.26)
G1 X1842.590 Y958.260
; Coordinate transform: (1840.75,1043.46) -> (1840.75,948.54)
G1 X1840.750 Y948.540
; Coordinate transform: (1838.82,1051.60) -> (1838.82,940.40)
G1 X1838.820 Y940.400
; Coordinate transform: (1836.88,1058.33) -> (1836.88,933.67)
G1 X1836.880 Y933.670
; Coordinate transform: (1834.97,1063.89) -> (1834.97,928.11)
G1 X1834.970 Y928.110
; Coordinate transform: (1833.17,1068.52) -> (1833.17,923.48)
G1 X1833.170 Y923.480
; Coordinate transform: (1831.51,1072.44) -> (1831.51,919.56)
G1 X1831.510 Y919.560
; Coordinate transform: (1830.02,1075.88) -> (1830.02,916.12)
G1 X1830.020 Y916.120
M400 ; Wait for drawing to complete
; === STOP BRUSH SEQUENCE ===
; STOP BRUSH A
G4 P50 ; Short delay before stepper command
G1 U0.000 F200.0 ; Close Brush A flow
M400 ; Wait for stepper motion to complete
M106 P2 S0 ; Brush A air off
; Z already at 84.000mm, above safe threshold of 10.000mm, no need to raise
; === END STOP BRUSH SEQUENCE ===
; === PATH END ===


; Path 34/49 (id: path34)
; WIDTH: requested=117.176mm, actual=117.176mm, compensation=1.000
; Z HEIGHT: 84.000mm (min=4.0, max=84.0)
; PAINT FLOW: 0.500 (baseline=0.1, max=0.5)
; PAINT FLOW COMPONENTS: base=0.100, width=0.300, opacity=0.100
; FEEDRATE: 594.5 mm/min (z_factor=0.0259, speed_factor=0.956)
; WARNING: Requested stroke width 117.2mm exceeds machine capability.
; H.Airbrush cannot draw strokes wider than 6.6mm at 1mm/s minimum speed.
; Stroke width has been reduced to 6.6mm.
; ===== STROKE PARAMETERS =====
; Color: black
; Width: 117.18mm
; Opacity: 0.25
; Brush: brush_a (index 0)
T0 ; Select Brush A (Black)
; ===== AIRBRUSH SETTINGS =====
; Z-height: 84.00mm
; Paint flow: 0.50
; Feedrate: 594.5mm/min (includes Z scaling)
; Using brush: brush_a (tool 0)
; Path with Brush A (black) at Z=84.000mm
; Using: Air=P2, Flow=A axis
; Drawing Z height: 84.000mm, Travel Z height: 10.000mm
; Machine Z range: 0-84mm (Safe range: 5-80mm)
; === START BRUSH SEQUENCE ===
; START BRUSH A
; Z already at 84.000mm, above safe threshold of 10.000mm, no need to raise
T0 ; Select Tool 0 (Brush A)
G4 P500 ; Wait for tool change to complete
; === END BRUSH SEQUENCE ===
; Coordinate transform: (611.04,1212.28) -> (611.04,779.72)
G0 X611.039 Y779.720 F24000
M400 ; Wait for XY movement to complete
G1 Z84.000 F1200
M400 ; Wait for Z movement to complete
; === ACTIVATE BRUSH AT POSITION ===
; AIR ON FIRST - Important to prevent dripping
M106 P2 S1 ; Brush A air on
; PAINT ON AFTER AIR
G4 P50 ; Short delay before stepper command
G1 U2.400 F200.0 ; Set Brush A flow to 2.400mm
M400 ; Wait for stepper motion to complete
; === BRUSH ACTIVATED ===
G1 F594.4557554428459
; Coordinate transform: (610.12,1212.74) -> (610.12,779.26)
G1 X610.119 Y779.260
; Coordinate transform: (608.82,1213.41) -> (608.82,778.59)
G1 X608.822 Y778.590
; Coordinate transform: (607.23,1214.25) -> (607.23,777.75)
G1 X607.228 Y777.750
; Coordinate transform: (605.42,1215.24) -> (605.42,776.76)
G1 X605.417 Y776.760
; Coordinate transform: (603.47,1216.34) -> (603.47,775.66)
G1 X603.466 Y775.660
; Coordinate transform: (601.45,1217.53) -> (601.45,774.47)
G1 X601.453 Y774.470
; Coordinate transform: (599.42,1218.79) -> (599.42,773.21)
G1 X599.421 Y773.210
; Coordinate transform: (597.40,1220.15) -> (597.40,771.85)
G1 X597.396 Y771.850
; Coordinate transform: (595.44,1221.62) -> (595.44,770.38)
G1 X595.438 Y770.380
; Coordinate transform: (593.66,1223.18) -> (593.66,768.82)
G1 X593.656 Y768.820
; Coordinate transform: (592.11,1224.77) -> (592.11,767.23)
G1 X592.112 Y767.230
; Coordinate transform: (590.81,1226.36) -> (590.81,765.64)
G1 X590.813 Y765.640
; Coordinate transform: (589.75,1227.93) -> (589.75,764.07)
G1 X589.751 Y764.070
; Coordinate transform: (588.91,1229.49) -> (588.91,762.51)
G1 X588.910 Y762.510
; Coordinate transform: (588.27,1231.06) -> (588.27,760.94)
G1 X588.271 Y760.940
; Coordinate transform: (587.82,1232.66) -> (587.82,759.34)
G1 X587.818 Y759.340
; Coordinate transform: (587.54,1234.27) -> (587.54,757.73)
G1 X587.541 Y757.730
; Coordinate transform: (587.42,1235.91) -> (587.42,756.09)
G1 X587.425 Y756.090
; Coordinate transform: (587.45,1237.60) -> (587.45,754.40)
G1 X587.453 Y754.400
; Coordinate transform: (587.61,1239.32) -> (587.61,752.68)
G1 X587.609 Y752.680
; Coordinate transform: (587.88,1241.10) -> (587.88,750.90)
G1 X587.882 Y750.900
; Coordinate transform: (588.29,1242.97) -> (588.29,749.03)
G1 X588.292 Y749.030
; Coordinate transform: (588.86,1244.98) -> (588.86,747.02)
G1 X588.864 Y747.020
; Coordinate transform: (589.63,1247.18) -> (589.63,744.82)
G1 X589.635 Y744.820
; Coordinate transform: (590.63,1249.58) -> (590.63,742.42)
G1 X590.631 Y742.420
; Coordinate transform: (591.89,1252.19) -> (591.89,739.81)
G1 X591.895 Y739.810
; Coordinate transform: (593.47,1255.03) -> (593.47,736.97)
G1 X593.474 Y736.970
; Coordinate transform: (595.44,1258.12) -> (595.44,733.88)
G1 X595.441 Y733.880
; Coordinate transform: (597.88,1261.50) -> (597.88,730.50)
G1 X597.882 Y730.500
; Coordinate transform: (600.88,1265.19) -> (600.88,726.81)
G1 X600.884 Y726.810
; Coordinate transform: (604.51,1269.18) -> (604.51,722.82)
G1 X604.511 Y722.820
; Coordinate transform: (608.74,1273.43) -> (608.74,718.57)
G1 X608.739 Y718.570
; Coordinate transform: (613.55,1277.87) -> (613.55,714.13)
G1 X613.555 Y714.130
; Coordinate transform: (618.93,1282.48) -> (618.93,709.52)
G1 X618.933 Y709.520
; Coordinate transform: (624.69,1287.19) -> (624.69,704.81)
G1 X624.690 Y704.810
; Coordinate transform: (630.60,1291.95) -> (630.60,700.05)
G1 X630.597 Y700.050
M400 ; Wait for drawing to complete
; === STOP BRUSH SEQUENCE ===
; STOP BRUSH A
G4 P50 ; Short delay before stepper command
G1 U0.000 F200.0 ; Close Brush A flow
M400 ; Wait for stepper motion to complete
M106 P2 S0 ; Brush A air off
; Z already at 84.000mm, above safe threshold of 10.000mm, no need to raise
; === END STOP BRUSH SEQUENCE ===
; === PATH END ===


; Path 35/49 (id: path35)
; WIDTH: requested=117.176mm, actual=117.176mm, compensation=1.000
; Z HEIGHT: 84.000mm (min=4.0, max=84.0)
; PAINT FLOW: 0.500 (baseline=0.1, max=0.5)
; PAINT FLOW COMPONENTS: base=0.100, width=0.300, opacity=0.100
; FEEDRATE: 594.5 mm/min (z_factor=0.0259, speed_factor=0.956)
; WARNING: Requested stroke width 117.2mm exceeds machine capability.
; H.Airbrush cannot draw strokes wider than 6.6mm at 1mm/s minimum speed.
; Stroke width has been reduced to 6.6mm.
; ===== STROKE PARAMETERS =====
; Color: black
; Width: 117.18mm
; Opacity: 0.25
; Brush: brush_a (index 0)
T0 ; Select Brush A (Black)
; ===== AIRBRUSH SETTINGS =====
; Z-height: 84.00mm
; Paint flow: 0.50
; Feedrate: 594.5mm/min (includes Z scaling)
; Using brush: brush_a (tool 0)
; Path with Brush A (black) at Z=84.000mm
; Using: Air=P2, Flow=A axis
; Drawing Z height: 84.000mm, Travel Z height: 10.000mm
; Machine Z range: 0-84mm (Safe range: 5-80mm)
; === START BRUSH SEQUENCE ===
; START BRUSH A
; Z already at 84.000mm, above safe threshold of 10.000mm, no need to raise
T0 ; Select Tool 0 (Brush A)
G4 P500 ; Wait for tool change to complete
; === END BRUSH SEQUENCE ===
; Coordinate transform: (1304.59,1752.82) -> (1304.59,239.18)
G0 X1304.590 Y239.180 F24000
M400 ; Wait for XY movement to complete
G1 Z84.000 F1200
M400 ; Wait for Z movement to complete
; === ACTIVATE BRUSH AT POSITION ===
; AIR ON FIRST - Important to prevent dripping
M106 P2 S1 ; Brush A air on
; PAINT ON AFTER AIR
G4 P50 ; Short delay before stepper command
G1 U2.400 F200.0 ; Set Brush A flow to 2.400mm
M400 ; Wait for stepper motion to complete
; === BRUSH ACTIVATED ===
G1 F594.4557554428459
; Coordinate transform: (1306.29,1754.12) -> (1306.29,237.88)
G1 X1306.290 Y237.880
; Coordinate transform: (1308.42,1755.84) -> (1308.42,236.16)
G1 X1308.420 Y236.160
; Coordinate transform: (1310.70,1757.77) -> (1310.70,234.23)
G1 X1310.700 Y234.230
; Coordinate transform: (1312.86,1759.79) -> (1312.86,232.21)
G1 X1312.860 Y232.210
; Coordinate transform: (1314.74,1761.76) -> (1314.74,230.24)
G1 X1314.740 Y230.240
; Coordinate transform: (1316.25,1763.64) -> (1316.25,228.36)
G1 X1316.250 Y228.360
; Coordinate transform: (1317.34,1765.43) -> (1317.34,226.57)
G1 X1317.340 Y226.570
; Coordinate transform: (1317.99,1767.13) -> (1317.99,224.87)
G1 X1317.990 Y224.870
; Coordinate transform: (1318.20,1768.76) -> (1318.20,223.24)
G1 X1318.200 Y223.240
; Coordinate transform: (1318.00,1770.37) -> (1318.00,221.63)
G1 X1318.000 Y221.630
; Coordinate transform: (1317.43,1771.97) -> (1317.43,220.03)
G1 X1317.430 Y220.030
; Coordinate transform: (1316.53,1773.61) -> (1316.53,218.39)
G1 X1316.530 Y218.390
; Coordinate transform: (1315.33,1775.32) -> (1315.33,216.68)
G1 X1315.330 Y216.680
; Coordinate transform: (1313.89,1777.15) -> (1313.89,214.85)
G1 X1313.890 Y214.850
; Coordinate transform: (1312.23,1779.16) -> (1312.23,212.84)
G1 X1312.230 Y212.840
; Coordinate transform: (1310.40,1781.40) -> (1310.40,210.60)
G1 X1310.400 Y210.600
; Coordinate transform: (1308.40,1783.96) -> (1308.40,208.04)
G1 X1308.400 Y208.040
; Coordinate transform: (1306.26,1786.92) -> (1306.26,205.08)
G1 X1306.260 Y205.080
; Coordinate transform: (1303.97,1790.41) -> (1303.97,201.59)
G1 X1303.970 Y201.590
; Coordinate transform: (1301.54,1794.56) -> (1301.54,197.44)
G1 X1301.540 Y197.440
; Coordinate transform: (1299.01,1799.52) -> (1299.01,192.48)
G1 X1299.010 Y192.480
; Coordinate transform: (1296.40,1805.49) -> (1296.40,186.51)
G1 X1296.400 Y186.510
; Coordinate transform: (1293.75,1812.63) -> (1293.75,179.37)
G1 X1293.750 Y179.370
; Coordinate transform: (1291.14,1821.11) -> (1291.14,170.89)
G1 X1291.140 Y170.890
; Coordinate transform: (1288.65,1831.00) -> (1288.65,161.00)
G1 X1288.650 Y161.000
; Coordinate transform: (1286.40,1842.35) -> (1286.40,149.65)
G1 X1286.400 Y149.650
; Coordinate transform: (1284.45,1854.94) -> (1284.45,137.06)
G1 X1284.450 Y137.060
; Coordinate transform: (1282.81,1868.15) -> (1282.81,123.85)
G1 X1282.810 Y123.850
; Coordinate transform: (1281.36,1880.23) -> (1281.36,111.77)
G1 X1281.360 Y111.770
; Coordinate transform: (1280.03,1889.19) -> (1280.03,102.81)
G1 X1280.030 Y102.810
; Coordinate transform: (1278.80,1894.77) -> (1278.80,97.23)
G1 X1278.800 Y97.230
; Coordinate transform: (1277.69,1897.15) -> (1277.69,94.85)
G1 X1277.690 Y94.850
M400 ; Wait for drawing to complete
; === STOP BRUSH SEQUENCE ===
; STOP BRUSH A
G4 P50 ; Short delay before stepper command
G1 U0.000 F200.0 ; Close Brush A flow
M400 ; Wait for stepper motion to complete
M106 P2 S0 ; Brush A air off
; Z already at 84.000mm, above safe threshold of 10.000mm, no need to raise
; === END STOP BRUSH SEQUENCE ===
; === PATH END ===


; Path 36/49 (id: path36)
; WIDTH: requested=117.176mm, actual=117.176mm, compensation=1.000
; Z HEIGHT: 84.000mm (min=4.0, max=84.0)
; PAINT FLOW: 0.500 (baseline=0.1, max=0.5)
; PAINT FLOW COMPONENTS: base=0.100, width=0.300, opacity=0.100
; FEEDRATE: 594.5 mm/min (z_factor=0.0259, speed_factor=0.956)
; WARNING: Requested stroke width 117.2mm exceeds machine capability.
; H.Airbrush cannot draw strokes wider than 6.6mm at 1mm/s minimum speed.
; Stroke width has been reduced to 6.6mm.
; ===== STROKE PARAMETERS =====
; Color: black
; Width: 117.18mm
; Opacity: 0.25
; Brush: brush_a (index 0)
T0 ; Select Brush A (Black)
; ===== AIRBRUSH SETTINGS =====
; Z-height: 84.00mm
; Paint flow: 0.50
; Feedrate: 594.5mm/min (includes Z scaling)
; Using brush: brush_a (tool 0)
; Path with Brush A (black) at Z=84.000mm
; Using: Air=P2, Flow=A axis
; Drawing Z height: 84.000mm, Travel Z height: 10.000mm
; Machine Z range: 0-84mm (Safe range: 5-80mm)
; === START BRUSH SEQUENCE ===
; START BRUSH A
; Z already at 84.000mm, above safe threshold of 10.000mm, no need to raise
T0 ; Select Tool 0 (Brush A)
G4 P500 ; Wait for tool change to complete
; === END BRUSH SEQUENCE ===
; Coordinate transform: (1171.78,117.97) -> (1171.78,1874.03)
G0 X1171.780 Y1874.026 F24000
M400 ; Wait for XY movement to complete
G1 Z84.000 F1200
M400 ; Wait for Z movement to complete
; === ACTIVATE BRUSH AT POSITION ===
; AIR ON FIRST - Important to prevent dripping
M106 P2 S1 ; Brush A air on
; PAINT ON AFTER AIR
G4 P50 ; Short delay before stepper command
G1 U2.400 F200.0 ; Set Brush A flow to 2.400mm
M400 ; Wait for stepper motion to complete
; === BRUSH ACTIVATED ===
G1 F594.4557554428459
; Coordinate transform: (1171.97,119.40) -> (1171.97,1872.60)
G1 X1171.970 Y1872.596
; Coordinate transform: (1172.31,121.26) -> (1172.31,1870.74)
G1 X1172.310 Y1870.739
; Coordinate transform: (1172.82,123.31) -> (1172.82,1868.69)
G1 X1172.820 Y1868.695
; Coordinate transform: (1173.49,125.29) -> (1173.49,1866.71)
G1 X1173.490 Y1866.710
; Coordinate transform: (1174.34,127.00) -> (1174.34,1865.00)
G1 X1174.340 Y1864.998
; Coordinate transform: (1175.37,128.28) -> (1175.37,1863.72)
G1 X1175.370 Y1863.724
; Coordinate transform: (1176.58,129.01) -> (1176.58,1862.99)
G1 X1176.580 Y1862.992
; Coordinate transform: (1178.01,129.16) -> (1178.01,1862.84)
G1 X1178.010 Y1862.842
; Coordinate transform: (1179.64,128.76) -> (1179.64,1863.24)
G1 X1179.640 Y1863.243
; Coordinate transform: (1181.53,127.87) -> (1181.53,1864.13)
G1 X1181.530 Y1864.127
; Coordinate transform: (1183.69,126.63) -> (1183.69,1865.37)
G1 X1183.690 Y1865.372
; Coordinate transform: (1186.18,125.17) -> (1186.18,1866.84)
G1 X1186.180 Y1866.835
; Coordinate transform: (1189.05,123.64) -> (1189.05,1868.37)
G1 X1189.050 Y1868.365
; Coordinate transform: (1192.33,122.19) -> (1192.33,1869.81)
G1 X1192.330 Y1869.810
; Coordinate transform: (1196.09,120.96) -> (1196.09,1871.04)
G1 X1196.090 Y1871.043
; Coordinate transform: (1200.41,120.04) -> (1200.41,1871.96)
G1 X1200.410 Y1871.958
; Coordinate transform: (1205.42,119.53) -> (1205.42,1872.47)
G1 X1205.420 Y1872.466
; Coordinate transform: (1211.14,119.47) -> (1211.14,1872.53)
G1 X1211.140 Y1872.526
; Coordinate transform: (1217.62,119.88) -> (1217.62,1872.12)
G1 X1217.620 Y1872.118
; Coordinate transform: (1224.85,120.75) -> (1224.85,1871.26)
G1 X1224.850 Y1871.255
; Coordinate transform: (1232.75,122.02) -> (1232.75,1869.98)
G1 X1232.750 Y1869.983
; Coordinate transform: (1241.21,123.62) -> (1241.21,1868.38)
G1 X1241.210 Y1868.376
; Coordinate transform: (1250.09,125.48) -> (1250.09,1866.52)
G1 X1250.090 Y1866.523
; Coordinate transform: (1259.16,127.44) -> (1259.16,1864.56)
G1 X1259.160 Y1864.558
; Coordinate transform: (1268.14,129.35) -> (1268.14,1862.65)
G1 X1268.140 Y1862.650
; Coordinate transform: (1276.75,130.99) -> (1276.75,1861.01)
G1 X1276.750 Y1861.006
; Coordinate transform: (1284.76,132.19) -> (1284.76,1859.81)
G1 X1284.760 Y1859.810
; Coordinate transform: (1292.07,132.85) -> (1292.07,1859.15)
G1 X1292.070 Y1859.154
; Coordinate transform: (1298.66,132.96) -> (1298.66,1859.04)
G1 X1298.660 Y1859.044
; Coordinate transform: (1304.55,132.51) -> (1304.55,1859.49)
G1 X1304.550 Y1859.493
; Coordinate transform: (1309.82,131.49) -> (1309.82,1860.51)
G1 X1309.820 Y1860.515
; Coordinate transform: (1314.56,129.91) -> (1314.56,1862.09)
G1 X1314.560 Y1862.087
; Coordinate transform: (1318.87,127.91) -> (1318.87,1864.09)
G1 X1318.870 Y1864.089
; Coordinate transform: (1322.86,125.63) -> (1322.86,1866.37)
G1 X1322.860 Y1866.367
; Coordinate transform: (1326.60,123.24) -> (1326.60,1868.76)
G1 X1326.600 Y1868.758
; Coordinate transform: (1330.16,120.79) -> (1330.16,1871.21)
G1 X1330.160 Y1871.213
; Coordinate transform: (1333.65,118.60) -> (1333.65,1873.40)
G1 X1333.650 Y1873.401
M400 ; Wait for drawing to complete
; === STOP BRUSH SEQUENCE ===
; STOP BRUSH A
G4 P50 ; Short delay before stepper command
G1 U0.000 F200.0 ; Close Brush A flow
M400 ; Wait for stepper motion to complete
M106 P2 S0 ; Brush A air off
; Z already at 84.000mm, above safe threshold of 10.000mm, no need to raise
; === END STOP BRUSH SEQUENCE ===
; === PATH END ===


; Path 37/49 (id: path37)
; WIDTH: requested=117.176mm, actual=117.176mm, compensation=1.000
; Z HEIGHT: 84.000mm (min=4.0, max=84.0)
; PAINT FLOW: 0.500 (baseline=0.1, max=0.5)
; PAINT FLOW COMPONENTS: base=0.100, width=0.300, opacity=0.100
; FEEDRATE: 594.5 mm/min (z_factor=0.0259, speed_factor=0.956)
; WARNING: Requested stroke width 117.2mm exceeds machine capability.
; H.Airbrush cannot draw strokes wider than 6.6mm at 1mm/s minimum speed.
; Stroke width has been reduced to 6.6mm.
; ===== STROKE PARAMETERS =====
; Color: black
; Width: 117.18mm
; Opacity: 0.25
; Brush: brush_a (index 0)
T0 ; Select Brush A (Black)
; ===== AIRBRUSH SETTINGS =====
; Z-height: 84.00mm
; Paint flow: 0.50
; Feedrate: 594.5mm/min (includes Z scaling)
; Using brush: brush_a (tool 0)
; Path with Brush A (black) at Z=84.000mm
; Using: Air=P2, Flow=A axis
; Drawing Z height: 84.000mm, Travel Z height: 10.000mm
; Machine Z range: 0-84mm (Safe range: 5-80mm)
; === START BRUSH SEQUENCE ===
; START BRUSH A
; Z already at 84.000mm, above safe threshold of 10.000mm, no need to raise
T0 ; Select Tool 0 (Brush A)
G4 P500 ; Wait for tool change to complete
; === END BRUSH SEQUENCE ===
; Coordinate transform: (1714.02,1495.86) -> (1714.02,496.14)
G0 X1714.020 Y496.140 F24000
M400 ; Wait for XY movement to complete
G1 Z84.000 F1200
M400 ; Wait for Z movement to complete
; === ACTIVATE BRUSH AT POSITION ===
; AIR ON FIRST - Important to prevent dripping
M106 P2 S1 ; Brush A air on
; PAINT ON AFTER AIR
G4 P50 ; Short delay before stepper command
G1 U2.400 F200.0 ; Set Brush A flow to 2.400mm
M400 ; Wait for stepper motion to complete
; === BRUSH ACTIVATED ===
G1 F594.4557554428459
; Coordinate transform: (1714.77,1495.98) -> (1714.77,496.02)
G1 X1714.770 Y496.020
; Coordinate transform: (1715.92,1496.19) -> (1715.92,495.81)
G1 X1715.920 Y495.810
; Coordinate transform: (1717.38,1496.48) -> (1717.38,495.52)
G1 X1717.380 Y495.520
; Coordinate transform: (1719.12,1496.87) -> (1719.12,495.13)
G1 X1719.120 Y495.130
; Coordinate transform: (1721.06,1497.37) -> (1721.06,494.63)
G1 X1721.060 Y494.630
; Coordinate transform: (1723.16,1497.96) -> (1723.16,494.04)
G1 X1723.160 Y494.040
; Coordinate transform: (1725.35,1498.67) -> (1725.35,493.33)
G1 X1725.350 Y493.330
; Coordinate transform: (1727.62,1499.50) -> (1727.62,492.50)
G1 X1727.620 Y492.500
; Coordinate transform: (1729.93,1500.47) -> (1729.93,491.53)
G1 X1729.930 Y491.530
; Coordinate transform: (1732.23,1501.60) -> (1732.23,490.40)
G1 X1732.230 Y490.400
; Coordinate transform: (1734.48,1502.89) -> (1734.48,489.11)
G1 X1734.480 Y489.110
; Coordinate transform: (1736.66,1504.37) -> (1736.66,487.63)
G1 X1736.660 Y487.630
; Coordinate transform: (1738.74,1506.09) -> (1738.74,485.91)
G1 X1738.740 Y485.910
; Coordinate transform: (1740.70,1508.07) -> (1740.70,483.93)
G1 X1740.700 Y483.930
; Coordinate transform: (1742.54,1510.39) -> (1742.54,481.61)
G1 X1742.540 Y481.610
; Coordinate transform: (1744.25,1513.10) -> (1744.25,478.90)
G1 X1744.250 Y478.900
; Coordinate transform: (1745.79,1516.28) -> (1745.79,475.72)
G1 X1745.790 Y475.720
; Coordinate transform: (1747.15,1520.06) -> (1747.15,471.94)
G1 X1747.150 Y471.940
; Coordinate transform: (1748.29,1524.57) -> (1748.29,467.43)
G1 X1748.290 Y467.430
; Coordinate transform: (1749.19,1529.99) -> (1749.19,462.01)
G1 X1749.190 Y462.010
; Coordinate transform: (1749.84,1536.44) -> (1749.84,455.56)
G1 X1749.840 Y455.560
; Coordinate transform: (1750.19,1544.11) -> (1750.19,447.89)
G1 X1750.190 Y447.890
; Coordinate transform: (1750.20,1553.04) -> (1750.20,438.96)
G1 X1750.200 Y438.960
; Coordinate transform: (1749.81,1563.28) -> (1749.81,428.72)
G1 X1749.810 Y428.720
; Coordinate transform: (1748.96,1574.55) -> (1748.96,417.45)
G1 X1748.960 Y417.450
; Coordinate transform: (1747.58,1586.47) -> (1747.58,405.53)
G1 X1747.580 Y405.530
; Coordinate transform: (1745.62,1598.60) -> (1745.62,393.40)
G1 X1745.620 Y393.400
; Coordinate transform: (1743.04,1610.52) -> (1743.04,381.48)
G1 X1743.040 Y381.480
; Coordinate transform: (1739.81,1622.01) -> (1739.81,369.99)
G1 X1739.810 Y369.990
; Coordinate transform: (1735.92,1633.00) -> (1735.92,359.00)
G1 X1735.920 Y359.000
; Coordinate transform: (1731.32,1643.51) -> (1731.32,348.49)
G1 X1731.320 Y348.490
; Coordinate transform: (1725.92,1653.56) -> (1725.92,338.44)
G1 X1725.920 Y338.440
; Coordinate transform: (1719.65,1663.14) -> (1719.65,328.86)
G1 X1719.650 Y328.860
; Coordinate transform: (1712.50,1672.19) -> (1712.50,319.81)
G1 X1712.500 Y319.810
; Coordinate transform: (1704.54,1680.62) -> (1704.54,311.38)
G1 X1704.540 Y311.380
; Coordinate transform: (1696.04,1688.33) -> (1696.04,303.67)
G1 X1696.040 Y303.670
; Coordinate transform: (1687.35,1695.18) -> (1687.35,296.82)
G1 X1687.350 Y296.820
; Coordinate transform: (1678.92,1701.05) -> (1678.92,290.95)
G1 X1678.920 Y290.950
; Coordinate transform: (1671.14,1705.82) -> (1671.14,286.18)
G1 X1671.140 Y286.180
; Coordinate transform: (1664.35,1709.48) -> (1664.35,282.52)
G1 X1664.350 Y282.520
; Coordinate transform: (1658.75,1712.08) -> (1658.75,279.92)
G1 X1658.750 Y279.920
; Coordinate transform: (1654.46,1713.67) -> (1654.46,278.33)
G1 X1654.460 Y278.330
; Coordinate transform: (1651.47,1714.28) -> (1651.47,277.72)
G1 X1651.470 Y277.720
; Coordinate transform: (1649.72,1713.97) -> (1649.72,278.03)
G1 X1649.720 Y278.030
; Coordinate transform: (1649.14,1712.74) -> (1649.14,279.26)
G1 X1649.140 Y279.260
; Coordinate transform: (1649.65,1710.57) -> (1649.65,281.43)
G1 X1649.650 Y281.430
; Coordinate transform: (1651.18,1707.38) -> (1651.18,284.62)
G1 X1651.180 Y284.620
M400 ; Wait for drawing to complete
; === STOP BRUSH SEQUENCE ===
; STOP BRUSH A
G4 P50 ; Short delay before stepper command
G1 U0.000 F200.0 ; Close Brush A flow
M400 ; Wait for stepper motion to complete
M106 P2 S0 ; Brush A air off
; Z already at 84.000mm, above safe threshold of 10.000mm, no need to raise
; === END STOP BRUSH SEQUENCE ===
; === PATH END ===


; Path 38/49 (id: path38)
; WIDTH: requested=117.176mm, actual=117.176mm, compensation=1.000
; Z HEIGHT: 84.000mm (min=4.0, max=84.0)
; PAINT FLOW: 0.500 (baseline=0.1, max=0.5)
; PAINT FLOW COMPONENTS: base=0.100, width=0.300, opacity=0.100
; FEEDRATE: 594.5 mm/min (z_factor=0.0259, speed_factor=0.956)
; WARNING: Requested stroke width 117.2mm exceeds machine capability.
; H.Airbrush cannot draw strokes wider than 6.6mm at 1mm/s minimum speed.
; Stroke width has been reduced to 6.6mm.
; ===== STROKE PARAMETERS =====
; Color: black
; Width: 117.18mm
; Opacity: 0.25
; Brush: brush_a (index 0)
T0 ; Select Brush A (Black)
; ===== AIRBRUSH SETTINGS =====
; Z-height: 84.00mm
; Paint flow: 0.50
; Feedrate: 594.5mm/min (includes Z scaling)
; Using brush: brush_a (tool 0)
; Path with Brush A (black) at Z=84.000mm
; Using: Air=P2, Flow=A axis
; Drawing Z height: 84.000mm, Travel Z height: 10.000mm
; Machine Z range: 0-84mm (Safe range: 5-80mm)
; === START BRUSH SEQUENCE ===
; START BRUSH A
; Z already at 84.000mm, above safe threshold of 10.000mm, no need to raise
T0 ; Select Tool 0 (Brush A)
G4 P500 ; Wait for tool change to complete
; === END BRUSH SEQUENCE ===
; Coordinate transform: (1122.22,258.30) -> (1122.22,1733.70)
G0 X1122.220 Y1733.703 F24000
M400 ; Wait for XY movement to complete
G1 Z84.000 F1200
M400 ; Wait for Z movement to complete
; === ACTIVATE BRUSH AT POSITION ===
; AIR ON FIRST - Important to prevent dripping
M106 P2 S1 ; Brush A air on
; PAINT ON AFTER AIR
G4 P50 ; Short delay before stepper command
G1 U2.400 F200.0 ; Set Brush A flow to 2.400mm
M400 ; Wait for stepper motion to complete
; === BRUSH ACTIVATED ===
G1 F594.4557554428459
; Coordinate transform: (1122.34,258.65) -> (1122.34,1733.35)
G1 X1122.340 Y1733.350
; Coordinate transform: (1122.69,259.19) -> (1122.69,1732.81)
G1 X1122.690 Y1732.805
; Coordinate transform: (1123.26,259.91) -> (1123.26,1732.09)
G1 X1123.260 Y1732.087
; Coordinate transform: (1124.02,260.78) -> (1124.02,1731.22)
G1 X1124.020 Y1731.222
; Coordinate transform: (1124.96,261.77) -> (1124.96,1730.23)
G1 X1124.960 Y1730.232
; Coordinate transform: (1126.06,262.87) -> (1126.06,1729.13)
G1 X1126.060 Y1729.130
; Coordinate transform: (1127.32,264.06) -> (1127.32,1727.94)
G1 X1127.320 Y1727.937
; Coordinate transform: (1128.72,265.33) -> (1128.72,1726.67)
G1 X1128.720 Y1726.669
; Coordinate transform: (1130.25,266.68) -> (1130.25,1725.32)
G1 X1130.250 Y1725.321
; Coordinate transform: (1131.92,268.11) -> (1131.92,1723.89)
G1 X1131.920 Y1723.892
; Coordinate transform: (1133.75,269.62) -> (1133.75,1722.38)
G1 X1133.750 Y1722.380
; Coordinate transform: (1135.77,271.23) -> (1135.77,1720.77)
G1 X1135.770 Y1720.772
; Coordinate transform: (1138.02,272.94) -> (1138.02,1719.06)
G1 X1138.020 Y1719.055
; Coordinate transform: (1140.55,274.78) -> (1140.55,1717.22)
G1 X1140.550 Y1717.218
; Coordinate transform: (1143.43,276.75) -> (1143.43,1715.25)
G1 X1143.430 Y1715.249
; Coordinate transform: (1146.74,278.87) -> (1146.74,1713.13)
G1 X1146.740 Y1713.133
; Coordinate transform: (1150.59,281.16) -> (1150.59,1710.84)
G1 X1150.590 Y1710.844
; Coordinate transform: (1155.08,283.63) -> (1155.08,1708.37)
G1 X1155.080 Y1708.371
; Coordinate transform: (1160.35,286.26) -> (1160.35,1705.74)
G1 X1160.350 Y1705.737
; Coordinate transform: (1166.38,289.00) -> (1166.38,1703.00)
G1 X1166.380 Y1702.997
; Coordinate transform: (1173.04,291.74) -> (1173.04,1700.26)
G1 X1173.040 Y1700.259
; Coordinate transform: (1180.23,294.31) -> (1180.23,1697.68)
G1 X1180.230 Y1697.685
; Coordinate transform: (1187.72,296.63) -> (1187.72,1695.37)
G1 X1187.720 Y1695.370
; Coordinate transform: (1195.36,298.60) -> (1195.36,1693.40)
G1 X1195.360 Y1693.397
; Coordinate transform: (1203.16,300.20) -> (1203.16,1691.80)
G1 X1203.160 Y1691.797
; Coordinate transform: (1211.13,301.41) -> (1211.13,1690.59)
G1 X1211.130 Y1690.588
; Coordinate transform: (1219.28,302.25) -> (1219.28,1689.75)
G1 X1219.280 Y1689.749
; Coordinate transform: (1227.64,302.78) -> (1227.64,1689.22)
G1 X1227.640 Y1689.224
; Coordinate transform: (1236.20,303.09) -> (1236.20,1688.91)
G1 X1236.200 Y1688.912
; Coordinate transform: (1244.93,303.30) -> (1244.93,1688.70)
G1 X1244.930 Y1688.697
; Coordinate transform: (1253.84,303.53) -> (1253.84,1688.47)
G1 X1253.840 Y1688.473
; Coordinate transform: (1262.94,303.82) -> (1262.94,1688.18)
G1 X1262.940 Y1688.177
; Coordinate transform: (1272.27,304.23) -> (1272.27,1687.77)
G1 X1272.270 Y1687.769
; Coordinate transform: (1281.89,304.75) -> (1281.89,1687.25)
G1 X1281.890 Y1687.253
; Coordinate transform: (1291.79,305.38) -> (1291.79,1686.62)
G1 X1291.790 Y1686.617
; Coordinate transform: (1301.99,306.18) -> (1301.99,1685.82)
G1 X1301.990 Y1685.821
; Coordinate transform: (1312.62,307.21) -> (1312.62,1684.79)
G1 X1312.620 Y1684.787
; Coordinate transform: (1323.85,308.52) -> (1323.85,1683.48)
G1 X1323.850 Y1683.478
; Coordinate transform: (1335.77,310.06) -> (1335.77,1681.94)
G1 X1335.770 Y1681.944
; Coordinate transform: (1348.28,311.66) -> (1348.28,1680.34)
G1 X1348.280 Y1680.338
; Coordinate transform: (1361.13,313.13) -> (1361.13,1678.87)
G1 X1361.130 Y1678.870
; Coordinate transform: (1373.92,314.27) -> (1373.92,1677.73)
G1 X1373.920 Y1677.727
; Coordinate transform: (1386.37,314.89) -> (1386.37,1677.11)
G1 X1386.370 Y1677.106
; Coordinate transform: (1398.40,314.83) -> (1398.40,1677.17)
G1 X1398.400 Y1677.171
; Coordinate transform: (1410.02,314.01) -> (1410.02,1677.99)
G1 X1410.020 Y1677.986
; Coordinate transform: (1421.23,312.48) -> (1421.23,1679.52)
G1 X1421.230 Y1679.520
; Coordinate transform: (1431.98,310.31) -> (1431.98,1681.69)
G1 X1431.980 Y1681.688
; Coordinate transform: (1441.92,307.66) -> (1441.92,1684.34)
G1 X1441.920 Y1684.342
; Coordinate transform: (1450.68,304.68) -> (1450.68,1687.32)
G1 X1450.680 Y1687.321
; Coordinate transform: (1457.99,301.43) -> (1457.99,1690.57)
G1 X1457.990 Y1690.568
; Coordinate transform: (1463.85,297.91) -> (1463.85,1694.09)
G1 X1463.850 Y1694.089
; Coordinate transform: (1468.27,294.02) -> (1468.27,1697.98)
G1 X1468.270 Y1697.976
; Coordinate transform: (1471.32,289.63) -> (1471.32,1702.37)
G1 X1471.320 Y1702.372
; Coordinate transform: (1473.16,284.52) -> (1473.16,1707.48)
G1 X1473.160 Y1707.484
; Coordinate transform: (1473.94,278.43) -> (1473.94,1713.57)
G1 X1473.940 Y1713.566
M400 ; Wait for drawing to complete
; === STOP BRUSH SEQUENCE ===
; STOP BRUSH A
G4 P50 ; Short delay before stepper command
G1 U0.000 F200.0 ; Close Brush A flow
M400 ; Wait for stepper motion to complete
M106 P2 S0 ; Brush A air off
; Z already at 84.000mm, above safe threshold of 10.000mm, no need to raise
; === END STOP BRUSH SEQUENCE ===
; === PATH END ===


; Path 39/49 (id: path39)
; WIDTH: requested=117.176mm, actual=117.176mm, compensation=1.000
; Z HEIGHT: 84.000mm (min=4.0, max=84.0)
; PAINT FLOW: 0.500 (baseline=0.1, max=0.5)
; PAINT FLOW COMPONENTS: base=0.100, width=0.300, opacity=0.100
; FEEDRATE: 594.5 mm/min (z_factor=0.0259, speed_factor=0.956)
; WARNING: Requested stroke width 117.2mm exceeds machine capability.
; H.Airbrush cannot draw strokes wider than 6.6mm at 1mm/s minimum speed.
; Stroke width has been reduced to 6.6mm.
; ===== STROKE PARAMETERS =====
; Color: black
; Width: 117.18mm
; Opacity: 0.25
; Brush: brush_a (index 0)
T0 ; Select Brush A (Black)
; ===== AIRBRUSH SETTINGS =====
; Z-height: 84.00mm
; Paint flow: 0.50
; Feedrate: 594.5mm/min (includes Z scaling)
; Using brush: brush_a (tool 0)
; Path with Brush A (black) at Z=84.000mm
; Using: Air=P2, Flow=A axis
; Drawing Z height: 84.000mm, Travel Z height: 10.000mm
; Machine Z range: 0-84mm (Safe range: 5-80mm)
; === START BRUSH SEQUENCE ===
; START BRUSH A
; Z already at 84.000mm, above safe threshold of 10.000mm, no need to raise
T0 ; Select Tool 0 (Brush A)
G4 P500 ; Wait for tool change to complete
; === END BRUSH SEQUENCE ===
; Coordinate transform: (471.85,571.50) -> (471.85,1420.50)
G0 X471.847 Y1420.500 F24000
M400 ; Wait for XY movement to complete
G1 Z84.000 F1200
M400 ; Wait for Z movement to complete
; === ACTIVATE BRUSH AT POSITION ===
; AIR ON FIRST - Important to prevent dripping
M106 P2 S1 ; Brush A air on
; PAINT ON AFTER AIR
G4 P50 ; Short delay before stepper command
G1 U2.400 F200.0 ; Set Brush A flow to 2.400mm
M400 ; Wait for stepper motion to complete
; === BRUSH ACTIVATED ===
G1 F594.4557554428459
; Coordinate transform: (470.60,572.03) -> (470.60,1419.97)
G1 X470.595 Y1419.965
; Coordinate transform: (468.68,572.81) -> (468.68,1419.19)
G1 X468.678 Y1419.186
; Coordinate transform: (466.18,573.81) -> (466.18,1418.19)
G1 X466.178 Y1418.187
; Coordinate transform: (463.18,574.99) -> (463.18,1417.01)
G1 X463.179 Y1417.007
; Coordinate transform: (459.75,576.32) -> (459.75,1415.68)
G1 X459.755 Y1415.678
; Coordinate transform: (455.98,577.77) -> (455.98,1414.23)
G1 X455.983 Y1414.234
; Coordinate transform: (451.93,579.29) -> (451.93,1412.71)
G1 X451.929 Y1412.707
; Coordinate transform: (447.67,580.86) -> (447.67,1411.14)
G1 X447.667 Y1411.139
; Coordinate transform: (443.27,582.43) -> (443.27,1409.57)
G1 X443.272 Y1409.567
; Coordinate transform: (438.80,583.98) -> (438.80,1408.03)
G1 X438.801 Y1408.025
; Coordinate transform: (434.31,585.45) -> (434.31,1406.55)
G1 X434.315 Y1406.555
; Coordinate transform: (429.89,586.77) -> (429.89,1405.23)
G1 X429.886 Y1405.232
; Coordinate transform: (425.63,587.85) -> (425.63,1404.15)
G1 X425.630 Y1404.153
; Coordinate transform: (421.62,588.65) -> (421.62,1403.35)
G1 X421.621 Y1403.346
; Coordinate transform: (417.96,589.11) -> (417.96,1402.89)
G1 X417.958 Y1402.889
; Coordinate transform: (414.71,589.14) -> (414.71,1402.86)
G1 X414.713 Y1402.857
; Coordinate transform: (411.92,588.69) -> (411.92,1403.31)
G1 X411.924 Y1403.313
; Coordinate transform: (409.59,587.69) -> (409.59,1404.31)
G1 X409.587 Y1404.313
; Coordinate transform: (407.68,586.09) -> (407.68,1405.91)
G1 X407.676 Y1405.911
; Coordinate transform: (406.15,583.85) -> (406.15,1408.15)
G1 X406.152 Y1408.154
; Coordinate transform: (404.96,580.90) -> (404.96,1411.10)
G1 X404.962 Y1411.099
; Coordinate transform: (404.04,577.19) -> (404.04,1414.81)
G1 X404.040 Y1414.814
; Coordinate transform: (403.31,572.61) -> (403.31,1419.39)
G1 X403.311 Y1419.386
; Coordinate transform: (402.68,567.07) -> (402.68,1424.93)
G1 X402.676 Y1424.931
; Coordinate transform: (402.07,560.47) -> (402.07,1431.53)
G1 X402.072 Y1431.534
; Coordinate transform: (401.44,552.71) -> (401.44,1439.29)
G1 X401.435 Y1439.288
; Coordinate transform: (400.72,543.80) -> (400.72,1448.20)
G1 X400.719 Y1448.199
; Coordinate transform: (399.92,533.83) -> (399.92,1458.17)
G1 X399.919 Y1458.170
; Coordinate transform: (399.06,523.11) -> (399.06,1468.89)
G1 X399.056 Y1468.894
; Coordinate transform: (398.18,512.04) -> (398.18,1479.96)
G1 X398.178 Y1479.962
; Coordinate transform: (397.33,501.13) -> (397.33,1490.87)
G1 X397.332 Y1490.870
; Coordinate transform: (396.59,490.94) -> (396.59,1501.06)
G1 X396.590 Y1501.060
; Coordinate transform: (396.00,481.79) -> (396.00,1510.21)
G1 X395.997 Y1510.212
; Coordinate transform: (395.61,473.90) -> (395.61,1518.10)
G1 X395.608 Y1518.100
; Coordinate transform: (395.51,467.28) -> (395.51,1524.72)
G1 X395.512 Y1524.718
; Coordinate transform: (395.79,461.86) -> (395.79,1530.14)
G1 X395.792 Y1530.141
; Coordinate transform: (396.55,457.44) -> (396.55,1534.56)
G1 X396.550 Y1534.562
M400 ; Wait for drawing to complete
; === STOP BRUSH SEQUENCE ===
; STOP BRUSH A
G4 P50 ; Short delay before stepper command
G1 U0.000 F200.0 ; Close Brush A flow
M400 ; Wait for stepper motion to complete
M106 P2 S0 ; Brush A air off
; Z already at 84.000mm, above safe threshold of 10.000mm, no need to raise
; === END STOP BRUSH SEQUENCE ===
; === PATH END ===


; Path 40/49 (id: path40)
; WIDTH: requested=117.176mm, actual=117.176mm, compensation=1.000
; Z HEIGHT: 84.000mm (min=4.0, max=84.0)
; PAINT FLOW: 0.500 (baseline=0.1, max=0.5)
; PAINT FLOW COMPONENTS: base=0.100, width=0.300, opacity=0.100
; FEEDRATE: 594.5 mm/min (z_factor=0.0259, speed_factor=0.956)
; WARNING: Requested stroke width 117.2mm exceeds machine capability.
; H.Airbrush cannot draw strokes wider than 6.6mm at 1mm/s minimum speed.
; Stroke width has been reduced to 6.6mm.
; ===== STROKE PARAMETERS =====
; Color: black
; Width: 117.18mm
; Opacity: 0.25
; Brush: brush_a (index 0)
T0 ; Select Brush A (Black)
; ===== AIRBRUSH SETTINGS =====
; Z-height: 84.00mm
; Paint flow: 0.50
; Feedrate: 594.5mm/min (includes Z scaling)
; Using brush: brush_a (tool 0)
; Path with Brush A (black) at Z=84.000mm
; Using: Air=P2, Flow=A axis
; Drawing Z height: 84.000mm, Travel Z height: 10.000mm
; Machine Z range: 0-84mm (Safe range: 5-80mm)
; === START BRUSH SEQUENCE ===
; START BRUSH A
; Z already at 84.000mm, above safe threshold of 10.000mm, no need to raise
T0 ; Select Tool 0 (Brush A)
G4 P500 ; Wait for tool change to complete
; === END BRUSH SEQUENCE ===
; Coordinate transform: (216.35,1051.45) -> (216.35,940.55)
G0 X216.353 Y940.550 F24000
M400 ; Wait for XY movement to complete
G1 Z84.000 F1200
M400 ; Wait for Z movement to complete
; === ACTIVATE BRUSH AT POSITION ===
; AIR ON FIRST - Important to prevent dripping
M106 P2 S1 ; Brush A air on
; PAINT ON AFTER AIR
G4 P50 ; Short delay before stepper command
G1 U2.400 F200.0 ; Set Brush A flow to 2.400mm
M400 ; Wait for stepper motion to complete
; === BRUSH ACTIVATED ===
G1 F594.4557554428459
; Coordinate transform: (216.84,1052.46) -> (216.84,939.54)
G1 X216.841 Y939.540
; Coordinate transform: (217.50,1053.90) -> (217.50,938.10)
G1 X217.503 Y938.100
; Coordinate transform: (218.34,1055.68) -> (218.34,936.32)
G1 X218.338 Y936.320
; Coordinate transform: (219.35,1057.70) -> (219.35,934.30)
G1 X219.346 Y934.300
; Coordinate transform: (220.54,1059.84) -> (220.54,932.16)
G1 X220.541 Y932.160
; Coordinate transform: (221.93,1062.00) -> (221.93,930.00)
G1 X221.932 Y930.000
; Coordinate transform: (223.54,1064.10) -> (223.54,927.90)
G1 X223.540 Y927.900
; Coordinate transform: (225.38,1066.06) -> (225.38,925.94)
G1 X225.385 Y925.940
; Coordinate transform: (227.49,1067.85) -> (227.49,924.15)
G1 X227.486 Y924.150
; Coordinate transform: (229.87,1069.44) -> (229.87,922.56)
G1 X229.869 Y922.560
; Coordinate transform: (232.57,1070.82) -> (232.57,921.18)
G1 X232.571 Y921.180
; Coordinate transform: (235.63,1072.02) -> (235.63,919.98)
G1 X235.632 Y919.980
; Coordinate transform: (239.10,1073.03) -> (239.10,918.97)
G1 X239.099 Y918.970
; Coordinate transform: (243.01,1073.86) -> (243.01,918.14)
G1 X243.008 Y918.140
; Coordinate transform: (247.41,1074.53) -> (247.41,917.47)
G1 X247.406 Y917.470
; Coordinate transform: (252.36,1075.08) -> (252.36,916.92)
G1 X252.362 Y916.920
; Coordinate transform: (257.93,1075.52) -> (257.93,916.48)
G1 X257.930 Y916.480
; Coordinate transform: (264.16,1075.84) -> (264.16,916.16)
G1 X264.162 Y916.160
; Coordinate transform: (271.13,1076.07) -> (271.13,915.93)
G1 X271.133 Y915.930
; Coordinate transform: (278.87,1076.15) -> (278.87,915.85)
G1 X278.874 Y915.850
; Coordinate transform: (287.44,1076.05) -> (287.44,915.95)
G1 X287.439 Y915.950
; Coordinate transform: (296.80,1075.67) -> (296.80,916.33)
G1 X296.803 Y916.330
; Coordinate transform: (306.90,1074.95) -> (306.90,917.05)
G1 X306.903 Y917.050
; Coordinate transform: (317.60,1073.80) -> (317.60,918.20)
G1 X317.604 Y918.200
; Coordinate transform: (328.59,1072.21) -> (328.59,919.79)
G1 X328.587 Y919.790
; Coordinate transform: (339.42,1070.19) -> (339.42,921.81)
G1 X339.424 Y921.810
; Coordinate transform: (349.60,1067.79) -> (349.60,924.21)
G1 X349.603 Y924.210
; Coordinate transform: (358.60,1065.09) -> (358.60,926.91)
G1 X358.597 Y926.910
; Coordinate transform: (366.07,1062.16) -> (366.07,929.84)
G1 X366.075 Y929.840
; Coordinate transform: (371.83,1059.04) -> (371.83,932.96)
G1 X371.827 Y932.960
; Coordinate transform: (375.86,1055.70) -> (375.86,936.30)
G1 X375.858 Y936.300
; Coordinate transform: (378.21,1052.11) -> (378.21,939.89)
G1 X378.211 Y939.890
; Coordinate transform: (378.98,1048.19) -> (378.98,943.81)
G1 X378.977 Y943.810
; Coordinate transform: (378.26,1043.82) -> (378.26,948.18)
G1 X378.258 Y948.180
; Coordinate transform: (376.16,1038.89) -> (376.16,953.11)
G1 X376.159 Y953.110
; Coordinate transform: (372.77,1033.30) -> (372.77,958.70)
G1 X372.774 Y958.700
; Coordinate transform: (368.24,1027.06) -> (368.24,964.94)
G1 X368.235 Y964.940
; Coordinate transform: (362.64,1020.14) -> (362.64,971.86)
G1 X362.638 Y971.860
; Coordinate transform: (356.15,1012.65) -> (356.15,979.35)
G1 X356.151 Y979.350
; Coordinate transform: (348.94,1004.71) -> (348.94,987.29)
G1 X348.944 Y987.290
; Coordinate transform: (341.17,996.54) -> (341.17,995.46)
G1 X341.170 Y995.464
; Coordinate transform: (332.96,988.33) -> (332.96,1003.67)
G1 X332.957 Y1003.670
; Coordinate transform: (324.38,980.33) -> (324.38,1011.67)
G1 X324.382 Y1011.670
; Coordinate transform: (315.46,972.71) -> (315.46,1019.29)
G1 X315.457 Y1019.293
; Coordinate transform: (306.25,965.62) -> (306.25,1026.38)
G1 X306.253 Y1026.383
; Coordinate transform: (296.82,959.17) -> (296.82,1032.83)
G1 X296.819 Y1032.829
; Coordinate transform: (287.24,953.40) -> (287.24,1038.60)
G1 X287.241 Y1038.598
; Coordinate transform: (277.57,948.24) -> (277.57,1043.76)
G1 X277.567 Y1043.763
; Coordinate transform: (267.80,943.52) -> (267.80,1048.47)
G1 X267.801 Y1048.475
; Coordinate transform: (257.98,939.03) -> (257.98,1052.97)
G1 X257.979 Y1052.965
; Coordinate transform: (248.15,934.53) -> (248.15,1057.47)
G1 X248.150 Y1057.473
; Coordinate transform: (238.40,929.77) -> (238.40,1062.23)
G1 X238.396 Y1062.233
; Coordinate transform: (228.81,924.59) -> (228.81,1067.41)
G1 X228.811 Y1067.406
; Coordinate transform: (219.44,918.87) -> (219.44,1073.13)
G1 X219.444 Y1073.126
; Coordinate transform: (210.31,912.55) -> (210.31,1079.45)
G1 X210.309 Y1079.451
; Coordinate transform: (201.40,905.64) -> (201.40,1086.36)
G1 X201.400 Y1086.364
; Coordinate transform: (192.66,898.16) -> (192.66,1093.84)
G1 X192.665 Y1093.835
; Coordinate transform: (183.96,890.17) -> (183.96,1101.83)
G1 X183.955 Y1101.825
; Coordinate transform: (175.04,881.75) -> (175.04,1110.25)
G1 X175.043 Y1110.252
; Coordinate transform: (165.74,873.07) -> (165.74,1118.93)
G1 X165.741 Y1118.929
; Coordinate transform: (155.94,864.52) -> (155.94,1127.48)
G1 X155.942 Y1127.478
; Coordinate transform: (145.63,856.55) -> (145.63,1135.45)
G1 X145.627 Y1135.450
; Coordinate transform: (134.81,849.63) -> (134.81,1142.37)
G1 X134.811 Y1142.368
; Coordinate transform: (123.67,844.13) -> (123.67,1147.87)
G1 X123.667 Y1147.869
; Coordinate transform: (113.17,840.19) -> (113.17,1151.81)
G1 X113.175 Y1151.812
; Coordinate transform: (104.71,837.78) -> (104.71,1154.22)
G1 X104.713 Y1154.216
; Coordinate transform: (99.35,836.68) -> (99.35,1155.32)
G1 X99.353 Y1155.315
; Coordinate transform: (97.00,836.68) -> (97.00,1155.32)
G1 X97.001 Y1155.320
; Coordinate transform: (97.51,837.70) -> (97.51,1154.30)
G1 X97.510 Y1154.300
; Coordinate transform: (100.73,839.71) -> (100.73,1152.29)
G1 X100.733 Y1152.294
; Coordinate transform: (106.52,842.68) -> (106.52,1149.32)
G1 X106.523 Y1149.320
; Coordinate transform: (114.64,846.82) -> (114.64,1145.18)
G1 X114.639 Y1145.176
; Coordinate transform: (123.88,852.27) -> (123.88,1139.72)
G1 X123.875 Y1139.725
; Coordinate transform: (133.09,858.94) -> (133.09,1133.06)
G1 X133.092 Y1133.056
; Coordinate transform: (141.39,866.63) -> (141.39,1125.37)
G1 X141.386 Y1125.365
; Coordinate transform: (148.69,875.02) -> (148.69,1116.98)
G1 X148.692 Y1116.978
; Coordinate transform: (154.91,883.75) -> (154.91,1108.25)
G1 X154.908 Y1108.249
; Coordinate transform: (160.03,892.52) -> (160.03,1099.48)
G1 X160.028 Y1099.482
; Coordinate transform: (164.05,901.12) -> (164.05,1090.88)
G1 X164.047 Y1090.885
; Coordinate transform: (167.00,909.49) -> (167.00,1082.51)
G1 X167.000 Y1082.511
; Coordinate transform: (168.92,917.68) -> (168.92,1074.32)
G1 X168.918 Y1074.323
; Coordinate transform: (169.85,925.76) -> (169.85,1066.24)
G1 X169.851 Y1066.243
M400 ; Wait for drawing to complete
; === STOP BRUSH SEQUENCE ===
; STOP BRUSH A
G4 P50 ; Short delay before stepper command
G1 U0.000 F200.0 ; Close Brush A flow
M400 ; Wait for stepper motion to complete
M106 P2 S0 ; Brush A air off
; Z already at 84.000mm, above safe threshold of 10.000mm, no need to raise
; === END STOP BRUSH SEQUENCE ===
; === PATH END ===


; Path 41/49 (id: path41)
; WIDTH: requested=117.176mm, actual=117.176mm, compensation=1.000
; Z HEIGHT: 84.000mm (min=4.0, max=84.0)
; PAINT FLOW: 0.500 (baseline=0.1, max=0.5)
; PAINT FLOW COMPONENTS: base=0.100, width=0.300, opacity=0.100
; FEEDRATE: 594.5 mm/min (z_factor=0.0259, speed_factor=0.956)
; WARNING: Requested stroke width 117.2mm exceeds machine capability.
; H.Airbrush cannot draw strokes wider than 6.6mm at 1mm/s minimum speed.
; Stroke width has been reduced to 6.6mm.
; ===== STROKE PARAMETERS =====
; Color: black
; Width: 117.18mm
; Opacity: 0.25
; Brush: brush_a (index 0)
T0 ; Select Brush A (Black)
; ===== AIRBRUSH SETTINGS =====
; Z-height: 84.00mm
; Paint flow: 0.50
; Feedrate: 594.5mm/min (includes Z scaling)
; Using brush: brush_a (tool 0)
; Path with Brush A (black) at Z=84.000mm
; Using: Air=P2, Flow=A axis
; Drawing Z height: 84.000mm, Travel Z height: 10.000mm
; Machine Z range: 0-84mm (Safe range: 5-80mm)
; === START BRUSH SEQUENCE ===
; START BRUSH A
; Z already at 84.000mm, above safe threshold of 10.000mm, no need to raise
T0 ; Select Tool 0 (Brush A)
G4 P500 ; Wait for tool change to complete
; === END BRUSH SEQUENCE ===
; Coordinate transform: (429.83,1777.76) -> (429.83,214.24)
G0 X429.826 Y214.240 F24000
M400 ; Wait for XY movement to complete
G1 Z84.000 F1200
M400 ; Wait for Z movement to complete
; === ACTIVATE BRUSH AT POSITION ===
; AIR ON FIRST - Important to prevent dripping
M106 P2 S1 ; Brush A air on
; PAINT ON AFTER AIR
G4 P50 ; Short delay before stepper command
G1 U2.400 F200.0 ; Set Brush A flow to 2.400mm
M400 ; Wait for stepper motion to complete
; === BRUSH ACTIVATED ===
G1 F594.4557554428459
; Coordinate transform: (429.17,1777.72) -> (429.17,214.28)
G1 X429.168 Y214.280
; Coordinate transform: (428.31,1777.69) -> (428.31,214.31)
G1 X428.308 Y214.310
; Coordinate transform: (427.28,1777.66) -> (427.28,214.34)
G1 X427.276 Y214.340
; Coordinate transform: (426.10,1777.66) -> (426.10,214.34)
G1 X426.097 Y214.340
; Coordinate transform: (424.80,1777.69) -> (424.80,214.31)
G1 X424.796 Y214.310
; Coordinate transform: (423.38,1777.78) -> (423.38,214.22)
G1 X423.384 Y214.220
; Coordinate transform: (421.86,1777.93) -> (421.86,214.07)
G1 X421.859 Y214.070
; Coordinate transform: (420.21,1778.17) -> (420.21,213.83)
G1 X420.215 Y213.830
; Coordinate transform: (418.44,1778.53) -> (418.44,213.47)
G1 X418.438 Y213.470
; Coordinate transform: (416.50,1779.03) -> (416.50,212.97)
G1 X416.495 Y212.970
; Coordinate transform: (414.35,1779.71) -> (414.35,212.29)
G1 X414.345 Y212.290
; Coordinate transform: (411.94,1780.61) -> (411.94,211.39)
G1 X411.943 Y211.390
; Coordinate transform: (409.23,1781.77) -> (409.23,210.23)
G1 X409.229 Y210.230
; Coordinate transform: (406.14,1783.23) -> (406.14,208.77)
G1 X406.140 Y208.770
; Coordinate transform: (402.63,1785.01) -> (402.63,206.99)
G1 X402.629 Y206.990
; Coordinate transform: (398.65,1787.12) -> (398.65,204.88)
G1 X398.652 Y204.880
; Coordinate transform: (394.17,1789.57) -> (394.17,202.43)
G1 X394.171 Y202.430
; Coordinate transform: (389.25,1792.26) -> (389.25,199.74)
G1 X389.246 Y199.740
; Coordinate transform: (384.05,1795.07) -> (384.05,196.93)
G1 X384.049 Y196.930
; Coordinate transform: (378.73,1797.84) -> (378.73,194.16)
G1 X378.728 Y194.160
; Coordinate transform: (373.43,1800.43) -> (373.43,191.57)
G1 X373.426 Y191.570
; Coordinate transform: (368.27,1802.73) -> (368.27,189.27)
G1 X368.271 Y189.270
; Coordinate transform: (363.33,1804.66) -> (363.33,187.34)
G1 X363.335 Y187.340
; Coordinate transform: (358.68,1806.20) -> (358.68,185.80)
G1 X358.682 Y185.800
; Coordinate transform: (354.36,1807.30) -> (354.36,184.70)
G1 X354.362 Y184.700
; Coordinate transform: (350.39,1807.93) -> (350.39,184.07)
G1 X350.389 Y184.070
; Coordinate transform: (346.75,1808.05) -> (346.75,183.95)
G1 X346.749 Y183.950
; Coordinate transform: (343.43,1807.63) -> (343.43,184.37)
G1 X343.433 Y184.370
; Coordinate transform: (340.41,1806.57) -> (340.41,185.43)
G1 X340.407 Y185.430
; Coordinate transform: (337.61,1804.76) -> (337.61,187.24)
G1 X337.605 Y187.240
M400 ; Wait for drawing to complete
; === STOP BRUSH SEQUENCE ===
; STOP BRUSH A
G4 P50 ; Short delay before stepper command
G1 U0.000 F200.0 ; Close Brush A flow
M400 ; Wait for stepper motion to complete
M106 P2 S0 ; Brush A air off
; Z already at 84.000mm, above safe threshold of 10.000mm, no need to raise
; === END STOP BRUSH SEQUENCE ===
; === PATH END ===


; Path 42/49 (id: path42)
; WIDTH: requested=117.176mm, actual=117.176mm, compensation=1.000
; Z HEIGHT: 84.000mm (min=4.0, max=84.0)
; PAINT FLOW: 0.500 (baseline=0.1, max=0.5)
; PAINT FLOW COMPONENTS: base=0.100, width=0.300, opacity=0.100
; FEEDRATE: 594.5 mm/min (z_factor=0.0259, speed_factor=0.956)
; WARNING: Requested stroke width 117.2mm exceeds machine capability.
; H.Airbrush cannot draw strokes wider than 6.6mm at 1mm/s minimum speed.
; Stroke width has been reduced to 6.6mm.
; ===== STROKE PARAMETERS =====
; Color: black
; Width: 117.18mm
; Opacity: 0.25
; Brush: brush_a (index 0)
T0 ; Select Brush A (Black)
; ===== AIRBRUSH SETTINGS =====
; Z-height: 84.00mm
; Paint flow: 0.50
; Feedrate: 594.5mm/min (includes Z scaling)
; Using brush: brush_a (tool 0)
; Path with Brush A (black) at Z=84.000mm
; Using: Air=P2, Flow=A axis
; Drawing Z height: 84.000mm, Travel Z height: 10.000mm
; Machine Z range: 0-84mm (Safe range: 5-80mm)
; === START BRUSH SEQUENCE ===
; START BRUSH A
; Z already at 84.000mm, above safe threshold of 10.000mm, no need to raise
T0 ; Select Tool 0 (Brush A)
G4 P500 ; Wait for tool change to complete
; === END BRUSH SEQUENCE ===
; Coordinate transform: (1781.76,1365.93) -> (1781.76,626.07)
G0 X1781.760 Y626.070 F24000
M400 ; Wait for XY movement to complete
G1 Z84.000 F1200
M400 ; Wait for Z movement to complete
; === ACTIVATE BRUSH AT POSITION ===
; AIR ON FIRST - Important to prevent dripping
M106 P2 S1 ; Brush A air on
; PAINT ON AFTER AIR
G4 P50 ; Short delay before stepper command
G1 U2.400 F200.0 ; Set Brush A flow to 2.400mm
M400 ; Wait for stepper motion to complete
; === BRUSH ACTIVATED ===
G1 F594.4557554428459
; Coordinate transform: (1782.35,1366.07) -> (1782.35,625.93)
G1 X1782.350 Y625.930
; Coordinate transform: (1783.18,1366.25) -> (1783.18,625.75)
G1 X1783.180 Y625.750
; Coordinate transform: (1784.22,1366.48) -> (1784.22,625.52)
G1 X1784.220 Y625.520
; Coordinate transform: (1785.44,1366.75) -> (1785.44,625.25)
G1 X1785.440 Y625.250
; Coordinate transform: (1786.79,1367.05) -> (1786.79,624.95)
G1 X1786.790 Y624.950
; Coordinate transform: (1788.25,1367.40) -> (1788.25,624.60)
G1 X1788.250 Y624.600
; Coordinate transform: (1789.81,1367.78) -> (1789.81,624.22)
G1 X1789.810 Y624.220
; Coordinate transform: (1791.47,1368.17) -> (1791.47,623.83)
G1 X1791.470 Y623.830
; Coordinate transform: (1793.23,1368.56) -> (1793.23,623.44)
G1 X1793.230 Y623.440
; Coordinate transform: (1795.09,1368.93) -> (1795.09,623.07)
G1 X1795.090 Y623.070
; Coordinate transform: (1797.04,1369.27) -> (1797.04,622.73)
G1 X1797.040 Y622.730
; Coordinate transform: (1799.07,1369.58) -> (1799.07,622.42)
G1 X1799.070 Y622.420
; Coordinate transform: (1801.18,1369.83) -> (1801.18,622.17)
G1 X1801.180 Y622.170
; Coordinate transform: (1803.37,1370.04) -> (1803.37,621.96)
G1 X1803.370 Y621.960
; Coordinate transform: (1805.67,1370.17) -> (1805.67,621.83)
G1 X1805.670 Y621.830
; Coordinate transform: (1808.13,1370.20) -> (1808.13,621.80)
G1 X1808.130 Y621.800
; Coordinate transform: (1810.82,1370.12) -> (1810.82,621.88)
G1 X1810.820 Y621.880
; Coordinate transform: (1813.81,1369.90) -> (1813.81,622.10)
G1 X1813.810 Y622.100
; Coordinate transform: (1817.18,1369.51) -> (1817.18,622.49)
G1 X1817.180 Y622.490
; Coordinate transform: (1821.04,1368.93) -> (1821.04,623.07)
G1 X1821.040 Y623.070
; Coordinate transform: (1825.53,1368.07) -> (1825.53,623.93)
G1 X1825.530 Y623.930
; Coordinate transform: (1830.81,1366.88) -> (1830.81,625.12)
G1 X1830.810 Y625.120
; Coordinate transform: (1837.12,1365.27) -> (1837.12,626.73)
G1 X1837.120 Y626.730
; Coordinate transform: (1844.66,1363.16) -> (1844.66,628.84)
G1 X1844.660 Y628.840
; Coordinate transform: (1853.70,1360.47) -> (1853.70,631.53)
G1 X1853.700 Y631.530
; Coordinate transform: (1864.14,1357.18) -> (1864.14,634.82)
G1 X1864.140 Y634.820
; Coordinate transform: (1875.27,1353.36) -> (1875.27,638.64)
G1 X1875.270 Y638.640
; Coordinate transform: (1885.35,1349.14) -> (1885.35,642.86)
G1 X1885.350 Y642.860
; Coordinate transform: (1892.46,1344.72) -> (1892.46,647.28)
G1 X1892.460 Y647.280
; Coordinate transform: (1896.30,1340.27) -> (1896.30,651.73)
G1 X1896.300 Y651.730
; Coordinate transform: (1897.02,1335.90) -> (1897.02,656.10)
G1 X1897.020 Y656.100
M400 ; Wait for drawing to complete
; === STOP BRUSH SEQUENCE ===
; STOP BRUSH A
G4 P50 ; Short delay before stepper command
G1 U0.000 F200.0 ; Close Brush A flow
M400 ; Wait for stepper motion to complete
M106 P2 S0 ; Brush A air off
; Z already at 84.000mm, above safe threshold of 10.000mm, no need to raise
; === END STOP BRUSH SEQUENCE ===
; === PATH END ===


; Path 43/49 (id: path43)
; WIDTH: requested=117.176mm, actual=117.176mm, compensation=1.000
; Z HEIGHT: 84.000mm (min=4.0, max=84.0)
; PAINT FLOW: 0.500 (baseline=0.1, max=0.5)
; PAINT FLOW COMPONENTS: base=0.100, width=0.300, opacity=0.100
; FEEDRATE: 594.5 mm/min (z_factor=0.0259, speed_factor=0.956)
; WARNING: Requested stroke width 117.2mm exceeds machine capability.
; H.Airbrush cannot draw strokes wider than 6.6mm at 1mm/s minimum speed.
; Stroke width has been reduced to 6.6mm.
; ===== STROKE PARAMETERS =====
; Color: black
; Width: 117.18mm
; Opacity: 0.25
; Brush: brush_a (index 0)
T0 ; Select Brush A (Black)
; ===== AIRBRUSH SETTINGS =====
; Z-height: 84.00mm
; Paint flow: 0.50
; Feedrate: 594.5mm/min (includes Z scaling)
; Using brush: brush_a (tool 0)
; Path with Brush A (black) at Z=84.000mm
; Using: Air=P2, Flow=A axis
; Drawing Z height: 84.000mm, Travel Z height: 10.000mm
; Machine Z range: 0-84mm (Safe range: 5-80mm)
; === START BRUSH SEQUENCE ===
; START BRUSH A
; Z already at 84.000mm, above safe threshold of 10.000mm, no need to raise
T0 ; Select Tool 0 (Brush A)
G4 P500 ; Wait for tool change to complete
; === END BRUSH SEQUENCE ===
; Coordinate transform: (732.82,148.07) -> (732.82,1843.93)
G0 X732.818 Y1843.934 F24000
M400 ; Wait for XY movement to complete
G1 Z84.000 F1200
M400 ; Wait for Z movement to complete
; === ACTIVATE BRUSH AT POSITION ===
; AIR ON FIRST - Important to prevent dripping
M106 P2 S1 ; Brush A air on
; PAINT ON AFTER AIR
G4 P50 ; Short delay before stepper command
G1 U2.400 F200.0 ; Set Brush A flow to 2.400mm
M400 ; Wait for stepper motion to complete
; === BRUSH ACTIVATED ===
G1 F594.4557554428459
; Coordinate transform: (733.95,147.61) -> (733.95,1844.39)
G1 X733.954 Y1844.392
; Coordinate transform: (735.68,146.93) -> (735.68,1845.08)
G1 X735.685 Y1845.075
; Coordinate transform: (737.91,146.00) -> (737.91,1846.00)
G1 X737.911 Y1846.000
; Coordinate transform: (740.52,144.82) -> (740.52,1847.18)
G1 X740.522 Y1847.178
; Coordinate transform: (743.41,143.37) -> (743.41,1848.63)
G1 X743.406 Y1848.631
; Coordinate transform: (746.46,141.62) -> (746.46,1850.38)
G1 X746.463 Y1850.383
; Coordinate transform: (749.60,139.54) -> (749.60,1852.46)
G1 X749.596 Y1852.463
; Coordinate transform: (752.75,137.10) -> (752.75,1854.90)
G1 X752.750 Y1854.900
; Coordinate transform: (755.90,134.27) -> (755.90,1857.73)
G1 X755.897 Y1857.733
; Coordinate transform: (759.02,130.98) -> (759.02,1861.02)
G1 X759.021 Y1861.022
; Coordinate transform: (762.11,127.27) -> (762.11,1864.73)
G1 X762.109 Y1864.729
; Coordinate transform: (765.15,123.50) -> (765.15,1868.49)
G1 X765.150 Y1868.495
; Coordinate transform: (768.20,120.02) -> (768.20,1871.98)
G1 X768.197 Y1871.978
; Coordinate transform: (771.29,117.12) -> (771.29,1874.88)
G1 X771.294 Y1874.879
; Coordinate transform: (774.51,115.03) -> (774.51,1876.97)
G1 X774.506 Y1876.972
; Coordinate transform: (777.91,114.06) -> (777.91,1877.94)
G1 X777.911 Y1877.937
; Coordinate transform: (781.60,114.34) -> (781.60,1877.66)
G1 X781.599 Y1877.664
; Coordinate transform: (785.68,115.77) -> (785.68,1876.23)
G1 X785.677 Y1876.234
; Coordinate transform: (790.28,118.09) -> (790.28,1873.90)
G1 X790.279 Y1873.905
; Coordinate transform: (795.57,121.01) -> (795.57,1870.99)
G1 X795.568 Y1870.989
; Coordinate transform: (801.60,124.23) -> (801.60,1867.77)
G1 X801.599 Y1867.772
; Coordinate transform: (808.42,127.43) -> (808.42,1864.57)
G1 X808.421 Y1864.569
; Coordinate transform: (816.01,130.26) -> (816.01,1861.74)
G1 X816.015 Y1861.743
; Coordinate transform: (824.24,132.30) -> (824.24,1859.70)
G1 X824.244 Y1859.696
; Coordinate transform: (832.90,133.25) -> (832.90,1858.74)
G1 X832.899 Y1858.745
; Coordinate transform: (841.73,132.92) -> (841.73,1859.08)
G1 X841.725 Y1859.076
; Coordinate transform: (850.53,131.09) -> (850.53,1860.91)
G1 X850.530 Y1860.913
; Coordinate transform: (859.21,127.59) -> (859.21,1864.40)
G1 X859.207 Y1864.405
; Coordinate transform: (867.77,122.71) -> (867.77,1869.29)
G1 X867.767 Y1869.293
; Coordinate transform: (876.27,116.88) -> (876.27,1875.12)
G1 X876.268 Y1875.120
; Coordinate transform: (884.78,110.74) -> (884.78,1881.26)
G1 X884.785 Y1881.264
; Coordinate transform: (893.36,105.47) -> (893.36,1886.53)
G1 X893.364 Y1886.526
; Coordinate transform: (902.06,102.09) -> (902.06,1889.91)
G1 X902.061 Y1889.913
; Coordinate transform: (910.88,101.13) -> (910.88,1890.87)
G1 X910.885 Y1890.874
; Coordinate transform: (919.84,102.58) -> (919.84,1889.42)
G1 X919.837 Y1889.422
; Coordinate transform: (928.90,106.35) -> (928.90,1885.65)
G1 X928.898 Y1885.650
; Coordinate transform: (938.04,111.67) -> (938.04,1880.33)
G1 X938.042 Y1880.325
; Coordinate transform: (947.26,117.53) -> (947.26,1874.47)
G1 X947.261 Y1874.468
; Coordinate transform: (956.53,122.91) -> (956.53,1869.09)
G1 X956.533 Y1869.089
; Coordinate transform: (965.87,127.34) -> (965.87,1864.66)
G1 X965.866 Y1864.662
; Coordinate transform: (975.29,130.50) -> (975.29,1861.50)
G1 X975.294 Y1861.498
; Coordinate transform: (984.86,132.29) -> (984.86,1859.71)
G1 X984.855 Y1859.709
; Coordinate transform: (994.61,132.83) -> (994.61,1859.17)
G1 X994.608 Y1859.169
; Coordinate transform: (1004.64,132.40) -> (1004.64,1859.60)
G1 X1004.640 Y1859.602
; Coordinate transform: (1015.00,131.24) -> (1015.00,1860.76)
G1 X1015.000 Y1860.757
; Coordinate transform: (1025.76,129.64) -> (1025.76,1862.36)
G1 X1025.760 Y1862.357
; Coordinate transform: (1036.95,127.90) -> (1036.95,1864.10)
G1 X1036.950 Y1864.096
; Coordinate transform: (1048.63,126.24) -> (1048.63,1865.76)
G1 X1048.630 Y1865.759
; Coordinate transform: (1060.81,124.79) -> (1060.81,1867.21)
G1 X1060.810 Y1867.211
; Coordinate transform: (1073.41,123.62) -> (1073.41,1868.38)
G1 X1073.410 Y1868.379
; Coordinate transform: (1086.30,122.76) -> (1086.30,1869.24)
G1 X1086.300 Y1869.243
; Coordinate transform: (1099.24,122.18) -> (1099.24,1869.82)
G1 X1099.240 Y1869.822
; Coordinate transform: (1111.90,121.84) -> (1111.90,1870.16)
G1 X1111.900 Y1870.161
; Coordinate transform: (1123.79,121.65) -> (1123.79,1870.35)
G1 X1123.790 Y1870.350
; Coordinate transform: (1134.53,121.51) -> (1134.53,1870.49)
G1 X1134.530 Y1870.491
; Coordinate transform: (1143.92,121.37) -> (1143.92,1870.63)
G1 X1143.920 Y1870.627
; Coordinate transform: (1151.89,121.23) -> (1151.89,1870.77)
G1 X1151.890 Y1870.771
; Coordinate transform: (1158.58,121.10) -> (1158.58,1870.90)
G1 X1158.580 Y1870.897
; Coordinate transform: (1164.18,121.02) -> (1164.18,1870.98)
G1 X1164.180 Y1870.983
; Coordinate transform: (1168.90,121.00) -> (1168.90,1871.00)
G1 X1168.900 Y1871.004
; Coordinate transform: (1172.94,121.06) -> (1172.94,1870.94)
G1 X1172.940 Y1870.944
; Coordinate transform: (1176.50,121.21) -> (1176.50,1870.79)
G1 X1176.500 Y1870.791
M400 ; Wait for drawing to complete
; === STOP BRUSH SEQUENCE ===
; STOP BRUSH A
G4 P50 ; Short delay before stepper command
G1 U0.000 F200.0 ; Close Brush A flow
M400 ; Wait for stepper motion to complete
M106 P2 S0 ; Brush A air off
; Z already at 84.000mm, above safe threshold of 10.000mm, no need to raise
; === END STOP BRUSH SEQUENCE ===
; === PATH END ===


; Path 44/49 (id: path44)
; WIDTH: requested=117.176mm, actual=117.176mm, compensation=1.000
; Z HEIGHT: 84.000mm (min=4.0, max=84.0)
; PAINT FLOW: 0.500 (baseline=0.1, max=0.5)
; PAINT FLOW COMPONENTS: base=0.100, width=0.300, opacity=0.100
; FEEDRATE: 594.5 mm/min (z_factor=0.0259, speed_factor=0.956)
; WARNING: Requested stroke width 117.2mm exceeds machine capability.
; H.Airbrush cannot draw strokes wider than 6.6mm at 1mm/s minimum speed.
; Stroke width has been reduced to 6.6mm.
; ===== STROKE PARAMETERS =====
; Color: black
; Width: 117.18mm
; Opacity: 0.25
; Brush: brush_a (index 0)
T0 ; Select Brush A (Black)
; ===== AIRBRUSH SETTINGS =====
; Z-height: 84.00mm
; Paint flow: 0.50
; Feedrate: 594.5mm/min (includes Z scaling)
; Using brush: brush_a (tool 0)
; Path with Brush A (black) at Z=84.000mm
; Using: Air=P2, Flow=A axis
; Drawing Z height: 84.000mm, Travel Z height: 10.000mm
; Machine Z range: 0-84mm (Safe range: 5-80mm)
; === START BRUSH SEQUENCE ===
; START BRUSH A
; Z already at 84.000mm, above safe threshold of 10.000mm, no need to raise
T0 ; Select Tool 0 (Brush A)
G4 P500 ; Wait for tool change to complete
; === END BRUSH SEQUENCE ===
; Coordinate transform: (454.36,1873.47) -> (454.36,118.53)
G0 X454.355 Y118.530 F24000
M400 ; Wait for XY movement to complete
G1 Z84.000 F1200
M400 ; Wait for Z movement to complete
; === ACTIVATE BRUSH AT POSITION ===
; AIR ON FIRST - Important to prevent dripping
M106 P2 S1 ; Brush A air on
; PAINT ON AFTER AIR
G4 P50 ; Short delay before stepper command
G1 U2.400 F200.0 ; Set Brush A flow to 2.400mm
M400 ; Wait for stepper motion to complete
; === BRUSH ACTIVATED ===
G1 F594.4557554428459
; Coordinate transform: (454.98,1871.08) -> (454.98,120.92)
G1 X454.977 Y120.920
; Coordinate transform: (455.89,1868.10) -> (455.89,123.90)
G1 X455.890 Y123.900
; Coordinate transform: (457.05,1865.01) -> (457.05,126.99)
G1 X457.046 Y126.990
; Coordinate transform: (458.40,1862.29) -> (458.40,129.71)
G1 X458.401 Y129.710
; Coordinate transform: (459.91,1860.35) -> (459.91,131.65)
G1 X459.911 Y131.650
; Coordinate transform: (461.55,1859.45) -> (461.55,132.55)
G1 X461.547 Y132.550
; Coordinate transform: (463.29,1859.61) -> (463.29,132.39)
G1 X463.294 Y132.390
; Coordinate transform: (465.15,1860.80) -> (465.15,131.20)
G1 X465.153 Y131.200
; Coordinate transform: (467.15,1862.89) -> (467.15,129.11)
G1 X467.150 Y129.110
; Coordinate transform: (469.33,1865.61) -> (469.33,126.39)
G1 X469.334 Y126.390
; Coordinate transform: (471.77,1868.59) -> (471.77,123.41)
G1 X471.775 Y123.410
; Coordinate transform: (474.55,1871.47) -> (474.55,120.53)
G1 X474.547 Y120.530
; Coordinate transform: (477.72,1873.94) -> (477.72,118.06)
G1 X477.717 Y118.060
; Coordinate transform: (481.37,1875.77) -> (481.37,116.23)
G1 X481.370 Y116.230
; Coordinate transform: (485.58,1876.76) -> (485.58,115.24)
G1 X485.582 Y115.240
; Coordinate transform: (490.41,1876.84) -> (490.41,115.16)
G1 X490.410 Y115.160
; Coordinate transform: (495.89,1876.12) -> (495.89,115.88)
G1 X495.894 Y115.880
; Coordinate transform: (502.09,1874.83) -> (502.09,117.17)
G1 X502.091 Y117.170
; Coordinate transform: (509.02,1873.28) -> (509.02,118.72)
G1 X509.017 Y118.720
; Coordinate transform: (516.69,1871.69) -> (516.69,120.31)
G1 X516.689 Y120.310
; Coordinate transform: (525.09,1870.26) -> (525.09,121.74)
G1 X525.087 Y121.740
; Coordinate transform: (534.16,1869.15) -> (534.16,122.85)
G1 X534.156 Y122.850
; Coordinate transform: (543.78,1868.49) -> (543.78,123.51)
G1 X543.784 Y123.510
; Coordinate transform: (553.86,1868.32) -> (553.86,123.68)
G1 X553.860 Y123.680
; Coordinate transform: (564.28,1868.62) -> (564.28,123.38)
G1 X564.283 Y123.380
; Coordinate transform: (574.93,1869.29) -> (574.93,122.71)
G1 X574.927 Y122.710
; Coordinate transform: (585.67,1870.17) -> (585.67,121.83)
G1 X585.671 Y121.830
; Coordinate transform: (596.39,1871.08) -> (596.39,120.92)
G1 X596.388 Y120.920
; Coordinate transform: (607.07,1871.85) -> (607.07,120.15)
G1 X607.070 Y120.150
; Coordinate transform: (617.75,1872.28) -> (617.75,119.72)
G1 X617.755 Y119.720
; Coordinate transform: (628.49,1872.24) -> (628.49,119.76)
G1 X628.489 Y119.760
; Coordinate transform: (639.25,1871.63) -> (639.25,120.37)
G1 X639.245 Y120.370
; Coordinate transform: (649.95,1870.44) -> (649.95,121.56)
G1 X649.948 Y121.560
; Coordinate transform: (660.56,1868.76) -> (660.56,123.24)
G1 X660.559 Y123.240
; Coordinate transform: (671.05,1866.74) -> (671.05,125.26)
G1 X671.053 Y125.260
; Coordinate transform: (681.39,1864.70) -> (681.39,127.30)
G1 X681.393 Y127.300
; Coordinate transform: (691.60,1862.91) -> (691.60,129.09)
G1 X691.599 Y129.090
; Coordinate transform: (701.76,1861.66) -> (701.76,130.34)
G1 X701.756 Y130.340
; Coordinate transform: (711.95,1861.11) -> (711.95,130.89)
G1 X711.951 Y130.890
; Coordinate transform: (722.19,1861.37) -> (722.19,130.63)
G1 X722.191 Y130.630
; Coordinate transform: (732.41,1862.51) -> (732.41,129.49)
G1 X732.412 Y129.490
; Coordinate transform: (742.49,1864.53) -> (742.49,127.47)
G1 X742.493 Y127.470
; Coordinate transform: (752.25,1867.37) -> (752.25,124.63)
G1 X752.247 Y124.630
; Coordinate transform: (761.61,1870.92) -> (761.61,121.08)
G1 X761.614 Y121.080
; Coordinate transform: (770.68,1875.09) -> (770.68,116.91)
G1 X770.679 Y116.910
; Coordinate transform: (779.52,1879.78) -> (779.52,112.22)
G1 X779.521 Y112.220
; Coordinate transform: (788.10,1884.28) -> (788.10,107.72)
G1 X788.102 Y107.720
; Coordinate transform: (796.19,1887.81) -> (796.19,104.19)
G1 X796.194 Y104.190
; Coordinate transform: (803.66,1889.81) -> (803.66,102.19)
G1 X803.662 Y102.190
; Coordinate transform: (810.41,1890.02) -> (810.41,101.98)
G1 X810.406 Y101.980
; Coordinate transform: (816.36,1888.53) -> (816.36,103.47)
G1 X816.355 Y103.470
; Coordinate transform: (821.47,1885.57) -> (821.47,106.43)
G1 X821.474 Y106.430
; Coordinate transform: (825.77,1881.72) -> (825.77,110.28)
G1 X825.766 Y110.280
; Coordinate transform: (829.24,1877.64) -> (829.24,114.36)
G1 X829.235 Y114.360
; Coordinate transform: (831.91,1873.99) -> (831.91,118.01)
G1 X831.909 Y118.010
M400 ; Wait for drawing to complete
; === STOP BRUSH SEQUENCE ===
; STOP BRUSH A
G4 P50 ; Short delay before stepper command
G1 U0.000 F200.0 ; Close Brush A flow
M400 ; Wait for stepper motion to complete
M106 P2 S0 ; Brush A air off
; Z already at 84.000mm, above safe threshold of 10.000mm, no need to raise
; === END STOP BRUSH SEQUENCE ===
; === PATH END ===


; Path 45/49 (id: path45)
; WIDTH: requested=117.176mm, actual=117.176mm, compensation=1.000
; Z HEIGHT: 84.000mm (min=4.0, max=84.0)
; PAINT FLOW: 0.500 (baseline=0.1, max=0.5)
; PAINT FLOW COMPONENTS: base=0.100, width=0.300, opacity=0.100
; FEEDRATE: 594.5 mm/min (z_factor=0.0259, speed_factor=0.956)
; WARNING: Requested stroke width 117.2mm exceeds machine capability.
; H.Airbrush cannot draw strokes wider than 6.6mm at 1mm/s minimum speed.
; Stroke width has been reduced to 6.6mm.
; ===== STROKE PARAMETERS =====
; Color: black
; Width: 117.18mm
; Opacity: 0.25
; Brush: brush_a (index 0)
T0 ; Select Brush A (Black)
; ===== AIRBRUSH SETTINGS =====
; Z-height: 84.00mm
; Paint flow: 0.50
; Feedrate: 594.5mm/min (includes Z scaling)
; Using brush: brush_a (tool 0)
; Path with Brush A (black) at Z=84.000mm
; Using: Air=P2, Flow=A axis
; Drawing Z height: 84.000mm, Travel Z height: 10.000mm
; Machine Z range: 0-84mm (Safe range: 5-80mm)
; === START BRUSH SEQUENCE ===
; START BRUSH A
; Z already at 84.000mm, above safe threshold of 10.000mm, no need to raise
T0 ; Select Tool 0 (Brush A)
G4 P500 ; Wait for tool change to complete
; === END BRUSH SEQUENCE ===
; Coordinate transform: (260.05,525.15) -> (260.05,1466.85)
G0 X260.046 Y1466.854 F24000
M400 ; Wait for XY movement to complete
G1 Z84.000 F1200
M400 ; Wait for Z movement to complete
; === ACTIVATE BRUSH AT POSITION ===
; AIR ON FIRST - Important to prevent dripping
M106 P2 S1 ; Brush A air on
; PAINT ON AFTER AIR
G4 P50 ; Short delay before stepper command
G1 U2.400 F200.0 ; Set Brush A flow to 2.400mm
M400 ; Wait for stepper motion to complete
; === BRUSH ACTIVATED ===
G1 F594.4557554428459
; Coordinate transform: (260.34,524.52) -> (260.34,1467.48)
G1 X260.338 Y1467.477
; Coordinate transform: (260.84,523.63) -> (260.84,1468.37)
G1 X260.838 Y1468.370
; Coordinate transform: (261.52,522.52) -> (261.52,1469.48)
G1 X261.522 Y1469.482
; Coordinate transform: (262.37,521.23) -> (262.37,1470.77)
G1 X262.368 Y1470.767
; Coordinate transform: (263.34,519.82) -> (263.34,1472.18)
G1 X263.344 Y1472.176
; Coordinate transform: (264.43,518.33) -> (264.43,1473.67)
G1 X264.427 Y1473.671
; Coordinate transform: (265.59,516.78) -> (265.59,1475.22)
G1 X265.588 Y1475.217
; Coordinate transform: (266.83,515.20) -> (266.83,1476.80)
G1 X266.834 Y1476.801
; Coordinate transform: (268.17,513.59) -> (268.17,1478.41)
G1 X268.170 Y1478.407
; Coordinate transform: (269.61,511.99) -> (269.61,1480.01)
G1 X269.605 Y1480.010
; Coordinate transform: (271.14,510.41) -> (271.14,1481.59)
G1 X271.141 Y1481.594
; Coordinate transform: (272.78,508.86) -> (272.78,1483.14)
G1 X272.778 Y1483.143
; Coordinate transform: (274.51,507.36) -> (274.51,1484.64)
G1 X274.514 Y1484.641
; Coordinate transform: (276.35,505.93) -> (276.35,1486.07)
G1 X276.347 Y1486.072
; Coordinate transform: (278.27,504.57) -> (278.27,1487.43)
G1 X278.271 Y1487.427
; Coordinate transform: (280.28,503.30) -> (280.28,1488.70)
G1 X280.281 Y1488.701
; Coordinate transform: (282.37,502.10) -> (282.37,1489.90)
G1 X282.373 Y1489.905
; Coordinate transform: (284.55,500.95) -> (284.55,1491.05)
G1 X284.547 Y1491.045
; Coordinate transform: (286.83,499.88) -> (286.83,1492.12)
G1 X286.833 Y1492.122
; Coordinate transform: (289.28,498.86) -> (289.28,1493.14)
G1 X289.279 Y1493.141
; Coordinate transform: (291.93,497.90) -> (291.93,1494.10)
G1 X291.931 Y1494.103
; Coordinate transform: (294.85,497.00) -> (294.85,1495.00)
G1 X294.854 Y1494.996
; Coordinate transform: (298.09,496.19) -> (298.09,1495.81)
G1 X298.090 Y1495.806
; Coordinate transform: (301.67,495.49) -> (301.67,1496.51)
G1 X301.665 Y1496.508
; Coordinate transform: (305.62,494.92) -> (305.62,1497.08)
G1 X305.621 Y1497.078
; Coordinate transform: (310.02,494.50) -> (310.02,1497.49)
G1 X310.022 Y1497.495
; Coordinate transform: (314.90,494.28) -> (314.90,1497.72)
G1 X314.902 Y1497.719
M400 ; Wait for drawing to complete
; === STOP BRUSH SEQUENCE ===
; STOP BRUSH A
G4 P50 ; Short delay before stepper command
G1 U0.000 F200.0 ; Close Brush A flow
M400 ; Wait for stepper motion to complete
M106 P2 S0 ; Brush A air off
; Z already at 84.000mm, above safe threshold of 10.000mm, no need to raise
; === END STOP BRUSH SEQUENCE ===
; === PATH END ===


; Path 46/49 (id: path46)
; WIDTH: requested=117.176mm, actual=117.176mm, compensation=1.000
; Z HEIGHT: 84.000mm (min=4.0, max=84.0)
; PAINT FLOW: 0.500 (baseline=0.1, max=0.5)
; PAINT FLOW COMPONENTS: base=0.100, width=0.300, opacity=0.100
; FEEDRATE: 594.5 mm/min (z_factor=0.0259, speed_factor=0.956)
; WARNING: Requested stroke width 117.2mm exceeds machine capability.
; H.Airbrush cannot draw strokes wider than 6.6mm at 1mm/s minimum speed.
; Stroke width has been reduced to 6.6mm.
; ===== STROKE PARAMETERS =====
; Color: black
; Width: 117.18mm
; Opacity: 0.25
; Brush: brush_a (index 0)
T0 ; Select Brush A (Black)
; ===== AIRBRUSH SETTINGS =====
; Z-height: 84.00mm
; Paint flow: 0.50
; Feedrate: 594.5mm/min (includes Z scaling)
; Using brush: brush_a (tool 0)
; Path with Brush A (black) at Z=84.000mm
; Using: Air=P2, Flow=A axis
; Drawing Z height: 84.000mm, Travel Z height: 10.000mm
; Machine Z range: 0-84mm (Safe range: 5-80mm)
; === START BRUSH SEQUENCE ===
; START BRUSH A
; Z already at 84.000mm, above safe threshold of 10.000mm, no need to raise
T0 ; Select Tool 0 (Brush A)
G4 P500 ; Wait for tool change to complete
; === END BRUSH SEQUENCE ===
; Coordinate transform: (648.87,732.00) -> (648.87,1260.00)
G0 X648.870 Y1259.999 F24000
M400 ; Wait for XY movement to complete
G1 Z84.000 F1200
M400 ; Wait for Z movement to complete
; === ACTIVATE BRUSH AT POSITION ===
; AIR ON FIRST - Important to prevent dripping
M106 P2 S1 ; Brush A air on
; PAINT ON AFTER AIR
G4 P50 ; Short delay before stepper command
G1 U2.400 F200.0 ; Set Brush A flow to 2.400mm
M400 ; Wait for stepper motion to complete
; === BRUSH ACTIVATED ===
G1 F594.4557554428459
; Coordinate transform: (650.37,731.30) -> (650.37,1260.70)
G1 X650.370 Y1260.704
; Coordinate transform: (652.55,730.28) -> (652.55,1261.72)
G1 X652.550 Y1261.718
; Coordinate transform: (655.31,729.02) -> (655.31,1262.98)
G1 X655.313 Y1262.982
; Coordinate transform: (658.56,727.56) -> (658.56,1264.44)
G1 X658.561 Y1264.441
; Coordinate transform: (662.19,725.97) -> (662.19,1266.03)
G1 X662.193 Y1266.028
; Coordinate transform: (666.13,724.32) -> (666.13,1267.68)
G1 X666.127 Y1267.679
; Coordinate transform: (670.30,722.66) -> (670.30,1269.34)
G1 X670.299 Y1269.336
; Coordinate transform: (674.67,721.05) -> (674.67,1270.95)
G1 X674.671 Y1270.945
; Coordinate transform: (679.23,719.55) -> (679.23,1272.45)
G1 X679.229 Y1272.452
; Coordinate transform: (683.99,718.18) -> (683.99,1273.82)
G1 X683.990 Y1273.824
; Coordinate transform: (688.99,716.98) -> (688.99,1275.02)
G1 X688.989 Y1275.021
; Coordinate transform: (694.28,716.01) -> (694.28,1275.99)
G1 X694.276 Y1275.991
; Coordinate transform: (699.87,715.28) -> (699.87,1276.72)
G1 X699.870 Y1276.718
; Coordinate transform: (705.82,714.82) -> (705.82,1277.18)
G1 X705.816 Y1277.177
; Coordinate transform: (712.13,714.64) -> (712.13,1277.36)
G1 X712.135 Y1277.356
; Coordinate transform: (718.79,714.76) -> (718.79,1277.24)
G1 X718.795 Y1277.239
; Coordinate transform: (725.77,715.19) -> (725.77,1276.81)
G1 X725.774 Y1276.809
; Coordinate transform: (732.93,715.96) -> (732.93,1276.04)
G1 X732.933 Y1276.039
; Coordinate transform: (740.17,717.09) -> (740.17,1274.91)
G1 X740.168 Y1274.914
; Coordinate transform: (747.27,718.60) -> (747.27,1273.40)
G1 X747.275 Y1273.397
; Coordinate transform: (754.08,720.51) -> (754.08,1271.49)
G1 X754.083 Y1271.485
; Coordinate transform: (760.39,722.80) -> (760.39,1269.20)
G1 X760.388 Y1269.197
; Coordinate transform: (766.03,725.41) -> (766.03,1266.59)
G1 X766.033 Y1266.587
; Coordinate transform: (770.92,728.28) -> (770.92,1263.72)
G1 X770.918 Y1263.720
; Coordinate transform: (774.98,731.34) -> (774.98,1260.66)
G1 X774.981 Y1260.658
; Coordinate transform: (778.19,734.53) -> (778.19,1257.47)
G1 X778.189 Y1257.465
; Coordinate transform: (780.55,737.75) -> (780.55,1254.24)
G1 X780.553 Y1254.245
; Coordinate transform: (782.11,740.88) -> (782.11,1251.12)
G1 X782.106 Y1251.116
; Coordinate transform: (782.89,743.83) -> (782.89,1248.17)
G1 X782.889 Y1248.173
; Coordinate transform: (782.95,746.51) -> (782.95,1245.49)
G1 X782.949 Y1245.493
; Coordinate transform: (782.32,748.87) -> (782.32,1243.13)
G1 X782.319 Y1243.127
; Coordinate transform: (781.04,750.87) -> (781.04,1241.13)
G1 X781.042 Y1241.131
; Coordinate transform: (779.15,752.45) -> (779.15,1239.55)
G1 X779.154 Y1239.549
M400 ; Wait for drawing to complete
; === STOP BRUSH SEQUENCE ===
; STOP BRUSH A
G4 P50 ; Short delay before stepper command
G1 U0.000 F200.0 ; Close Brush A flow
M400 ; Wait for stepper motion to complete
M106 P2 S0 ; Brush A air off
; Z already at 84.000mm, above safe threshold of 10.000mm, no need to raise
; === END STOP BRUSH SEQUENCE ===
; === PATH END ===


; Path 47/49 (id: path47)
; WIDTH: requested=117.176mm, actual=117.176mm, compensation=1.000
; Z HEIGHT: 84.000mm (min=4.0, max=84.0)
; PAINT FLOW: 0.500 (baseline=0.1, max=0.5)
; PAINT FLOW COMPONENTS: base=0.100, width=0.300, opacity=0.100
; FEEDRATE: 594.5 mm/min (z_factor=0.0259, speed_factor=0.956)
; WARNING: Requested stroke width 117.2mm exceeds machine capability.
; H.Airbrush cannot draw strokes wider than 6.6mm at 1mm/s minimum speed.
; Stroke width has been reduced to 6.6mm.
; ===== STROKE PARAMETERS =====
; Color: black
; Width: 117.18mm
; Opacity: 0.25
; Brush: brush_a (index 0)
T0 ; Select Brush A (Black)
; ===== AIRBRUSH SETTINGS =====
; Z-height: 84.00mm
; Paint flow: 0.50
; Feedrate: 594.5mm/min (includes Z scaling)
; Using brush: brush_a (tool 0)
; Path with Brush A (black) at Z=84.000mm
; Using: Air=P2, Flow=A axis
; Drawing Z height: 84.000mm, Travel Z height: 10.000mm
; Machine Z range: 0-84mm (Safe range: 5-80mm)
; === START BRUSH SEQUENCE ===
; START BRUSH A
; Z already at 84.000mm, above safe threshold of 10.000mm, no need to raise
T0 ; Select Tool 0 (Brush A)
G4 P500 ; Wait for tool change to complete
; === END BRUSH SEQUENCE ===
; Coordinate transform: (1528.52,174.08) -> (1528.52,1817.92)
G0 X1528.520 Y1817.923 F24000
M400 ; Wait for XY movement to complete
G1 Z84.000 F1200
M400 ; Wait for Z movement to complete
; === ACTIVATE BRUSH AT POSITION ===
; AIR ON FIRST - Important to prevent dripping
M106 P2 S1 ; Brush A air on
; PAINT ON AFTER AIR
G4 P50 ; Short delay before stepper command
G1 U2.400 F200.0 ; Set Brush A flow to 2.400mm
M400 ; Wait for stepper motion to complete
; === BRUSH ACTIVATED ===
G1 F594.4557554428459
; Coordinate transform: (1527.88,174.41) -> (1527.88,1817.59)
G1 X1527.880 Y1817.589
; Coordinate transform: (1526.94,174.91) -> (1526.94,1817.09)
G1 X1526.940 Y1817.092
; Coordinate transform: (1525.77,175.54) -> (1525.77,1816.46)
G1 X1525.770 Y1816.463
; Coordinate transform: (1524.43,176.25) -> (1524.43,1815.75)
G1 X1524.430 Y1815.749
; Coordinate transform: (1523.01,177.02) -> (1523.01,1814.98)
G1 X1523.010 Y1814.983
; Coordinate transform: (1521.49,177.82) -> (1521.49,1814.17)
G1 X1521.490 Y1814.175
; Coordinate transform: (1519.88,178.67) -> (1519.88,1813.33)
G1 X1519.880 Y1813.329
; Coordinate transform: (1518.20,179.58) -> (1518.20,1812.42)
G1 X1518.200 Y1812.419
; Coordinate transform: (1516.52,180.61) -> (1516.52,1811.39)
G1 X1516.520 Y1811.391
; Coordinate transform: (1515.07,181.71) -> (1515.07,1810.29)
G1 X1515.070 Y1810.294
; Coordinate transform: (1513.85,182.84) -> (1513.85,1809.16)
G1 X1513.850 Y1809.159
; Coordinate transform: (1512.76,184.09) -> (1512.76,1807.91)
G1 X1512.760 Y1807.913
; Coordinate transform: (1511.73,185.45) -> (1511.73,1806.55)
G1 X1511.730 Y1806.547
; Coordinate transform: (1510.74,186.93) -> (1510.74,1805.07)
G1 X1510.740 Y1805.067
; Coordinate transform: (1509.75,188.51) -> (1509.75,1803.49)
G1 X1509.750 Y1803.485
; Coordinate transform: (1508.74,190.19) -> (1508.74,1801.81)
G1 X1508.740 Y1801.808
; Coordinate transform: (1507.70,192.01) -> (1507.70,1799.99)
G1 X1507.700 Y1799.994
; Coordinate transform: (1506.58,193.99) -> (1506.58,1798.01)
G1 X1506.580 Y1798.007
; Coordinate transform: (1505.37,196.20) -> (1505.37,1795.80)
G1 X1505.370 Y1795.804
; Coordinate transform: (1504.01,198.67) -> (1504.01,1793.33)
G1 X1504.010 Y1793.331
; Coordinate transform: (1502.48,201.48) -> (1502.48,1790.52)
G1 X1502.480 Y1790.520
; Coordinate transform: (1500.71,204.71) -> (1500.71,1787.29)
G1 X1500.710 Y1787.293
; Coordinate transform: (1498.65,208.45) -> (1498.65,1783.55)
G1 X1498.650 Y1783.547
; Coordinate transform: (1496.22,212.66) -> (1496.22,1779.35)
G1 X1496.220 Y1779.345
; Coordinate transform: (1493.35,217.24) -> (1493.35,1774.76)
G1 X1493.350 Y1774.758
; Coordinate transform: (1489.98,222.16) -> (1489.98,1769.84)
G1 X1489.980 Y1769.844
; Coordinate transform: (1486.08,227.22) -> (1486.08,1764.78)
G1 X1486.080 Y1764.775
; Coordinate transform: (1481.64,232.21) -> (1481.64,1759.79)
G1 X1481.640 Y1759.787
; Coordinate transform: (1476.64,236.91) -> (1476.64,1755.09)
G1 X1476.640 Y1755.088
; Coordinate transform: (1471.04,241.20) -> (1471.04,1750.80)
G1 X1471.040 Y1750.802
; Coordinate transform: (1464.73,245.06) -> (1464.73,1746.94)
G1 X1464.730 Y1746.938
M400 ; Wait for drawing to complete
; === STOP BRUSH SEQUENCE ===
; STOP BRUSH A
G4 P50 ; Short delay before stepper command
G1 U0.000 F200.0 ; Close Brush A flow
M400 ; Wait for stepper motion to complete
M106 P2 S0 ; Brush A air off
; Z already at 84.000mm, above safe threshold of 10.000mm, no need to raise
; === END STOP BRUSH SEQUENCE ===
; === PATH END ===


; Path 48/49 (id: path48)
; WIDTH: requested=117.176mm, actual=117.176mm, compensation=1.000
; Z HEIGHT: 84.000mm (min=4.0, max=84.0)
; PAINT FLOW: 0.500 (baseline=0.1, max=0.5)
; PAINT FLOW COMPONENTS: base=0.100, width=0.300, opacity=0.100
; FEEDRATE: 594.5 mm/min (z_factor=0.0259, speed_factor=0.956)
; WARNING: Requested stroke width 117.2mm exceeds machine capability.
; H.Airbrush cannot draw strokes wider than 6.6mm at 1mm/s minimum speed.
; Stroke width has been reduced to 6.6mm.
; ===== STROKE PARAMETERS =====
; Color: black
; Width: 117.18mm
; Opacity: 0.25
; Brush: brush_a (index 0)
T0 ; Select Brush A (Black)
; ===== AIRBRUSH SETTINGS =====
; Z-height: 84.00mm
; Paint flow: 0.50
; Feedrate: 594.5mm/min (includes Z scaling)
; Using brush: brush_a (tool 0)
; Path with Brush A (black) at Z=84.000mm
; Using: Air=P2, Flow=A axis
; Drawing Z height: 84.000mm, Travel Z height: 10.000mm
; Machine Z range: 0-84mm (Safe range: 5-80mm)
; === START BRUSH SEQUENCE ===
; START BRUSH A
; Z already at 84.000mm, above safe threshold of 10.000mm, no need to raise
T0 ; Select Tool 0 (Brush A)
G4 P500 ; Wait for tool change to complete
; === END BRUSH SEQUENCE ===
; Coordinate transform: (494.33,364.56) -> (494.33,1627.44)
G0 X494.328 Y1627.440 F24000
M400 ; Wait for XY movement to complete
G1 Z84.000 F1200
M400 ; Wait for Z movement to complete
; === ACTIVATE BRUSH AT POSITION ===
; AIR ON FIRST - Important to prevent dripping
M106 P2 S1 ; Brush A air on
; PAINT ON AFTER AIR
G4 P50 ; Short delay before stepper command
G1 U2.400 F200.0 ; Set Brush A flow to 2.400mm
M400 ; Wait for stepper motion to complete
; === BRUSH ACTIVATED ===
G1 F594.4557554428459
; Coordinate transform: (494.47,365.04) -> (494.47,1626.96)
G1 X494.470 Y1626.958
; Coordinate transform: (494.76,365.76) -> (494.76,1626.24)
G1 X494.761 Y1626.235
; Coordinate transform: (495.20,366.71) -> (495.20,1625.29)
G1 X495.198 Y1625.294
; Coordinate transform: (495.78,367.83) -> (495.78,1624.17)
G1 X495.783 Y1624.167
; Coordinate transform: (496.52,369.12) -> (496.52,1622.88)
G1 X496.522 Y1622.878
; Coordinate transform: (497.41,370.55) -> (497.41,1621.45)
G1 X497.413 Y1621.450
; Coordinate transform: (498.47,372.09) -> (498.47,1619.91)
G1 X498.466 Y1619.909
; Coordinate transform: (499.69,373.74) -> (499.69,1618.26)
G1 X499.687 Y1618.259
; Coordinate transform: (501.09,375.50) -> (501.09,1616.50)
G1 X501.091 Y1616.501
; Coordinate transform: (502.70,377.37) -> (502.70,1614.63)
G1 X502.697 Y1614.627
; Coordinate transform: (504.53,379.37) -> (504.53,1612.63)
G1 X504.528 Y1612.627
; Coordinate transform: (506.62,381.52) -> (506.62,1610.48)
G1 X506.616 Y1610.482
; Coordinate transform: (509.00,383.83) -> (509.00,1608.17)
G1 X509.005 Y1608.167
; Coordinate transform: (511.75,386.35) -> (511.75,1605.65)
G1 X511.745 Y1605.647
; Coordinate transform: (514.90,389.11) -> (514.90,1602.89)
G1 X514.905 Y1602.890
; Coordinate transform: (518.54,392.15) -> (518.54,1599.85)
G1 X518.538 Y1599.853
; Coordinate transform: (522.71,395.50) -> (522.71,1596.50)
G1 X522.710 Y1596.498
; Coordinate transform: (527.51,399.22) -> (527.51,1592.78)
G1 X527.512 Y1592.777
; Coordinate transform: (533.03,403.34) -> (533.03,1588.66)
G1 X533.026 Y1588.659
; Coordinate transform: (539.25,407.88) -> (539.25,1584.12)
G1 X539.251 Y1584.123
; Coordinate transform: (546.21,412.84) -> (546.21,1579.16)
G1 X546.213 Y1579.159
; Coordinate transform: (553.88,418.20) -> (553.88,1573.80)
G1 X553.878 Y1573.798
; Coordinate transform: (562.20,423.91) -> (562.20,1568.09)
G1 X562.201 Y1568.090
; Coordinate transform: (571.12,429.92) -> (571.12,1562.08)
G1 X571.118 Y1562.077
; Coordinate transform: (580.58,436.13) -> (580.58,1555.87)
G1 X580.584 Y1555.873
; Coordinate transform: (590.53,442.46) -> (590.53,1549.54)
G1 X590.527 Y1549.541
; Coordinate transform: (600.90,448.85) -> (600.90,1543.15)
G1 X600.898 Y1543.154
; Coordinate transform: (611.64,455.21) -> (611.64,1536.79)
G1 X611.636 Y1536.787
; Coordinate transform: (622.66,461.57) -> (622.66,1530.43)
G1 X622.665 Y1530.431
; Coordinate transform: (633.86,467.94) -> (633.86,1524.06)
G1 X633.857 Y1524.060
; Coordinate transform: (644.99,474.26) -> (644.99,1517.74)
G1 X644.991 Y1517.739
; Coordinate transform: (655.75,480.25) -> (655.75,1511.75)
G1 X655.751 Y1511.747
; Coordinate transform: (665.92,485.75) -> (665.92,1506.25)
G1 X665.922 Y1506.252
; Coordinate transform: (675.65,490.73) -> (675.65,1501.27)
G1 X675.650 Y1501.273
; Coordinate transform: (685.23,495.12) -> (685.23,1496.88)
G1 X685.229 Y1496.881
; Coordinate transform: (694.64,498.85) -> (694.64,1493.15)
G1 X694.641 Y1493.152
; Coordinate transform: (703.51,501.88) -> (703.51,1490.12)
G1 X703.515 Y1490.122
; Coordinate transform: (711.48,504.36) -> (711.48,1487.64)
G1 X711.477 Y1487.640
; Coordinate transform: (718.69,506.69) -> (718.69,1485.31)
G1 X718.689 Y1485.305
; Coordinate transform: (725.39,509.29) -> (725.39,1482.71)
G1 X725.388 Y1482.708
; Coordinate transform: (731.88,512.58) -> (731.88,1479.42)
G1 X731.879 Y1479.422
; Coordinate transform: (738.51,516.95) -> (738.51,1475.05)
G1 X738.509 Y1475.053
; Coordinate transform: (745.20,522.50) -> (745.20,1469.50)
G1 X745.201 Y1469.502
; Coordinate transform: (751.88,529.30) -> (751.88,1462.70)
G1 X751.883 Y1462.704
; Coordinate transform: (758.53,537.34) -> (758.53,1454.66)
G1 X758.530 Y1454.662
; Coordinate transform: (765.13,546.48) -> (765.13,1445.52)
G1 X765.135 Y1445.522
; Coordinate transform: (771.72,556.44) -> (771.72,1435.56)
G1 X771.715 Y1435.562
; Coordinate transform: (778.36,566.84) -> (778.36,1425.16)
G1 X778.358 Y1425.158
; Coordinate transform: (785.14,577.25) -> (785.14,1414.75)
G1 X785.145 Y1414.752
; Coordinate transform: (792.07,587.07) -> (792.07,1404.93)
G1 X792.069 Y1404.926
; Coordinate transform: (799.10,595.83) -> (799.10,1396.17)
G1 X799.097 Y1396.170
; Coordinate transform: (806.41,603.48) -> (806.41,1388.52)
G1 X806.407 Y1388.516
; Coordinate transform: (814.34,610.14) -> (814.34,1381.86)
G1 X814.336 Y1381.861
; Coordinate transform: (823.13,615.86) -> (823.13,1376.14)
G1 X823.128 Y1376.140
; Coordinate transform: (832.85,620.67) -> (832.85,1371.33)
G1 X832.854 Y1371.333
; Coordinate transform: (843.28,624.54) -> (843.28,1367.46)
G1 X843.281 Y1367.462
; Coordinate transform: (853.98,627.46) -> (853.98,1364.54)
G1 X853.984 Y1364.540
; Coordinate transform: (864.49,629.46) -> (864.49,1362.54)
G1 X864.490 Y1362.541
; Coordinate transform: (874.36,630.59) -> (874.36,1361.41)
G1 X874.359 Y1361.414
; Coordinate transform: (883.38,630.89) -> (883.38,1361.11)
G1 X883.381 Y1361.113
; Coordinate transform: (891.51,630.40) -> (891.51,1361.60)
G1 X891.513 Y1361.602
; Coordinate transform: (898.87,629.12) -> (898.87,1362.88)
G1 X898.868 Y1362.880
; Coordinate transform: (905.68,627.03) -> (905.68,1364.97)
G1 X905.679 Y1364.966
; Coordinate transform: (912.22,624.08) -> (912.22,1367.92)
G1 X912.220 Y1367.918
; Coordinate transform: (918.74,620.20) -> (918.74,1371.80)
G1 X918.744 Y1371.803
; Coordinate transform: (925.50,615.28) -> (925.50,1376.72)
G1 X925.504 Y1376.724
; Coordinate transform: (932.68,609.19) -> (932.68,1382.81)
G1 X932.685 Y1382.807
; Coordinate transform: (940.37,601.94) -> (940.37,1390.06)
G1 X940.372 Y1390.058
; Coordinate transform: (948.59,593.53) -> (948.59,1398.47)
G1 X948.585 Y1398.473
; Coordinate transform: (957.17,584.12) -> (957.17,1407.88)
G1 X957.173 Y1407.878
; Coordinate transform: (965.85,573.98) -> (965.85,1418.02)
G1 X965.845 Y1418.017
; Coordinate transform: (974.19,563.44) -> (974.19,1428.56)
G1 X974.194 Y1428.558
; Coordinate transform: (981.81,552.82) -> (981.81,1439.18)
G1 X981.814 Y1439.184
; Coordinate transform: (988.37,542.31) -> (988.37,1449.69)
G1 X988.369 Y1449.689
; Coordinate transform: (993.68,532.00) -> (993.68,1460.00)
G1 X993.676 Y1460.001
; Coordinate transform: (997.65,521.88) -> (997.65,1470.12)
G1 X997.650 Y1470.123
; Coordinate transform: (1000.33,511.85) -> (1000.33,1480.15)
G1 X1000.330 Y1480.151
; Coordinate transform: (1001.91,501.79) -> (1001.91,1490.21)
G1 X1001.910 Y1490.211
; Coordinate transform: (1002.74,491.71) -> (1002.74,1500.29)
G1 X1002.740 Y1500.288
; Coordinate transform: (1003.13,481.82) -> (1003.13,1510.18)
G1 X1003.130 Y1510.177
; Coordinate transform: (1003.31,472.42) -> (1003.31,1519.58)
G1 X1003.310 Y1519.578
; Coordinate transform: (1003.55,463.83) -> (1003.55,1528.17)
G1 X1003.550 Y1528.170
; Coordinate transform: (1003.99,456.20) -> (1003.99,1535.80)
G1 X1003.990 Y1535.801
; Coordinate transform: (1004.73,449.57) -> (1004.73,1542.43)
G1 X1004.730 Y1542.428
; Coordinate transform: (1005.88,443.93) -> (1005.88,1548.07)
G1 X1005.880 Y1548.072
; Coordinate transform: (1007.52,439.20) -> (1007.52,1552.80)
G1 X1007.520 Y1552.796
; Coordinate transform: (1009.77,435.33) -> (1009.77,1556.67)
G1 X1009.770 Y1556.669
M400 ; Wait for drawing to complete
; === STOP BRUSH SEQUENCE ===
; STOP BRUSH A
G4 P50 ; Short delay before stepper command
G1 U0.000 F200.0 ; Close Brush A flow
M400 ; Wait for stepper motion to complete
M106 P2 S0 ; Brush A air off
; Z already at 84.000mm, above safe threshold of 10.000mm, no need to raise
; === END STOP BRUSH SEQUENCE ===
; === PATH END ===


; Path 49/49 (id: path49)
; WIDTH: requested=117.176mm, actual=117.176mm, compensation=1.000
; Z HEIGHT: 84.000mm (min=4.0, max=84.0)
; PAINT FLOW: 0.500 (baseline=0.1, max=0.5)
; PAINT FLOW COMPONENTS: base=0.100, width=0.300, opacity=0.100
; FEEDRATE: 594.5 mm/min (z_factor=0.0259, speed_factor=0.956)
; WARNING: Requested stroke width 117.2mm exceeds machine capability.
; H.Airbrush cannot draw strokes wider than 6.6mm at 1mm/s minimum speed.
; Stroke width has been reduced to 6.6mm.
; ===== STROKE PARAMETERS =====
; Color: black
; Width: 117.18mm
; Opacity: 0.25
; Brush: brush_a (index 0)
T0 ; Select Brush A (Black)
; ===== AIRBRUSH SETTINGS =====
; Z-height: 84.00mm
; Paint flow: 0.50
; Feedrate: 594.5mm/min (includes Z scaling)
; Using brush: brush_a (tool 0)
; Path with Brush A (black) at Z=84.000mm
; Using: Air=P2, Flow=A axis
; Drawing Z height: 84.000mm, Travel Z height: 10.000mm
; Machine Z range: 0-84mm (Safe range: 5-80mm)
; === START BRUSH SEQUENCE ===
; START BRUSH A
; Z already at 84.000mm, above safe threshold of 10.000mm, no need to raise
T0 ; Select Tool 0 (Brush A)
G4 P500 ; Wait for tool change to complete
; === END BRUSH SEQUENCE ===
; Coordinate transform: (1098.35,1254.34) -> (1098.35,737.66)
G0 X1098.350 Y737.660 F24000
M400 ; Wait for XY movement to complete
G1 Z84.000 F1200
M400 ; Wait for Z movement to complete
; === ACTIVATE BRUSH AT POSITION ===
; AIR ON FIRST - Important to prevent dripping
M106 P2 S1 ; Brush A air on
; PAINT ON AFTER AIR
G4 P50 ; Short delay before stepper command
G1 U2.400 F200.0 ; Set Brush A flow to 2.400mm
M400 ; Wait for stepper motion to complete
; === BRUSH ACTIVATED ===
G1 F594.4557554428459
; Coordinate transform: (1098.47,1254.72) -> (1098.47,737.28)
G1 X1098.470 Y737.280
; Coordinate transform: (1098.87,1255.29) -> (1098.87,736.71)
G1 X1098.870 Y736.710
; Coordinate transform: (1099.54,1256.01) -> (1099.54,735.99)
G1 X1099.540 Y735.990
; Coordinate transform: (1100.49,1256.87) -> (1100.49,735.13)
G1 X1100.490 Y735.130
; Coordinate transform: (1101.70,1257.84) -> (1101.70,734.16)
G1 X1101.700 Y734.160
; Coordinate transform: (1103.17,1258.94) -> (1103.17,733.06)
G1 X1103.170 Y733.060
; Coordinate transform: (1104.89,1260.17) -> (1104.89,731.83)
G1 X1104.890 Y731.830
M400 ; Wait for drawing to complete
; === STOP BRUSH SEQUENCE ===
; STOP BRUSH A
G4 P50 ; Short delay before stepper command
G1 U0.000 F200.0 ; Close Brush A flow
M400 ; Wait for stepper motion to complete
M106 P2 S0 ; Brush A air off
; Z already at 84.000mm, above safe threshold of 10.000mm, no need to raise
; === END STOP BRUSH SEQUENCE ===
; === PATH END ===



; End of G-code
G0 Z20 F1200 ; Raise Z
G0 X0 Y0 F24000 ; Return to origin
G1 U0.000 F200.0 ; Close Brush A flow
G1 V0.000 F200.0 ; Close Brush B flow
M400 ; Wait for stepper motion to complete
M106 P2 S0 ; Brush A air off
M106 P3 S0 ; Brush B air off
M18 ; Disable all motors to prevent overheating
; ===== WARNING: COORDINATES EXCEED MACHINE DIMENSIONS =====
; Machine bounds: X0-695 Y0-1080
; Found coordinates: X0.0-1904.9, Y0.0-1899.7
; Width: 1904.9mm, Height: 1899.7mm
; Out-of-bounds points: [(756.296, 1162.726), (756.574, 1162.951), (756.98, 1163.279), (757.508, 1163.706), (758.153, 1164.225)]...
; ...and 6683 more
; Consider enabling auto-scaling or adjusting scale factors
; ============================================