; Generated by GCodeGen 0.1.0
; Input file: bill-2.svg
G21 ; Set units to millimeters
G90 ; Use absolute coordinates
; H.Airbrush Dual-Airbrush Plotter G-code
; Generated by GCodeGen
M451 ; CNC mode
G17 ; X-Y plane
G21 ; mm units
G90 ; Absolute positioning
M17 ; Enable all motors
M564 H1 S1 ; Enforce soft limits and require homing
G28 ; Home all axes
M84 S0 ; No stepper timeout
; ===== AIRBRUSH SYSTEM INITIALIZATION =====
; 1. Turn off all air solenoids
M106 P2 S0 ; Brush A air off
M106 P3 S0 ; Brush B air off
G4 P500 ; Wait for air to stop completely
; 2. Ensure U and V axes are at minimum position (closed)
G1 U0.000 F200.0 ; Close Brush A flow
G1 V0.000 F200.0 ; Close Brush B flow
M400 ; Wait for stepper motion to complete
; --- Tool Selection ---
T0 ; Select Tool 0 (Brush A) as the default tool
; STEPPER AND FAN CONFIGURATION:
; - Brush A: Air=Fan2, Flow=U axis (0.0-4.0mm, dead zone 0.0-0.8mm)
; - Brush B: Air=Fan3, Flow=V axis (0.0-4.0mm, dead zone 0.0-0.8mm)
; ===== END AIRBRUSH SYSTEM INITIALIZATION =====

; Width clamped from 31.00mm to 25.00mm within [2.00,25.00] mm
; ===== STROKE PARAMETERS =====
; Color: black
; Width: 25.00mm
; Opacity: 0.25
; Brush: A
; Z-height: 83.00mm
; Paint flow: 0.56 -> U2.586mm
; Feedrate: 3554.9mm/min
; Modes: viewer_compat=true, viewer_emit_m3m5=true
; START BRUSH A
T0 ; Select Tool 0 (Brush A)
G0 X200.103 Y307.638 F12000.000
M400 ; Wait for XY movement to complete
G1 F3554.948
M106 P2 S1 ; Air on before paint
G1 U2.586 F200.0 ; Set paint flow to target (viewer mode)
G1 F3554.948
G4 P50 ; Short paint lead time
M3 S1 ; Viewer hint: start cutting
G1 X200.177 Y307.697 F3554.948
G1 X200.284 Y307.784 F3554.948
G1 X200.424 Y307.897 F3554.948
G1 X200.595 Y308.035 F3554.948
G1 X200.795 Y308.195 F3554.948
G1 X201.024 Y308.377 F3554.948
G1 X201.281 Y308.581 F3554.948
G1 X201.571 Y308.812 F3554.948
G1 X201.900 Y309.076 F3554.948
G1 X202.276 Y309.381 F3554.948
G1 X202.709 Y309.737 F3554.948
G1 X203.212 Y310.155 F3554.948
G1 X203.802 Y310.650 F3554.948
G1 X204.153 Y310.943 F3554.948
G1 X204.504 Y311.237 F3554.948
G1 X204.923 Y311.587 F3554.948
G1 X205.342 Y311.936 F3554.948
G1 X205.845 Y312.355 F3554.948
G1 X206.348 Y312.773 F3554.948
G1 X206.947 Y313.273 F3554.948
G1 X207.546 Y313.772 F3554.948
G1 X208.018 Y314.168 F3554.948
G1 X208.490 Y314.564 F3554.948
G1 X208.962 Y314.960 F3554.948
G1 X209.518 Y315.423 F3554.948
G1 X210.073 Y315.886 F3554.948
G1 X210.628 Y316.349 F3554.948
G1 X211.107 Y316.747 F3554.948
G1 X211.586 Y317.146 F3554.948
G1 X212.065 Y317.544 F3554.948
G1 X212.544 Y317.943 F3554.948
G1 X213.084 Y318.393 F3554.948
G1 X213.624 Y318.843 F3554.948
G1 X214.164 Y319.293 F3554.948
G1 X214.704 Y319.743 F3554.948
G1 X215.295 Y320.235 F3554.948
G1 X215.886 Y320.727 F3554.948
G1 X216.477 Y321.219 F3554.948
G1 X217.067 Y321.711 F3554.948
G1 X217.572 Y322.131 F3554.948
G1 X218.076 Y322.551 F3554.948
G1 X218.580 Y322.971 F3554.948
G1 X219.084 Y323.391 F3554.948
G1 X219.588 Y323.811 F3554.948
G1 X220.111 Y324.247 F3554.948
G1 X220.634 Y324.683 F3554.948
G1 X221.158 Y325.119 F3554.948
G1 X221.681 Y325.555 F3554.948
G1 X222.204 Y325.990 F3554.948
G1 X222.736 Y326.435 F3554.948
G1 X223.269 Y326.880 F3554.948
G1 X223.802 Y327.324 F3554.948
G1 X224.335 Y327.769 F3554.948
G1 X224.867 Y328.214 F3554.948
G1 X225.403 Y328.660 F3554.948
G1 X225.939 Y329.107 F3554.948
G1 X226.475 Y329.553 F3554.948
G1 X227.010 Y330.000 F3554.948
G1 X227.546 Y330.446 F3554.948
G1 X228.080 Y330.890 F3554.948
G1 X228.615 Y331.334 F3554.948
G1 X229.149 Y331.778 F3554.948
G1 X229.683 Y332.222 F3554.948
G1 X230.217 Y332.666 F3554.948
G1 X230.747 Y333.107 F3554.948
G1 X231.278 Y333.547 F3554.948
G1 X231.808 Y333.987 F3554.948
G1 X232.338 Y334.427 F3554.948
G1 X232.869 Y334.867 F3554.948
G1 X233.395 Y335.302 F3554.948
G1 X233.921 Y335.737 F3554.948
G1 X234.447 Y336.172 F3554.948
G1 X234.974 Y336.607 F3554.948
G1 X235.500 Y337.042 F3554.948
G1 X236.021 Y337.472 F3554.948
G1 X236.542 Y337.902 F3554.948
G1 X237.063 Y338.332 F3554.948
G1 X237.584 Y338.762 F3554.948
G1 X238.105 Y339.192 F3554.948
G1 X238.619 Y339.616 F3554.948
G1 X239.134 Y340.039 F3554.948
G1 X239.648 Y340.463 F3554.948
G1 X240.163 Y340.886 F3554.948
G1 X240.677 Y341.310 F3554.948
G1 X241.185 Y341.726 F3554.948
G1 X241.692 Y342.143 F3554.948
G1 X242.199 Y342.560 F3554.948
G1 X242.707 Y342.976 F3554.948
G1 X243.214 Y343.393 F3554.948
G1 X243.715 Y343.803 F3554.948
G1 X244.215 Y344.214 F3554.948
G1 X244.716 Y344.625 F3554.948
G1 X245.216 Y345.035 F3554.948
G1 X245.717 Y345.446 F3554.948
G1 X246.211 Y345.852 F3554.948
G1 X246.706 Y346.259 F3554.948
G1 X247.200 Y346.665 F3554.948
G1 X247.695 Y347.072 F3554.948
G1 X248.189 Y347.479 F3554.948
G1 X248.801 Y347.985 F3554.948
G1 X249.413 Y348.491 F3554.948
G1 X250.025 Y348.997 F3554.948
G1 X250.637 Y349.504 F3554.948
G1 X251.241 Y350.009 F3554.948
G1 X251.846 Y350.515 F3554.948
G1 X252.450 Y351.020 F3554.948
G1 X253.055 Y351.526 F3554.948
G1 X253.651 Y352.030 F3554.948
G1 X254.247 Y352.534 F3554.948
G1 X254.844 Y353.038 F3554.948
G1 X255.440 Y353.542 F3554.948
G1 X256.030 Y354.044 F3554.948
G1 X256.620 Y354.545 F3554.948
G1 X257.210 Y355.046 F3554.948
G1 X257.800 Y355.547 F3554.948
G1 X258.385 Y356.045 F3554.948
G1 X258.970 Y356.543 F3554.948
G1 X259.555 Y357.041 F3554.948
G1 X260.140 Y357.538 F3554.948
G1 X260.723 Y358.033 F3554.948
G1 X261.305 Y358.527 F3554.948
G1 X261.887 Y359.021 F3554.948
G1 X262.469 Y359.515 F3554.948
G1 X263.049 Y360.006 F3554.948
G1 X263.628 Y360.497 F3554.948
G1 X264.208 Y360.988 F3554.948
G1 X264.787 Y361.479 F3554.948
G1 X265.363 Y361.966 F3554.948
G1 X265.939 Y362.453 F3554.948
G1 X266.515 Y362.940 F3554.948
G1 X267.092 Y363.427 F3554.948
G1 X267.664 Y363.911 F3554.948
G1 X268.236 Y364.394 F3554.948
G1 X268.808 Y364.877 F3554.948
G1 X269.380 Y365.360 F3554.948
G1 X269.948 Y365.840 F3554.948
G1 X270.515 Y366.319 F3554.948
G1 X271.083 Y366.799 F3554.948
G1 X271.650 Y367.278 F3554.948
G1 X272.215 Y367.755 F3554.948
G1 X272.780 Y368.232 F3554.948
G1 X273.345 Y368.709 F3554.948
G1 X273.910 Y369.185 F3554.948
G1 X274.471 Y369.659 F3554.948
G1 X275.032 Y370.134 F3554.948
G1 X275.593 Y370.608 F3554.948
G1 X276.154 Y371.082 F3554.948
G1 X276.711 Y371.553 F3554.948
G1 X277.269 Y372.025 F3554.948
G1 X277.826 Y372.496 F3554.948
G1 X278.384 Y372.968 F3554.948
G1 X278.938 Y373.436 F3554.948
G1 X279.493 Y373.905 F3554.948
G1 X280.047 Y374.373 F3554.948
G1 X280.601 Y374.841 F3554.948
G1 X281.152 Y375.306 F3554.948
G1 X281.702 Y375.771 F3554.948
G1 X282.252 Y376.236 F3554.948
G1 X282.803 Y376.701 F3554.948
G1 X283.348 Y377.163 F3554.948
G1 X283.893 Y377.624 F3554.948
G1 X284.438 Y378.086 F3554.948
G1 X284.983 Y378.547 F3554.948
G1 X285.523 Y379.006 F3554.948
G1 X286.064 Y379.464 F3554.948
G1 X286.604 Y379.922 F3554.948
G1 X287.144 Y380.380 F3554.948
G1 X287.681 Y380.836 F3554.948
G1 X288.217 Y381.292 F3554.948
G1 X288.754 Y381.748 F3554.948
G1 X289.290 Y382.203 F3554.948
G1 X289.821 Y382.655 F3554.948
G1 X290.352 Y383.106 F3554.948
G1 X290.884 Y383.558 F3554.948
G1 X291.415 Y384.009 F3554.948
G1 X291.936 Y384.453 F3554.948
G1 X292.457 Y384.896 F3554.948
G1 X292.978 Y385.340 F3554.948
G1 X293.500 Y385.783 F3554.948
G1 X294.004 Y386.212 F3554.948
G1 X294.509 Y386.640 F3554.948
G1 X295.014 Y387.069 F3554.948
G1 X295.518 Y387.497 F3554.948
G1 X295.988 Y387.897 F3554.948
G1 X296.458 Y388.297 F3554.948
G1 X296.927 Y388.697 F3554.948
G1 X297.397 Y389.097 F3554.948
G1 X297.975 Y389.590 F3554.948
G1 X298.552 Y390.083 F3554.948
G1 X299.130 Y390.576 F3554.948
G1 X299.649 Y391.023 F3554.948
G1 X300.167 Y391.471 F3554.948
G1 X300.686 Y391.918 F3554.948
G1 X301.136 Y392.318 F3554.948
G1 X301.585 Y392.718 F3554.948
G1 X302.035 Y393.117 F3554.948
G1 X302.603 Y393.647 F3554.948
G1 X303.170 Y394.178 F3554.948
G1 X303.633 Y394.645 F3554.948
G1 X304.096 Y395.112 F3554.948
G1 X304.457 Y395.525 F3554.948
G1 X304.819 Y395.938 F3554.948
G1 X305.087 Y396.303 F3554.948
G1 X305.356 Y396.668 F3554.948
G1 X305.721 Y397.318 F3554.948
G1 X305.930 Y397.903 F3554.948
G1 X305.993 Y398.440 F3554.948
G1 X305.924 Y398.946 F3554.948
G1 X305.723 Y399.436 F3554.948
G1 X305.390 Y399.920 F3554.948
G1 X304.924 Y400.409 F3554.948
G1 X304.318 Y400.911 F3554.948
G1 X303.937 Y401.174 F3554.948
G1 X303.556 Y401.438 F3554.948
G1 X303.087 Y401.720 F3554.948
G1 X302.617 Y402.003 F3554.948
G1 X302.038 Y402.311 F3554.948
G1 X301.458 Y402.619 F3554.948
G1 X300.749 Y402.963 F3554.948
G1 X300.040 Y403.306 F3554.948
G1 X299.462 Y403.564 F3554.948
G1 X298.885 Y403.821 F3554.948
G1 X298.307 Y404.078 F3554.948
G1 X297.602 Y404.366 F3554.948
G1 X296.898 Y404.654 F3554.948
G1 X296.193 Y404.941 F3554.948
G1 X295.563 Y405.177 F3554.948
G1 X294.934 Y405.412 F3554.948
G1 X294.304 Y405.647 F3554.948
G1 X293.674 Y405.883 F3554.948
G1 X292.943 Y406.130 F3554.948
G1 X292.211 Y406.376 F3554.948
G1 X291.480 Y406.623 F3554.948
G1 X290.748 Y406.870 F3554.948
G1 X290.090 Y407.064 F3554.948
G1 X289.431 Y407.258 F3554.948
G1 X288.773 Y407.452 F3554.948
G1 X288.115 Y407.646 F3554.948
G1 X287.457 Y407.840 F3554.948
G1 X286.744 Y408.017 F3554.948
G1 X286.032 Y408.194 F3554.948
G1 X285.320 Y408.370 F3554.948
G1 X284.608 Y408.547 F3554.948
G1 X283.895 Y408.724 F3554.948
G1 X283.154 Y408.874 F3554.948
G1 X282.413 Y409.025 F3554.948
G1 X281.671 Y409.175 F3554.948
G1 X280.930 Y409.326 F3554.948
G1 X280.188 Y409.477 F3554.948
G1 X279.448 Y409.595 F3554.948
G1 X278.708 Y409.714 F3554.948
G1 X277.968 Y409.833 F3554.948
G1 X277.227 Y409.952 F3554.948
G1 X276.487 Y410.070 F3554.948
G1 X275.770 Y410.155 F3554.948
G1 X275.054 Y410.240 F3554.948
G1 X274.337 Y410.325 F3554.948
G1 X273.621 Y410.410 F3554.948
G1 X272.904 Y410.495 F3554.948
G1 X272.223 Y410.546 F3554.948
G1 X271.542 Y410.598 F3554.948
G1 X270.861 Y410.649 F3554.948
G1 X270.180 Y410.700 F3554.948
G1 X269.499 Y410.751 F3554.948
G1 X268.706 Y410.778 F3554.948
G1 X267.912 Y410.804 F3554.948
G1 X267.118 Y410.830 F3554.948
G1 X266.324 Y410.856 F3554.948
G1 X265.591 Y410.849 F3554.948
G1 X264.858 Y410.843 F3554.948
G1 X264.124 Y410.836 F3554.948
G1 X263.391 Y410.829 F3554.948
G1 X262.701 Y410.793 F3554.948
G1 X262.012 Y410.756 F3554.948
G1 X261.323 Y410.720 F3554.948
G1 X260.633 Y410.684 F3554.948
G1 X259.966 Y410.616 F3554.948
G1 X259.298 Y410.549 F3554.948
G1 X258.630 Y410.482 F3554.948
G1 X257.962 Y410.414 F3554.948
G1 X257.306 Y410.317 F3554.948
G1 X256.649 Y410.220 F3554.948
G1 X255.993 Y410.123 F3554.948
G1 X255.336 Y410.026 F3554.948
G1 X254.690 Y409.905 F3554.948
G1 X254.044 Y409.783 F3554.948
G1 X253.398 Y409.662 F3554.948
G1 X252.752 Y409.541 F3554.948
G1 X252.124 Y409.407 F3554.948
G1 X251.496 Y409.274 F3554.948
G1 X250.868 Y409.140 F3554.948
G1 X250.240 Y409.006 F3554.948
G1 X249.629 Y408.863 F3554.948
G1 X249.017 Y408.721 F3554.948
G1 X248.406 Y408.578 F3554.948
G1 X247.794 Y408.435 F3554.948
G1 X247.183 Y408.276 F3554.948
G1 X246.572 Y408.117 F3554.948
G1 X245.960 Y407.958 F3554.948
G1 X245.349 Y407.799 F3554.948
G1 X244.693 Y407.597 F3554.948
G1 X244.037 Y407.395 F3554.948
G1 X243.380 Y407.193 F3554.948
G1 X242.724 Y406.991 F3554.948
G1 X241.983 Y406.722 F3554.948
G1 X241.242 Y406.453 F3554.948
G1 X240.500 Y406.184 F3554.948
G1 X239.759 Y405.914 F3554.948
G1 X239.094 Y405.647 F3554.948
G1 X238.429 Y405.380 F3554.948
G1 X237.764 Y405.113 F3554.948
G1 X237.099 Y404.846 F3554.948
G1 X236.434 Y404.578 F3554.948
G1 X235.728 Y404.280 F3554.948
G1 X235.022 Y403.982 F3554.948
G1 X234.316 Y403.684 F3554.948
G1 X233.610 Y403.386 F3554.948
G1 X232.904 Y403.087 F3554.948
G1 X232.293 Y402.816 F3554.948
G1 X231.681 Y402.544 F3554.948
G1 X231.070 Y402.273 F3554.948
G1 X230.458 Y402.001 F3554.948
G1 X229.847 Y401.729 F3554.948
G1 X229.235 Y401.458 F3554.948
G1 X228.604 Y401.169 F3554.948
G1 X227.973 Y400.880 F3554.948
G1 X227.342 Y400.591 F3554.948
G1 X226.710 Y400.301 F3554.948
G1 X226.079 Y400.012 F3554.948
G1 X225.448 Y399.723 F3554.948
G1 X224.814 Y399.435 F3554.948
G1 X224.179 Y399.147 F3554.948
G1 X223.545 Y398.859 F3554.948
G1 X222.910 Y398.571 F3554.948
G1 X222.276 Y398.282 F3554.948
G1 X221.642 Y397.994 F3554.948
G1 X221.010 Y397.729 F3554.948
G1 X220.378 Y397.464 F3554.948
G1 X219.746 Y397.199 F3554.948
G1 X219.114 Y396.934 F3554.948
G1 X218.482 Y396.669 F3554.948
G1 X217.850 Y396.404 F3554.948
G1 X217.213 Y396.164 F3554.948
G1 X216.576 Y395.923 F3554.948
G1 X215.938 Y395.683 F3554.948
G1 X215.301 Y395.442 F3554.948
G1 X214.664 Y395.202 F3554.948
G1 X214.027 Y394.961 F3554.948
G1 X213.397 Y394.736 F3554.948
G1 X212.768 Y394.510 F3554.948
G1 X212.139 Y394.285 F3554.948
G1 X211.510 Y394.059 F3554.948
G1 X210.880 Y393.834 F3554.948
G1 X210.251 Y393.608 F3554.948
G1 X209.509 Y393.343 F3554.948
G1 X208.767 Y393.078 F3554.948
G1 X208.025 Y392.812 F3554.948
G1 X207.283 Y392.547 F3554.948
G1 X206.541 Y392.282 F3554.948
G1 X205.801 Y392.009 F3554.948
G1 X205.060 Y391.736 F3554.948
G1 X204.319 Y391.462 F3554.948
G1 X203.579 Y391.189 F3554.948
G1 X202.838 Y390.916 F3554.948
G1 X202.104 Y390.633 F3554.948
G1 X201.370 Y390.349 F3554.948
G1 X200.636 Y390.066 F3554.948
G1 X199.902 Y389.783 F3554.948
G1 X199.168 Y389.499 F3554.948
G1 X198.460 Y389.211 F3554.948
G1 X197.752 Y388.922 F3554.948
G1 X197.044 Y388.634 F3554.948
G1 X196.336 Y388.345 F3554.948
G1 X195.628 Y388.057 F3554.948
G1 X194.966 Y387.768 F3554.948
G1 X194.304 Y387.479 F3554.948
G1 X193.642 Y387.191 F3554.948
G1 X192.980 Y386.902 F3554.948
G1 X192.318 Y386.614 F3554.948
G1 X191.706 Y386.325 F3554.948
G1 X191.094 Y386.036 F3554.948
G1 X190.482 Y385.748 F3554.948
G1 X189.870 Y385.459 F3554.948
G1 X189.258 Y385.170 F3554.948
G1 X188.681 Y384.876 F3554.948
G1 X188.104 Y384.581 F3554.948
G1 X187.527 Y384.287 F3554.948
G1 X186.950 Y383.992 F3554.948
G1 X186.374 Y383.698 F3554.948
G1 X185.675 Y383.309 F3554.948
G1 X184.976 Y382.921 F3554.948
G1 X184.278 Y382.532 F3554.948
G1 X183.579 Y382.144 F3554.948
G1 X182.916 Y381.725 F3554.948
G1 X182.253 Y381.307 F3554.948
G1 X181.590 Y380.889 F3554.948
G1 X180.927 Y380.471 F3554.948
G1 X180.303 Y380.012 F3554.948
G1 X179.678 Y379.554 F3554.948
G1 X179.054 Y379.095 F3554.948
G1 X178.429 Y378.636 F3554.948
G1 X177.832 Y378.135 F3554.948
G1 X177.235 Y377.634 F3554.948
G1 X176.638 Y377.133 F3554.948
G1 X176.041 Y376.632 F3554.948
G1 X175.446 Y376.104 F3554.948
G1 X174.850 Y375.577 F3554.948
G1 X174.255 Y375.049 F3554.948
G1 X173.660 Y374.521 F3554.948
G1 X173.177 Y374.098 F3554.948
G1 X172.695 Y373.675 F3554.948
G1 X172.212 Y373.252 F3554.948
G1 X171.730 Y372.829 F3554.948
G1 X171.248 Y372.406 F3554.948
G1 X170.640 Y371.903 F3554.948
G1 X170.033 Y371.399 F3554.948
G1 X169.426 Y370.896 F3554.948
G1 X168.818 Y370.393 F3554.948
G1 X168.209 Y369.925 F3554.948
G1 X167.599 Y369.457 F3554.948
G1 X166.989 Y368.989 F3554.948
G1 X166.380 Y368.521 F3554.948
G1 X165.768 Y368.092 F3554.948
G1 X165.156 Y367.663 F3554.948
G1 X164.544 Y367.234 F3554.948
G1 X163.932 Y366.805 F3554.948
G1 X163.316 Y366.409 F3554.948
G1 X162.699 Y366.013 F3554.948
G1 X162.082 Y365.616 F3554.948
G1 X161.466 Y365.220 F3554.948
G1 X160.841 Y364.850 F3554.948
G1 X160.217 Y364.479 F3554.948
G1 X159.592 Y364.109 F3554.948
G1 X158.968 Y363.738 F3554.948
G1 X158.332 Y363.387 F3554.948
G1 X157.695 Y363.035 F3554.948
G1 X157.059 Y362.683 F3554.948
G1 X156.423 Y362.332 F3554.948
G1 X155.775 Y361.994 F3554.948
G1 X155.127 Y361.655 F3554.948
G1 X154.479 Y361.317 F3554.948
G1 X153.831 Y360.979 F3554.948
G1 X153.171 Y360.649 F3554.948
G1 X152.511 Y360.320 F3554.948
G1 X151.852 Y359.990 F3554.948
G1 X151.192 Y359.661 F3554.948
G1 X150.520 Y359.340 F3554.948
G1 X149.849 Y359.019 F3554.948
G1 X149.178 Y358.699 F3554.948
G1 X148.506 Y358.378 F3554.948
G1 X147.826 Y358.067 F3554.948
G1 X147.146 Y357.756 F3554.948
G1 X146.465 Y357.445 F3554.948
G1 X145.785 Y357.135 F3554.948
G1 X145.097 Y356.833 F3554.948
G1 X144.409 Y356.532 F3554.948
G1 X143.721 Y356.231 F3554.948
G1 X143.033 Y355.930 F3554.948
G1 X142.338 Y355.639 F3554.948
G1 X141.643 Y355.347 F3554.948
G1 X140.948 Y355.056 F3554.948
G1 X140.252 Y354.764 F3554.948
G1 X139.553 Y354.483 F3554.948
G1 X138.853 Y354.201 F3554.948
G1 X138.153 Y353.920 F3554.948
G1 X137.453 Y353.639 F3554.948
G1 X136.751 Y353.369 F3554.948
G1 X136.049 Y353.098 F3554.948
G1 X135.347 Y352.828 F3554.948
G1 X134.645 Y352.558 F3554.948
G1 X133.943 Y352.301 F3554.948
G1 X133.241 Y352.043 F3554.948
G1 X132.538 Y351.785 F3554.948
G1 X131.836 Y351.528 F3554.948
G1 X131.134 Y351.283 F3554.948
G1 X130.431 Y351.038 F3554.948
G1 X129.729 Y350.793 F3554.948
G1 X129.027 Y350.549 F3554.948
G1 X128.325 Y350.315 F3554.948
G1 X127.623 Y350.082 F3554.948
G1 X126.922 Y349.848 F3554.948
G1 X126.220 Y349.615 F3554.948
G1 X125.518 Y349.391 F3554.948
G1 X124.815 Y349.167 F3554.948
G1 X124.113 Y348.943 F3554.948
G1 X123.411 Y348.720 F3554.948
G1 X122.706 Y348.504 F3554.948
G1 X122.001 Y348.288 F3554.948
G1 X121.296 Y348.072 F3554.948
G1 X120.592 Y347.856 F3554.948
G1 X119.882 Y347.648 F3554.948
G1 X119.173 Y347.439 F3554.948
G1 X118.464 Y347.231 F3554.948
G1 X117.754 Y347.023 F3554.948
G1 X117.040 Y346.822 F3554.948
G1 X116.326 Y346.621 F3554.948
G1 X115.611 Y346.421 F3554.948
G1 X114.897 Y346.220 F3554.948
G1 X114.177 Y346.026 F3554.948
G1 X113.456 Y345.833 F3554.948
G1 X112.736 Y345.639 F3554.948
G1 X112.016 Y345.445 F3554.948
G1 X111.289 Y345.258 F3554.948
G1 X110.561 Y345.070 F3554.948
G1 X109.834 Y344.883 F3554.948
G1 X109.106 Y344.695 F3554.948
G1 X108.373 Y344.513 F3554.948
G1 X107.640 Y344.331 F3554.948
G1 X106.906 Y344.149 F3554.948
G1 X106.173 Y343.967 F3554.948
G1 X105.435 Y343.789 F3554.948
G1 X104.698 Y343.611 F3554.948
G1 X103.961 Y343.433 F3554.948
G1 X103.223 Y343.255 F3554.948
G1 X102.484 Y343.080 F3554.948
G1 X101.745 Y342.905 F3554.948
G1 X101.005 Y342.729 F3554.948
G1 X100.266 Y342.554 F3554.948
G1 X99.525 Y342.380 F3554.948
G1 X98.785 Y342.206 F3554.948
G1 X98.045 Y342.032 F3554.948
G1 X97.304 Y341.858 F3554.948
G1 X96.564 Y341.685 F3554.948
G1 X95.824 Y341.511 F3554.948
G1 X95.084 Y341.338 F3554.948
G1 X94.344 Y341.165 F3554.948
G1 X93.605 Y340.992 F3554.948
G1 X92.865 Y340.819 F3554.948
G1 X92.125 Y340.647 F3554.948
G1 X91.385 Y340.474 F3554.948
G1 X90.645 Y340.303 F3554.948
G1 X89.905 Y340.131 F3554.948
G1 X89.165 Y339.960 F3554.948
G1 X88.425 Y339.789 F3554.948
G1 X87.684 Y339.620 F3554.948
G1 X86.942 Y339.451 F3554.948
G1 X86.201 Y339.282 F3554.948
G1 X85.459 Y339.113 F3554.948
G1 X84.716 Y338.947 F3554.948
G1 X83.973 Y338.781 F3554.948
G1 X83.230 Y338.615 F3554.948
G1 X82.486 Y338.449 F3554.948
G1 X81.741 Y338.287 F3554.948
G1 X80.996 Y338.125 F3554.948
G1 X80.251 Y337.962 F3554.948
G1 X79.505 Y337.800 F3554.948
G1 X78.756 Y337.641 F3554.948
G1 X78.007 Y337.483 F3554.948
G1 X77.257 Y337.324 F3554.948
G1 X76.508 Y337.165 F3554.948
G1 X75.753 Y337.011 F3554.948
G1 X74.998 Y336.857 F3554.948
G1 X74.244 Y336.702 F3554.948
G1 X73.489 Y336.548 F3554.948
G1 X72.730 Y336.398 F3554.948
G1 X71.972 Y336.248 F3554.948
G1 X71.213 Y336.098 F3554.948
G1 X70.455 Y335.949 F3554.948
G1 X69.697 Y335.803 F3554.948
G1 X68.940 Y335.657 F3554.948
G1 X68.183 Y335.510 F3554.948
G1 X67.426 Y335.364 F3554.948
G1 X66.673 Y335.220 F3554.948
G1 X65.921 Y335.077 F3554.948
G1 X65.168 Y334.933 F3554.948
G1 X64.416 Y334.789 F3554.948
G1 X63.669 Y334.646 F3554.948
G1 X62.922 Y334.504 F3554.948
G1 X62.175 Y334.361 F3554.948
G1 X61.428 Y334.219 F3554.948
G1 X60.686 Y334.077 F3554.948
G1 X59.944 Y333.935 F3554.948
G1 X59.201 Y333.793 F3554.948
G1 X58.459 Y333.651 F3554.948
G1 X57.720 Y333.508 F3554.948
G1 X56.981 Y333.365 F3554.948
G1 X56.242 Y333.222 F3554.948
G1 X55.503 Y333.079 F3554.948
G1 X54.768 Y332.934 F3554.948
G1 X54.033 Y332.789 F3554.948
G1 X53.297 Y332.643 F3554.948
G1 X52.562 Y332.498 F3554.948
G1 X51.831 Y332.350 F3554.948
G1 X51.099 Y332.202 F3554.948
G1 X50.368 Y332.055 F3554.948
G1 X49.636 Y331.907 F3554.948
G1 X48.907 Y331.758 F3554.948
G1 X48.179 Y331.608 F3554.948
G1 X47.450 Y331.459 F3554.948
G1 X46.721 Y331.310 F3554.948
G1 X45.991 Y331.160 F3554.948
G1 X45.262 Y331.011 F3554.948
G1 X44.532 Y330.861 F3554.948
G1 X43.803 Y330.711 F3554.948
G1 X43.071 Y330.562 F3554.948
G1 X42.338 Y330.413 F3554.948
G1 X41.606 Y330.263 F3554.948
G1 X40.874 Y330.114 F3554.948
G1 X40.138 Y329.965 F3554.948
G1 X39.403 Y329.816 F3554.948
G1 X38.668 Y329.667 F3554.948
G1 X37.933 Y329.517 F3554.948
G1 X37.202 Y329.369 F3554.948
G1 X36.471 Y329.220 F3554.948
G1 X35.741 Y329.071 F3554.948
G1 X35.010 Y328.922 F3554.948
G1 X34.306 Y328.774 F3554.948
G1 X33.602 Y328.625 F3554.948
G1 X32.898 Y328.477 F3554.948
G1 X32.194 Y328.328 F3554.948
G1 X31.425 Y328.131 F3554.948
G1 X30.655 Y327.933 F3554.948
G1 X29.886 Y327.735 F3554.948
G1 X29.176 Y327.437 F3554.948
G1 X28.466 Y327.139 F3554.948
G1 X28.179 Y326.842 F3554.948
G1 X27.892 Y326.544 F3554.948
G1 X28.121 Y325.946 F3554.948
G1 X28.616 Y325.640 F3554.948
G1 X29.112 Y325.335 F3554.948
G1 X29.683 Y325.117 F3554.948
G1 X30.255 Y324.900 F3554.948
G1 X30.826 Y324.683 F3554.948
G1 X31.578 Y324.439 F3554.948
G1 X32.330 Y324.194 F3554.948
G1 X33.081 Y323.950 F3554.948
G1 X33.700 Y323.740 F3554.948
G1 X34.318 Y323.530 F3554.948
G1 X34.936 Y323.320 F3554.948
G1 X35.555 Y323.110 F3554.948
G1 X36.168 Y322.866 F3554.948
G1 X36.781 Y322.621 F3554.948
G1 X37.394 Y322.377 F3554.948
G1 X38.007 Y322.133 F3554.948
G1 X38.612 Y321.846 F3554.948
G1 X39.218 Y321.560 F3554.948
G1 X39.823 Y321.273 F3554.948
G1 X40.428 Y320.987 F3554.948
G1 X41.031 Y320.653 F3554.948
G1 X41.634 Y320.320 F3554.948
G1 X42.238 Y319.986 F3554.948
G1 X42.841 Y319.653 F3554.948
G1 X43.451 Y319.270 F3554.948
G1 X44.062 Y318.887 F3554.948
G1 X44.673 Y318.504 F3554.948
G1 X45.283 Y318.122 F3554.948
G1 X45.904 Y317.690 F3554.948
G1 X46.525 Y317.258 F3554.948
G1 X47.145 Y316.826 F3554.948
G1 X47.766 Y316.394 F3554.948
G1 X48.394 Y315.919 F3554.948
G1 X49.023 Y315.445 F3554.948
G1 X49.651 Y314.970 F3554.948
G1 X50.279 Y314.496 F3554.948
G1 X50.785 Y314.089 F3554.948
G1 X51.290 Y313.682 F3554.948
G1 X51.796 Y313.275 F3554.948
G1 X52.301 Y312.868 F3554.948
G1 X52.806 Y312.461 F3554.948
G1 X53.312 Y312.034 F3554.948
G1 X53.817 Y311.607 F3554.948
G1 X54.323 Y311.181 F3554.948
G1 X54.828 Y310.754 F3554.948
G1 X55.334 Y310.327 F3554.948
G1 X55.838 Y309.887 F3554.948
G1 X56.343 Y309.448 F3554.948
G1 X56.848 Y309.008 F3554.948
G1 X57.353 Y308.568 F3554.948
G1 X57.858 Y308.129 F3554.948
G1 X58.362 Y307.682 F3554.948
G1 X58.867 Y307.235 F3554.948
G1 X59.371 Y306.788 F3554.948
G1 X59.876 Y306.341 F3554.948
G1 X60.380 Y305.895 F3554.948
G1 X60.881 Y305.446 F3554.948
G1 X61.382 Y304.997 F3554.948
G1 X61.882 Y304.549 F3554.948
G1 X62.383 Y304.100 F3554.948
G1 X62.884 Y303.652 F3554.948
G1 X63.377 Y303.207 F3554.948
G1 X63.871 Y302.762 F3554.948
G1 X64.365 Y302.317 F3554.948
G1 X64.858 Y301.872 F3554.948
G1 X65.352 Y301.427 F3554.948
G1 X65.837 Y300.988 F3554.948
G1 X66.323 Y300.549 F3554.948
G1 X66.808 Y300.111 F3554.948
G1 X67.293 Y299.672 F3554.948
G1 X67.779 Y299.233 F3554.948
G1 X68.257 Y298.801 F3554.948
G1 X68.735 Y298.369 F3554.948
G1 X69.214 Y297.937 F3554.948
G1 X69.692 Y297.504 F3554.948
G1 X70.170 Y297.072 F3554.948
G1 X70.763 Y296.540 F3554.948
G1 X71.355 Y296.007 F3554.948
G1 X71.947 Y295.474 F3554.948
G1 X72.539 Y294.942 F3554.948
G1 X73.125 Y294.415 F3554.948
G1 X73.712 Y293.889 F3554.948
G1 X74.298 Y293.362 F3554.948
G1 X74.884 Y292.836 F3554.948
G1 X75.464 Y292.316 F3554.948
G1 X76.044 Y291.797 F3554.948
G1 X76.624 Y291.277 F3554.948
G1 X77.204 Y290.757 F3554.948
G1 X77.777 Y290.243 F3554.948
G1 X78.350 Y289.729 F3554.948
G1 X78.922 Y289.214 F3554.948
G1 X79.495 Y288.700 F3554.948
G1 X80.060 Y288.192 F3554.948
G1 X80.624 Y287.684 F3554.948
G1 X81.189 Y287.175 F3554.948
G1 X81.753 Y286.667 F3554.948
G1 X82.310 Y286.163 F3554.948
G1 X82.866 Y285.660 F3554.948
G1 X83.422 Y285.156 F3554.948
G1 X83.978 Y284.652 F3554.948
G1 X84.523 Y284.154 F3554.948
G1 X85.068 Y283.655 F3554.948
G1 X85.613 Y283.157 F3554.948
G1 X86.158 Y282.658 F3554.948
G1 X86.690 Y282.164 F3554.948
G1 X87.222 Y281.671 F3554.948
G1 X87.754 Y281.177 F3554.948
G1 X88.285 Y280.684 F3554.948
G1 X88.802 Y280.196 F3554.948
G1 X89.319 Y279.709 F3554.948
G1 X89.836 Y279.221 F3554.948
G1 X90.353 Y278.734 F3554.948
G1 X90.856 Y278.251 F3554.948
G1 X91.359 Y277.768 F3554.948
G1 X91.862 Y277.286 F3554.948
G1 X92.364 Y276.803 F3554.948
G1 X92.855 Y276.325 F3554.948
G1 X93.345 Y275.847 F3554.948
G1 X93.835 Y275.368 F3554.948
G1 X94.325 Y274.890 F3554.948
G1 X94.805 Y274.415 F3554.948
G1 X95.284 Y273.940 F3554.948
G1 X95.763 Y273.465 F3554.948
G1 X96.243 Y272.990 F3554.948
G1 X96.713 Y272.518 F3554.948
G1 X97.183 Y272.047 F3554.948
G1 X97.653 Y271.575 F3554.948
G1 X98.123 Y271.103 F3554.948
G1 X98.585 Y270.633 F3554.948
G1 X99.047 Y270.162 F3554.948
G1 X99.508 Y269.692 F3554.948
G1 X99.970 Y269.222 F3554.948
G1 X100.424 Y268.752 F3554.948
G1 X100.878 Y268.282 F3554.948
G1 X101.332 Y267.812 F3554.948
G1 X101.786 Y267.343 F3554.948
G1 X102.233 Y266.871 F3554.948
G1 X102.680 Y266.398 F3554.948
G1 X103.126 Y265.926 F3554.948
G1 X103.573 Y265.454 F3554.948
G1 X104.012 Y264.978 F3554.948
G1 X104.452 Y264.503 F3554.948
G1 X104.892 Y264.027 F3554.948
G1 X105.331 Y263.551 F3554.948
G1 X105.764 Y263.068 F3554.948
G1 X106.197 Y262.586 F3554.948
G1 X106.630 Y262.103 F3554.948
G1 X107.063 Y261.620 F3554.948
G1 X107.490 Y261.132 F3554.948
G1 X107.916 Y260.644 F3554.948
G1 X108.342 Y260.156 F3554.948
G1 X108.768 Y259.667 F3554.948
G1 X109.188 Y259.174 F3554.948
G1 X109.607 Y258.680 F3554.948
G1 X110.026 Y258.187 F3554.948
G1 X110.445 Y257.694 F3554.948
G1 X110.857 Y257.197 F3554.948
G1 X111.269 Y256.700 F3554.948
G1 X111.680 Y256.203 F3554.948
G1 X112.092 Y255.707 F3554.948
G1 X112.497 Y255.207 F3554.948
G1 X112.902 Y254.708 F3554.948
G1 X113.307 Y254.208 F3554.948
G1 X113.712 Y253.709 F3554.948
G1 X114.109 Y253.206 F3554.948
G1 X114.506 Y252.702 F3554.948
G1 X114.904 Y252.199 F3554.948
G1 X115.301 Y251.695 F3554.948
G1 X115.690 Y251.185 F3554.948
G1 X116.078 Y250.676 F3554.948
G1 X116.467 Y250.166 F3554.948
G1 X116.856 Y249.656 F3554.948
G1 X117.238 Y249.136 F3554.948
G1 X117.619 Y248.617 F3554.948
G1 X118.001 Y248.098 F3554.948
G1 X118.382 Y247.579 F3554.948
G1 X118.757 Y247.045 F3554.948
G1 X119.132 Y246.511 F3554.948
G1 X119.507 Y245.977 F3554.948
G1 X119.882 Y245.443 F3554.948
G1 X120.253 Y244.896 F3554.948
G1 X120.623 Y244.349 F3554.948
G1 X120.994 Y243.802 F3554.948
G1 X121.364 Y243.255 F3554.948
G1 X121.730 Y242.696 F3554.948
G1 X122.096 Y242.136 F3554.948
G1 X122.462 Y241.576 F3554.948
G1 X122.828 Y241.017 F3554.948
G1 X123.188 Y240.447 F3554.948
G1 X123.549 Y239.877 F3554.948
G1 X123.909 Y239.306 F3554.948
G1 X124.270 Y238.736 F3554.948
G1 X124.624 Y238.155 F3554.948
G1 X124.979 Y237.575 F3554.948
G1 X125.334 Y236.994 F3554.948
G1 X125.689 Y236.413 F3554.948
G1 X126.038 Y235.820 F3554.948
G1 X126.388 Y235.226 F3554.948
G1 X126.737 Y234.633 F3554.948
G1 X127.087 Y234.040 F3554.948
G1 X127.434 Y233.435 F3554.948
G1 X127.782 Y232.829 F3554.948
G1 X128.129 Y232.224 F3554.948
G1 X128.476 Y231.619 F3554.948
G1 X128.822 Y231.002 F3554.948
G1 X129.169 Y230.386 F3554.948
G1 X129.515 Y229.769 F3554.948
G1 X129.861 Y229.153 F3554.948
G1 X130.206 Y228.526 F3554.948
G1 X130.551 Y227.899 F3554.948
G1 X130.896 Y227.272 F3554.948
G1 X131.242 Y226.645 F3554.948
G1 X131.587 Y226.010 F3554.948
G1 X131.932 Y225.376 F3554.948
G1 X132.277 Y224.742 F3554.948
G1 X132.622 Y224.107 F3554.948
G1 X132.966 Y223.466 F3554.948
G1 X133.311 Y222.825 F3554.948
G1 X133.656 Y222.185 F3554.948
G1 X134.000 Y221.544 F3554.948
G1 X134.343 Y220.898 F3554.948
G1 X134.686 Y220.252 F3554.948
G1 X135.029 Y219.607 F3554.948
G1 X135.372 Y218.961 F3554.948
G1 X135.713 Y218.307 F3554.948
G1 X136.054 Y217.653 F3554.948
G1 X136.394 Y216.999 F3554.948
G1 X136.735 Y216.345 F3554.948
G1 X137.075 Y215.680 F3554.948
G1 X137.416 Y215.016 F3554.948
G1 X137.756 Y214.352 F3554.948
G1 X138.096 Y213.688 F3554.948
G1 X138.438 Y213.016 F3554.948
G1 X138.779 Y212.344 F3554.948
G1 X139.121 Y211.672 F3554.948
G1 X139.463 Y211.000 F3554.948
G1 X139.807 Y210.327 F3554.948
G1 X140.152 Y209.655 F3554.948
G1 X140.496 Y208.982 F3554.948
G1 X140.840 Y208.309 F3554.948
G1 X141.184 Y207.643 F3554.948
G1 X141.527 Y206.977 F3554.948
G1 X141.871 Y206.311 F3554.948
G1 X142.214 Y205.645 F3554.948
G1 X142.553 Y204.991 F3554.948
G1 X142.892 Y204.336 F3554.948
G1 X143.231 Y203.682 F3554.948
G1 X143.570 Y203.028 F3554.948
G1 X143.903 Y202.390 F3554.948
G1 X144.236 Y201.751 F3554.948
G1 X144.569 Y201.113 F3554.948
G1 X144.901 Y200.475 F3554.948
G1 X145.231 Y199.861 F3554.948
G1 X145.560 Y199.247 F3554.948
G1 X145.889 Y198.633 F3554.948
G1 X146.218 Y198.019 F3554.948
G1 X146.546 Y197.443 F3554.948
G1 X146.874 Y196.866 F3554.948
G1 X147.202 Y196.289 F3554.948
G1 X147.530 Y195.712 F3554.948
G1 X147.861 Y195.186 F3554.948
G1 X148.192 Y194.659 F3554.948
G1 X148.523 Y194.133 F3554.948
G1 X148.854 Y193.606 F3554.948
G1 X149.309 Y192.985 F3554.948
G1 X149.763 Y192.364 F3554.948
G1 X150.217 Y191.744 F3554.948
G1 X150.702 Y191.207 F3554.948
G1 X151.187 Y190.671 F3554.948
G1 X151.671 Y190.135 F3554.948
G1 X152.202 Y189.682 F3554.948
G1 X152.734 Y189.230 F3554.948
G1 X153.265 Y188.778 F3554.948
G1 X153.859 Y188.392 F3554.948
G1 X154.453 Y188.007 F3554.948
G1 X155.046 Y187.621 F3554.948
G1 X155.719 Y187.284 F3554.948
G1 X156.392 Y186.946 F3554.948
G1 X157.065 Y186.608 F3554.948
G1 X157.622 Y186.378 F3554.948
G1 X158.180 Y186.148 F3554.948
G1 X158.738 Y185.917 F3554.948
G1 X159.295 Y185.687 F3554.948
G1 X159.900 Y185.468 F3554.948
G1 X160.505 Y185.248 F3554.948
G1 X161.110 Y185.028 F3554.948
G1 X161.715 Y184.809 F3554.948
G1 X162.360 Y184.585 F3554.948
G1 X163.004 Y184.362 F3554.948
G1 X163.648 Y184.138 F3554.948
G1 X164.292 Y183.915 F3554.948
G1 X164.965 Y183.674 F3554.948
G1 X165.637 Y183.433 F3554.948
G1 X166.309 Y183.192 F3554.948
G1 X166.981 Y182.951 F3554.948
G1 X167.668 Y182.680 F3554.948
G1 X168.356 Y182.409 F3554.948
G1 X169.043 Y182.138 F3554.948
G1 X169.730 Y181.867 F3554.948
G1 X170.419 Y181.555 F3554.948
G1 X171.108 Y181.244 F3554.948
G1 X171.797 Y180.932 F3554.948
G1 X172.486 Y180.620 F3554.948
G1 X173.168 Y180.255 F3554.948
G1 X173.850 Y179.890 F3554.948
G1 X174.532 Y179.525 F3554.948
G1 X175.214 Y179.160 F3554.948
G1 X175.749 Y178.807 F3554.948
G1 X176.284 Y178.454 F3554.948
G1 X176.819 Y178.101 F3554.948
G1 X177.354 Y177.748 F3554.948
G1 X177.890 Y177.395 F3554.948
G1 X178.413 Y176.968 F3554.948
G1 X178.936 Y176.541 F3554.948
G1 X179.460 Y176.114 F3554.948
G1 X179.983 Y175.687 F3554.948
G1 X180.506 Y175.260 F3554.948
G1 X181.020 Y174.754 F3554.948
G1 X181.533 Y174.248 F3554.948
G1 X182.046 Y173.742 F3554.948
G1 X182.560 Y173.236 F3554.948
G1 X183.073 Y172.731 F3554.948
G1 X183.578 Y172.170 F3554.948
G1 X184.083 Y171.610 F3554.948
G1 X184.589 Y171.049 F3554.948
G1 X185.094 Y170.489 F3554.948
G1 X185.599 Y169.929 F3554.948
G1 X186.097 Y169.357 F3554.948
G1 X186.595 Y168.786 F3554.948
G1 X187.093 Y168.214 F3554.948
G1 X187.590 Y167.643 F3554.948
G1 X188.088 Y167.071 F3554.948
G1 X188.576 Y166.521 F3554.948
G1 X189.064 Y165.972 F3554.948
G1 X189.551 Y165.422 F3554.948
G1 X190.039 Y164.872 F3554.948
G1 X190.526 Y164.322 F3554.948
G1 X191.001 Y163.800 F3554.948
G1 X191.476 Y163.278 F3554.948
G1 X191.950 Y162.755 F3554.948
G1 X192.425 Y162.233 F3554.948
G1 X192.900 Y161.711 F3554.948
G1 X193.360 Y161.218 F3554.948
G1 X193.821 Y160.724 F3554.948
G1 X194.282 Y160.231 F3554.948
G1 X194.742 Y159.738 F3554.948
G1 X195.203 Y159.245 F3554.948
G1 X195.650 Y158.780 F3554.948
G1 X196.098 Y158.314 F3554.948
G1 X196.545 Y157.849 F3554.948
G1 X196.992 Y157.384 F3554.948
G1 X197.439 Y156.919 F3554.948
G1 X197.982 Y156.372 F3554.948
G1 X198.525 Y155.825 F3554.948
G1 X199.068 Y155.278 F3554.948
G1 X199.610 Y154.731 F3554.948
G1 X200.137 Y154.216 F3554.948
G1 X200.664 Y153.702 F3554.948
G1 X201.192 Y153.187 F3554.948
G1 X201.719 Y152.673 F3554.948
G1 X202.233 Y152.184 F3554.948
G1 X202.748 Y151.696 F3554.948
G1 X203.263 Y151.208 F3554.948
G1 X203.777 Y150.720 F3554.948
G1 X204.280 Y150.255 F3554.948
G1 X204.784 Y149.790 F3554.948
G1 X205.287 Y149.325 F3554.948
G1 X205.790 Y148.860 F3554.948
G1 X206.283 Y148.419 F3554.948
G1 X206.776 Y147.977 F3554.948
G1 X207.269 Y147.536 F3554.948
G1 X207.762 Y147.095 F3554.948
G1 X208.245 Y146.680 F3554.948
G1 X208.727 Y146.264 F3554.948
G1 X209.209 Y145.849 F3554.948
G1 X209.691 Y145.434 F3554.948
G1 X210.159 Y145.051 F3554.948
G1 X210.626 Y144.669 F3554.948
G1 X211.094 Y144.287 F3554.948
G1 X211.562 Y143.904 F3554.948
G1 X212.163 Y143.448 F3554.948
G1 X212.764 Y142.992 F3554.948
G1 X213.364 Y142.536 F3554.948
G1 X213.940 Y142.138 F3554.948
G1 X214.516 Y141.739 F3554.948
G1 X215.092 Y141.340 F3554.948
G1 X215.644 Y140.998 F3554.948
G1 X216.197 Y140.656 F3554.948
G1 X216.749 Y140.314 F3554.948
G1 X217.281 Y140.024 F3554.948
G1 X217.814 Y139.734 F3554.948
G1 X218.347 Y139.443 F3554.948
G1 X218.864 Y139.197 F3554.948
G1 X219.381 Y138.951 F3554.948
G1 X219.898 Y138.705 F3554.948
G1 X220.405 Y138.492 F3554.948
G1 X220.912 Y138.278 F3554.948
G1 X221.418 Y138.065 F3554.948
G1 X221.921 Y137.876 F3554.948
G1 X222.423 Y137.687 F3554.948
G1 X222.925 Y137.499 F3554.948
G1 X223.681 Y137.253 F3554.948
G1 X224.437 Y137.007 F3554.948
G1 X225.206 Y136.796 F3554.948
G1 X225.975 Y136.586 F3554.948
G1 X226.751 Y136.430 F3554.948
G1 X227.527 Y136.274 F3554.948
G1 X228.303 Y136.192 F3554.948
G1 X229.079 Y136.110 F3554.948
G1 X229.864 Y136.125 F3554.948
G1 X230.648 Y136.141 F3554.948
G1 X231.205 Y136.228 F3554.948
G1 X231.763 Y136.314 F3554.948
G1 X232.321 Y136.401 F3554.948
G1 X232.945 Y136.577 F3554.948
G1 X233.570 Y136.753 F3554.948
G1 X234.195 Y136.930 F3554.948
G1 X234.918 Y137.194 F3554.948
G1 X235.642 Y137.457 F3554.948
G1 X236.366 Y137.721 F3554.948
G1 X237.009 Y137.984 F3554.948
G1 X237.652 Y138.246 F3554.948
G1 X238.295 Y138.509 F3554.948
G1 X238.939 Y138.771 F3554.948
G1 X239.653 Y139.097 F3554.948
G1 X240.367 Y139.422 F3554.948
G1 X241.081 Y139.748 F3554.948
G1 X241.795 Y140.073 F3554.948
G1 X242.403 Y140.381 F3554.948
G1 X243.011 Y140.689 F3554.948
G1 X243.619 Y140.997 F3554.948
G1 X244.227 Y141.305 F3554.948
G1 X244.835 Y141.613 F3554.948
G1 X245.463 Y141.964 F3554.948
G1 X246.092 Y142.315 F3554.948
G1 X246.720 Y142.665 F3554.948
G1 X247.348 Y143.016 F3554.948
G1 X247.976 Y143.367 F3554.948
G1 X248.617 Y143.757 F3554.948
G1 X249.259 Y144.147 F3554.948
G1 X249.900 Y144.537 F3554.948
G1 X250.541 Y144.927 F3554.948
G1 X251.183 Y145.317 F3554.948
G1 X251.827 Y145.744 F3554.948
G1 X252.471 Y146.171 F3554.948
G1 X253.115 Y146.598 F3554.948
G1 X253.760 Y147.025 F3554.948
G1 X254.404 Y147.452 F3554.948
G1 X255.037 Y147.896 F3554.948
G1 X255.670 Y148.340 F3554.948
G1 X256.303 Y148.784 F3554.948
G1 X256.936 Y149.228 F3554.948
G1 X257.568 Y149.672 F3554.948
G1 X258.166 Y150.057 F3554.948
G1 X258.763 Y150.443 F3554.948
G1 X259.361 Y150.828 F3554.948
G1 X259.958 Y151.213 F3554.948
G1 X260.556 Y151.598 F3554.948
G1 X261.256 Y151.934 F3554.948
G1 X261.957 Y152.269 F3554.948
G1 X262.658 Y152.604 F3554.948
G1 X263.358 Y152.940 F3554.948
G1 X264.059 Y153.138 F3554.948
G1 X264.759 Y153.337 F3554.948
G1 X265.460 Y153.535 F3554.948
G1 X266.160 Y153.733 F3554.948
G1 X266.894 Y153.820 F3554.948
G1 X267.629 Y153.907 F3554.948
G1 X268.363 Y153.993 F3554.948
G1 X269.097 Y154.080 F3554.948
G1 X269.864 Y154.074 F3554.948
G1 X270.630 Y154.068 F3554.948
G1 X271.397 Y154.062 F3554.948
G1 X272.164 Y154.056 F3554.948
G1 X272.932 Y153.964 F3554.948
G1 X273.700 Y153.872 F3554.948
G1 X274.468 Y153.780 F3554.948
G1 X275.235 Y153.689 F3554.948
G1 X275.975 Y153.497 F3554.948
G1 X276.714 Y153.305 F3554.948
G1 X277.454 Y153.113 F3554.948
G1 X278.194 Y152.921 F3554.948
G1 X278.877 Y152.606 F3554.948
G1 X279.561 Y152.292 F3554.948
G1 X280.245 Y151.977 F3554.948
G1 X280.929 Y151.662 F3554.948
G1 X281.532 Y151.217 F3554.948
G1 X282.134 Y150.771 F3554.948
G1 X282.737 Y150.326 F3554.948
G1 X283.340 Y149.881 F3554.948
G1 X283.831 Y149.314 F3554.948
G1 X284.323 Y148.746 F3554.948
G1 X284.814 Y148.179 F3554.948
G1 X285.305 Y147.611 F3554.948
G1 X285.673 Y146.935 F3554.948
G1 X286.040 Y146.259 F3554.948
G1 X286.407 Y145.583 F3554.948
G1 X286.774 Y144.907 F3554.948
G1 X286.964 Y144.294 F3554.948
G1 X287.154 Y143.681 F3554.948
G1 X287.344 Y143.069 F3554.948
G1 X287.534 Y142.456 F3554.948
G1 X287.724 Y141.843 F3554.948
G1 X287.827 Y141.189 F3554.948
G1 X287.930 Y140.534 F3554.948
G1 X288.033 Y139.879 F3554.948
G1 X288.137 Y139.225 F3554.948
G1 X288.240 Y138.570 F3554.948
G1 X288.284 Y137.912 F3554.948
G1 X288.328 Y137.254 F3554.948
G1 X288.371 Y136.595 F3554.948
G1 X288.415 Y135.937 F3554.948
G1 X288.459 Y135.279 F3554.948
G1 X288.486 Y134.504 F3554.948
G1 X288.512 Y133.730 F3554.948
G1 X288.539 Y132.955 F3554.948
G1 X288.565 Y132.181 F3554.948
G1 X288.596 Y131.481 F3554.948
G1 X288.627 Y130.781 F3554.948
G1 X288.658 Y130.081 F3554.948
G1 X288.690 Y129.381 F3554.948
G1 X288.733 Y128.754 F3554.948
G1 X288.776 Y128.127 F3554.948
G1 X288.819 Y127.500 F3554.948
G1 X288.861 Y126.873 F3554.948
G1 X288.937 Y126.119 F3554.948
G1 X289.013 Y125.365 F3554.948
G1 X289.089 Y124.611 F3554.948
G1 X289.176 Y123.918 F3554.948
G1 X289.264 Y123.224 F3554.948
G1 X289.351 Y122.531 F3554.948
G1 X289.450 Y121.883 F3554.948
G1 X289.549 Y121.235 F3554.948
G1 X289.647 Y120.587 F3554.948
G1 X289.758 Y119.966 F3554.948
G1 X289.868 Y119.346 F3554.948
G1 X289.978 Y118.726 F3554.948
G1 X290.103 Y118.135 F3554.948
G1 X290.229 Y117.543 F3554.948
G1 X290.354 Y116.951 F3554.948
G1 X290.498 Y116.388 F3554.948
G1 X290.643 Y115.824 F3554.948
G1 X290.788 Y115.260 F3554.948
G1 X290.959 Y114.729 F3554.948
G1 X291.130 Y114.197 F3554.948
G1 X291.301 Y113.665 F3554.948
G1 X291.503 Y113.169 F3554.948
G1 X291.705 Y112.674 F3554.948
G1 X291.907 Y112.178 F3554.948
G1 X292.257 Y111.495 F3554.948
G1 X292.608 Y110.813 F3554.948
G1 X292.996 Y110.199 F3554.948
G1 X293.383 Y109.585 F3554.948
G1 X293.799 Y109.053 F3554.948
G1 X294.214 Y108.522 F3554.948
G1 X294.647 Y108.081 F3554.948
G1 X295.079 Y107.640 F3554.948
G1 X295.522 Y107.316 F3554.948
G1 X295.966 Y106.992 F3554.948
G1 X296.423 Y106.795 F3554.948
G1 X296.881 Y106.598 F3554.948
G1 X297.357 Y106.536 F3554.948
G1 X297.834 Y106.474 F3554.948
G1 X298.343 Y106.552 F3554.948
G1 X298.852 Y106.630 F3554.948
G1 X299.406 Y106.852 F3554.948
G1 X299.961 Y107.074 F3554.948
G1 X300.576 Y107.450 F3554.948
G1 X301.191 Y107.826 F3554.948
G1 X301.655 Y108.191 F3554.948
G1 X302.119 Y108.556 F3554.948
G1 X302.583 Y108.921 F3554.948
G1 X303.118 Y109.419 F3554.948
G1 X303.653 Y109.918 F3554.948
G1 X304.189 Y110.416 F3554.948
G1 X304.640 Y110.904 F3554.948
G1 X305.091 Y111.392 F3554.948
G1 X305.542 Y111.880 F3554.948
G1 X305.993 Y112.369 F3554.948
G1 X306.394 Y112.868 F3554.948
G1 X306.794 Y113.368 F3554.948
G1 X307.195 Y113.867 F3554.948
G1 X307.596 Y114.367 F3554.948
G1 X307.996 Y114.866 F3554.948
G1 X308.395 Y115.424 F3554.948
G1 X308.793 Y115.983 F3554.948
G1 X309.192 Y116.541 F3554.948
G1 X309.590 Y117.099 F3554.948
G1 X309.988 Y117.658 F3554.948
G1 X310.346 Y118.194 F3554.948
G1 X310.703 Y118.730 F3554.948
G1 X311.060 Y119.266 F3554.948
G1 X311.417 Y119.802 F3554.948
G1 X311.774 Y120.338 F3554.948
G1 X312.156 Y120.921 F3554.948
G1 X312.538 Y121.505 F3554.948
G1 X312.919 Y122.088 F3554.948
G1 X313.301 Y122.671 F3554.948
G1 X313.632 Y123.208 F3554.948
G1 X313.963 Y123.744 F3554.948
G1 X314.293 Y124.281 F3554.948
G1 X314.624 Y124.817 F3554.948
G1 X315.010 Y125.502 F3554.948
G1 X315.397 Y126.188 F3554.948
G1 X315.783 Y126.873 F3554.948
G1 X316.102 Y127.535 F3554.948
G1 X316.421 Y128.198 F3554.948
G1 X316.741 Y128.860 F3554.948
G1 X316.975 Y129.493 F3554.948
G1 X317.210 Y130.126 F3554.948
G1 X317.444 Y130.760 F3554.948
G1 X317.577 Y131.359 F3554.948
G1 X317.709 Y131.959 F3554.948
G1 X317.841 Y132.559 F3554.948
G1 X317.861 Y133.132 F3554.948
G1 X317.880 Y133.705 F3554.948
G1 X317.900 Y134.279 F3554.948
G1 X317.802 Y134.840 F3554.948
G1 X317.704 Y135.401 F3554.948
G1 X317.606 Y135.961 F3554.948
G1 X317.385 Y136.525 F3554.948
G1 X317.165 Y137.089 F3554.948
G1 X316.944 Y137.652 F3554.948
G1 X316.604 Y138.229 F3554.948
G1 X316.264 Y138.806 F3554.948
G1 X315.923 Y139.382 F3554.948
G1 X315.464 Y139.982 F3554.948
G1 X315.006 Y140.582 F3554.948
G1 X314.547 Y141.182 F3554.948
G1 X314.117 Y141.649 F3554.948
G1 X313.687 Y142.116 F3554.948
G1 X313.257 Y142.583 F3554.948
G1 X312.827 Y143.050 F3554.948
G1 X312.328 Y143.532 F3554.948
G1 X311.829 Y144.015 F3554.948
G1 X311.329 Y144.498 F3554.948
G1 X310.830 Y144.981 F3554.948
G1 X310.289 Y145.478 F3554.948
G1 X309.748 Y145.975 F3554.948
G1 X309.207 Y146.471 F3554.948
G1 X308.666 Y146.968 F3554.948
G1 X308.098 Y147.479 F3554.948
G1 X307.530 Y147.989 F3554.948
G1 X306.963 Y148.500 F3554.948
G1 X306.395 Y149.011 F3554.948
G1 X305.809 Y149.541 F3554.948
G1 X305.222 Y150.072 F3554.948
G1 X304.635 Y150.602 F3554.948
G1 X304.049 Y151.133 F3554.948
G1 X303.570 Y151.572 F3554.948
G1 X303.091 Y152.012 F3554.948
G1 X302.612 Y152.452 F3554.948
G1 X302.133 Y152.892 F3554.948
G1 X301.654 Y153.331 F3554.948
G1 X301.177 Y153.773 F3554.948
G1 X300.701 Y154.214 F3554.948
G1 X300.224 Y154.655 F3554.948
G1 X299.747 Y155.097 F3554.948
G1 X299.270 Y155.538 F3554.948
G1 X298.796 Y155.973 F3554.948
G1 X298.322 Y156.409 F3554.948
G1 X297.848 Y156.844 F3554.948
G1 X297.374 Y157.280 F3554.948
G1 X296.900 Y157.715 F3554.948
G1 X296.308 Y158.252 F3554.948
G1 X295.717 Y158.788 F3554.948
G1 X295.126 Y159.325 F3554.948
G1 X294.534 Y159.861 F3554.948
G1 X293.942 Y160.377 F3554.948
G1 X293.349 Y160.893 F3554.948
G1 X292.756 Y161.409 F3554.948
G1 X292.163 Y161.925 F3554.948
G1 X291.585 Y162.405 F3554.948
G1 X291.006 Y162.885 F3554.948
G1 X290.427 Y163.366 F3554.948
G1 X289.848 Y163.846 F3554.948
G1 X289.281 Y164.290 F3554.948
G1 X288.713 Y164.734 F3554.948
G1 X288.146 Y165.177 F3554.948
G1 X287.578 Y165.621 F3554.948
G1 X287.007 Y166.042 F3554.948
G1 X286.437 Y166.463 F3554.948
G1 X285.866 Y166.883 F3554.948
G1 X285.295 Y167.304 F3554.948
G1 X284.701 Y167.719 F3554.948
G1 X284.107 Y168.135 F3554.948
G1 X283.513 Y168.550 F3554.948
G1 X282.919 Y168.966 F3554.948
G1 X282.293 Y169.388 F3554.948
G1 X281.667 Y169.811 F3554.948
G1 X281.042 Y170.234 F3554.948
G1 X280.416 Y170.656 F3554.948
G1 X279.764 Y171.074 F3554.948
G1 X279.113 Y171.492 F3554.948
G1 X278.461 Y171.910 F3554.948
G1 X277.810 Y172.328 F3554.948
G1 X277.142 Y172.708 F3554.948
G1 X276.475 Y173.088 F3554.948
G1 X275.808 Y173.467 F3554.948
G1 X275.140 Y173.847 F3554.948
G1 X274.426 Y174.151 F3554.948
G1 X273.711 Y174.454 F3554.948
G1 X272.997 Y174.758 F3554.948
G1 X272.283 Y175.062 F3554.948
G1 X271.671 Y175.256 F3554.948
G1 X271.059 Y175.450 F3554.948
G1 X270.448 Y175.644 F3554.948
G1 X269.836 Y175.838 F3554.948
G1 X269.224 Y176.033 F3554.948
G1 X268.569 Y176.201 F3554.948
G1 X267.914 Y176.369 F3554.948
G1 X267.259 Y176.537 F3554.948
G1 X266.604 Y176.706 F3554.948
G1 X265.949 Y176.874 F3554.948
G1 X265.241 Y177.032 F3554.948
G1 X264.533 Y177.189 F3554.948
G1 X263.826 Y177.347 F3554.948
G1 X263.118 Y177.505 F3554.948
G1 X262.411 Y177.662 F3554.948
G1 X261.650 Y177.814 F3554.948
G1 X260.889 Y177.966 F3554.948
G1 X260.128 Y178.118 F3554.948
G1 X259.367 Y178.270 F3554.948
G1 X258.606 Y178.422 F3554.948
G1 X257.833 Y178.560 F3554.948
G1 X257.059 Y178.699 F3554.948
G1 X256.286 Y178.838 F3554.948
G1 X255.513 Y178.976 F3554.948
G1 X254.739 Y179.115 F3554.948
G1 X253.986 Y179.230 F3554.948
G1 X253.233 Y179.346 F3554.948
G1 X252.479 Y179.461 F3554.948
G1 X251.726 Y179.576 F3554.948
G1 X250.973 Y179.692 F3554.948
G1 X250.252 Y179.781 F3554.948
G1 X249.531 Y179.871 F3554.948
G1 X248.811 Y179.960 F3554.948
G1 X248.090 Y180.049 F3554.948
G1 X247.369 Y180.139 F3554.948
G1 X246.681 Y180.193 F3554.948
G1 X245.993 Y180.247 F3554.948
G1 X245.304 Y180.301 F3554.948
G1 X244.616 Y180.355 F3554.948
G1 X243.928 Y180.409 F3554.948
G1 X243.232 Y180.417 F3554.948
G1 X242.537 Y180.425 F3554.948
G1 X241.841 Y180.433 F3554.948
G1 X241.145 Y180.441 F3554.948
G1 X240.449 Y180.448 F3554.948
G1 X239.716 Y180.418 F3554.948
G1 X238.983 Y180.388 F3554.948
G1 X238.249 Y180.358 F3554.948
G1 X237.516 Y180.328 F3554.948
G1 X236.782 Y180.298 F3554.948
G1 X236.028 Y180.244 F3554.948
G1 X235.275 Y180.190 F3554.948
G1 X234.521 Y180.136 F3554.948
G1 X233.767 Y180.082 F3554.948
G1 X233.013 Y180.028 F3554.948
G1 X232.264 Y179.960 F3554.948
G1 X231.515 Y179.891 F3554.948
G1 X230.767 Y179.823 F3554.948
G1 X230.018 Y179.755 F3554.948
G1 X229.269 Y179.686 F3554.948
G1 X228.540 Y179.610 F3554.948
G1 X227.811 Y179.533 F3554.948
G1 X227.082 Y179.456 F3554.948
G1 X226.353 Y179.380 F3554.948
G1 X225.624 Y179.303 F3554.948
G1 X224.909 Y179.221 F3554.948
G1 X224.194 Y179.140 F3554.948
G1 X223.479 Y179.058 F3554.948
G1 X222.763 Y178.977 F3554.948
G1 X222.048 Y178.895 F3554.948
G1 X221.343 Y178.808 F3554.948
G1 X220.637 Y178.720 F3554.948
G1 X219.931 Y178.632 F3554.948
G1 X219.226 Y178.544 F3554.948
G1 X218.520 Y178.456 F3554.948
G1 X217.822 Y178.352 F3554.948
G1 X217.124 Y178.248 F3554.948
G1 X216.426 Y178.143 F3554.948
G1 X215.727 Y178.039 F3554.948
G1 X215.029 Y177.935 F3554.948
G1 X214.326 Y177.789 F3554.948
G1 X213.622 Y177.644 F3554.948
G1 X212.918 Y177.498 F3554.948
G1 X212.214 Y177.353 F3554.948
G1 X211.511 Y177.207 F3554.948
G1 X210.789 Y176.993 F3554.948
G1 X210.066 Y176.779 F3554.948
G1 X209.344 Y176.564 F3554.948
G1 X208.622 Y176.350 F3554.948
G1 X207.900 Y176.136 F3554.948
G1 X207.168 Y175.835 F3554.948
G1 X206.436 Y175.535 F3554.948
G1 X205.704 Y175.234 F3554.948
G1 X204.973 Y174.934 F3554.948
G1 X204.241 Y174.633 F3554.948
G1 X203.646 Y174.315 F3554.948
G1 X203.052 Y173.998 F3554.948
G1 X202.458 Y173.680 F3554.948
G1 X201.864 Y173.363 F3554.948
G1 X201.270 Y173.045 F3554.948
G1 X200.676 Y172.728 F3554.948
G1 X200.002 Y172.314 F3554.948
G1 X199.329 Y171.899 F3554.948
G1 X198.655 Y171.485 F3554.948
G1 X197.982 Y171.071 F3554.948
G1 X197.308 Y170.656 F3554.948
G1 X196.675 Y170.256 F3554.948
G1 X196.041 Y169.855 F3554.948
G1 X195.408 Y169.455 F3554.948
G1 X194.774 Y169.054 F3554.948
G1 X194.141 Y168.653 F3554.948
G1 X193.536 Y168.282 F3554.948
G1 X192.930 Y167.910 F3554.948
G1 X192.325 Y167.539 F3554.948
G1 X191.720 Y167.167 F3554.948
G1 X191.114 Y166.796 F3554.948
G1 X190.523 Y166.458 F3554.948
G1 X189.933 Y166.120 F3554.948
G1 X189.342 Y165.782 F3554.948
G1 X188.751 Y165.443 F3554.948
G1 X188.160 Y165.105 F3554.948
G1 X187.569 Y164.786 F3554.948
G1 X186.978 Y164.467 F3554.948
G1 X186.387 Y164.148 F3554.948
G1 X185.796 Y163.829 F3554.948
G1 X185.205 Y163.510 F3554.948
G1 X184.603 Y163.196 F3554.948
G1 X184.000 Y162.881 F3554.948
G1 X183.398 Y162.567 F3554.948
G1 X182.796 Y162.253 F3554.948
G1 X182.193 Y161.938 F3554.948
G1 X181.572 Y161.618 F3554.948
G1 X180.951 Y161.298 F3554.948
G1 X180.330 Y160.978 F3554.948
G1 X179.709 Y160.658 F3554.948
G1 X179.088 Y160.338 F3554.948
G1 X178.447 Y160.006 F3554.948
G1 X177.807 Y159.674 F3554.948
G1 X177.166 Y159.342 F3554.948
G1 X176.525 Y159.010 F3554.948
G1 X175.884 Y158.679 F3554.948
G1 X175.227 Y158.336 F3554.948
G1 X174.570 Y157.994 F3554.948
G1 X173.913 Y157.651 F3554.948
G1 X173.256 Y157.309 F3554.948
G1 X172.598 Y156.967 F3554.948
G1 X171.932 Y156.618 F3554.948
G1 X171.265 Y156.269 F3554.948
G1 X170.599 Y155.921 F3554.948
G1 X169.932 Y155.572 F3554.948
G1 X169.266 Y155.223 F3554.948
G1 X168.597 Y154.877 F3554.948
G1 X167.928 Y154.531 F3554.948
G1 X167.259 Y154.185 F3554.948
G1 X166.590 Y153.839 F3554.948
G1 X165.921 Y153.493 F3554.948
G1 X165.255 Y153.159 F3554.948
G1 X164.589 Y152.826 F3554.948
G1 X163.924 Y152.493 F3554.948
G1 X163.258 Y152.159 F3554.948
G1 X162.592 Y151.826 F3554.948
G1 X161.933 Y151.513 F3554.948
G1 X161.274 Y151.199 F3554.948
G1 X160.615 Y150.886 F3554.948
G1 X159.956 Y150.573 F3554.948
G1 X159.297 Y150.260 F3554.948
G1 X158.650 Y149.970 F3554.948
G1 X158.002 Y149.681 F3554.948
G1 X157.354 Y149.391 F3554.948
G1 X156.706 Y149.102 F3554.948
G1 X156.058 Y148.812 F3554.948
G1 X155.427 Y148.548 F3554.948
G1 X154.795 Y148.283 F3554.948
G1 X154.163 Y148.019 F3554.948
G1 X153.531 Y147.754 F3554.948
G1 X152.899 Y147.489 F3554.948
G1 X152.286 Y147.245 F3554.948
G1 X151.672 Y147.001 F3554.948
G1 X151.059 Y146.757 F3554.948
G1 X150.445 Y146.514 F3554.948
G1 X149.832 Y146.270 F3554.948
G1 X149.088 Y145.987 F3554.948
G1 X148.344 Y145.705 F3554.948
G1 X147.600 Y145.422 F3554.948
G1 X146.856 Y145.140 F3554.948
G1 X146.134 Y144.873 F3554.948
G1 X145.412 Y144.605 F3554.948
G1 X144.690 Y144.338 F3554.948
G1 X143.968 Y144.071 F3554.948
G1 X143.263 Y143.812 F3554.948
G1 X142.559 Y143.554 F3554.948
G1 X141.854 Y143.295 F3554.948
G1 X141.149 Y143.036 F3554.948
G1 X140.456 Y142.783 F3554.948
G1 X139.762 Y142.530 F3554.948
G1 X139.069 Y142.276 F3554.948
G1 X138.375 Y142.023 F3554.948
G1 X137.687 Y141.770 F3554.948
G1 X137.000 Y141.518 F3554.948
G1 X136.312 Y141.265 F3554.948
G1 X135.624 Y141.012 F3554.948
G1 X134.938 Y140.758 F3554.948
G1 X134.252 Y140.503 F3554.948
G1 X133.565 Y140.248 F3554.948
G1 X132.879 Y139.994 F3554.948
G1 X132.193 Y139.733 F3554.948
G1 X131.507 Y139.472 F3554.948
G1 X130.820 Y139.212 F3554.948
G1 X130.134 Y138.951 F3554.948
G1 X129.447 Y138.683 F3554.948
G1 X128.760 Y138.415 F3554.948
G1 X128.073 Y138.148 F3554.948
G1 X127.387 Y137.880 F3554.948
G1 X126.698 Y137.605 F3554.948
G1 X126.010 Y137.329 F3554.948
G1 X125.321 Y137.054 F3554.948
G1 X124.633 Y136.779 F3554.948
G1 X123.943 Y136.495 F3554.948
G1 X123.253 Y136.210 F3554.948
G1 X122.562 Y135.926 F3554.948
G1 X121.872 Y135.641 F3554.948
G1 X121.180 Y135.350 F3554.948
G1 X120.489 Y135.059 F3554.948
G1 X119.797 Y134.768 F3554.948
G1 X119.105 Y134.477 F3554.948
G1 X118.412 Y134.181 F3554.948
G1 X117.720 Y133.884 F3554.948
G1 X117.027 Y133.588 F3554.948
G1 X116.334 Y133.292 F3554.948
G1 X115.641 Y132.992 F3554.948
G1 X114.948 Y132.693 F3554.948
G1 X114.255 Y132.393 F3554.948
G1 X113.562 Y132.093 F3554.948
G1 X112.870 Y131.792 F3554.948
G1 X112.179 Y131.490 F3554.948
G1 X111.487 Y131.188 F3554.948
G1 X110.796 Y130.887 F3554.948
G1 X110.108 Y130.584 F3554.948
G1 X109.420 Y130.281 F3554.948
G1 X108.732 Y129.978 F3554.948
G1 X108.044 Y129.675 F3554.948
G1 X107.359 Y129.371 F3554.948
G1 X106.674 Y129.068 F3554.948
G1 X105.989 Y128.764 F3554.948
G1 X105.304 Y128.460 F3554.948
G1 X104.622 Y128.154 F3554.948
G1 X103.939 Y127.847 F3554.948
G1 X103.256 Y127.540 F3554.948
G1 X102.574 Y127.233 F3554.948
G1 X101.894 Y126.924 F3554.948
G1 X101.214 Y126.615 F3554.948
G1 X100.534 Y126.306 F3554.948
G1 X99.854 Y125.997 F3554.948
G1 X99.176 Y125.687 F3554.948
G1 X98.497 Y125.377 F3554.948
G1 X97.819 Y125.067 F3554.948
G1 X97.140 Y124.756 F3554.948
G1 X96.462 Y124.444 F3554.948
G1 X95.783 Y124.132 F3554.948
G1 X95.104 Y123.820 F3554.948
G1 X94.426 Y123.507 F3554.948
G1 X93.744 Y123.193 F3554.948
G1 X93.063 Y122.878 F3554.948
G1 X92.382 Y122.563 F3554.948
G1 X91.701 Y122.248 F3554.948
G1 X91.015 Y121.932 F3554.948
G1 X90.330 Y121.616 F3554.948
G1 X89.645 Y121.300 F3554.948
G1 X88.960 Y120.983 F3554.948
G1 X88.270 Y120.665 F3554.948
G1 X87.580 Y120.347 F3554.948
G1 X86.889 Y120.029 F3554.948
G1 X86.199 Y119.711 F3554.948
G1 X85.506 Y119.391 F3554.948
G1 X84.813 Y119.072 F3554.948
G1 X84.120 Y118.752 F3554.948
G1 X83.427 Y118.433 F3554.948
G1 X82.734 Y118.114 F3554.948
G1 X82.041 Y117.795 F3554.948
G1 X81.349 Y117.476 F3554.948
G1 X80.656 Y117.157 F3554.948
G1 X79.967 Y116.840 F3554.948
G1 X79.277 Y116.522 F3554.948
G1 X78.588 Y116.205 F3554.948
G1 X77.899 Y115.888 F3554.948
G1 X77.215 Y115.573 F3554.948
G1 X76.532 Y115.258 F3554.948
G1 X75.848 Y114.943 F3554.948
G1 X75.165 Y114.628 F3554.948
G1 X74.489 Y114.318 F3554.948
G1 X73.814 Y114.008 F3554.948
G1 X73.139 Y113.697 F3554.948
G1 X72.463 Y113.387 F3554.948
G1 X71.798 Y113.082 F3554.948
G1 X71.132 Y112.776 F3554.948
G1 X70.467 Y112.470 F3554.948
G1 X69.801 Y112.165 F3554.948
G1 X69.146 Y111.864 F3554.948
G1 X68.490 Y111.563 F3554.948
G1 X67.835 Y111.262 F3554.948
G1 X67.179 Y110.961 F3554.948
G1 X66.527 Y110.661 F3554.948
G1 X65.876 Y110.362 F3554.948
G1 X65.224 Y110.062 F3554.948
G1 X64.572 Y109.762 F3554.948
G1 X63.910 Y109.457 F3554.948
G1 X63.248 Y109.153 F3554.948
G1 X62.586 Y108.848 F3554.948
G1 X61.924 Y108.543 F3554.948
G1 X61.233 Y108.221 F3554.948
G1 X60.542 Y107.900 F3554.948
G1 X59.851 Y107.578 F3554.948
G1 X59.161 Y107.257 F3554.948
G1 X58.456 Y106.927 F3554.948
G1 X57.752 Y106.597 F3554.948
G1 X57.047 Y106.267 F3554.948
G1 X56.343 Y105.937 F3554.948
G1 X55.659 Y105.614 F3554.948
G1 X54.975 Y105.291 F3554.948
G1 X54.291 Y104.968 F3554.948
G1 X53.606 Y104.645 F3554.948
G1 X52.975 Y104.343 F3554.948
G1 X52.343 Y104.041 F3554.948
G1 X51.711 Y103.738 F3554.948
G1 X51.079 Y103.436 F3554.948
G1 X50.506 Y103.156 F3554.948
G1 X49.933 Y102.877 F3554.948
G1 X49.361 Y102.597 F3554.948
G1 X48.788 Y102.317 F3554.948
G1 X48.096 Y101.966 F3554.948
G1 X47.404 Y101.615 F3554.948
G1 X46.712 Y101.264 F3554.948
G1 X46.077 Y100.921 F3554.948
G1 X45.441 Y100.578 F3554.948
G1 X44.805 Y100.235 F3554.948
G1 X44.212 Y99.889 F3554.948
G1 X43.619 Y99.543 F3554.948
G1 X43.026 Y99.198 F3554.948
G1 X42.464 Y98.839 F3554.948
G1 X41.901 Y98.480 F3554.948
G1 X41.338 Y98.121 F3554.948
G1 X40.791 Y97.741 F3554.948
G1 X40.243 Y97.360 F3554.948
G1 X39.696 Y96.980 F3554.948
G1 X39.147 Y96.569 F3554.948
G1 X38.598 Y96.157 F3554.948
G1 X38.049 Y95.745 F3554.948
G1 X37.491 Y95.299 F3554.948
G1 X36.933 Y94.854 F3554.948
G1 X36.375 Y94.409 F3554.948
G1 X35.808 Y93.928 F3554.948
G1 X35.242 Y93.447 F3554.948
G1 X34.675 Y92.967 F3554.948
G1 X34.107 Y92.450 F3554.948
G1 X33.538 Y91.933 F3554.948
G1 X32.970 Y91.416 F3554.948
G1 X32.468 Y90.860 F3554.948
G1 X31.966 Y90.303 F3554.948
G1 X31.465 Y89.747 F3554.948
G1 X31.085 Y89.143 F3554.948
G1 X30.706 Y88.540 F3554.948
G1 X30.327 Y87.937 F3554.948
G1 X30.125 Y87.287 F3554.948
G1 X29.924 Y86.637 F3554.948
G1 X29.723 Y85.987 F3554.948
G1 X29.733 Y85.288 F3554.948
G1 X29.743 Y84.588 F3554.948
G1 X29.752 Y83.889 F3554.948
G1 X29.970 Y83.135 F3554.948
G1 X30.188 Y82.381 F3554.948
G1 X30.406 Y81.627 F3554.948
G1 X30.696 Y81.015 F3554.948
G1 X30.987 Y80.403 F3554.948
G1 X31.277 Y79.791 F3554.948
G1 X31.567 Y79.179 F3554.948
G1 X31.948 Y78.514 F3554.948
G1 X32.328 Y77.850 F3554.948
G1 X32.709 Y77.185 F3554.948
G1 X33.089 Y76.520 F3554.948
G1 X33.437 Y75.947 F3554.948
G1 X33.784 Y75.373 F3554.948
G1 X34.132 Y74.799 F3554.948
G1 X34.479 Y74.226 F3554.948
G1 X34.826 Y73.652 F3554.948
G1 X35.178 Y73.047 F3554.948
G1 X35.529 Y72.442 F3554.948
G1 X35.880 Y71.838 F3554.948
G1 X36.231 Y71.233 F3554.948
G1 X36.582 Y70.628 F3554.948
G1 X36.931 Y70.003 F3554.948
G1 X37.280 Y69.378 F3554.948
G1 X37.629 Y68.753 F3554.948
G1 X37.978 Y68.128 F3554.948
G1 X38.326 Y67.503 F3554.948
G1 X38.665 Y66.865 F3554.948
G1 X39.004 Y66.227 F3554.948
G1 X39.342 Y65.589 F3554.948
G1 X39.681 Y64.950 F3554.948
G1 X40.019 Y64.312 F3554.948
G1 X40.344 Y63.667 F3554.948
G1 X40.669 Y63.021 F3554.948
G1 X40.994 Y62.376 F3554.948
G1 X41.318 Y61.730 F3554.948
G1 X41.643 Y61.084 F3554.948
G1 X41.955 Y60.431 F3554.948
G1 X42.266 Y59.778 F3554.948
G1 X42.578 Y59.125 F3554.948
G1 X42.889 Y58.472 F3554.948
G1 X43.200 Y57.819 F3554.948
G1 X43.501 Y57.164 F3554.948
G1 X43.801 Y56.509 F3554.948
G1 X44.101 Y55.854 F3554.948
G1 X44.401 Y55.199 F3554.948
G1 X44.702 Y54.544 F3554.948
G1 X44.995 Y53.897 F3554.948
G1 X45.289 Y53.250 F3554.948
G1 X45.582 Y52.602 F3554.948
G1 X45.876 Y51.955 F3554.948
G1 X46.170 Y51.308 F3554.948
G1 X46.469 Y50.704 F3554.948
G1 X46.769 Y50.100 F3554.948
G1 X47.069 Y49.497 F3554.948
G1 X47.369 Y48.893 F3554.948
G1 X47.669 Y48.289 F3554.948
G1 X48.066 Y47.622 F3554.948
G1 X48.464 Y46.956 F3554.948
G1 X48.861 Y46.289 F3554.948
G1 X49.259 Y45.622 F3554.948
G1 X49.689 Y45.057 F3554.948
G1 X50.120 Y44.492 F3554.948
G1 X50.550 Y43.927 F3554.948
G1 X50.980 Y43.363 F3554.948
G1 X51.448 Y42.894 F3554.948
G1 X51.916 Y42.425 F3554.948
G1 X52.383 Y41.956 F3554.948
G1 X52.851 Y41.487 F3554.948
G1 X53.354 Y41.108 F3554.948
G1 X53.858 Y40.729 F3554.948
G1 X54.361 Y40.350 F3554.948
G1 X54.865 Y39.971 F3554.948
G1 X55.404 Y39.681 F3554.948
G1 X55.943 Y39.391 F3554.948
G1 X56.483 Y39.101 F3554.948
G1 X57.022 Y38.812 F3554.948
G1 X57.609 Y38.616 F3554.948
G1 X58.196 Y38.420 F3554.948
G1 X58.782 Y38.224 F3554.948
G1 X59.369 Y38.029 F3554.948
G1 X60.011 Y37.921 F3554.948
G1 X60.653 Y37.813 F3554.948
G1 X61.295 Y37.705 F3554.948
G1 X61.938 Y37.597 F3554.948
G1 X62.639 Y37.573 F3554.948
G1 X63.341 Y37.550 F3554.948
G1 X64.042 Y37.526 F3554.948
G1 X64.744 Y37.502 F3554.948
G1 X65.495 Y37.550 F3554.948
G1 X66.245 Y37.597 F3554.948
G1 X66.996 Y37.645 F3554.948
G1 X67.746 Y37.693 F3554.948
G1 X68.531 Y37.792 F3554.948
G1 X69.317 Y37.891 F3554.948
G1 X70.102 Y37.990 F3554.948
G1 X70.888 Y38.089 F3554.948
G1 X71.530 Y38.187 F3554.948
G1 X72.172 Y38.284 F3554.948
G1 X72.814 Y38.382 F3554.948
G1 X73.456 Y38.479 F3554.948
G1 X74.098 Y38.576 F3554.948
G1 X74.743 Y38.673 F3554.948
G1 X75.387 Y38.769 F3554.948
G1 X76.032 Y38.865 F3554.948
G1 X76.677 Y38.961 F3554.948
G1 X77.321 Y39.058 F3554.948
G1 X77.967 Y39.148 F3554.948
G1 X78.612 Y39.238 F3554.948
G1 X79.258 Y39.328 F3554.948
G1 X79.903 Y39.418 F3554.948
G1 X80.549 Y39.508 F3554.948
G1 X81.195 Y39.592 F3554.948
G1 X81.841 Y39.677 F3554.948
G1 X82.486 Y39.762 F3554.948
G1 X83.132 Y39.846 F3554.948
G1 X83.778 Y39.931 F3554.948
G1 X84.421 Y40.011 F3554.948
G1 X85.064 Y40.092 F3554.948
G1 X85.707 Y40.172 F3554.948
G1 X86.349 Y40.253 F3554.948
G1 X86.992 Y40.333 F3554.948
G1 X87.629 Y40.410 F3554.948
G1 X88.266 Y40.488 F3554.948
G1 X88.903 Y40.565 F3554.948
G1 X89.540 Y40.642 F3554.948
G1 X90.177 Y40.719 F3554.948
G1 X90.964 Y40.813 F3554.948
G1 X91.751 Y40.907 F3554.948
G1 X92.539 Y41.001 F3554.948
G1 X93.326 Y41.095 F3554.948
G1 X94.105 Y41.189 F3554.948
G1 X94.884 Y41.283 F3554.948
G1 X95.663 Y41.377 F3554.948
G1 X96.442 Y41.471 F3554.948
G1 X97.214 Y41.567 F3554.948
G1 X97.985 Y41.664 F3554.948
G1 X98.756 Y41.761 F3554.948
G1 X99.528 Y41.857 F3554.948
G1 X100.297 Y41.960 F3554.948
G1 X101.067 Y42.063 F3554.948
G1 X101.836 Y42.167 F3554.948
G1 X102.606 Y42.270 F3554.948
G1 X103.380 Y42.383 F3554.948
G1 X104.153 Y42.496 F3554.948
G1 X104.927 Y42.609 F3554.948
G1 X105.701 Y42.722 F3554.948
G1 X106.481 Y42.847 F3554.948
G1 X107.261 Y42.971 F3554.948
G1 X108.041 Y43.095 F3554.948
G1 X108.821 Y43.220 F3554.948
G1 X109.602 Y43.351 F3554.948
G1 X110.382 Y43.483 F3554.948
G1 X111.163 Y43.615 F3554.948
G1 X111.943 Y43.746 F3554.948
G1 X112.711 Y43.873 F3554.948
G1 X113.478 Y44.000 F3554.948
G1 X114.246 Y44.127 F3554.948
G1 X115.014 Y44.254 F3554.948
G1 X115.757 Y44.366 F3554.948
G1 X116.499 Y44.478 F3554.948
G1 X117.242 Y44.590 F3554.948
G1 X117.985 Y44.701 F3554.948
G1 X118.699 Y44.797 F3554.948
G1 X119.412 Y44.893 F3554.948
G1 X120.126 Y44.989 F3554.948
G1 X120.839 Y45.085 F3554.948
G1 X121.523 Y45.166 F3554.948
G1 X122.207 Y45.248 F3554.948
G1 X122.891 Y45.329 F3554.948
G1 X123.575 Y45.410 F3554.948
G1 X124.233 Y45.478 F3554.948
G1 X124.891 Y45.545 F3554.948
G1 X125.549 Y45.613 F3554.948
G1 X126.207 Y45.680 F3554.948
G1 X126.843 Y45.739 F3554.948
G1 X127.478 Y45.797 F3554.948
G1 X128.114 Y45.855 F3554.948
G1 X128.749 Y45.913 F3554.948
G1 X129.364 Y45.973 F3554.948
G1 X129.979 Y46.032 F3554.948
G1 X130.594 Y46.092 F3554.948
G1 X131.210 Y46.151 F3554.948
G1 X132.001 Y46.237 F3554.948
G1 X132.792 Y46.322 F3554.948
G1 X133.583 Y46.408 F3554.948
G1 X134.346 Y46.501 F3554.948
G1 X135.108 Y46.595 F3554.948
G1 X135.870 Y46.688 F3554.948
G1 X136.606 Y46.789 F3554.948
G1 X137.342 Y46.889 F3554.948
G1 X138.078 Y46.990 F3554.948
G1 X138.789 Y47.098 F3554.948
G1 X139.500 Y47.205 F3554.948
G1 X140.212 Y47.313 F3554.948
G1 X140.901 Y47.431 F3554.948
G1 X141.591 Y47.549 F3554.948
G1 X142.281 Y47.667 F3554.948
G1 X142.949 Y47.797 F3554.948
G1 X143.617 Y47.927 F3554.948
G1 X144.284 Y48.056 F3554.948
G1 X144.931 Y48.199 F3554.948
G1 X145.578 Y48.342 F3554.948
G1 X146.225 Y48.485 F3554.948
G1 X146.854 Y48.646 F3554.948
G1 X147.483 Y48.808 F3554.948
G1 X148.112 Y48.969 F3554.948
G1 X148.727 Y49.150 F3554.948
G1 X149.341 Y49.331 F3554.948
G1 X149.955 Y49.511 F3554.948
G1 X150.557 Y49.715 F3554.948
G1 X151.159 Y49.919 F3554.948
G1 X151.761 Y50.123 F3554.948
G1 X152.352 Y50.352 F3554.948
G1 X152.943 Y50.581 F3554.948
G1 X153.534 Y50.811 F3554.948
G1 X154.115 Y51.065 F3554.948
G1 X154.697 Y51.320 F3554.948
G1 X155.278 Y51.575 F3554.948
G1 X155.850 Y51.855 F3554.948
G1 X156.422 Y52.134 F3554.948
G1 X156.993 Y52.414 F3554.948
G1 X157.555 Y52.722 F3554.948
G1 X158.117 Y53.030 F3554.948
G1 X158.679 Y53.337 F3554.948
G1 X159.234 Y53.678 F3554.948
G1 X159.788 Y54.018 F3554.948
G1 X160.342 Y54.359 F3554.948
G1 X160.889 Y54.736 F3554.948
G1 X161.436 Y55.114 F3554.948
G1 X161.983 Y55.491 F3554.948
G1 X162.524 Y55.908 F3554.948
G1 X163.065 Y56.325 F3554.948
G1 X163.606 Y56.743 F3554.948
G1 X164.144 Y57.201 F3554.948
G1 X164.682 Y57.660 F3554.948
G1 X165.219 Y58.118 F3554.948
G1 X165.759 Y58.625 F3554.948
G1 X166.298 Y59.133 F3554.948
G1 X166.838 Y59.640 F3554.948
G1 X167.382 Y60.194 F3554.948
G1 X167.927 Y60.747 F3554.948
G1 X168.471 Y61.301 F3554.948
G1 X168.878 Y61.754 F3554.948
G1 X169.286 Y62.206 F3554.948
G1 X169.693 Y62.659 F3554.948
G1 X170.100 Y63.111 F3554.948
G1 X170.503 Y63.602 F3554.948
G1 X170.906 Y64.093 F3554.948
G1 X171.309 Y64.583 F3554.948
G1 X171.712 Y65.074 F3554.948
G1 X172.108 Y65.605 F3554.948
G1 X172.503 Y66.137 F3554.948
G1 X172.899 Y66.668 F3554.948
G1 X173.295 Y67.199 F3554.948
G1 X173.683 Y67.771 F3554.948
G1 X174.070 Y68.343 F3554.948
G1 X174.458 Y68.915 F3554.948
G1 X174.846 Y69.488 F3554.948
G1 X175.226 Y70.099 F3554.948
G1 X175.606 Y70.711 F3554.948
G1 X175.985 Y71.323 F3554.948
G1 X176.365 Y71.935 F3554.948
G1 X176.732 Y72.579 F3554.948
G1 X177.100 Y73.223 F3554.948
G1 X177.467 Y73.868 F3554.948
G1 X177.834 Y74.512 F3554.948
G1 X178.186 Y75.183 F3554.948
G1 X178.537 Y75.853 F3554.948
G1 X178.888 Y76.524 F3554.948
G1 X179.240 Y77.195 F3554.948
G1 X179.572 Y77.885 F3554.948
G1 X179.904 Y78.575 F3554.948
G1 X180.236 Y79.265 F3554.948
G1 X180.568 Y79.954 F3554.948
G1 X180.883 Y80.655 F3554.948
G1 X181.198 Y81.355 F3554.948
G1 X181.513 Y82.056 F3554.948
G1 X181.829 Y82.756 F3554.948
G1 X182.127 Y83.454 F3554.948
G1 X182.426 Y84.152 F3554.948
G1 X182.724 Y84.850 F3554.948
G1 X183.023 Y85.548 F3554.948
G1 X183.306 Y86.227 F3554.948
G1 X183.588 Y86.906 F3554.948
G1 X183.870 Y87.586 F3554.948
G1 X184.153 Y88.265 F3554.948
G1 X184.428 Y88.921 F3554.948
G1 X184.704 Y89.576 F3554.948
G1 X184.979 Y90.232 F3554.948
G1 X185.255 Y90.887 F3554.948
G1 X185.520 Y91.498 F3554.948
G1 X185.785 Y92.109 F3554.948
G1 X186.050 Y92.721 F3554.948
G1 X186.315 Y93.332 F3554.948
G1 X186.571 Y93.892 F3554.948
G1 X186.827 Y94.452 F3554.948
G1 X187.083 Y95.013 F3554.948
G1 X187.339 Y95.573 F3554.948
G1 X187.667 Y96.252 F3554.948
G1 X187.994 Y96.931 F3554.948
G1 X188.321 Y97.610 F3554.948
G1 X188.631 Y98.226 F3554.948
G1 X188.941 Y98.841 F3554.948
G1 X189.251 Y99.457 F3554.948
G1 X189.542 Y100.017 F3554.948
G1 X189.832 Y100.577 F3554.948
G1 X190.123 Y101.137 F3554.948
G1 X190.395 Y101.652 F3554.948
G1 X190.667 Y102.167 F3554.948
G1 X190.939 Y102.682 F3554.948
G1 X191.183 Y103.180 F3554.948
G1 X191.428 Y103.677 F3554.948
G1 X191.672 Y104.174 F3554.948
G1 X191.902 Y104.667 F3554.948
G1 X192.132 Y105.160 F3554.948
G1 X192.361 Y105.653 F3554.948
G1 X192.578 Y106.159 F3554.948
G1 X192.794 Y106.664 F3554.948
G1 X193.010 Y107.169 F3554.948
G1 X193.213 Y107.703 F3554.948
G1 X193.416 Y108.237 F3554.948
G1 X193.619 Y108.770 F3554.948
G1 X193.809 Y109.349 F3554.948
G1 X194.000 Y109.927 F3554.948
G1 X194.190 Y110.506 F3554.948
G1 X194.369 Y111.140 F3554.948
G1 X194.548 Y111.774 F3554.948
G1 X194.727 Y112.408 F3554.948
G1 X194.896 Y113.115 F3554.948
G1 X195.066 Y113.821 F3554.948
G1 X195.236 Y114.528 F3554.948
G1 X195.361 Y115.124 F3554.948
G1 X195.487 Y115.721 F3554.948
G1 X195.613 Y116.317 F3554.948
G1 X195.739 Y116.914 F3554.948
G1 X195.869 Y117.590 F3554.948
G1 X195.999 Y118.266 F3554.948
G1 X196.128 Y118.942 F3554.948
G1 X196.258 Y119.618 F3554.948
G1 X196.396 Y120.381 F3554.948
G1 X196.533 Y121.145 F3554.948
G1 X196.670 Y121.908 F3554.948
G1 X196.808 Y122.671 F3554.948
G1 X196.922 Y123.349 F3554.948
G1 X197.037 Y124.026 F3554.948
G1 X197.152 Y124.703 F3554.948
G1 X197.267 Y125.381 F3554.948
G1 X197.381 Y126.058 F3554.948
G1 X197.494 Y126.789 F3554.948
G1 X197.606 Y127.521 F3554.948
G1 X197.718 Y128.252 F3554.948
G1 X197.831 Y128.983 F3554.948
G1 X197.943 Y129.715 F3554.948
G1 X198.040 Y130.473 F3554.948
G1 X198.136 Y131.231 F3554.948
G1 X198.233 Y131.990 F3554.948
G1 X198.329 Y132.748 F3554.948
G1 X198.426 Y133.506 F3554.948
G1 X198.491 Y134.264 F3554.948
G1 X198.557 Y135.022 F3554.948
G1 X198.622 Y135.779 F3554.948
G1 X198.687 Y136.537 F3554.948
G1 X198.753 Y137.295 F3554.948
G1 X198.777 Y138.035 F3554.948
G1 X198.800 Y138.774 F3554.948
G1 X198.824 Y139.514 F3554.948
G1 X198.848 Y140.254 F3554.948
G1 X198.872 Y140.994 F3554.948
G1 X198.854 Y141.709 F3554.948
G1 X198.835 Y142.425 F3554.948
G1 X198.816 Y143.140 F3554.948
G1 X198.798 Y143.856 F3554.948
G1 X198.779 Y144.571 F3554.948
G1 X198.724 Y145.260 F3554.948
G1 X198.668 Y145.950 F3554.948
G1 X198.613 Y146.639 F3554.948
G1 X198.557 Y147.329 F3554.948
G1 X198.502 Y148.019 F3554.948
G1 X198.419 Y148.682 F3554.948
G1 X198.337 Y149.346 F3554.948
G1 X198.255 Y150.009 F3554.948
G1 X198.172 Y150.673 F3554.948
G1 X198.090 Y151.336 F3554.948
G1 X197.991 Y151.977 F3554.948
G1 X197.893 Y152.617 F3554.948
G1 X197.795 Y153.257 F3554.948
G1 X197.696 Y153.898 F3554.948
G1 X197.598 Y154.538 F3554.948
G1 X197.469 Y155.318 F3554.948
G1 X197.340 Y156.099 F3554.948
G1 X197.211 Y156.879 F3554.948
G1 X197.082 Y157.660 F3554.948
G1 X196.960 Y158.428 F3554.948
G1 X196.838 Y159.196 F3554.948
G1 X196.716 Y159.964 F3554.948
G1 X196.595 Y160.732 F3554.948
G1 X196.490 Y161.500 F3554.948
G1 X196.385 Y162.269 F3554.948
G1 X196.280 Y163.038 F3554.948
G1 X196.176 Y163.806 F3554.948
G1 X196.094 Y164.592 F3554.948
G1 X196.013 Y165.378 F3554.948
G1 X195.931 Y166.164 F3554.948
G1 X195.850 Y166.949 F3554.948
G1 X195.806 Y167.603 F3554.948
G1 X195.762 Y168.256 F3554.948
G1 X195.718 Y168.910 F3554.948
G1 X195.674 Y169.564 F3554.948
G1 X195.631 Y170.217 F3554.948
G1 X195.609 Y170.876 F3554.948
G1 X195.587 Y171.535 F3554.948
G1 X195.565 Y172.193 F3554.948
G1 X195.543 Y172.852 F3554.948
G1 X195.521 Y173.511 F3554.948
G1 X195.516 Y174.268 F3554.948
G1 X195.512 Y175.026 F3554.948
G1 X195.507 Y175.783 F3554.948
G1 X195.502 Y176.541 F3554.948
G1 X195.509 Y177.221 F3554.948
G1 X195.517 Y177.901 F3554.948
G1 X195.524 Y178.581 F3554.948
G1 X195.531 Y179.261 F3554.948
G1 X195.537 Y179.895 F3554.948
G1 X195.543 Y180.529 F3554.948
G1 X195.549 Y181.164 F3554.948
G1 X195.555 Y181.798 F3554.948
G1 X195.548 Y182.463 F3554.948
G1 X195.540 Y183.127 F3554.948
G1 X195.533 Y183.792 F3554.948
G1 X195.525 Y184.457 F3554.948
G1 X195.496 Y185.185 F3554.948
G1 X195.466 Y185.913 F3554.948
G1 X195.437 Y186.642 F3554.948
G1 X195.408 Y187.370 F3554.948
G1 X195.362 Y188.015 F3554.948
G1 X195.317 Y188.660 F3554.948
G1 X195.272 Y189.305 F3554.948
G1 X195.226 Y189.950 F3554.948
G1 X195.181 Y190.595 F3554.948
G1 X195.112 Y191.296 F3554.948
G1 X195.044 Y191.996 F3554.948
G1 X194.976 Y192.697 F3554.948
G1 X194.908 Y193.398 F3554.948
G1 X194.839 Y194.098 F3554.948
G1 X194.748 Y194.847 F3554.948
G1 X194.656 Y195.595 F3554.948
G1 X194.564 Y196.343 F3554.948
G1 X194.472 Y197.091 F3554.948
G1 X194.381 Y197.840 F3554.948
G1 X194.283 Y198.503 F3554.948
G1 X194.186 Y199.167 F3554.948
G1 X194.089 Y199.831 F3554.948
G1 X193.992 Y200.494 F3554.948
G1 X193.894 Y201.158 F3554.948
G1 X193.797 Y201.822 F3554.948
G1 X193.681 Y202.521 F3554.948
G1 X193.565 Y203.221 F3554.948
G1 X193.448 Y203.921 F3554.948
G1 X193.332 Y204.621 F3554.948
G1 X193.216 Y205.321 F3554.948
G1 X193.099 Y206.020 F3554.948
G1 X192.973 Y206.736 F3554.948
G1 X192.847 Y207.451 F3554.948
G1 X192.721 Y208.166 F3554.948
G1 X192.595 Y208.881 F3554.948
G1 X192.469 Y209.597 F3554.948
G1 X192.343 Y210.312 F3554.948
G1 X192.216 Y211.021 F3554.948
G1 X192.090 Y211.729 F3554.948
G1 X191.963 Y212.438 F3554.948
G1 X191.836 Y213.147 F3554.948
G1 X191.709 Y213.855 F3554.948
G1 X191.582 Y214.564 F3554.948
G1 X191.457 Y215.257 F3554.948
G1 X191.333 Y215.949 F3554.948
G1 X191.208 Y216.642 F3554.948
G1 X191.084 Y217.335 F3554.948
G1 X190.959 Y218.028 F3554.948
G1 X190.835 Y218.720 F3554.948
G1 X190.714 Y219.396 F3554.948
G1 X190.592 Y220.071 F3554.948
G1 X190.471 Y220.746 F3554.948
G1 X190.349 Y221.421 F3554.948
G1 X190.228 Y222.096 F3554.948
G1 X190.106 Y222.771 F3554.948
G1 X189.988 Y223.427 F3554.948
G1 X189.870 Y224.084 F3554.948
G1 X189.752 Y224.740 F3554.948
G1 X189.634 Y225.396 F3554.948
G1 X189.516 Y226.052 F3554.948
G1 X189.397 Y226.708 F3554.948
G1 X189.260 Y227.473 F3554.948
G1 X189.123 Y228.238 F3554.948
G1 X188.986 Y229.002 F3554.948
G1 X188.849 Y229.767 F3554.948
G1 X188.711 Y230.531 F3554.948
G1 X188.579 Y231.272 F3554.948
G1 X188.446 Y232.012 F3554.948
G1 X188.313 Y232.752 F3554.948
G1 X188.180 Y233.493 F3554.948
G1 X188.047 Y234.233 F3554.948
G1 X187.918 Y234.947 F3554.948
G1 X187.790 Y235.661 F3554.948
G1 X187.661 Y236.375 F3554.948
G1 X187.533 Y237.088 F3554.948
G1 X187.404 Y237.802 F3554.948
G1 X187.276 Y238.488 F3554.948
G1 X187.148 Y239.174 F3554.948
G1 X187.020 Y239.860 F3554.948
G1 X186.892 Y240.545 F3554.948
G1 X186.764 Y241.231 F3554.948
G1 X186.637 Y241.874 F3554.948
G1 X186.511 Y242.517 F3554.948
G1 X186.384 Y243.160 F3554.948
G1 X186.257 Y243.803 F3554.948
G1 X186.131 Y244.446 F3554.948
G1 X185.975 Y245.199 F3554.948
G1 X185.819 Y245.951 F3554.948
G1 X185.664 Y246.704 F3554.948
G1 X185.508 Y247.457 F3554.948
G1 X185.355 Y248.159 F3554.948
G1 X185.203 Y248.860 F3554.948
G1 X185.050 Y249.562 F3554.948
G1 X184.898 Y250.264 F3554.948
G1 X184.748 Y250.916 F3554.948
G1 X184.598 Y251.567 F3554.948
G1 X184.447 Y252.219 F3554.948
G1 X184.297 Y252.870 F3554.948
G1 X184.147 Y253.477 F3554.948
G1 X183.997 Y254.083 F3554.948
G1 X183.847 Y254.690 F3554.948
G1 X183.697 Y255.296 F3554.948
G1 X183.492 Y256.057 F3554.948
G1 X183.288 Y256.817 F3554.948
G1 X183.083 Y257.577 F3554.948
G1 X182.870 Y258.300 F3554.948
G1 X182.657 Y259.024 F3554.948
G1 X182.444 Y259.747 F3554.948
G1 X182.218 Y260.439 F3554.948
G1 X181.992 Y261.131 F3554.948
G1 X181.766 Y261.824 F3554.948
G1 X181.528 Y262.490 F3554.948
G1 X181.290 Y263.156 F3554.948
G1 X181.052 Y263.822 F3554.948
G1 X180.803 Y264.467 F3554.948
G1 X180.555 Y265.111 F3554.948
G1 X180.306 Y265.755 F3554.948
G1 X180.047 Y266.389 F3554.948
G1 X179.788 Y267.022 F3554.948
G1 X179.529 Y267.655 F3554.948
G1 X179.259 Y268.289 F3554.948
G1 X178.988 Y268.923 F3554.948
G1 X178.718 Y269.558 F3554.948
G1 X178.434 Y270.200 F3554.948
G1 X178.150 Y270.843 F3554.948
G1 X177.866 Y271.486 F3554.948
G1 X177.567 Y272.146 F3554.948
G1 X177.268 Y272.807 F3554.948
G1 X176.970 Y273.468 F3554.948
G1 X176.657 Y274.152 F3554.948
G1 X176.345 Y274.836 F3554.948
G1 X176.033 Y275.520 F3554.948
G1 X175.706 Y276.233 F3554.948
G1 X175.380 Y276.947 F3554.948
G1 X175.053 Y277.661 F3554.948
G1 X174.794 Y278.224 F3554.948
G1 X174.536 Y278.788 F3554.948
G1 X174.278 Y279.351 F3554.948
G1 X174.019 Y279.915 F3554.948
G1 X173.746 Y280.512 F3554.948
G1 X173.472 Y281.109 F3554.948
G1 X173.198 Y281.707 F3554.948
G1 X172.925 Y282.304 F3554.948
G1 X172.637 Y282.938 F3554.948
G1 X172.349 Y283.573 F3554.948
G1 X172.061 Y284.207 F3554.948
G1 X171.773 Y284.842 F3554.948
G1 X171.473 Y285.513 F3554.948
G1 X171.173 Y286.185 F3554.948
G1 X170.873 Y286.857 F3554.948
G1 X170.573 Y287.528 F3554.948
G1 X170.264 Y288.236 F3554.948
G1 X169.956 Y288.943 F3554.948
G1 X169.647 Y289.651 F3554.948
G1 X169.339 Y290.359 F3554.948
G1 X169.088 Y290.947 F3554.948
G1 X168.836 Y291.536 F3554.948
G1 X168.585 Y292.125 F3554.948
G1 X168.334 Y292.714 F3554.948
G1 X168.083 Y293.303 F3554.948
G1 X167.830 Y293.907 F3554.948
G1 X167.577 Y294.512 F3554.948
G1 X167.324 Y295.117 F3554.948
G1 X167.071 Y295.721 F3554.948
G1 X166.818 Y296.326 F3554.948
G1 X166.568 Y296.940 F3554.948
G1 X166.318 Y297.555 F3554.948
G1 X166.067 Y298.169 F3554.948
G1 X165.817 Y298.784 F3554.948
G1 X165.567 Y299.398 F3554.948
G1 X165.326 Y300.019 F3554.948
G1 X165.084 Y300.640 F3554.948
G1 X164.842 Y301.260 F3554.948
G1 X164.601 Y301.881 F3554.948
G1 X164.359 Y302.502 F3554.948
G1 X164.127 Y303.132 F3554.948
G1 X163.894 Y303.763 F3554.948
G1 X163.662 Y304.393 F3554.948
G1 X163.430 Y305.024 F3554.948
G1 X163.197 Y305.655 F3554.948
G1 X162.973 Y306.295 F3554.948
G1 X162.748 Y306.935 F3554.948
G1 X162.524 Y307.576 F3554.948
G1 X162.299 Y308.216 F3554.948
G1 X162.075 Y308.856 F3554.948
G1 X161.857 Y309.505 F3554.948
G1 X161.640 Y310.153 F3554.948
G1 X161.422 Y310.801 F3554.948
G1 X161.205 Y311.449 F3554.948
G1 X160.988 Y312.097 F3554.948
G1 X160.777 Y312.749 F3554.948
G1 X160.566 Y313.400 F3554.948
G1 X160.356 Y314.052 F3554.948
G1 X160.145 Y314.703 F3554.948
G1 X159.935 Y315.354 F3554.948
G1 X159.731 Y316.003 F3554.948
G1 X159.528 Y316.651 F3554.948
G1 X159.324 Y317.299 F3554.948
G1 X159.120 Y317.947 F3554.948
G1 X158.917 Y318.595 F3554.948
G1 X158.722 Y319.233 F3554.948
G1 X158.526 Y319.871 F3554.948
G1 X158.331 Y320.509 F3554.948
G1 X158.135 Y321.147 F3554.948
G1 X157.940 Y321.785 F3554.948
G1 X157.754 Y322.413 F3554.948
G1 X157.568 Y323.040 F3554.948
G1 X157.382 Y323.668 F3554.948
G1 X157.197 Y324.296 F3554.948
G1 X157.011 Y324.923 F3554.948
G1 X156.833 Y325.542 F3554.948
G1 X156.655 Y326.162 F3554.948
G1 X156.478 Y326.781 F3554.948
G1 X156.300 Y327.400 F3554.948
G1 X156.122 Y328.019 F3554.948
G1 X155.908 Y328.780 F3554.948
G1 X155.693 Y329.541 F3554.948
G1 X155.478 Y330.302 F3554.948
G1 X155.264 Y331.063 F3554.948
G1 X155.056 Y331.807 F3554.948
G1 X154.847 Y332.550 F3554.948
G1 X154.639 Y333.294 F3554.948
G1 X154.431 Y334.037 F3554.948
G1 X154.229 Y334.759 F3554.948
G1 X154.026 Y335.480 F3554.948
G1 X153.824 Y336.202 F3554.948
G1 X153.622 Y336.924 F3554.948
G1 X153.425 Y337.626 F3554.948
G1 X153.228 Y338.327 F3554.948
G1 X153.031 Y339.029 F3554.948
G1 X152.834 Y339.731 F3554.948
G1 X152.644 Y340.411 F3554.948
G1 X152.455 Y341.090 F3554.948
G1 X152.265 Y341.770 F3554.948
G1 X152.075 Y342.450 F3554.948
G1 X151.895 Y343.107 F3554.948
G1 X151.714 Y343.765 F3554.948
G1 X151.534 Y344.423 F3554.948
G1 X151.353 Y345.081 F3554.948
G1 X151.194 Y345.707 F3554.948
G1 X151.034 Y346.333 F3554.948
G1 X150.875 Y346.960 F3554.948
G1 X150.715 Y347.586 F3554.948
G1 X150.572 Y348.173 F3554.948
G1 X150.430 Y348.759 F3554.948
G1 X150.287 Y349.346 F3554.948
G1 X150.144 Y349.932 F3554.948
G1 X149.956 Y350.690 F3554.948
G1 X149.768 Y351.447 F3554.948
G1 X149.580 Y352.204 F3554.948
G1 X149.395 Y352.939 F3554.948
G1 X149.209 Y353.673 F3554.948
G1 X149.024 Y354.408 F3554.948
G1 X148.836 Y355.135 F3554.948
G1 X148.647 Y355.863 F3554.948
G1 X148.458 Y356.590 F3554.948
G1 X148.258 Y357.330 F3554.948
G1 X148.058 Y358.069 F3554.948
G1 X147.858 Y358.809 F3554.948
G1 X147.693 Y359.387 F3554.948
G1 X147.528 Y359.966 F3554.948
G1 X147.363 Y360.544 F3554.948
G1 X147.198 Y361.123 F3554.948
G1 X147.011 Y361.741 F3554.948
G1 X146.824 Y362.359 F3554.948
G1 X146.637 Y362.978 F3554.948
G1 X146.450 Y363.596 F3554.948
G1 X146.235 Y364.269 F3554.948
G1 X146.021 Y364.943 F3554.948
G1 X145.806 Y365.616 F3554.948
G1 X145.591 Y366.289 F3554.948
G1 X145.347 Y367.025 F3554.948
G1 X145.103 Y367.760 F3554.948
G1 X144.859 Y368.496 F3554.948
G1 X144.615 Y369.231 F3554.948
G1 X144.397 Y369.871 F3554.948
G1 X144.179 Y370.510 F3554.948
G1 X143.962 Y371.149 F3554.948
G1 X143.744 Y371.789 F3554.948
G1 X143.526 Y372.428 F3554.948
G1 X143.290 Y373.111 F3554.948
G1 X143.053 Y373.795 F3554.948
G1 X142.817 Y374.478 F3554.948
G1 X142.581 Y375.161 F3554.948
G1 X142.345 Y375.844 F3554.948
G1 X142.098 Y376.558 F3554.948
G1 X141.851 Y377.272 F3554.948
G1 X141.604 Y377.985 F3554.948
G1 X141.357 Y378.699 F3554.948
G1 X141.109 Y379.413 F3554.948
G1 X140.858 Y380.141 F3554.948
G1 X140.606 Y380.868 F3554.948
G1 X140.354 Y381.596 F3554.948
G1 X140.102 Y382.324 F3554.948
G1 X139.850 Y383.052 F3554.948
G1 X139.598 Y383.780 F3554.948
G1 X139.345 Y384.508 F3554.948
G1 X139.093 Y385.237 F3554.948
G1 X138.840 Y385.965 F3554.948
G1 X138.588 Y386.693 F3554.948
G1 X138.337 Y387.412 F3554.948
G1 X138.086 Y388.131 F3554.948
G1 X137.835 Y388.849 F3554.948
G1 X137.584 Y389.568 F3554.948
G1 X137.334 Y390.287 F3554.948
G1 X137.086 Y390.992 F3554.948
G1 X136.838 Y391.697 F3554.948
G1 X136.590 Y392.402 F3554.948
G1 X136.342 Y393.107 F3554.948
G1 X136.094 Y393.812 F3554.948
G1 X135.849 Y394.502 F3554.948
G1 X135.604 Y395.193 F3554.948
G1 X135.359 Y395.884 F3554.948
G1 X135.114 Y396.575 F3554.948
G1 X134.870 Y397.265 F3554.948
G1 X134.629 Y397.942 F3554.948
G1 X134.388 Y398.619 F3554.948
G1 X134.148 Y399.296 F3554.948
G1 X133.907 Y399.973 F3554.948
G1 X133.666 Y400.650 F3554.948
G1 X133.432 Y401.312 F3554.948
G1 X133.198 Y401.975 F3554.948
G1 X132.963 Y402.638 F3554.948
G1 X132.729 Y403.300 F3554.948
G1 X132.495 Y403.963 F3554.948
G1 X132.268 Y404.611 F3554.948
G1 X132.041 Y405.259 F3554.948
G1 X131.815 Y405.907 F3554.948
G1 X131.588 Y406.555 F3554.948
G1 X131.361 Y407.202 F3554.948
G1 X131.142 Y407.837 F3554.948
G1 X130.923 Y408.471 F3554.948
G1 X130.703 Y409.105 F3554.948
G1 X130.484 Y409.740 F3554.948
G1 X130.265 Y410.374 F3554.948
G1 X130.052 Y410.997 F3554.948
G1 X129.839 Y411.620 F3554.948
G1 X129.626 Y412.243 F3554.948
G1 X129.413 Y412.866 F3554.948
G1 X129.200 Y413.489 F3554.948
G1 X128.991 Y414.104 F3554.948
G1 X128.782 Y414.719 F3554.948
G1 X128.573 Y415.333 F3554.948
G1 X128.364 Y415.948 F3554.948
G1 X128.155 Y416.563 F3554.948
G1 X127.949 Y417.171 F3554.948
G1 X127.743 Y417.779 F3554.948
G1 X127.536 Y418.387 F3554.948
G1 X127.330 Y418.994 F3554.948
G1 X127.124 Y419.602 F3554.948
G1 X126.868 Y420.355 F3554.948
G1 X126.612 Y421.107 F3554.948
G1 X126.356 Y421.860 F3554.948
G1 X126.100 Y422.612 F3554.948
G1 X125.845 Y423.358 F3554.948
G1 X125.591 Y424.103 F3554.948
G1 X125.336 Y424.849 F3554.948
G1 X125.082 Y425.594 F3554.948
G1 X124.828 Y426.334 F3554.948
G1 X124.573 Y427.074 F3554.948
G1 X124.319 Y427.813 F3554.948
G1 X124.065 Y428.553 F3554.948
G1 X123.809 Y429.287 F3554.948
G1 X123.553 Y430.022 F3554.948
G1 X123.298 Y430.757 F3554.948
G1 X123.042 Y431.491 F3554.948
G1 X122.784 Y432.222 F3554.948
G1 X122.526 Y432.953 F3554.948
G1 X122.268 Y433.685 F3554.948
G1 X122.010 Y434.416 F3554.948
G1 X121.748 Y435.146 F3554.948
G1 X121.487 Y435.876 F3554.948
G1 X121.225 Y436.606 F3554.948
G1 X120.964 Y437.336 F3554.948
G1 X120.698 Y438.067 F3554.948
G1 X120.432 Y438.797 F3554.948
G1 X120.166 Y439.527 F3554.948
G1 X119.900 Y440.258 F3554.948
G1 X119.630 Y440.987 F3554.948
G1 X119.361 Y441.717 F3554.948
G1 X119.091 Y442.446 F3554.948
G1 X118.821 Y443.175 F3554.948
G1 X118.549 Y443.902 F3554.948
G1 X118.277 Y444.629 F3554.948
G1 X118.006 Y445.355 F3554.948
G1 X117.734 Y446.082 F3554.948
G1 X117.462 Y446.805 F3554.948
G1 X117.190 Y447.527 F3554.948
G1 X116.918 Y448.250 F3554.948
G1 X116.646 Y448.972 F3554.948
G1 X116.375 Y449.690 F3554.948
G1 X116.104 Y450.408 F3554.948
G1 X115.832 Y451.126 F3554.948
G1 X115.561 Y451.844 F3554.948
G1 X115.291 Y452.557 F3554.948
G1 X115.020 Y453.271 F3554.948
G1 X114.750 Y453.984 F3554.948
G1 X114.479 Y454.698 F3554.948
G1 X114.209 Y455.408 F3554.948
G1 X113.938 Y456.117 F3554.948
G1 X113.668 Y456.827 F3554.948
G1 X113.398 Y457.537 F3554.948
G1 X113.127 Y458.244 F3554.948
G1 X112.857 Y458.952 F3554.948
G1 X112.587 Y459.660 F3554.948
G1 X112.317 Y460.367 F3554.948
G1 X112.049 Y461.072 F3554.948
G1 X111.780 Y461.778 F3554.948
G1 X111.511 Y462.483 F3554.948
G1 X111.243 Y463.188 F3554.948
G1 X110.977 Y463.891 F3554.948
G1 X110.712 Y464.594 F3554.948
G1 X110.446 Y465.297 F3554.948
G1 X110.180 Y466.000 F3554.948
G1 X109.918 Y466.701 F3554.948
G1 X109.655 Y467.402 F3554.948
G1 X109.393 Y468.104 F3554.948
G1 X109.130 Y468.805 F3554.948
G1 X108.869 Y469.507 F3554.948
G1 X108.609 Y470.208 F3554.948
G1 X108.348 Y470.909 F3554.948
G1 X108.087 Y471.611 F3554.948
G1 X107.827 Y472.312 F3554.948
G1 X107.567 Y473.012 F3554.948
G1 X107.307 Y473.713 F3554.948
G1 X107.048 Y474.414 F3554.948
G1 X106.789 Y475.113 F3554.948
G1 X106.530 Y475.812 F3554.948
G1 X106.271 Y476.510 F3554.948
G1 X106.012 Y477.209 F3554.948
G1 X105.755 Y477.906 F3554.948
G1 X105.498 Y478.603 F3554.948
G1 X105.241 Y479.300 F3554.948
G1 X104.984 Y479.997 F3554.948
G1 X104.729 Y480.693 F3554.948
G1 X104.475 Y481.390 F3554.948
G1 X104.220 Y482.086 F3554.948
G1 X103.966 Y482.782 F3554.948
G1 X103.714 Y483.476 F3554.948
G1 X103.462 Y484.170 F3554.948
G1 X103.211 Y484.864 F3554.948
G1 X102.959 Y485.558 F3554.948
G1 X102.710 Y486.249 F3554.948
G1 X102.460 Y486.940 F3554.948
G1 X102.211 Y487.631 F3554.948
G1 X101.961 Y488.322 F3554.948
G1 X101.713 Y489.012 F3554.948
G1 X101.465 Y489.702 F3554.948
G1 X101.216 Y490.392 F3554.948
G1 X100.968 Y491.082 F3554.948
G1 X100.719 Y491.755 F3554.948
G1 X100.471 Y492.429 F3554.948
G1 X100.223 Y493.102 F3554.948
G1 X99.974 Y493.775 F3554.948
G1 X99.727 Y494.365 F3554.948
G1 X99.479 Y494.956 F3554.948
G1 X99.232 Y495.546 F3554.948
G1 X98.985 Y496.136 F3554.948
G1 X98.657 Y496.700 F3554.948
G1 X98.329 Y497.263 F3554.948
G1 X98.001 Y497.827 F3554.948
G1 X97.514 Y498.243 F3554.948
G1 X97.027 Y498.659 F3554.948
G1 X96.543 Y498.668 F3554.948
G1 X96.059 Y498.676 F3554.948
G1 X95.573 Y498.297 F3554.948
G1 X95.088 Y497.919 F3554.948
G1 X94.754 Y497.422 F3554.948
G1 X94.420 Y496.925 F3554.948
G1 X94.086 Y496.428 F3554.948
G1 X93.726 Y495.733 F3554.948
G1 X93.366 Y495.038 F3554.948
G1 X93.006 Y494.343 F3554.948
G1 X92.705 Y493.750 F3554.948
G1 X92.405 Y493.156 F3554.948
G1 X92.105 Y492.563 F3554.948
G1 X91.805 Y491.969 F3554.948
G1 X91.467 Y491.373 F3554.948
G1 X91.129 Y490.776 F3554.948
G1 X90.791 Y490.179 F3554.948
G1 X90.453 Y489.582 F3554.948
G1 X90.070 Y488.983 F3554.948
G1 X89.688 Y488.384 F3554.948
G1 X89.305 Y487.785 F3554.948
G1 X88.922 Y487.186 F3554.948
G1 X88.491 Y486.581 F3554.948
G1 X88.060 Y485.976 F3554.948
G1 X87.629 Y485.372 F3554.948
G1 X87.198 Y484.767 F3554.948
G1 X86.723 Y484.150 F3554.948
G1 X86.248 Y483.533 F3554.948
G1 X85.774 Y482.916 F3554.948
G1 X85.299 Y482.299 F3554.948
G1 X84.891 Y481.797 F3554.948
G1 X84.482 Y481.294 F3554.948
G1 X84.074 Y480.792 F3554.948
G1 X83.666 Y480.289 F3554.948
G1 X83.258 Y479.786 F3554.948
G1 X82.831 Y479.278 F3554.948
G1 X82.404 Y478.769 F3554.948
G1 X81.977 Y478.260 F3554.948
G1 X81.550 Y477.752 F3554.948
G1 X81.123 Y477.243 F3554.948
G1 X80.686 Y476.732 F3554.948
G1 X80.248 Y476.221 F3554.948
G1 X79.811 Y475.710 F3554.948
G1 X79.374 Y475.198 F3554.948
G1 X78.936 Y474.687 F3554.948
G1 X78.494 Y474.177 F3554.948
G1 X78.052 Y473.666 F3554.948
G1 X77.610 Y473.156 F3554.948
G1 X77.168 Y472.645 F3554.948
G1 X76.726 Y472.134 F3554.948
G1 X76.284 Y471.626 F3554.948
G1 X75.841 Y471.117 F3554.948
G1 X75.399 Y470.609 F3554.948
G1 X74.956 Y470.100 F3554.948
G1 X74.514 Y469.592 F3554.948
G1 X74.073 Y469.087 F3554.948
G1 X73.632 Y468.581 F3554.948
G1 X73.191 Y468.076 F3554.948
G1 X72.751 Y467.571 F3554.948
G1 X72.310 Y467.066 F3554.948
G1 X71.872 Y466.565 F3554.948
G1 X71.434 Y466.064 F3554.948
G1 X70.997 Y465.563 F3554.948
G1 X70.559 Y465.062 F3554.948
G1 X70.121 Y464.561 F3554.948
G1 X69.688 Y464.065 F3554.948
G1 X69.254 Y463.569 F3554.948
G1 X68.820 Y463.073 F3554.948
G1 X68.387 Y462.577 F3554.948
G1 X67.953 Y462.081 F3554.948
G1 X67.524 Y461.590 F3554.948
G1 X67.096 Y461.099 F3554.948
G1 X66.667 Y460.608 F3554.948
G1 X66.238 Y460.117 F3554.948
G1 X65.810 Y459.626 F3554.948
G1 X65.386 Y459.141 F3554.948
G1 X64.962 Y458.655 F3554.948
G1 X64.538 Y458.170 F3554.948
G1 X64.114 Y457.684 F3554.948
G1 X63.691 Y457.198 F3554.948
G1 X63.167 Y456.596 F3554.948
G1 X62.643 Y455.995 F3554.948
G1 X62.119 Y455.393 F3554.948
G1 X61.595 Y454.791 F3554.948
G1 X61.076 Y454.194 F3554.948
G1 X60.558 Y453.597 F3554.948
G1 X60.039 Y453.000 F3554.948
G1 X59.521 Y452.404 F3554.948
G1 X59.008 Y451.812 F3554.948
G1 X58.495 Y451.220 F3554.948
G1 X57.982 Y450.629 F3554.948
G1 X57.470 Y450.037 F3554.948
G1 X56.962 Y449.450 F3554.948
G1 X56.455 Y448.862 F3554.948
G1 X55.948 Y448.275 F3554.948
G1 X55.441 Y447.688 F3554.948
G1 X54.939 Y447.105 F3554.948
G1 X54.437 Y446.522 F3554.948
G1 X53.935 Y445.939 F3554.948
G1 X53.433 Y445.356 F3554.948
G1 X52.936 Y444.777 F3554.948
G1 X52.439 Y444.197 F3554.948
G1 X51.942 Y443.618 F3554.948
G1 X51.445 Y443.038 F3554.948
G1 X50.954 Y442.463 F3554.948
G1 X50.463 Y441.888 F3554.948
G1 X49.971 Y441.312 F3554.948
G1 X49.480 Y440.737 F3554.948
G1 X48.994 Y440.165 F3554.948
G1 X48.508 Y439.594 F3554.948
G1 X48.022 Y439.023 F3554.948
G1 X47.536 Y438.451 F3554.948
G1 X47.055 Y437.884 F3554.948
G1 X46.573 Y437.316 F3554.948
G1 X46.091 Y436.748 F3554.948
G1 X45.610 Y436.181 F3554.948
G1 X45.132 Y435.616 F3554.948
G1 X44.653 Y435.051 F3554.948
G1 X44.175 Y434.487 F3554.948
G1 X43.696 Y433.922 F3554.948
G1 X43.219 Y433.359 F3554.948
G1 X42.743 Y432.795 F3554.948
G1 X42.266 Y432.232 F3554.948
G1 X41.789 Y431.668 F3554.948
G1 X41.313 Y431.104 F3554.948
G1 X40.837 Y430.540 F3554.948
G1 X40.361 Y429.977 F3554.948
G1 X39.885 Y429.413 F3554.948
G1 X39.409 Y428.848 F3554.948
G1 X38.934 Y428.282 F3554.948
G1 X38.458 Y427.717 F3554.948
G1 X37.982 Y427.152 F3554.948
G1 X37.513 Y426.587 F3554.948
G1 X37.044 Y426.022 F3554.948
G1 X36.574 Y425.457 F3554.948
G1 X36.105 Y424.892 F3554.948
G1 X35.655 Y424.328 F3554.948
G1 X35.205 Y423.764 F3554.948
G1 X34.755 Y423.201 F3554.948
G1 X34.305 Y422.637 F3554.948
G1 X33.903 Y422.073 F3554.948
G1 X33.500 Y421.510 F3554.948
G1 X33.098 Y420.947 F3554.948
G1 X32.696 Y420.384 F3554.948
G1 X32.397 Y419.822 F3554.948
G1 X32.099 Y419.260 F3554.948
G1 X31.801 Y418.697 F3554.948
G1 X31.503 Y418.135 F3554.948
G1 X31.297 Y417.384 F3554.948
G1 X31.090 Y416.632 F3554.948
G1 X30.884 Y415.881 F3554.948
G1 X30.894 Y415.125 F3554.948
G1 X30.905 Y414.369 F3554.948
G1 X30.915 Y413.613 F3554.948
G1 X31.134 Y412.846 F3554.948
G1 X31.353 Y412.080 F3554.948
G1 X31.572 Y411.314 F3554.948
G1 X31.866 Y410.726 F3554.948
G1 X32.160 Y410.139 F3554.948
G1 X32.454 Y409.552 F3554.948
G1 X32.748 Y408.965 F3554.948
G1 X33.130 Y408.363 F3554.948
G1 X33.513 Y407.761 F3554.948
G1 X33.895 Y407.159 F3554.948
G1 X34.277 Y406.557 F3554.948
G1 X34.695 Y405.939 F3554.948
G1 X35.113 Y405.321 F3554.948
G1 X35.531 Y404.703 F3554.948
G1 X35.949 Y404.084 F3554.948
G1 X36.379 Y403.453 F3554.948
G1 X36.809 Y402.821 F3554.948
G1 X37.238 Y402.189 F3554.948
G1 X37.668 Y401.557 F3554.948
G1 X38.102 Y400.916 F3554.948
G1 X38.535 Y400.274 F3554.948
G1 X38.969 Y399.632 F3554.948
G1 X39.402 Y398.991 F3554.948
G1 X39.834 Y398.343 F3554.948
G1 X40.265 Y397.696 F3554.948
G1 X40.696 Y397.048 F3554.948
G1 X41.128 Y396.401 F3554.948
G1 X41.556 Y395.750 F3554.948
G1 X41.985 Y395.100 F3554.948
G1 X42.414 Y394.450 F3554.948
G1 X42.842 Y393.799 F3554.948
G1 X43.269 Y393.148 F3554.948
G1 X43.695 Y392.497 F3554.948
G1 X44.122 Y391.845 F3554.948
G1 X44.548 Y391.194 F3554.948
G1 X44.973 Y390.542 F3554.948
G1 X45.397 Y389.890 F3554.948
G1 X45.822 Y389.238 F3554.948
G1 X46.247 Y388.586 F3554.948
G1 X46.670 Y387.935 F3554.948
G1 X47.094 Y387.285 F3554.948
G1 X47.517 Y386.634 F3554.948
G1 X47.941 Y385.983 F3554.948
G1 X48.362 Y385.337 F3554.948
G1 X48.784 Y384.690 F3554.948
G1 X49.205 Y384.043 F3554.948
G1 X49.627 Y383.397 F3554.948
G1 X50.045 Y382.756 F3554.948
G1 X50.463 Y382.115 F3554.948
G1 X50.882 Y381.474 F3554.948
G1 X51.300 Y380.833 F3554.948
G1 X51.715 Y380.200 F3554.948
G1 X52.130 Y379.566 F3554.948
G1 X52.546 Y378.932 F3554.948
G1 X52.961 Y378.299 F3554.948
G1 X53.372 Y377.671 F3554.948
G1 X53.784 Y377.043 F3554.948
G1 X54.196 Y376.416 F3554.948
G1 X54.608 Y375.788 F3554.948
G1 X55.018 Y375.162 F3554.948
G1 X55.427 Y374.535 F3554.948
G1 X55.837 Y373.909 F3554.948
G1 X56.246 Y373.283 F3554.948
G1 X56.653 Y372.657 F3554.948
G1 X57.060 Y372.032 F3554.948
G1 X57.467 Y371.406 F3554.948
G1 X57.873 Y370.781 F3554.948
G1 X58.276 Y370.157 F3554.948
G1 X58.679 Y369.532 F3554.948
G1 X59.082 Y368.908 F3554.948
G1 X59.485 Y368.284 F3554.948
G1 X59.883 Y367.665 F3554.948
G1 X60.280 Y367.046 F3554.948
G1 X60.678 Y366.427 F3554.948
G1 X61.075 Y365.808 F3554.948
G1 X61.468 Y365.198 F3554.948
G1 X61.860 Y364.588 F3554.948
G1 X62.253 Y363.978 F3554.948
G1 X62.645 Y363.368 F3554.948
G1 X63.034 Y362.769 F3554.948
G1 X63.423 Y362.171 F3554.948
G1 X63.812 Y361.572 F3554.948
G1 X64.201 Y360.973 F3554.948
G1 X64.588 Y360.388 F3554.948
G1 X64.976 Y359.802 F3554.948
G1 X65.363 Y359.217 F3554.948
G1 X65.750 Y358.632 F3554.948
G1 X66.137 Y358.065 F3554.948
G1 X66.524 Y357.499 F3554.948
G1 X66.911 Y356.932 F3554.948
G1 X67.297 Y356.366 F3554.948
G1 X67.682 Y355.824 F3554.948
G1 X68.066 Y355.283 F3554.948
G1 X68.450 Y354.742 F3554.948
G1 X68.834 Y354.200 F3554.948
G1 X69.215 Y353.691 F3554.948
G1 X69.596 Y353.182 F3554.948
G1 X69.976 Y352.673 F3554.948
G1 X70.357 Y352.164 F3554.948
G1 X70.733 Y351.693 F3554.948
G1 X71.109 Y351.222 F3554.948
G1 X71.485 Y350.750 F3554.948
G1 X71.861 Y350.279 F3554.948
G1 X72.355 Y349.706 F3554.948
G1 X72.849 Y349.133 F3554.948
G1 X73.343 Y348.560 F3554.948
G1 X73.829 Y348.045 F3554.948
G1 X74.316 Y347.530 F3554.948
G1 X74.802 Y347.015 F3554.948
G1 X75.279 Y346.555 F3554.948
G1 X75.756 Y346.095 F3554.948
G1 X76.234 Y345.635 F3554.948
G1 X76.701 Y345.227 F3554.948
G1 X77.169 Y344.818 F3554.948
G1 X77.637 Y344.410 F3554.948
G1 X78.098 Y344.046 F3554.948
G1 X78.559 Y343.681 F3554.948
G1 X79.020 Y343.317 F3554.948
G1 X79.479 Y342.985 F3554.948
G1 X79.938 Y342.653 F3554.948
G1 X80.397 Y342.321 F3554.948
G1 X80.859 Y342.010 F3554.948
G1 X81.322 Y341.698 F3554.948
G1 X81.785 Y341.387 F3554.948
G1 X82.259 Y341.084 F3554.948
G1 X82.733 Y340.780 F3554.948
G1 X83.206 Y340.477 F3554.948
G1 X83.696 Y340.169 F3554.948
G1 X84.186 Y339.861 F3554.948
G1 X84.676 Y339.553 F3554.948
G1 X85.188 Y339.227 F3554.948
G1 X85.700 Y338.902 F3554.948
G1 X86.212 Y338.576 F3554.948
G1 X86.751 Y338.219 F3554.948
G1 X87.290 Y337.862 F3554.948
G1 X87.829 Y337.505 F3554.948
G1 X88.398 Y337.102 F3554.948
G1 X88.968 Y336.698 F3554.948
G1 X89.538 Y336.295 F3554.948
G1 X90.143 Y335.833 F3554.948
G1 X90.748 Y335.372 F3554.948
G1 X91.353 Y334.910 F3554.948
G1 X91.833 Y334.511 F3554.948
G1 X92.314 Y334.113 F3554.948
G1 X92.795 Y333.715 F3554.948
G1 X93.276 Y333.316 F3554.948
G1 X93.785 Y332.857 F3554.948
G1 X94.294 Y332.397 F3554.948
G1 X94.802 Y331.938 F3554.948
G1 X95.311 Y331.478 F3554.948
G1 X95.843 Y330.959 F3554.948
G1 X96.375 Y330.441 F3554.948
G1 X96.906 Y329.922 F3554.948
G1 X97.438 Y329.403 F3554.948
G1 X97.988 Y328.826 F3554.948
G1 X98.537 Y328.249 F3554.948
G1 X99.087 Y327.672 F3554.948
G1 X99.636 Y327.095 F3554.948
G1 X100.084 Y326.597 F3554.948
G1 X100.531 Y326.099 F3554.948
G1 X100.979 Y325.600 F3554.948
G1 X101.426 Y325.102 F3554.948
G1 X101.874 Y324.604 F3554.948
G1 X102.323 Y324.080 F3554.948
G1 X102.772 Y323.555 F3554.948
G1 X103.221 Y323.031 F3554.948
G1 X103.670 Y322.506 F3554.948
G1 X104.119 Y321.982 F3554.948
G1 X104.562 Y321.443 F3554.948
G1 X105.006 Y320.903 F3554.948
G1 X105.450 Y320.364 F3554.948
G1 X105.894 Y319.825 F3554.948
G1 X106.338 Y319.286 F3554.948
G1 X106.772 Y318.743 F3554.948
G1 X107.206 Y318.199 F3554.948
G1 X107.640 Y317.655 F3554.948
G1 X108.074 Y317.111 F3554.948
G1 X108.508 Y316.567 F3554.948
G1 X108.930 Y316.024 F3554.948
G1 X109.353 Y315.482 F3554.948
G1 X109.775 Y314.939 F3554.948
G1 X110.198 Y314.397 F3554.948
G1 X110.620 Y313.854 F3554.948
G1 X111.029 Y313.317 F3554.948
G1 X111.438 Y312.780 F3554.948
G1 X111.846 Y312.243 F3554.948
G1 X112.255 Y311.706 F3554.948
G1 X112.664 Y311.169 F3554.948
G1 X113.058 Y310.642 F3554.948
G1 X113.452 Y310.114 F3554.948
G1 X113.845 Y309.587 F3554.948
G1 X114.239 Y309.060 F3554.948
G1 X114.633 Y308.533 F3554.948
G1 X115.104 Y307.891 F3554.948
G1 X115.575 Y307.248 F3554.948
G1 X116.046 Y306.606 F3554.948
G1 X116.517 Y305.963 F3554.948
G1 X116.968 Y305.338 F3554.948
G1 X117.418 Y304.712 F3554.948
G1 X117.869 Y304.087 F3554.948
G1 X118.319 Y303.461 F3554.948
G1 X118.751 Y302.850 F3554.948
G1 X119.184 Y302.239 F3554.948
G1 X119.616 Y301.629 F3554.948
G1 X120.049 Y301.018 F3554.948
G1 X120.467 Y300.417 F3554.948
G1 X120.886 Y299.817 F3554.948
G1 X121.304 Y299.217 F3554.948
G1 X121.723 Y298.616 F3554.948
G1 X122.127 Y298.020 F3554.948
G1 X122.531 Y297.424 F3554.948
G1 X122.935 Y296.829 F3554.948
G1 X123.340 Y296.233 F3554.948
G1 X123.730 Y295.640 F3554.948
G1 X124.121 Y295.047 F3554.948
G1 X124.511 Y294.454 F3554.948
G1 X124.901 Y293.861 F3554.948
G1 X125.277 Y293.270 F3554.948
G1 X125.653 Y292.679 F3554.948
G1 X126.029 Y292.087 F3554.948
G1 X126.405 Y291.496 F3554.948
G1 X126.768 Y290.908 F3554.948
G1 X127.130 Y290.320 F3554.948
G1 X127.492 Y289.733 F3554.948
G1 X127.855 Y289.145 F3554.948
G1 X128.205 Y288.561 F3554.948
G1 X128.555 Y287.977 F3554.948
G1 X128.905 Y287.393 F3554.948
G1 X129.255 Y286.809 F3554.948
G1 X129.593 Y286.228 F3554.948
G1 X129.931 Y285.647 F3554.948
G1 X130.270 Y285.067 F3554.948
G1 X130.608 Y284.486 F3554.948
G1 X130.935 Y283.911 F3554.948
G1 X131.262 Y283.336 F3554.948
G1 X131.589 Y282.762 F3554.948
G1 X131.916 Y282.187 F3554.948
G1 X132.230 Y281.620 F3554.948
G1 X132.545 Y281.053 F3554.948
G1 X132.860 Y280.486 F3554.948
G1 X133.174 Y279.920 F3554.948
G1 X133.476 Y279.361 F3554.948
G1 X133.778 Y278.802 F3554.948
G1 X134.080 Y278.243 F3554.948
G1 X134.382 Y277.685 F3554.948
G1 X134.674 Y277.132 F3554.948
G1 X134.965 Y276.579 F3554.948
G1 X135.256 Y276.027 F3554.948
G1 X135.548 Y275.474 F3554.948
G1 X135.831 Y274.922 F3554.948
G1 X136.114 Y274.371 F3554.948
G1 X136.398 Y273.819 F3554.948
G1 X136.681 Y273.267 F3554.948
G1 X136.958 Y272.714 F3554.948
G1 X137.234 Y272.160 F3554.948
G1 X137.511 Y271.606 F3554.948
G1 X137.788 Y271.052 F3554.948
G1 X138.061 Y270.491 F3554.948
G1 X138.333 Y269.930 F3554.948
G1 X138.606 Y269.370 F3554.948
G1 X138.879 Y268.809 F3554.948
G1 X139.152 Y268.243 F3554.948
G1 X139.425 Y267.677 F3554.948
G1 X139.699 Y267.111 F3554.948
G1 X139.972 Y266.545 F3554.948
G1 X140.248 Y265.974 F3554.948
G1 X140.524 Y265.402 F3554.948
G1 X140.800 Y264.831 F3554.948
G1 X141.076 Y264.260 F3554.948
G1 X141.356 Y263.686 F3554.948
G1 X141.635 Y263.111 F3554.948
G1 X141.915 Y262.536 F3554.948
G1 X142.195 Y261.961 F3554.948
G1 X142.481 Y261.379 F3554.948
G1 X142.767 Y260.797 F3554.948
G1 X143.054 Y260.215 F3554.948
G1 X143.340 Y259.633 F3554.948
G1 X143.636 Y259.036 F3554.948
G1 X143.931 Y258.438 F3554.948
G1 X144.227 Y257.841 F3554.948
G1 X144.523 Y257.244 F3554.948
G1 X144.827 Y256.636 F3554.948
G1 X145.131 Y256.028 F3554.948
G1 X145.435 Y255.420 F3554.948
G1 X145.739 Y254.812 F3554.948
G1 X146.051 Y254.195 F3554.948
G1 X146.362 Y253.578 F3554.948
G1 X146.674 Y252.961 F3554.948
G1 X146.986 Y252.344 F3554.948
G1 X147.305 Y251.717 F3554.948
G1 X147.624 Y251.090 F3554.948
G1 X147.943 Y250.463 F3554.948
G1 X148.263 Y249.835 F3554.948
G1 X148.594 Y249.195 F3554.948
G1 X148.925 Y248.554 F3554.948
G1 X149.256 Y247.913 F3554.948
G1 X149.587 Y247.272 F3554.948
G1 X149.935 Y246.610 F3554.948
G1 X150.282 Y245.949 F3554.948
G1 X150.629 Y245.287 F3554.948
G1 X150.976 Y244.626 F3554.948
G1 X151.342 Y243.943 F3554.948
G1 X151.707 Y243.259 F3554.948
G1 X152.073 Y242.576 F3554.948
G1 X152.438 Y241.893 F3554.948
G1 X152.822 Y241.194 F3554.948
G1 X153.206 Y240.494 F3554.948
G1 X153.590 Y239.795 F3554.948
G1 X153.973 Y239.096 F3554.948
G1 X154.295 Y238.527 F3554.948
G1 X154.617 Y237.958 F3554.948
G1 X154.939 Y237.389 F3554.948
G1 X155.261 Y236.821 F3554.948
G1 X155.583 Y236.252 F3554.948
G1 X155.922 Y235.673 F3554.948
G1 X156.260 Y235.094 F3554.948
G1 X156.598 Y234.515 F3554.948
G1 X156.937 Y233.936 F3554.948
G1 X157.275 Y233.357 F3554.948
G1 X157.630 Y232.770 F3554.948
G1 X157.984 Y232.184 F3554.948
G1 X158.339 Y231.597 F3554.948
G1 X158.694 Y231.010 F3554.948
G1 X159.049 Y230.423 F3554.948
G1 X159.419 Y229.830 F3554.948
G1 X159.790 Y229.237 F3554.948
G1 X160.160 Y228.643 F3554.948
G1 X160.531 Y228.050 F3554.948
G1 X160.901 Y227.457 F3554.948
G1 X161.282 Y226.862 F3554.948
G1 X161.663 Y226.267 F3554.948
G1 X162.044 Y225.673 F3554.948
G1 X162.425 Y225.078 F3554.948
G1 X162.806 Y224.483 F3554.948
G1 X163.190 Y223.893 F3554.948
G1 X163.574 Y223.302 F3554.948
G1 X163.958 Y222.711 F3554.948
G1 X164.342 Y222.121 F3554.948
G1 X164.726 Y221.530 F3554.948
G1 X165.106 Y220.948 F3554.948
G1 X165.486 Y220.366 F3554.948
G1 X165.866 Y219.784 F3554.948
G1 X166.246 Y219.202 F3554.948
G1 X166.627 Y218.620 F3554.948
G1 X167.000 Y218.048 F3554.948
G1 X167.372 Y217.476 F3554.948
G1 X167.745 Y216.904 F3554.948
G1 X168.118 Y216.332 F3554.948
G1 X168.491 Y215.760 F3554.948
G1 X168.854 Y215.198 F3554.948
G1 X169.216 Y214.636 F3554.948
G1 X169.579 Y214.074 F3554.948
G1 X169.942 Y213.512 F3554.948
G1 X170.304 Y212.950 F3554.948
G1 X170.655 Y212.399 F3554.948
G1 X171.005 Y211.847 F3554.948
G1 X171.355 Y211.296 F3554.948
G1 X171.705 Y210.744 F3554.948
G1 X172.056 Y210.193 F3554.948
G1 X172.475 Y209.520 F3554.948
G1 X172.895 Y208.846 F3554.948
G1 X173.315 Y208.173 F3554.948
G1 X173.734 Y207.499 F3554.948
G1 X174.134 Y206.847 F3554.948
G1 X174.533 Y206.195 F3554.948
G1 X174.933 Y205.543 F3554.948
G1 X175.333 Y204.891 F3554.948
G1 X175.703 Y204.263 F3554.948
G1 X176.074 Y203.635 F3554.948
G1 X176.444 Y203.008 F3554.948
G1 X176.815 Y202.380 F3554.948
G1 X177.157 Y201.799 F3554.948
G1 X177.499 Y201.218 F3554.948
G1 X177.841 Y200.638 F3554.948
G1 X178.184 Y200.057 F3554.948
G1 X178.494 Y199.539 F3554.948
G1 X178.804 Y199.022 F3554.948
G1 X179.114 Y198.505 F3554.948
G1 X179.424 Y197.988 F3554.948
G1 X179.791 Y197.400 F3554.948
G1 X180.158 Y196.813 F3554.948
G1 X180.526 Y196.226 F3554.948
G1 X180.849 Y195.741 F3554.948
G1 X181.172 Y195.255 F3554.948
G1 X181.496 Y194.770 F3554.948
G1 X181.918 Y194.192 F3554.948
G1 X182.339 Y193.614 F3554.948
G1 X182.701 Y193.172 F3554.948
G1 X183.062 Y192.730 F3554.948
G1 X183.363 Y192.416 F3554.948
G1 X183.664 Y192.101 F3554.948
G1 X184.148 Y191.709 F3554.948
G1 X184.517 Y191.542 F3554.948
G1 X184.778 Y191.582 F3554.948
G1 X184.937 Y191.826 F3554.948
G1 X185.005 Y192.267 F3554.948
G1 X184.989 Y192.913 F3554.948
G1 X184.943 Y193.342 F3554.948
G1 X184.897 Y193.770 F3554.948
G1 X184.816 Y194.314 F3554.948
G1 X184.735 Y194.858 F3554.948
G1 X184.621 Y195.532 F3554.948
G1 X184.508 Y196.207 F3554.948
G1 X184.411 Y196.757 F3554.948
G1 X184.315 Y197.306 F3554.948
G1 X184.219 Y197.855 F3554.948
G1 X184.103 Y198.521 F3554.948
G1 X183.987 Y199.187 F3554.948
G1 X183.871 Y199.853 F3554.948
G1 X183.737 Y200.641 F3554.948
G1 X183.604 Y201.430 F3554.948
G1 X183.471 Y202.218 F3554.948
G1 X183.361 Y202.900 F3554.948
G1 X183.250 Y203.582 F3554.948
G1 X183.140 Y204.264 F3554.948
G1 X183.030 Y204.946 F3554.948
G1 X182.914 Y205.709 F3554.948
G1 X182.798 Y206.472 F3554.948
G1 X182.681 Y207.234 F3554.948
G1 X182.565 Y207.997 F3554.948
G1 X182.471 Y208.661 F3554.948
G1 X182.378 Y209.325 F3554.948
G1 X182.284 Y209.989 F3554.948
G1 X182.190 Y210.653 F3554.948
G1 X182.096 Y211.317 F3554.948
G1 X182.004 Y212.024 F3554.948
G1 X181.911 Y212.730 F3554.948
G1 X181.819 Y213.437 F3554.948
G1 X181.727 Y214.143 F3554.948
G1 X181.635 Y214.850 F3554.948
G1 X181.546 Y215.585 F3554.948
G1 X181.457 Y216.321 F3554.948
G1 X181.368 Y217.056 F3554.948
G1 X181.279 Y217.792 F3554.948
G1 X181.191 Y218.527 F3554.948
G1 X181.105 Y219.280 F3554.948
G1 X181.019 Y220.033 F3554.948
G1 X180.934 Y220.786 F3554.948
G1 X180.848 Y221.539 F3554.948
G1 X180.762 Y222.292 F3554.948
G1 X180.678 Y223.050 F3554.948
G1 X180.593 Y223.808 F3554.948
G1 X180.509 Y224.566 F3554.948
G1 X180.425 Y225.323 F3554.948
G1 X180.340 Y226.081 F3554.948
G1 X180.254 Y226.834 F3554.948
G1 X180.168 Y227.587 F3554.948
G1 X180.082 Y228.340 F3554.948
G1 X179.996 Y229.093 F3554.948
G1 X179.910 Y229.846 F3554.948
G1 X179.818 Y230.585 F3554.948
G1 X179.727 Y231.324 F3554.948
G1 X179.636 Y232.062 F3554.948
G1 X179.544 Y232.801 F3554.948
G1 X179.453 Y233.540 F3554.948
G1 X179.354 Y234.255 F3554.948
G1 X179.254 Y234.970 F3554.948
G1 X179.155 Y235.684 F3554.948
G1 X179.055 Y236.399 F3554.948
G1 X178.956 Y237.114 F3554.948
G1 X178.845 Y237.794 F3554.948
G1 X178.735 Y238.473 F3554.948
G1 X178.624 Y239.153 F3554.948
G1 X178.514 Y239.832 F3554.948
G1 X178.403 Y240.512 F3554.948
G1 X178.278 Y241.147 F3554.948
G1 X178.153 Y241.783 F3554.948
G1 X178.028 Y242.418 F3554.948
G1 X177.903 Y243.054 F3554.948
G1 X177.778 Y243.689 F3554.948
G1 X177.602 Y244.421 F3554.948
G1 X177.425 Y245.154 F3554.948
G1 X177.249 Y245.886 F3554.948
G1 X177.072 Y246.618 F3554.948
G1 X176.870 Y247.289 F3554.948
G1 X176.668 Y247.960 F3554.948
G1 X176.466 Y248.630 F3554.948
G1 X176.265 Y249.301 F3554.948
G1 X176.030 Y249.914 F3554.948
G1 X175.795 Y250.526 F3554.948
G1 X175.561 Y251.139 F3554.948
G1 X175.326 Y251.751 F3554.948
G1 X175.050 Y252.311 F3554.948
G1 X174.774 Y252.870 F3554.948
G1 X174.498 Y253.430 F3554.948
G1 X174.222 Y253.989 F3554.948
G1 X173.900 Y254.499 F3554.948
G1 X173.579 Y255.009 F3554.948
G1 X173.257 Y255.519 F3554.948
G1 X172.936 Y256.029 F3554.948
G1 X172.449 Y256.647 F3554.948
G1 X171.962 Y257.264 F3554.948
G1 X171.476 Y257.881 F3554.948
G1 X170.933 Y258.440 F3554.948
G1 X170.390 Y258.998 F3554.948
G1 X169.847 Y259.556 F3554.948
G1 X169.246 Y260.064 F3554.948
G1 X168.645 Y260.572 F3554.948
G1 X168.044 Y261.080 F3554.948
G1 X167.549 Y261.432 F3554.948
G1 X167.053 Y261.783 F3554.948
G1 X166.558 Y262.135 F3554.948
G1 X166.063 Y262.486 F3554.948
G1 X165.522 Y262.817 F3554.948
G1 X164.982 Y263.148 F3554.948
G1 X164.441 Y263.479 F3554.948
G1 X163.901 Y263.810 F3554.948
G1 X163.321 Y264.129 F3554.948
G1 X162.741 Y264.447 F3554.948
G1 X162.160 Y264.765 F3554.948
G1 X161.580 Y265.084 F3554.948
G1 X160.972 Y265.396 F3554.948
G1 X160.364 Y265.708 F3554.948
G1 X159.755 Y266.019 F3554.948
G1 X159.147 Y266.331 F3554.948
G1 X158.526 Y266.644 F3554.948
G1 X157.904 Y266.957 F3554.948
G1 X157.283 Y267.269 F3554.948
G1 X156.661 Y267.582 F3554.948
G1 X156.040 Y267.903 F3554.948
G1 X155.419 Y268.224 F3554.948
G1 X154.798 Y268.545 F3554.948
G1 X154.177 Y268.866 F3554.948
G1 X153.568 Y269.203 F3554.948
G1 X152.960 Y269.540 F3554.948
G1 X152.351 Y269.877 F3554.948
G1 X151.742 Y270.214 F3554.948
G1 X151.154 Y270.571 F3554.948
G1 X150.567 Y270.929 F3554.948
G1 X149.979 Y271.286 F3554.948
G1 X149.391 Y271.644 F3554.948
G1 X148.832 Y272.021 F3554.948
G1 X148.273 Y272.399 F3554.948
G1 X147.714 Y272.777 F3554.948
G1 X147.155 Y273.155 F3554.948
G1 X146.632 Y273.552 F3554.948
G1 X146.110 Y273.950 F3554.948
G1 X145.588 Y274.348 F3554.948
G1 X145.065 Y274.745 F3554.948
G1 X144.577 Y275.166 F3554.948
G1 X144.088 Y275.587 F3554.948
G1 X143.599 Y276.008 F3554.948
G1 X143.110 Y276.429 F3554.948
G1 X142.651 Y276.879 F3554.948
G1 X142.191 Y277.328 F3554.948
G1 X141.732 Y277.778 F3554.948
G1 X141.272 Y278.228 F3554.948
G1 X140.834 Y278.711 F3554.948
G1 X140.395 Y279.194 F3554.948
G1 X139.957 Y279.677 F3554.948
G1 X139.519 Y280.161 F3554.948
G1 X139.096 Y280.682 F3554.948
G1 X138.674 Y281.203 F3554.948
G1 X138.252 Y281.724 F3554.948
G1 X137.829 Y282.245 F3554.948
G1 X137.420 Y282.805 F3554.948
G1 X137.010 Y283.365 F3554.948
G1 X136.600 Y283.925 F3554.948
G1 X136.191 Y284.485 F3554.948
G1 X135.793 Y285.082 F3554.948
G1 X135.394 Y285.679 F3554.948
G1 X134.996 Y286.275 F3554.948
G1 X134.598 Y286.872 F3554.948
G1 X134.213 Y287.502 F3554.948
G1 X133.828 Y288.132 F3554.948
G1 X133.443 Y288.763 F3554.948
G1 X133.058 Y289.393 F3554.948
G1 X132.686 Y290.051 F3554.948
G1 X132.314 Y290.709 F3554.948
G1 X131.943 Y291.367 F3554.948
G1 X131.571 Y292.026 F3554.948
G1 X131.213 Y292.710 F3554.948
G1 X130.855 Y293.395 F3554.948
G1 X130.497 Y294.080 F3554.948
G1 X130.139 Y294.765 F3554.948
G1 X129.795 Y295.473 F3554.948
G1 X129.451 Y296.182 F3554.948
G1 X129.107 Y296.891 F3554.948
G1 X128.763 Y297.599 F3554.948
G1 X128.501 Y298.185 F3554.948
G1 X128.239 Y298.771 F3554.948
G1 X127.977 Y299.357 F3554.948
G1 X127.714 Y299.943 F3554.948
G1 X127.452 Y300.529 F3554.948
G1 X127.203 Y301.136 F3554.948
G1 X126.955 Y301.744 F3554.948
G1 X126.706 Y302.351 F3554.948
G1 X126.458 Y302.958 F3554.948
G1 X126.209 Y303.566 F3554.948
G1 X125.976 Y304.197 F3554.948
G1 X125.742 Y304.829 F3554.948
G1 X125.508 Y305.461 F3554.948
G1 X125.275 Y306.092 F3554.948
G1 X125.041 Y306.724 F3554.948
G1 X124.825 Y307.381 F3554.948
G1 X124.608 Y308.039 F3554.948
G1 X124.391 Y308.696 F3554.948
G1 X124.174 Y309.354 F3554.948
G1 X123.958 Y310.011 F3554.948
G1 X123.761 Y310.694 F3554.948
G1 X123.564 Y311.377 F3554.948
G1 X123.367 Y312.059 F3554.948
G1 X123.171 Y312.742 F3554.948
G1 X122.974 Y313.425 F3554.948
G1 X122.798 Y314.128 F3554.948
G1 X122.621 Y314.831 F3554.948
G1 X122.445 Y315.535 F3554.948
G1 X122.269 Y316.238 F3554.948
G1 X122.093 Y316.941 F3554.948
G1 X121.938 Y317.659 F3554.948
G1 X121.783 Y318.378 F3554.948
G1 X121.629 Y319.096 F3554.948
G1 X121.474 Y319.814 F3554.948
G1 X121.319 Y320.532 F3554.948
G1 X121.189 Y321.259 F3554.948
G1 X121.058 Y321.985 F3554.948
G1 X120.927 Y322.711 F3554.948
G1 X120.796 Y323.437 F3554.948
G1 X120.666 Y324.163 F3554.948
G1 X120.559 Y324.887 F3554.948
G1 X120.453 Y325.612 F3554.948
G1 X120.346 Y326.336 F3554.948
G1 X120.240 Y327.060 F3554.948
G1 X120.133 Y327.784 F3554.948
G1 X120.050 Y328.496 F3554.948
G1 X119.967 Y329.207 F3554.948
G1 X119.883 Y329.918 F3554.948
G1 X119.800 Y330.629 F3554.948
G1 X119.717 Y331.341 F3554.948
G1 X119.656 Y332.026 F3554.948
G1 X119.594 Y332.712 F3554.948
G1 X119.533 Y333.398 F3554.948
G1 X119.472 Y334.083 F3554.948
G1 X119.410 Y334.769 F3554.948
G1 X119.369 Y335.421 F3554.948
G1 X119.328 Y336.074 F3554.948
G1 X119.286 Y336.726 F3554.948
G1 X119.245 Y337.379 F3554.948
G1 X119.204 Y338.031 F3554.948
G1 X119.172 Y338.805 F3554.948
G1 X119.140 Y339.579 F3554.948
G1 X119.108 Y340.353 F3554.948
G1 X119.076 Y341.126 F3554.948
G1 X119.057 Y341.866 F3554.948
G1 X119.037 Y342.605 F3554.948
G1 X119.018 Y343.345 F3554.948
G1 X118.999 Y344.085 F3554.948
G1 X118.984 Y344.806 F3554.948
G1 X118.968 Y345.528 F3554.948
G1 X118.953 Y346.250 F3554.948
G1 X118.937 Y346.971 F3554.948
G1 X118.916 Y347.696 F3554.948
G1 X118.896 Y348.420 F3554.948
G1 X118.875 Y349.144 F3554.948
G1 X118.854 Y349.868 F3554.948
G1 X118.819 Y350.615 F3554.948
G1 X118.784 Y351.362 F3554.948
G1 X118.749 Y352.110 F3554.948
G1 X118.714 Y352.857 F3554.948
G1 X118.657 Y353.647 F3554.948
G1 X118.601 Y354.436 F3554.948
G1 X118.545 Y355.225 F3554.948
G1 X118.489 Y356.015 F3554.948
G1 X118.423 Y356.687 F3554.948
G1 X118.358 Y357.359 F3554.948
G1 X118.293 Y358.031 F3554.948
G1 X118.228 Y358.703 F3554.948
G1 X118.163 Y359.375 F3554.948
G1 X118.077 Y360.086 F3554.948
G1 X117.991 Y360.796 F3554.948
G1 X117.905 Y361.506 F3554.948
G1 X117.819 Y362.217 F3554.948
G1 X117.733 Y362.927 F3554.948
G1 X117.629 Y363.667 F3554.948
G1 X117.524 Y364.406 F3554.948
G1 X117.420 Y365.145 F3554.948
G1 X117.316 Y365.885 F3554.948
G1 X117.211 Y366.624 F3554.948
G1 X117.093 Y367.380 F3554.948
G1 X116.974 Y368.135 F3554.948
G1 X116.856 Y368.890 F3554.948
G1 X116.737 Y369.646 F3554.948
G1 X116.619 Y370.401 F3554.948
G1 X116.490 Y371.159 F3554.948
G1 X116.361 Y371.918 F3554.948
G1 X116.233 Y372.676 F3554.948
G1 X116.104 Y373.435 F3554.948
G1 X115.975 Y374.193 F3554.948
G1 X115.839 Y374.945 F3554.948
G1 X115.703 Y375.697 F3554.948
G1 X115.567 Y376.449 F3554.948
G1 X115.431 Y377.201 F3554.948
G1 X115.295 Y377.953 F3554.948
G1 X115.152 Y378.692 F3554.948
G1 X115.010 Y379.431 F3554.948
G1 X114.868 Y380.170 F3554.948
G1 X114.726 Y380.909 F3554.948
G1 X114.584 Y381.648 F3554.948
G1 X114.435 Y382.369 F3554.948
G1 X114.286 Y383.091 F3554.948
G1 X114.138 Y383.812 F3554.948
G1 X113.989 Y384.534 F3554.948
G1 X113.840 Y385.256 F3554.948
G1 X113.683 Y385.959 F3554.948
G1 X113.526 Y386.662 F3554.948
G1 X113.369 Y387.365 F3554.948
G1 X113.212 Y388.068 F3554.948
G1 X113.055 Y388.771 F3554.948
G1 X112.888 Y389.458 F3554.948
G1 X112.721 Y390.144 F3554.948
G1 X112.554 Y390.831 F3554.948
G1 X112.387 Y391.517 F3554.948
G1 X112.220 Y392.204 F3554.948
G1 X112.041 Y392.874 F3554.948
G1 X111.863 Y393.545 F3554.948
G1 X111.685 Y394.216 F3554.948
G1 X111.507 Y394.887 F3554.948
G1 X111.329 Y395.558 F3554.948
G1 X111.139 Y396.213 F3554.948
G1 X110.950 Y396.869 F3554.948
G1 X110.760 Y397.524 F3554.948
G1 X110.571 Y398.179 F3554.948
G1 X110.381 Y398.835 F3554.948
G1 X110.180 Y399.474 F3554.948
G1 X109.978 Y400.114 F3554.948
G1 X109.777 Y400.754 F3554.948
G1 X109.575 Y401.394 F3554.948
G1 X109.374 Y402.034 F3554.948
G1 X109.159 Y402.660 F3554.948
G1 X108.945 Y403.286 F3554.948
G1 X108.730 Y403.912 F3554.948
G1 X108.515 Y404.538 F3554.948
G1 X108.301 Y405.164 F3554.948
G1 X108.071 Y405.778 F3554.948
G1 X107.842 Y406.393 F3554.948
G1 X107.613 Y407.007 F3554.948
G1 X107.383 Y407.622 F3554.948
G1 X107.154 Y408.236 F3554.948
G1 X106.908 Y408.840 F3554.948
G1 X106.662 Y409.444 F3554.948
G1 X106.416 Y410.049 F3554.948
G1 X106.170 Y410.653 F3554.948
G1 X105.924 Y411.257 F3554.948
G1 X105.661 Y411.852 F3554.948
G1 X105.398 Y412.447 F3554.948
G1 X105.135 Y413.043 F3554.948
G1 X104.871 Y413.638 F3554.948
G1 X104.608 Y414.233 F3554.948
G1 X104.328 Y414.820 F3554.948
G1 X104.047 Y415.407 F3554.948
G1 X103.767 Y415.994 F3554.948
G1 X103.486 Y416.582 F3554.948
G1 X103.206 Y417.169 F3554.948
G1 X102.911 Y417.748 F3554.948
G1 X102.616 Y418.326 F3554.948
G1 X102.321 Y418.905 F3554.948
G1 X102.026 Y419.484 F3554.948
G1 X101.731 Y420.062 F3554.948
G1 X101.425 Y420.632 F3554.948
G1 X101.118 Y421.202 F3554.948
G1 X100.811 Y421.772 F3554.948
G1 X100.505 Y422.342 F3554.948
G1 X100.198 Y422.912 F3554.948
G1 X99.883 Y423.473 F3554.948
G1 X99.568 Y424.033 F3554.948
G1 X99.252 Y424.594 F3554.948
G1 X98.937 Y425.155 F3554.948
G1 X98.622 Y425.716 F3554.948
G1 X98.219 Y426.404 F3554.948
G1 X97.817 Y427.093 F3554.948
G1 X97.415 Y427.782 F3554.948
G1 X97.012 Y428.471 F3554.948
G1 X96.603 Y429.148 F3554.948
G1 X96.194 Y429.825 F3554.948
G1 X95.785 Y430.503 F3554.948
G1 X95.376 Y431.180 F3554.948
G1 X94.961 Y431.847 F3554.948
G1 X94.546 Y432.514 F3554.948
G1 X94.131 Y433.181 F3554.948
G1 X93.716 Y433.848 F3554.948
G1 X93.296 Y434.508 F3554.948
G1 X92.876 Y435.167 F3554.948
G1 X92.456 Y435.827 F3554.948
G1 X92.036 Y436.486 F3554.948
G1 X91.612 Y437.137 F3554.948
G1 X91.189 Y437.788 F3554.948
G1 X90.765 Y438.439 F3554.948
G1 X90.342 Y439.090 F3554.948
G1 X89.918 Y439.732 F3554.948
G1 X89.493 Y440.373 F3554.948
G1 X89.069 Y441.015 F3554.948
G1 X88.644 Y441.656 F3554.948
G1 X88.223 Y442.288 F3554.948
G1 X87.802 Y442.920 F3554.948
G1 X87.381 Y443.552 F3554.948
G1 X86.960 Y444.184 F3554.948
G1 X86.545 Y444.803 F3554.948
G1 X86.131 Y445.422 F3554.948
G1 X85.716 Y446.042 F3554.948
G1 X85.302 Y446.661 F3554.948
G1 X84.898 Y447.266 F3554.948
G1 X84.493 Y447.870 F3554.948
G1 X84.089 Y448.475 F3554.948
G1 X83.685 Y449.079 F3554.948
G1 X83.297 Y449.665 F3554.948
G1 X82.909 Y450.250 F3554.948
G1 X82.520 Y450.836 F3554.948
G1 X82.132 Y451.422 F3554.948
G1 X81.766 Y451.989 F3554.948
G1 X81.400 Y452.557 F3554.948
G1 X81.034 Y453.125 F3554.948
G1 X80.668 Y453.693 F3554.948
G1 X80.332 Y454.232 F3554.948
G1 X79.997 Y454.772 F3554.948
G1 X79.661 Y455.311 F3554.948
G1 X79.326 Y455.850 F3554.948
G1 X78.916 Y456.527 F3554.948
G1 X78.506 Y457.205 F3554.948
G1 X78.097 Y457.882 F3554.948
G1 X77.723 Y458.522 F3554.948
G1 X77.350 Y459.161 F3554.948
G1 X76.976 Y459.800 F3554.948
G1 X76.637 Y460.408 F3554.948
G1 X76.299 Y461.016 F3554.948
G1 X75.960 Y461.624 F3554.948
G1 X75.649 Y462.214 F3554.948
G1 X75.339 Y462.803 F3554.948
G1 X75.028 Y463.393 F3554.948
G1 X74.732 Y463.970 F3554.948
G1 X74.436 Y464.548 F3554.948
G1 X74.140 Y465.126 F3554.948
G1 X73.847 Y465.704 F3554.948
G1 X73.553 Y466.282 F3554.948
G1 X73.260 Y466.861 F3554.948
G1 X72.956 Y467.452 F3554.948
G1 X72.652 Y468.044 F3554.948
G1 X72.348 Y468.636 F3554.948
G1 X72.020 Y469.255 F3554.948
G1 X71.692 Y469.874 F3554.948
G1 X71.364 Y470.493 F3554.948
G1 X70.998 Y471.153 F3554.948
G1 X70.633 Y471.812 F3554.948
G1 X70.268 Y472.472 F3554.948
G1 X69.956 Y473.007 F3554.948
G1 X69.644 Y473.542 F3554.948
G1 X69.332 Y474.077 F3554.948
G1 X69.021 Y474.612 F3554.948
G1 X68.666 Y475.192 F3554.948
G1 X68.311 Y475.772 F3554.948
G1 X67.957 Y476.351 F3554.948
G1 X67.602 Y476.931 F3554.948
G1 X67.203 Y477.556 F3554.948
G1 X66.805 Y478.181 F3554.948
G1 X66.406 Y478.806 F3554.948
G1 X66.007 Y479.431 F3554.948
G1 X65.566 Y480.096 F3554.948
G1 X65.125 Y480.761 F3554.948
G1 X64.684 Y481.426 F3554.948
G1 X64.243 Y482.091 F3554.948
G1 X63.863 Y482.648 F3554.948
G1 X63.483 Y483.204 F3554.948
G1 X63.102 Y483.761 F3554.948
G1 X62.722 Y484.317 F3554.948
G1 X62.342 Y484.874 F3554.948
G1 X61.942 Y485.447 F3554.948
G1 X61.542 Y486.020 F3554.948
G1 X61.142 Y486.593 F3554.948
G1 X60.742 Y487.167 F3554.948
G1 X60.342 Y487.740 F3554.948
G1 X59.932 Y488.321 F3554.948
G1 X59.521 Y488.902 F3554.948
G1 X59.110 Y489.483 F3554.948
G1 X58.700 Y490.064 F3554.948
G1 X58.289 Y490.645 F3554.948
G1 X57.874 Y491.215 F3554.948
G1 X57.460 Y491.784 F3554.948
G1 X57.045 Y492.353 F3554.948
G1 X56.630 Y492.923 F3554.948
G1 X56.215 Y493.492 F3554.948
G1 X55.802 Y493.998 F3554.948
G1 X55.388 Y494.505 F3554.948
G1 X54.975 Y495.012 F3554.948
G1 X54.561 Y495.518 F3554.948
G1 X54.148 Y496.025 F3554.948
G1 X53.635 Y496.487 F3554.948
G1 X53.123 Y496.948 F3554.948
G1 X52.610 Y497.410 F3554.948
G1 X52.097 Y497.872 F3554.948
G1 X51.424 Y498.200 F3554.948
G1 X50.751 Y498.527 F3554.948
G1 X50.078 Y498.855 F3554.948
G1 X49.417 Y498.909 F3554.948
G1 X48.755 Y498.963 F3554.948
G1 X48.094 Y499.016 F3554.948
G1 X47.442 Y498.810 F3554.948
G1 X46.790 Y498.604 F3554.948
G1 X46.138 Y498.398 F3554.948
G1 X45.488 Y497.946 F3554.948
G1 X44.838 Y497.493 F3554.948
G1 X44.187 Y497.041 F3554.948
G1 X43.690 Y496.528 F3554.948
G1 X43.192 Y496.015 F3554.948
G1 X42.694 Y495.502 F3554.948
G1 X42.197 Y494.989 F3554.948
G1 X41.784 Y494.491 F3554.948
G1 X41.371 Y493.993 F3554.948
G1 X40.958 Y493.494 F3554.948
G1 X40.545 Y492.996 F3554.948
G1 X40.132 Y492.498 F3554.948
G1 X39.704 Y491.981 F3554.948
G1 X39.277 Y491.464 F3554.948
G1 X38.849 Y490.946 F3554.948
G1 X38.421 Y490.429 F3554.948
G1 X37.993 Y489.912 F3554.948
G1 X37.557 Y489.393 F3554.948
G1 X37.120 Y488.873 F3554.948
G1 X36.684 Y488.354 F3554.948
G1 X36.247 Y487.835 F3554.948
G1 X35.811 Y487.315 F3554.948
G1 X35.381 Y486.799 F3554.948
G1 X34.951 Y486.283 F3554.948
G1 X34.521 Y485.767 F3554.948
G1 X34.091 Y485.252 F3554.948
G1 X33.661 Y484.736 F3554.948
G1 X33.187 Y484.094 F3554.948
G1 X32.713 Y483.452 F3554.948
G1 X32.240 Y482.811 F3554.948
G1 X31.766 Y482.169 F3554.948
G1 X31.428 Y481.531 F3554.948
G1 X31.091 Y480.894 F3554.948
G1 X30.754 Y480.256 F3554.948
G1 X30.416 Y479.619 F3554.948
G1 X30.271 Y478.985 F3554.948
G1 X30.125 Y478.352 F3554.948
G1 X29.980 Y477.718 F3554.948
G1 X29.835 Y477.085 F3554.948
G1 X29.888 Y476.456 F3554.948
G1 X29.942 Y475.826 F3554.948
G1 X29.996 Y475.197 F3554.948
G1 X30.050 Y474.568 F3554.948
G1 X30.292 Y473.939 F3554.948
G1 X30.534 Y473.310 F3554.948
G1 X30.777 Y472.682 F3554.948
G1 X31.019 Y472.053 F3554.948
G1 X31.408 Y471.420 F3554.948
G1 X31.797 Y470.786 F3554.948
G1 X32.186 Y470.152 F3554.948
G1 X32.575 Y469.519 F3554.948
G1 X33.052 Y468.880 F3554.948
G1 X33.529 Y468.241 F3554.948
G1 X34.006 Y467.602 F3554.948
G1 X34.483 Y466.963 F3554.948
G1 X34.879 Y466.450 F3554.948
G1 X35.276 Y465.936 F3554.948
G1 X35.672 Y465.422 F3554.948
G1 X36.069 Y464.909 F3554.948
G1 X36.465 Y464.395 F3554.948
G1 X36.858 Y463.883 F3554.948
G1 X37.250 Y463.371 F3554.948
G1 X37.642 Y462.859 F3554.948
G1 X38.034 Y462.347 F3554.948
G1 X38.427 Y461.836 F3554.948
G1 X38.897 Y461.206 F3554.948
G1 X39.368 Y460.576 F3554.948
G1 X39.839 Y459.947 F3554.948
G1 X40.309 Y459.317 F3554.948
G1 X40.750 Y458.708 F3554.948
G1 X41.191 Y458.099 F3554.948
G1 X41.632 Y457.489 F3554.948
G1 X42.073 Y456.880 F3554.948
G1 X42.477 Y456.299 F3554.948
G1 X42.881 Y455.718 F3554.948
G1 X43.285 Y455.137 F3554.948
G1 X43.689 Y454.556 F3554.948
G1 X44.052 Y454.006 F3554.948
G1 X44.415 Y453.457 F3554.948
G1 X44.778 Y452.907 F3554.948
G1 X45.141 Y452.358 F3554.948
G1 X45.464 Y451.840 F3554.948
G1 X45.786 Y451.322 F3554.948
G1 X46.109 Y450.805 F3554.948
G1 X46.431 Y450.287 F3554.948
G1 X46.814 Y449.635 F3554.948
G1 X47.196 Y448.983 F3554.948
G1 X47.579 Y448.331 F3554.948
G1 X47.924 Y447.707 F3554.948
G1 X48.269 Y447.083 F3554.948
G1 X48.614 Y446.458 F3554.948
G1 X48.936 Y445.850 F3554.948
G1 X49.257 Y445.241 F3554.948
G1 X49.578 Y444.633 F3554.948
G1 X49.892 Y444.026 F3554.948
G1 X50.206 Y443.419 F3554.948
G1 X50.520 Y442.811 F3554.948
G1 X50.844 Y442.191 F3554.948
G1 X51.167 Y441.571 F3554.948
G1 X51.491 Y440.950 F3554.948
G1 X51.839 Y440.302 F3554.948
G1 X52.188 Y439.654 F3554.948
G1 X52.537 Y439.006 F3554.948
G1 X52.926 Y438.318 F3554.948
G1 X53.315 Y437.631 F3554.948
G1 X53.704 Y436.943 F3554.948
G1 X54.036 Y436.388 F3554.948
G1 X54.369 Y435.834 F3554.948
G1 X54.702 Y435.280 F3554.948
G1 X55.035 Y434.725 F3554.948
G1 X55.413 Y434.127 F3554.948
G1 X55.792 Y433.529 F3554.948
G1 X56.171 Y432.931 F3554.948
G1 X56.550 Y432.333 F3554.948
G1 X56.974 Y431.692 F3554.948
G1 X57.398 Y431.052 F3554.948
G1 X57.822 Y430.411 F3554.948
G1 X58.246 Y429.771 F3554.948
G1 X58.618 Y429.228 F3554.948
G1 X58.991 Y428.685 F3554.948
G1 X59.363 Y428.142 F3554.948
G1 X59.735 Y427.599 F3554.948
G1 X60.108 Y427.056 F3554.948
G1 X60.504 Y426.491 F3554.948
G1 X60.900 Y425.926 F3554.948
G1 X61.297 Y425.361 F3554.948
G1 X61.693 Y424.797 F3554.948
G1 X62.089 Y424.232 F3554.948
G1 X62.500 Y423.654 F3554.948
G1 X62.912 Y423.076 F3554.948
G1 X63.323 Y422.498 F3554.948
G1 X63.734 Y421.920 F3554.948
G1 X64.145 Y421.342 F3554.948
G1 X64.561 Y420.760 F3554.948
G1 X64.977 Y420.177 F3554.948
G1 X65.393 Y419.595 F3554.948
G1 X65.809 Y419.012 F3554.948
G1 X66.225 Y418.429 F3554.948
G1 X66.638 Y417.847 F3554.948
G1 X67.052 Y417.264 F3554.948
G1 X67.465 Y416.681 F3554.948
G1 X67.879 Y416.098 F3554.948
G1 X68.292 Y415.516 F3554.948
G1 X68.700 Y414.936 F3554.948
G1 X69.108 Y414.356 F3554.948
G1 X69.516 Y413.776 F3554.948
G1 X69.924 Y413.196 F3554.948
G1 X70.332 Y412.616 F3554.948
G1 X70.732 Y412.042 F3554.948
G1 X71.133 Y411.467 F3554.948
G1 X71.534 Y410.893 F3554.948
G1 X71.935 Y410.318 F3554.948
G1 X72.336 Y409.744 F3554.948
G1 X72.729 Y409.177 F3554.948
G1 X73.123 Y408.611 F3554.948
G1 X73.516 Y408.044 F3554.948
G1 X73.910 Y407.478 F3554.948
G1 X74.303 Y406.911 F3554.948
G1 X74.689 Y406.354 F3554.948
G1 X75.075 Y405.797 F3554.948
G1 X75.461 Y405.239 F3554.948
G1 X75.847 Y404.682 F3554.948
G1 X76.233 Y404.125 F3554.948
G1 X76.613 Y403.576 F3554.948
G1 X76.992 Y403.027 F3554.948
G1 X77.372 Y402.477 F3554.948
G1 X77.751 Y401.928 F3554.948
G1 X78.131 Y401.379 F3554.948
G1 X78.504 Y400.837 F3554.948
G1 X78.877 Y400.295 F3554.948
G1 X79.250 Y399.753 F3554.948
G1 X79.624 Y399.211 F3554.948
G1 X79.997 Y398.669 F3554.948
G1 X80.362 Y398.133 F3554.948
G1 X80.728 Y397.597 F3554.948
G1 X81.093 Y397.060 F3554.948
G1 X81.459 Y396.524 F3554.948
G1 X81.824 Y395.988 F3554.948
G1 X82.181 Y395.455 F3554.948
G1 X82.538 Y394.923 F3554.948
G1 X82.895 Y394.391 F3554.948
G1 X83.253 Y393.859 F3554.948
G1 X83.610 Y393.327 F3554.948
G1 X84.044 Y392.667 F3554.948
G1 X84.478 Y392.007 F3554.948
G1 X84.913 Y391.348 F3554.948
G1 X85.347 Y390.688 F3554.948
G1 X85.769 Y390.033 F3554.948
G1 X86.190 Y389.379 F3554.948
G1 X86.611 Y388.724 F3554.948
G1 X87.033 Y388.070 F3554.948
G1 X87.438 Y387.421 F3554.948
G1 X87.843 Y386.771 F3554.948
G1 X88.248 Y386.122 F3554.948
G1 X88.653 Y385.473 F3554.948
G1 X89.039 Y384.829 F3554.948
G1 X89.425 Y384.184 F3554.948
G1 X89.811 Y383.540 F3554.948
G1 X90.197 Y382.896 F3554.948
G1 X90.559 Y382.256 F3554.948
G1 X90.922 Y381.616 F3554.948
G1 X91.285 Y380.975 F3554.948
G1 X91.648 Y380.335 F3554.948
G1 X91.985 Y379.700 F3554.948
G1 X92.322 Y379.064 F3554.948
G1 X92.659 Y378.428 F3554.948
G1 X92.996 Y377.792 F3554.948
G1 X93.307 Y377.161 F3554.948
G1 X93.619 Y376.530 F3554.948
G1 X93.930 Y375.899 F3554.948
G1 X94.242 Y375.269 F3554.948
G1 X94.528 Y374.643 F3554.948
G1 X94.815 Y374.017 F3554.948
G1 X95.102 Y373.391 F3554.948
G1 X95.388 Y372.765 F3554.948
G1 X95.650 Y372.145 F3554.948
G1 X95.912 Y371.526 F3554.948
G1 X96.174 Y370.906 F3554.948
G1 X96.436 Y370.287 F3554.948
G1 X96.674 Y369.678 F3554.948
G1 X96.912 Y369.069 F3554.948
G1 X97.150 Y368.460 F3554.948
G1 X97.389 Y367.850 F3554.948
G1 X97.603 Y367.256 F3554.948
G1 X97.817 Y366.662 F3554.948
G1 X98.031 Y366.067 F3554.948
G1 X98.245 Y365.473 F3554.948
G1 X98.435 Y364.901 F3554.948
G1 X98.625 Y364.329 F3554.948
G1 X98.815 Y363.758 F3554.948
G1 X99.004 Y363.186 F3554.948
G1 X99.224 Y362.464 F3554.948
G1 X99.444 Y361.743 F3554.948
G1 X99.663 Y361.022 F3554.948
G1 X99.849 Y360.351 F3554.948
G1 X100.035 Y359.681 F3554.948
G1 X100.220 Y359.011 F3554.948
G1 X100.371 Y358.403 F3554.948
G1 X100.523 Y357.794 F3554.948
G1 X100.674 Y357.186 F3554.948
G1 X100.790 Y356.646 F3554.948
G1 X100.907 Y356.106 F3554.948
G1 X101.023 Y355.566 F3554.948
G1 X101.150 Y354.864 F3554.948
G1 X101.276 Y354.163 F3554.948
G1 X101.357 Y353.568 F3554.948
G1 X101.439 Y352.973 F3554.948
G1 X101.481 Y352.480 F3554.948
G1 X101.523 Y351.988 F3554.948
G1 X101.541 Y351.190 F3554.948
G1 X101.502 Y350.557 F3554.948
G1 X101.415 Y350.069 F3554.948
G1 X101.283 Y349.710 F3554.948
G1 X101.113 Y349.464 F3554.948
G1 X100.907 Y349.320 F3554.948
G1 X100.662 Y349.271 F3554.948
G1 X100.377 Y349.315 F3554.948
G1 X100.046 Y349.452 F3554.948
G1 X99.660 Y349.690 F3554.948
G1 X99.203 Y350.040 F3554.948
G1 X98.659 Y350.520 F3554.948
G1 X98.330 Y350.837 F3554.948
G1 X98.001 Y351.153 F3554.948
G1 X97.599 Y351.562 F3554.948
G1 X97.196 Y351.972 F3554.948
G1 X96.698 Y352.495 F3554.948
G1 X96.200 Y353.018 F3554.948
G1 X95.790 Y353.458 F3554.948
G1 X95.380 Y353.899 F3554.948
G1 X94.969 Y354.339 F3554.948
G1 X94.467 Y354.883 F3554.948
G1 X93.964 Y355.426 F3554.948
G1 X93.461 Y355.970 F3554.948
G1 X93.001 Y356.465 F3554.948
G1 X92.542 Y356.960 F3554.948
G1 X92.082 Y357.455 F3554.948
G1 X91.622 Y357.951 F3554.948
G1 X91.076 Y358.533 F3554.948
G1 X90.529 Y359.116 F3554.948
G1 X89.982 Y359.698 F3554.948
G1 X89.436 Y360.281 F3554.948
G1 X88.927 Y360.812 F3554.948
G1 X88.419 Y361.343 F3554.948
G1 X87.911 Y361.875 F3554.948
G1 X87.402 Y362.406 F3554.948
G1 X86.894 Y362.937 F3554.948
G1 X86.421 Y363.422 F3554.948
G1 X85.949 Y363.906 F3554.948
G1 X85.476 Y364.391 F3554.948
G1 X85.004 Y364.875 F3554.948
G1 X84.531 Y365.359 F3554.948
G1 X84.058 Y365.844 F3554.948
G1 X83.552 Y366.354 F3554.948
G1 X83.046 Y366.864 F3554.948
G1 X82.540 Y367.375 F3554.948
G1 X82.034 Y367.885 F3554.948
G1 X81.528 Y368.395 F3554.948
G1 X81.022 Y368.906 F3554.948
G1 X80.501 Y369.426 F3554.948
G1 X79.980 Y369.946 F3554.948
G1 X79.459 Y370.466 F3554.948
G1 X78.939 Y370.986 F3554.948
G1 X78.418 Y371.506 F3554.948
G1 X77.897 Y372.026 F3554.948
G1 X77.378 Y372.545 F3554.948
G1 X76.859 Y373.065 F3554.948
G1 X76.340 Y373.584 F3554.948
G1 X75.821 Y374.103 F3554.948
G1 X75.302 Y374.622 F3554.948
G1 X74.783 Y375.141 F3554.948
G1 X74.276 Y375.654 F3554.948
G1 X73.768 Y376.168 F3554.948
G1 X73.260 Y376.681 F3554.948
G1 X72.753 Y377.195 F3554.948
G1 X72.245 Y377.709 F3554.948
G1 X71.738 Y378.222 F3554.948
G1 X71.247 Y378.730 F3554.948
G1 X70.756 Y379.237 F3554.948
G1 X70.265 Y379.745 F3554.948
G1 X69.774 Y380.252 F3554.948
G1 X69.283 Y380.760 F3554.948
G1 X68.792 Y381.267 F3554.948
G1 X68.321 Y381.770 F3554.948
G1 X67.850 Y382.272 F3554.948
G1 X67.380 Y382.774 F3554.948
G1 X66.909 Y383.276 F3554.948
G1 X66.438 Y383.778 F3554.948
G1 X65.967 Y384.280 F3554.948
G1 X65.519 Y384.778 F3554.948
G1 X65.070 Y385.276 F3554.948
G1 X64.622 Y385.773 F3554.948
G1 X64.173 Y386.271 F3554.948
G1 X63.725 Y386.769 F3554.948
G1 X63.276 Y387.267 F3554.948
G1 X62.766 Y387.859 F3554.948
G1 X62.255 Y388.451 F3554.948
G1 X61.744 Y389.043 F3554.948
G1 X61.233 Y389.635 F3554.948
G1 X60.723 Y390.227 F3554.948
G1 X60.238 Y390.815 F3554.948
G1 X59.754 Y391.403 F3554.948
G1 X59.270 Y391.992 F3554.948
G1 X58.786 Y392.580 F3554.948
G1 X58.302 Y393.168 F3554.948
G1 X57.845 Y393.755 F3554.948
G1 X57.388 Y394.341 F3554.948
G1 X56.931 Y394.927 F3554.948
G1 X56.474 Y395.513 F3554.948
G1 X56.017 Y396.099 F3554.948
G1 X55.588 Y396.683 F3554.948
G1 X55.159 Y397.267 F3554.948
G1 X54.731 Y397.851 F3554.948
G1 X54.302 Y398.436 F3554.948
G1 X53.874 Y399.020 F3554.948
G1 X53.475 Y399.602 F3554.948
G1 X53.076 Y400.185 F3554.948
G1 X52.677 Y400.768 F3554.948
G1 X52.278 Y401.351 F3554.948
G1 X51.879 Y401.933 F3554.948
G1 X51.511 Y402.512 F3554.948
G1 X51.143 Y403.090 F3554.948
G1 X50.775 Y403.668 F3554.948
G1 X50.407 Y404.246 F3554.948
G1 X50.039 Y404.825 F3554.948
G1 X49.703 Y405.395 F3554.948
G1 X49.368 Y405.965 F3554.948
G1 X49.032 Y406.536 F3554.948
G1 X48.696 Y407.106 F3554.948
G1 X48.360 Y407.676 F3554.948
G1 X47.981 Y408.373 F3554.948
G1 X47.602 Y409.070 F3554.948
G1 X47.223 Y409.766 F3554.948
G1 X46.844 Y410.463 F3554.948
G1 X46.506 Y411.139 F3554.948
G1 X46.168 Y411.815 F3554.948
G1 X45.830 Y412.491 F3554.948
G1 X45.491 Y413.166 F3554.948
G1 X45.190 Y413.816 F3554.948
G1 X44.889 Y414.466 F3554.948
G1 X44.588 Y415.116 F3554.948
G1 X44.287 Y415.766 F3554.948
G1 X44.017 Y416.387 F3554.948
G1 X43.747 Y417.008 F3554.948
G1 X43.477 Y417.628 F3554.948
G1 X43.207 Y418.249 F3554.948
G1 X42.962 Y418.839 F3554.948
G1 X42.718 Y419.430 F3554.948
G1 X42.474 Y420.020 F3554.948
G1 X42.229 Y420.610 F3554.948
G1 X41.988 Y421.179 F3554.948
G1 X41.747 Y421.748 F3554.948
G1 X41.506 Y422.317 F3554.948
G1 X41.265 Y422.886 F3554.948
G1 X40.942 Y423.612 F3554.948
G1 X40.618 Y424.337 F3554.948
G1 X40.295 Y425.063 F3554.948
G1 X39.950 Y425.762 F3554.948
G1 X39.604 Y426.462 F3554.948
G1 X39.259 Y427.162 F3554.948
G1 X38.869 Y427.847 F3554.948
G1 X38.480 Y428.533 F3554.948
G1 X38.090 Y429.218 F3554.948
G1 X37.752 Y429.731 F3554.948
G1 X37.414 Y430.243 F3554.948
G1 X37.076 Y430.756 F3554.948
G1 X36.738 Y431.269 F3554.948
G1 X36.348 Y431.790 F3554.948
G1 X35.958 Y432.312 F3554.948
G1 X35.567 Y432.833 F3554.948
G1 X35.177 Y433.354 F3554.948
G1 X34.731 Y433.894 F3554.948
G1 X34.285 Y434.434 F3554.948
G1 X33.839 Y434.973 F3554.948
G1 X33.393 Y435.513 F3554.948
G1 X32.944 Y436.073 F3554.948
G1 X32.495 Y436.633 F3554.948
G1 X32.046 Y437.193 F3554.948
G1 X31.597 Y437.753 F3554.948
G1 X31.210 Y438.334 F3554.948
G1 X30.824 Y438.915 F3554.948
G1 X30.438 Y439.496 F3554.948
G1 X30.051 Y440.077 F3554.948
G1 X29.802 Y440.673 F3554.948
G1 X29.553 Y441.269 F3554.948
G1 X29.303 Y441.865 F3554.948
G1 X29.054 Y442.461 F3554.948
G1 X28.994 Y443.068 F3554.948
G1 X28.934 Y443.676 F3554.948
G1 X28.874 Y444.283 F3554.948
G1 X28.814 Y444.890 F3554.948
G1 X28.947 Y445.505 F3554.948
G1 X29.080 Y446.120 F3554.948
G1 X29.213 Y446.735 F3554.948
G1 X29.347 Y447.349 F3554.948
G1 X29.646 Y447.971 F3554.948
G1 X29.946 Y448.592 F3554.948
G1 X30.246 Y449.213 F3554.948
G1 X30.546 Y449.835 F3554.948
G1 X30.946 Y450.462 F3554.948
G1 X31.346 Y451.089 F3554.948
G1 X31.746 Y451.717 F3554.948
G1 X32.146 Y452.344 F3554.948
G1 X32.584 Y452.974 F3554.948
G1 X33.021 Y453.605 F3554.948
G1 X33.458 Y454.236 F3554.948
G1 X33.895 Y454.866 F3554.948
G1 X34.316 Y455.501 F3554.948
G1 X34.736 Y456.135 F3554.948
G1 X35.157 Y456.770 F3554.948
G1 X35.578 Y457.405 F3554.948
G1 X35.959 Y458.047 F3554.948
G1 X36.340 Y458.689 F3554.948
G1 X36.721 Y459.332 F3554.948
G1 X37.103 Y459.974 F3554.948
G1 X37.457 Y460.630 F3554.948
G1 X37.811 Y461.285 F3554.948
G1 X38.165 Y461.941 F3554.948
G1 X38.519 Y462.596 F3554.948
G1 X38.859 Y463.268 F3554.948
G1 X39.198 Y463.940 F3554.948
G1 X39.538 Y464.611 F3554.948
G1 X39.877 Y465.283 F3554.948
G1 X40.217 Y465.972 F3554.948
G1 X40.557 Y466.660 F3554.948
G1 X40.897 Y467.349 F3554.948
G1 X41.237 Y468.037 F3554.948
G1 X41.590 Y468.741 F3554.948
G1 X41.943 Y469.444 F3554.948
G1 X42.295 Y470.147 F3554.948
G1 X42.648 Y470.850 F3554.948
G1 X42.947 Y471.420 F3554.948
G1 X43.246 Y471.989 F3554.948
G1 X43.545 Y472.559 F3554.948
G1 X43.844 Y473.129 F3554.948
G1 X44.144 Y473.698 F3554.948
G1 X44.457 Y474.267 F3554.948
G1 X44.771 Y474.836 F3554.948
G1 X45.085 Y475.405 F3554.948
G1 X45.399 Y475.974 F3554.948
G1 X45.712 Y476.543 F3554.948
G1 X46.037 Y477.102 F3554.948
G1 X46.362 Y477.660 F3554.948
G1 X46.687 Y478.219 F3554.948
G1 X47.012 Y478.778 F3554.948
G1 X47.336 Y479.336 F3554.948
G1 X47.748 Y480.010 F3554.948
G1 X48.160 Y480.685 F3554.948
G1 X48.571 Y481.359 F3554.948
G1 X48.983 Y482.033 F3554.948
G1 X49.392 Y482.677 F3554.948
G1 X49.801 Y483.321 F3554.948
G1 X50.210 Y483.966 F3554.948
G1 X50.619 Y484.610 F3554.948
G1 X51.023 Y485.224 F3554.948
G1 X51.427 Y485.838 F3554.948
G1 X51.831 Y486.452 F3554.948
G1 X52.235 Y487.066 F3554.948
G1 X52.636 Y487.659 F3554.948
G1 X53.038 Y488.252 F3554.948
G1 X53.439 Y488.845 F3554.948
G1 X53.841 Y489.438 F3554.948
G1 X54.247 Y490.016 F3554.948
G1 X54.653 Y490.593 F3554.948
G1 X55.059 Y491.171 F3554.948
G1 X55.465 Y491.748 F3554.948
G1 X55.885 Y492.312 F3554.948
G1 X56.305 Y492.875 F3554.948
G1 X56.725 Y493.439 F3554.948
G1 X57.145 Y494.002 F3554.948
G1 X57.588 Y494.497 F3554.948
G1 X58.032 Y494.991 F3554.948
G1 X58.476 Y495.486 F3554.948
G1 X58.920 Y495.981 F3554.948
G1 X59.395 Y496.348 F3554.948
G1 X59.871 Y496.716 F3554.948
G1 X60.347 Y497.083 F3554.948
G1 X60.822 Y497.451 F3554.948
G1 X61.503 Y497.685 F3554.948
G1 X62.184 Y497.919 F3554.948
G1 X62.865 Y498.154 F3554.948
G1 X63.585 Y498.128 F3554.948
G1 X64.305 Y498.103 F3554.948
G1 X65.026 Y498.078 F3554.948
G1 X65.595 Y497.875 F3554.948
G1 X66.164 Y497.671 F3554.948
G1 X66.734 Y497.468 F3554.948
G1 X67.303 Y497.265 F3554.948
G1 X67.905 Y496.900 F3554.948
G1 X68.508 Y496.535 F3554.948
G1 X69.110 Y496.170 F3554.948
G1 X69.712 Y495.805 F3554.948
G1 X70.341 Y495.353 F3554.948
G1 X70.970 Y494.900 F3554.948
G1 X71.599 Y494.448 F3554.948
G1 X72.228 Y493.995 F3554.948
G1 X72.870 Y493.519 F3554.948
G1 X73.511 Y493.043 F3554.948
G1 X74.153 Y492.567 F3554.948
G1 X74.794 Y492.091 F3554.948
G1 X75.434 Y491.655 F3554.948
G1 X76.074 Y491.218 F3554.948
G1 X76.713 Y490.781 F3554.948
G1 X77.353 Y490.344 F3554.948
G1 X77.978 Y489.951 F3554.948
G1 X78.604 Y489.557 F3554.948
G1 X79.229 Y489.164 F3554.948
G1 X79.854 Y488.770 F3554.948
G1 X80.457 Y488.418 F3554.948
G1 X81.060 Y488.066 F3554.948
G1 X81.663 Y487.714 F3554.948
G1 X82.265 Y487.361 F3554.948
G1 X82.844 Y487.040 F3554.948
G1 X83.423 Y486.719 F3554.948
G1 X84.002 Y486.397 F3554.948
G1 X84.581 Y486.076 F3554.948
G1 X85.143 Y485.770 F3554.948
G1 X85.705 Y485.464 F3554.948
G1 X86.267 Y485.158 F3554.948
G1 X86.829 Y484.852 F3554.948
G1 X87.375 Y484.545 F3554.948
G1 X87.921 Y484.238 F3554.948
G1 X88.468 Y483.931 F3554.948
G1 X89.014 Y483.624 F3554.948
G1 X89.552 Y483.299 F3554.948
G1 X90.090 Y482.975 F3554.948
G1 X90.628 Y482.651 F3554.948
G1 X91.166 Y482.327 F3554.948
G1 X91.705 Y481.973 F3554.948
G1 X92.243 Y481.620 F3554.948
G1 X92.782 Y481.267 F3554.948
G1 X93.321 Y480.914 F3554.948
G1 X93.866 Y480.519 F3554.948
G1 X94.412 Y480.124 F3554.948
G1 X94.958 Y479.729 F3554.948
G1 X95.504 Y479.335 F3554.948
G1 X96.061 Y478.896 F3554.948
G1 X96.618 Y478.458 F3554.948
G1 X97.175 Y478.020 F3554.948
G1 X97.733 Y477.582 F3554.948
G1 X98.302 Y477.101 F3554.948
G1 X98.871 Y476.620 F3554.948
G1 X99.440 Y476.139 F3554.948
G1 X100.009 Y475.658 F3554.948
G1 X100.588 Y475.140 F3554.948
G1 X101.167 Y474.623 F3554.948
G1 X101.746 Y474.105 F3554.948
G1 X102.324 Y473.587 F3554.948
G1 X102.909 Y473.041 F3554.948
G1 X103.493 Y472.496 F3554.948
G1 X104.077 Y471.951 F3554.948
G1 X104.661 Y471.405 F3554.948
G1 X105.128 Y470.956 F3554.948
G1 X105.596 Y470.507 F3554.948
G1 X106.063 Y470.058 F3554.948
G1 X106.531 Y469.609 F3554.948
G1 X106.998 Y469.159 F3554.948
G1 X107.466 Y468.705 F3554.948
G1 X107.934 Y468.251 F3554.948
G1 X108.401 Y467.797 F3554.948
G1 X108.869 Y467.343 F3554.948
G1 X109.337 Y466.889 F3554.948
G1 X109.809 Y466.437 F3554.948
G1 X110.280 Y465.984 F3554.948
G1 X110.752 Y465.531 F3554.948
G1 X111.224 Y465.078 F3554.948
G1 X111.695 Y464.626 F3554.948
G1 X112.176 Y464.179 F3554.948
G1 X112.656 Y463.732 F3554.948
G1 X113.137 Y463.284 F3554.948
G1 X113.618 Y462.837 F3554.948
G1 X114.098 Y462.390 F3554.948
G1 X114.591 Y461.954 F3554.948
G1 X115.085 Y461.517 F3554.948
G1 X115.578 Y461.080 F3554.948
G1 X116.071 Y460.644 F3554.948
G1 X116.564 Y460.207 F3554.948
G1 X117.076 Y459.785 F3554.948
G1 X117.588 Y459.362 F3554.948
G1 X118.100 Y458.940 F3554.948
G1 X118.612 Y458.517 F3554.948
G1 X119.124 Y458.095 F3554.948
G1 X119.660 Y457.688 F3554.948
G1 X120.195 Y457.280 F3554.948
G1 X120.731 Y456.873 F3554.948
G1 X121.267 Y456.466 F3554.948
G1 X121.803 Y456.058 F3554.948
G1 X122.367 Y455.667 F3554.948
G1 X122.931 Y455.276 F3554.948
G1 X123.495 Y454.885 F3554.948
G1 X124.059 Y454.494 F3554.948
G1 X124.624 Y454.103 F3554.948
G1 X125.218 Y453.730 F3554.948
G1 X125.813 Y453.358 F3554.948
G1 X126.408 Y452.985 F3554.948
G1 X127.003 Y452.612 F3554.948
G1 X127.598 Y452.240 F3554.948
G1 X128.223 Y451.888 F3554.948
G1 X128.848 Y451.537 F3554.948
G1 X129.473 Y451.185 F3554.948
G1 X130.098 Y450.833 F3554.948
G1 X130.722 Y450.482 F3554.948
G1 X131.371 Y450.152 F3554.948
G1 X132.019 Y449.822 F3554.948
G1 X132.667 Y449.492 F3554.948
G1 X133.315 Y449.161 F3554.948
G1 X133.964 Y448.831 F3554.948
G1 X134.628 Y448.521 F3554.948
G1 X135.292 Y448.211 F3554.948
G1 X135.957 Y447.901 F3554.948
G1 X136.621 Y447.591 F3554.948
G1 X137.285 Y447.281 F3554.948
G1 X137.959 Y446.987 F3554.948
G1 X138.633 Y446.693 F3554.948
G1 X139.307 Y446.399 F3554.948
G1 X139.981 Y446.105 F3554.948
G1 X140.655 Y445.811 F3554.948
G1 X141.334 Y445.528 F3554.948
G1 X142.012 Y445.245 F3554.948
G1 X142.690 Y444.962 F3554.948
G1 X143.369 Y444.679 F3554.948
G1 X144.047 Y444.397 F3554.948
G1 X144.723 Y444.123 F3554.948
G1 X145.399 Y443.849 F3554.948
G1 X146.075 Y443.575 F3554.948
G1 X146.750 Y443.301 F3554.948
G1 X147.426 Y443.027 F3554.948
G1 X148.092 Y442.760 F3554.948
G1 X148.757 Y442.494 F3554.948
G1 X149.423 Y442.228 F3554.948
G1 X150.089 Y441.961 F3554.948
G1 X150.754 Y441.695 F3554.948
G1 X151.404 Y441.434 F3554.948
G1 X152.053 Y441.173 F3554.948
G1 X152.702 Y440.912 F3554.948
G1 X153.351 Y440.651 F3554.948
G1 X154.000 Y440.390 F3554.948
G1 X154.628 Y440.132 F3554.948
G1 X155.256 Y439.873 F3554.948
G1 X155.884 Y439.615 F3554.948
G1 X156.512 Y439.356 F3554.948
G1 X157.140 Y439.098 F3554.948
G1 X157.746 Y438.838 F3554.948
G1 X158.352 Y438.578 F3554.948
G1 X158.957 Y438.318 F3554.948
G1 X159.563 Y438.058 F3554.948
G1 X160.168 Y437.798 F3554.948
G1 X160.753 Y437.532 F3554.948
G1 X161.338 Y437.267 F3554.948
G1 X161.922 Y437.001 F3554.948
G1 X162.507 Y436.736 F3554.948
G1 X163.092 Y436.471 F3554.948
G1 X163.797 Y436.131 F3554.948
G1 X164.503 Y435.790 F3554.948
G1 X165.208 Y435.450 F3554.948
G1 X165.914 Y435.110 F3554.948
G1 X166.592 Y434.758 F3554.948
G1 X167.270 Y434.407 F3554.948
G1 X167.948 Y434.055 F3554.948
G1 X168.626 Y433.704 F3554.948
G1 X169.276 Y433.336 F3554.948
G1 X169.927 Y432.968 F3554.948
G1 X170.577 Y432.600 F3554.948
G1 X171.227 Y432.233 F3554.948
G1 X171.853 Y431.842 F3554.948
G1 X172.479 Y431.451 F3554.948
G1 X173.105 Y431.060 F3554.948
G1 X173.730 Y430.669 F3554.948
G1 X174.336 Y430.243 F3554.948
G1 X174.942 Y429.816 F3554.948
G1 X175.548 Y429.390 F3554.948
G1 X176.155 Y428.964 F3554.948
G1 X176.747 Y428.494 F3554.948
G1 X177.339 Y428.023 F3554.948
G1 X177.931 Y427.553 F3554.948
G1 X178.524 Y427.083 F3554.948
G1 X179.108 Y426.567 F3554.948
G1 X179.693 Y426.052 F3554.948
G1 X180.278 Y425.536 F3554.948
G1 X180.863 Y425.020 F3554.948
G1 X181.441 Y424.470 F3554.948
G1 X182.019 Y423.920 F3554.948
G1 X182.596 Y423.369 F3554.948
G1 X183.174 Y422.819 F3554.948
G1 X183.631 Y422.369 F3554.948
G1 X184.087 Y421.918 F3554.948
G1 X184.543 Y421.467 F3554.948
G1 X185.000 Y421.016 F3554.948
G1 X185.456 Y420.566 F3554.948
G1 X186.018 Y419.999 F3554.948
G1 X186.581 Y419.432 F3554.948
G1 X187.143 Y418.865 F3554.948
G1 X187.705 Y418.298 F3554.948
G1 X188.259 Y417.733 F3554.948
G1 X188.812 Y417.168 F3554.948
G1 X189.366 Y416.603 F3554.948
G1 X189.920 Y416.038 F3554.948
G1 X190.467 Y415.481 F3554.948
G1 X191.015 Y414.923 F3554.948
G1 X191.562 Y414.366 F3554.948
G1 X192.110 Y413.808 F3554.948
G1 X192.651 Y413.265 F3554.948
G1 X193.193 Y412.722 F3554.948
G1 X193.734 Y412.179 F3554.948
G1 X194.275 Y411.636 F3554.948
G1 X194.810 Y411.115 F3554.948
G1 X195.344 Y410.594 F3554.948
G1 X195.879 Y410.074 F3554.948
G1 X196.413 Y409.553 F3554.948
G1 X196.936 Y409.064 F3554.948
G1 X197.459 Y408.575 F3554.948
G1 X197.982 Y408.085 F3554.948
G1 X198.505 Y407.596 F3554.948
G1 X199.013 Y407.150 F3554.948
G1 X199.522 Y406.704 F3554.948
G1 X200.030 Y406.259 F3554.948
G1 X200.539 Y405.813 F3554.948
G1 X201.036 Y405.421 F3554.948
G1 X201.532 Y405.029 F3554.948
G1 X202.029 Y404.636 F3554.948
G1 X202.526 Y404.244 F3554.948
G1 X203.179 Y403.800 F3554.948
G1 X203.832 Y403.355 F3554.948
G1 X204.486 Y402.910 F3554.948
G1 X205.139 Y402.542 F3554.948
G1 X205.792 Y402.173 F3554.948
G1 X206.445 Y401.804 F3554.948
G1 X207.102 Y401.492 F3554.948
G1 X207.758 Y401.180 F3554.948
G1 X208.415 Y400.868 F3554.948
G1 X209.081 Y400.601 F3554.948
G1 X209.746 Y400.333 F3554.948
G1 X210.412 Y400.066 F3554.948
G1 X211.088 Y399.833 F3554.948
G1 X211.764 Y399.601 F3554.948
G1 X212.440 Y399.368 F3554.948
G1 X213.126 Y399.163 F3554.948
G1 X213.812 Y398.958 F3554.948
G1 X214.497 Y398.752 F3554.948
G1 X215.183 Y398.570 F3554.948
G1 X215.870 Y398.388 F3554.948
G1 X216.556 Y398.205 F3554.948
G1 X217.230 Y398.045 F3554.948
G1 X217.905 Y397.885 F3554.948
G1 X218.579 Y397.725 F3554.948
G1 X219.242 Y397.588 F3554.948
G1 X219.905 Y397.452 F3554.948
G1 X220.568 Y397.315 F3554.948
G1 X221.227 Y397.207 F3554.948
G1 X221.886 Y397.098 F3554.948
G1 X222.546 Y396.990 F3554.948
G1 X223.215 Y396.903 F3554.948
G1 X223.885 Y396.817 F3554.948
G1 X224.555 Y396.730 F3554.948
G1 X225.255 Y396.657 F3554.948
G1 X225.956 Y396.585 F3554.948
G1 X226.656 Y396.512 F3554.948
G1 X227.375 Y396.434 F3554.948
G1 X228.095 Y396.356 F3554.948
G1 X228.814 Y396.278 F3554.948
G1 X229.539 Y396.174 F3554.948
G1 X230.263 Y396.070 F3554.948
G1 X230.988 Y395.966 F3554.948
G1 X231.695 Y395.825 F3554.948
G1 X232.403 Y395.683 F3554.948
G1 X233.110 Y395.542 F3554.948
G1 X233.784 Y395.354 F3554.948
G1 X234.458 Y395.166 F3554.948
G1 X235.133 Y394.978 F3554.948
G1 X235.777 Y394.737 F3554.948
G1 X236.421 Y394.496 F3554.948
G1 X237.066 Y394.255 F3554.948
G1 X237.692 Y393.950 F3554.948
G1 X238.319 Y393.644 F3554.948
G1 X238.946 Y393.339 F3554.948
G1 X239.582 Y392.953 F3554.948
G1 X240.219 Y392.568 F3554.948
G1 X240.856 Y392.183 F3554.948
G1 X241.358 Y391.820 F3554.948
G1 X241.861 Y391.456 F3554.948
G1 X242.364 Y391.093 F3554.948
G1 X242.866 Y390.730 F3554.948
G1 X243.401 Y390.280 F3554.948
G1 X243.936 Y389.830 F3554.948
G1 X244.471 Y389.380 F3554.948
G1 X245.006 Y388.929 F3554.948
G1 X245.572 Y388.384 F3554.948
G1 X246.138 Y387.839 F3554.948
G1 X246.704 Y387.294 F3554.948
G1 X247.270 Y386.749 F3554.948
G1 X247.740 Y386.239 F3554.948
G1 X248.210 Y385.729 F3554.948
G1 X248.681 Y385.219 F3554.948
G1 X249.151 Y384.709 F3554.948
G1 X249.621 Y384.198 F3554.948
G1 X250.105 Y383.635 F3554.948
G1 X250.589 Y383.071 F3554.948
G1 X251.073 Y382.508 F3554.948
G1 X251.557 Y381.944 F3554.948
G1 X252.041 Y381.380 F3554.948
G1 X252.525 Y380.797 F3554.948
G1 X253.008 Y380.213 F3554.948
G1 X253.491 Y379.629 F3554.948
G1 X253.974 Y379.045 F3554.948
G1 X254.457 Y378.461 F3554.948
G1 X254.924 Y377.885 F3554.948
G1 X255.391 Y377.309 F3554.948
G1 X255.858 Y376.734 F3554.948
G1 X256.325 Y376.158 F3554.948
G1 X256.792 Y375.582 F3554.948
G1 X257.230 Y375.028 F3554.948
G1 X257.667 Y374.474 F3554.948
G1 X258.104 Y373.920 F3554.948
G1 X258.541 Y373.366 F3554.948
G1 X258.978 Y372.811 F3554.948
G1 X259.384 Y372.292 F3554.948
G1 X259.790 Y371.772 F3554.948
G1 X260.195 Y371.252 F3554.948
G1 X260.601 Y370.733 F3554.948
G1 X261.007 Y370.213 F3554.948
G1 X261.476 Y369.607 F3554.948
G1 X261.944 Y369.000 F3554.948
G1 X262.412 Y368.393 F3554.948
G1 X262.880 Y367.786 F3554.948
G1 X263.315 Y367.216 F3554.948
G1 X263.749 Y366.645 F3554.948
G1 X264.183 Y366.074 F3554.948
G1 X264.618 Y365.504 F3554.948
G1 X265.032 Y364.949 F3554.948
G1 X265.446 Y364.395 F3554.948
G1 X265.860 Y363.841 F3554.948
G1 X266.274 Y363.287 F3554.948
G1 X266.681 Y362.735 F3554.948
G1 X267.089 Y362.184 F3554.948
G1 X267.496 Y361.632 F3554.948
G1 X267.904 Y361.080 F3554.948
G1 X268.319 Y360.514 F3554.948
G1 X268.735 Y359.948 F3554.948
G1 X269.150 Y359.382 F3554.948
G1 X269.565 Y358.816 F3554.948
G1 X269.999 Y358.223 F3554.948
G1 X270.433 Y357.631 F3554.948
G1 X270.867 Y357.039 F3554.948
G1 X271.301 Y356.447 F3554.948
G1 X271.761 Y355.819 F3554.948
G1 X272.221 Y355.190 F3554.948
G1 X272.680 Y354.562 F3554.948
G1 X273.140 Y353.934 F3554.948
G1 X273.529 Y353.404 F3554.948
G1 X273.918 Y352.873 F3554.948
G1 X274.307 Y352.343 F3554.948
G1 X274.696 Y351.812 F3554.948
G1 X275.085 Y351.281 F3554.948
G1 X275.492 Y350.727 F3554.948
G1 X275.899 Y350.172 F3554.948
G1 X276.305 Y349.617 F3554.948
G1 X276.712 Y349.062 F3554.948
G1 X277.119 Y348.508 F3554.948
G1 X277.536 Y347.936 F3554.948
G1 X277.953 Y347.365 F3554.948
G1 X278.370 Y346.794 F3554.948
G1 X278.787 Y346.223 F3554.948
G1 X279.204 Y345.651 F3554.948
G1 X279.624 Y345.073 F3554.948
G1 X280.043 Y344.495 F3554.948
G1 X280.463 Y343.918 F3554.948
G1 X280.883 Y343.340 F3554.948
G1 X281.302 Y342.762 F3554.948
G1 X281.720 Y342.184 F3554.948
G1 X282.137 Y341.605 F3554.948
G1 X282.555 Y341.027 F3554.948
G1 X282.972 Y340.449 F3554.948
G1 X283.390 Y339.871 F3554.948
G1 X283.802 Y339.297 F3554.948
G1 X284.214 Y338.722 F3554.948
G1 X284.627 Y338.147 F3554.948
G1 X285.039 Y337.572 F3554.948
G1 X285.451 Y336.997 F3554.948
G1 X285.856 Y336.427 F3554.948
G1 X286.261 Y335.857 F3554.948
G1 X286.665 Y335.286 F3554.948
G1 X287.070 Y334.716 F3554.948
G1 X287.475 Y334.145 F3554.948
G1 X287.871 Y333.582 F3554.948
G1 X288.267 Y333.018 F3554.948
G1 X288.663 Y332.455 F3554.948
G1 X289.058 Y331.891 F3554.948
G1 X289.454 Y331.328 F3554.948
G1 X289.839 Y330.774 F3554.948
G1 X290.225 Y330.220 F3554.948
G1 X290.610 Y329.666 F3554.948
G1 X290.995 Y329.112 F3554.948
G1 X291.380 Y328.558 F3554.948
G1 X291.751 Y328.015 F3554.948
G1 X292.122 Y327.472 F3554.948
G1 X292.493 Y326.929 F3554.948
G1 X292.864 Y326.387 F3554.948
G1 X293.235 Y325.844 F3554.948
G1 X293.677 Y325.179 F3554.948
G1 X294.119 Y324.514 F3554.948
G1 X294.561 Y323.849 F3554.948
G1 X295.002 Y323.184 F3554.948
G1 X295.420 Y322.530 F3554.948
G1 X295.837 Y321.877 F3554.948
G1 X296.255 Y321.224 F3554.948
G1 X296.672 Y320.571 F3554.948
G1 X297.062 Y319.929 F3554.948
G1 X297.453 Y319.286 F3554.948
G1 X297.843 Y318.644 F3554.948
G1 X298.233 Y318.002 F3554.948
G1 X298.601 Y317.371 F3554.948
G1 X298.969 Y316.741 F3554.948
G1 X299.336 Y316.111 F3554.948
G1 X299.704 Y315.480 F3554.948
G1 X300.053 Y314.870 F3554.948
G1 X300.403 Y314.259 F3554.948
G1 X300.752 Y313.648 F3554.948
G1 X301.101 Y313.037 F3554.948
G1 X301.440 Y312.467 F3554.948
G1 X301.778 Y311.897 F3554.948
G1 X302.117 Y311.326 F3554.948
G1 X302.456 Y310.756 F3554.948
G1 X302.790 Y310.243 F3554.948
G1 X303.125 Y309.730 F3554.948
G1 X303.460 Y309.216 F3554.948
G1 X303.795 Y308.703 F3554.948
G1 X304.243 Y308.109 F3554.948
G1 X304.692 Y307.515 F3554.948
G1 X305.141 Y306.921 F3554.948
G1 X305.603 Y306.429 F3554.948
G1 X306.064 Y305.936 F3554.948
G1 X306.525 Y305.444 F3554.948
G1 X307.010 Y305.061 F3554.948
G1 X307.495 Y304.678 F3554.948
G1 X307.980 Y304.295 F3554.948
G1 X308.495 Y304.022 F3554.948
G1 X309.010 Y303.750 F3554.948
G1 X309.525 Y303.477 F3554.948
G1 X310.081 Y303.315 F3554.948
G1 X310.637 Y303.153 F3554.948
G1 X311.192 Y302.991 F3554.948
G1 X311.792 Y302.934 F3554.948
G1 X312.392 Y302.877 F3554.948
G1 X312.992 Y302.820 F3554.948
G1 X313.642 Y302.860 F3554.948
G1 X314.293 Y302.900 F3554.948
G1 X314.944 Y302.940 F3554.948
G1 X315.636 Y303.058 F3554.948
G1 X316.327 Y303.176 F3554.948
G1 X317.018 Y303.293 F3554.948
G1 X317.727 Y303.460 F3554.948
G1 X318.435 Y303.627 F3554.948
G1 X319.143 Y303.794 F3554.948
G1 X319.827 Y303.976 F3554.948
G1 X320.512 Y304.158 F3554.948
G1 X321.196 Y304.340 F3554.948
G1 X321.821 Y304.507 F3554.948
G1 X322.445 Y304.675 F3554.948
G1 X323.069 Y304.843 F3554.948
G1 X323.638 Y304.991 F3554.948
G1 X324.207 Y305.139 F3554.948
G1 X324.776 Y305.287 F3554.948
G1 X325.310 Y305.412 F3554.948
G1 X325.845 Y305.537 F3554.948
G1 X326.379 Y305.663 F3554.948
G1 X326.912 Y305.781 F3554.948
G1 X327.445 Y305.899 F3554.948
G1 X327.977 Y306.017 F3554.948
G1 X328.538 Y306.137 F3554.948
G1 X329.098 Y306.258 F3554.948
G1 X329.658 Y306.379 F3554.948
G1 X330.271 Y306.512 F3554.948
G1 X330.885 Y306.644 F3554.948
G1 X331.499 Y306.776 F3554.948
G1 X332.165 Y306.919 F3554.948
G1 X332.831 Y307.063 F3554.948
G1 X333.497 Y307.207 F3554.948
G1 X334.213 Y307.361 F3554.948
G1 X334.929 Y307.515 F3554.948
G1 X335.645 Y307.669 F3554.948
G1 X336.403 Y307.827 F3554.948
G1 X337.160 Y307.986 F3554.948
G1 X337.918 Y308.145 F3554.948
G1 X338.510 Y308.264 F3554.948
G1 X339.102 Y308.383 F3554.948
G1 X339.694 Y308.503 F3554.948
G1 X340.286 Y308.622 F3554.948
G1 X340.894 Y308.740 F3554.948
G1 X341.502 Y308.858 F3554.948
G1 X342.110 Y308.976 F3554.948
G1 X342.717 Y309.094 F3554.948
G1 X343.356 Y309.222 F3554.948
G1 X343.994 Y309.350 F3554.948
G1 X344.632 Y309.479 F3554.948
G1 X345.271 Y309.607 F3554.948
G1 X345.968 Y309.769 F3554.948
G1 X346.665 Y309.932 F3554.948
G1 X347.362 Y310.094 F3554.948
G1 X348.059 Y310.256 F3554.948
G1 X348.692 Y310.447 F3554.948
G1 X349.324 Y310.638 F3554.948
G1 X349.956 Y310.828 F3554.948
G1 X350.589 Y311.019 F3554.948
G1 X351.221 Y311.210 F3554.948
G1 X351.923 Y311.472 F3554.948
G1 X352.624 Y311.735 F3554.948
G1 X353.326 Y311.997 F3554.948
G1 X354.028 Y312.260 F3554.948
G1 X354.730 Y312.522 F3554.948
G1 X355.345 Y312.785 F3554.948
G1 X355.960 Y313.048 F3554.948
G1 X356.575 Y313.311 F3554.948
G1 X357.190 Y313.574 F3554.948
G1 X357.805 Y313.837 F3554.948
G1 X358.420 Y314.100 F3554.948
G1 X359.036 Y314.371 F3554.948
G1 X359.653 Y314.642 F3554.948
G1 X360.269 Y314.913 F3554.948
G1 X360.885 Y315.183 F3554.948
G1 X361.501 Y315.454 F3554.948
G1 X362.117 Y315.725 F3554.948
G1 X362.832 Y316.019 F3554.948
G1 X363.548 Y316.313 F3554.948
G1 X364.263 Y316.606 F3554.948
G1 X364.978 Y316.900 F3554.948
G1 X365.694 Y317.193 F3554.948
G1 X366.372 Y317.447 F3554.948
G1 X367.050 Y317.700 F3554.948
G1 X367.727 Y317.954 F3554.948
G1 X368.405 Y318.207 F3554.948
G1 X369.083 Y318.460 F3554.948
G1 X369.743 Y318.682 F3554.948
G1 X370.403 Y318.903 F3554.948
G1 X371.063 Y319.124 F3554.948
G1 X371.723 Y319.346 F3554.948
G1 X372.383 Y319.567 F3554.948
G1 X373.063 Y319.764 F3554.948
G1 X373.744 Y319.961 F3554.948
G1 X374.424 Y320.158 F3554.948
G1 X375.105 Y320.356 F3554.948
G1 X375.785 Y320.553 F3554.948
G1 X376.505 Y320.731 F3554.948
G1 X377.224 Y320.909 F3554.948
G1 X377.944 Y321.087 F3554.948
G1 X378.664 Y321.265 F3554.948
G1 X379.383 Y321.443 F3554.948
G1 X380.114 Y321.619 F3554.948
G1 X380.845 Y321.794 F3554.948
G1 X381.576 Y321.970 F3554.948
G1 X382.307 Y322.146 F3554.948
G1 X383.037 Y322.321 F3554.948
G1 X383.766 Y322.502 F3554.948
G1 X384.496 Y322.683 F3554.948
G1 X385.225 Y322.864 F3554.948
G1 X385.954 Y323.045 F3554.948
G1 X386.683 Y323.226 F3554.948
G1 X387.417 Y323.404 F3554.948
G1 X388.151 Y323.582 F3554.948
G1 X388.885 Y323.760 F3554.948
G1 X389.619 Y323.938 F3554.948
G1 X390.353 Y324.115 F3554.948
G1 X391.087 Y324.281 F3554.948
G1 X391.821 Y324.447 F3554.948
G1 X392.555 Y324.613 F3554.948
G1 X393.289 Y324.779 F3554.948
G1 X394.023 Y324.945 F3554.948
G1 X394.746 Y325.099 F3554.948
G1 X395.470 Y325.253 F3554.948
G1 X396.193 Y325.408 F3554.948
G1 X396.916 Y325.562 F3554.948
G1 X397.640 Y325.716 F3554.948
G1 X398.351 Y325.864 F3554.948
G1 X399.062 Y326.012 F3554.948
G1 X399.773 Y326.160 F3554.948
G1 X400.484 Y326.307 F3554.948
G1 X401.196 Y326.455 F3554.948
G1 X401.892 Y326.599 F3554.948
G1 X402.587 Y326.742 F3554.948
G1 X403.283 Y326.886 F3554.948
G1 X403.979 Y327.030 F3554.948
G1 X404.675 Y327.173 F3554.948
G1 X405.347 Y327.316 F3554.948
G1 X406.020 Y327.459 F3554.948
G1 X406.693 Y327.602 F3554.948
G1 X407.365 Y327.744 F3554.948
G1 X408.038 Y327.887 F3554.948
G1 X408.683 Y328.041 F3554.948
G1 X409.328 Y328.195 F3554.948
G1 X409.973 Y328.348 F3554.948
G1 X410.618 Y328.502 F3554.948
G1 X411.263 Y328.655 F3554.948
G1 X411.892 Y328.828 F3554.948
G1 X412.521 Y329.001 F3554.948
G1 X413.151 Y329.174 F3554.948
G1 X413.780 Y329.347 F3554.948
G1 X414.409 Y329.520 F3554.948
G1 X415.033 Y329.701 F3554.948
G1 X415.657 Y329.882 F3554.948
G1 X416.281 Y330.063 F3554.948
G1 X416.904 Y330.244 F3554.948
G1 X417.528 Y330.425 F3554.948
G1 X418.284 Y330.646 F3554.948
G1 X419.040 Y330.866 F3554.948
G1 X419.797 Y331.086 F3554.948
G1 X420.553 Y331.307 F3554.948
G1 X421.262 Y331.506 F3554.948
G1 X421.972 Y331.705 F3554.948
G1 X422.682 Y331.904 F3554.948
G1 X423.392 Y332.103 F3554.948
G1 X424.036 Y332.262 F3554.948
G1 X424.681 Y332.422 F3554.948
G1 X425.326 Y332.581 F3554.948
G1 X425.971 Y332.741 F3554.948
G1 X426.732 Y332.873 F3554.948
G1 X427.493 Y333.006 F3554.948
G1 X428.255 Y333.138 F3554.948
G1 X428.911 Y333.168 F3554.948
G1 X429.567 Y333.197 F3554.948
G1 X430.223 Y333.227 F3554.948
G1 X430.771 Y333.136 F3554.948
G1 X431.318 Y333.045 F3554.948
G1 X431.866 Y332.954 F3554.948
G1 X432.526 Y332.634 F3554.948
G1 X433.186 Y332.314 F3554.948
G1 X433.689 Y331.810 F3554.948
G1 X434.192 Y331.305 F3554.948
G1 X434.550 Y330.615 F3554.948
G1 X434.909 Y329.925 F3554.948
G1 X435.062 Y329.342 F3554.948
G1 X435.216 Y328.759 F3554.948
G1 X435.369 Y328.175 F3554.948
G1 X435.449 Y327.472 F3554.948
G1 X435.528 Y326.769 F3554.948
G1 X435.607 Y326.066 F3554.948
G1 X435.620 Y325.454 F3554.948
G1 X435.632 Y324.841 F3554.948
G1 X435.645 Y324.229 F3554.948
G1 X435.658 Y323.617 F3554.948
G1 X435.632 Y322.923 F3554.948
G1 X435.607 Y322.229 F3554.948
G1 X435.582 Y321.534 F3554.948
G1 X435.557 Y320.840 F3554.948
G1 X435.504 Y320.070 F3554.948
G1 X435.451 Y319.299 F3554.948
G1 X435.398 Y318.528 F3554.948
G1 X435.345 Y317.757 F3554.948
G1 X435.289 Y317.091 F3554.948
G1 X435.232 Y316.425 F3554.948
G1 X435.176 Y315.759 F3554.948
G1 X435.119 Y315.094 F3554.948
G1 X435.062 Y314.428 F3554.948
G1 X435.025 Y313.748 F3554.948
G1 X434.987 Y313.068 F3554.948
G1 X434.950 Y312.389 F3554.948
G1 X434.912 Y311.709 F3554.948
G1 X434.874 Y311.030 F3554.948
G1 X434.912 Y310.381 F3554.948
G1 X434.950 Y309.733 F3554.948
G1 X434.987 Y309.084 F3554.948
G1 X435.025 Y308.435 F3554.948
G1 X435.062 Y307.787 F3554.948
G1 X435.259 Y307.046 F3554.948
G1 X435.457 Y306.306 F3554.948
G1 X435.654 Y305.565 F3554.948
G1 X435.851 Y304.825 F3554.948
G1 X436.215 Y304.155 F3554.948
G1 X436.580 Y303.485 F3554.948
G1 X436.944 Y302.815 F3554.948
G1 X437.309 Y302.145 F3554.948
G1 X437.727 Y301.651 F3554.948
G1 X438.145 Y301.158 F3554.948
G1 X438.563 Y300.664 F3554.948
G1 X438.981 Y300.170 F3554.948
G1 X439.399 Y299.676 F3554.948
G1 X439.902 Y299.205 F3554.948
G1 X440.405 Y298.734 F3554.948
G1 X440.909 Y298.263 F3554.948
G1 X441.412 Y297.791 F3554.948
G1 X441.915 Y297.320 F3554.948
G1 X442.422 Y296.860 F3554.948
G1 X442.930 Y296.399 F3554.948
G1 X443.437 Y295.938 F3554.948
G1 X443.945 Y295.478 F3554.948
G1 X444.452 Y295.017 F3554.948
G1 X444.921 Y294.580 F3554.948
G1 X445.389 Y294.143 F3554.948
G1 X445.857 Y293.706 F3554.948
G1 X446.326 Y293.269 F3554.948
G1 X446.794 Y292.832 F3554.948
G1 X447.291 Y292.333 F3554.948
G1 X447.789 Y291.833 F3554.948
G1 X448.286 Y291.334 F3554.948
G1 X448.784 Y290.835 F3554.948
G1 X449.183 Y290.387 F3554.948
G1 X449.583 Y289.939 F3554.948
G1 X449.982 Y289.491 F3554.948
G1 X450.382 Y289.043 F3554.948
G1 X450.809 Y288.519 F3554.948
G1 X451.237 Y287.995 F3554.948
G1 X451.665 Y287.471 F3554.948
G1 X452.030 Y287.013 F3554.948
G1 X452.395 Y286.554 F3554.948
G1 X452.760 Y286.095 F3554.948
G1 X453.108 Y285.686 F3554.948
G1 X453.455 Y285.277 F3554.948
G1 X453.803 Y284.869 F3554.948
G1 X454.364 Y284.303 F3554.948
G1 X454.925 Y283.738 F3554.948
G1 X455.362 Y283.373 F3554.948
G1 X455.799 Y283.008 F3554.948
G1 X456.237 Y282.644 F3554.948
G1 X456.772 Y282.267 F3554.948
G1 X457.308 Y281.889 F3554.948
G1 X457.843 Y281.512 F3554.948
G1 X458.513 Y281.096 F3554.948
G1 X459.183 Y280.680 F3554.948
G1 X459.854 Y280.265 F3554.948
G1 X460.495 Y279.912 F3554.948
G1 X461.136 Y279.558 F3554.948
G1 X461.777 Y279.205 F3554.948
G1 X462.418 Y278.852 F3554.948
G1 X463.052 Y278.535 F3554.948
G1 X463.687 Y278.217 F3554.948
G1 X464.321 Y277.900 F3554.948
G1 X464.955 Y277.583 F3554.948
G1 X465.590 Y277.265 F3554.948
G1 X466.313 Y276.923 F3554.948
G1 X467.036 Y276.582 F3554.948
G1 X467.758 Y276.240 F3554.948
G1 X468.481 Y275.898 F3554.948
G1 X469.204 Y275.556 F3554.948
G1 X469.814 Y275.264 F3554.948
G1 X470.424 Y274.972 F3554.948
G1 X471.034 Y274.680 F3554.948
G1 X471.644 Y274.388 F3554.948
G1 X472.253 Y274.096 F3554.948
G1 X472.863 Y273.804 F3554.948
G1 X473.578 Y273.454 F3554.948
G1 X474.293 Y273.104 F3554.948
G1 X475.008 Y272.753 F3554.948
G1 X475.723 Y272.403 F3554.948
G1 X476.438 Y272.053 F3554.948
G1 X477.130 Y271.706 F3554.948
G1 X477.822 Y271.359 F3554.948
G1 X478.514 Y271.012 F3554.948
G1 X479.206 Y270.665 F3554.948
G1 X479.899 Y270.318 F3554.948
G1 X480.567 Y269.976 F3554.948
G1 X481.235 Y269.635 F3554.948
G1 X481.904 Y269.293 F3554.948
G1 X482.572 Y268.951 F3554.948
G1 X483.240 Y268.609 F3554.948
G1 X483.891 Y268.274 F3554.948
G1 X484.542 Y267.939 F3554.948
G1 X485.193 Y267.604 F3554.948
G1 X485.844 Y267.269 F3554.948
G1 X486.495 Y266.934 F3554.948
G1 X487.135 Y266.607 F3554.948
G1 X487.775 Y266.279 F3554.948
G1 X488.416 Y265.952 F3554.948
G1 X489.056 Y265.625 F3554.948
G1 X489.696 Y265.297 F3554.948
G1 X490.321 Y264.978 F3554.948
G1 X490.945 Y264.659 F3554.948
G1 X491.569 Y264.341 F3554.948
G1 X492.194 Y264.022 F3554.948
G1 X492.818 Y263.703 F3554.948
G1 X493.390 Y263.393 F3554.948
G1 X493.961 Y263.082 F3554.948
G1 X494.533 Y262.772 F3554.948
G1 X495.104 Y262.462 F3554.948
G1 X495.676 Y262.152 F3554.948
G1 X496.213 Y261.774 F3554.948
G1 X496.751 Y261.396 F3554.948
G1 X497.289 Y261.019 F3554.948
G1 X497.827 Y260.641 F3554.948
G1 X498.249 Y260.150 F3554.948
G1 X498.672 Y259.659 F3554.948
G1 X499.094 Y259.167 F3554.948
G1 X499.310 Y258.446 F3554.948
G1 X499.525 Y257.725 F3554.948
G1 X499.344 Y257.016 F3554.948
G1 X499.163 Y256.307 F3554.948
G1 X498.791 Y255.835 F3554.948
G1 X498.419 Y255.363 F3554.948
G1 X498.046 Y254.892 F3554.948
G1 X497.436 Y254.410 F3554.948
G1 X496.826 Y253.929 F3554.948
G1 X496.215 Y253.447 F3554.948
G1 X495.592 Y253.062 F3554.948
G1 X494.969 Y252.677 F3554.948
G1 X494.346 Y252.292 F3554.948
G1 X493.723 Y251.907 F3554.948
G1 X493.167 Y251.574 F3554.948
G1 X492.611 Y251.241 F3554.948
G1 X492.055 Y250.909 F3554.948
G1 X491.498 Y250.576 F3554.948
G1 X490.942 Y250.243 F3554.948
G1 X490.378 Y249.885 F3554.948
G1 X489.813 Y249.527 F3554.948
G1 X489.248 Y249.170 F3554.948
G1 X488.684 Y248.812 F3554.948
G1 X488.119 Y248.454 F3554.948
G1 X487.552 Y248.071 F3554.948
G1 X486.985 Y247.688 F3554.948
G1 X486.417 Y247.305 F3554.948
G1 X485.850 Y246.922 F3554.948
G1 X485.283 Y246.539 F3554.948
G1 X484.702 Y246.134 F3554.948
G1 X484.121 Y245.730 F3554.948
G1 X483.540 Y245.326 F3554.948
G1 X482.959 Y244.922 F3554.948
G1 X482.378 Y244.517 F3554.948
G1 X481.785 Y244.098 F3554.948
G1 X481.191 Y243.679 F3554.948
G1 X480.598 Y243.260 F3554.948
G1 X480.005 Y242.841 F3554.948
G1 X479.412 Y242.422 F3554.948
G1 X478.818 Y241.997 F3554.948
G1 X478.224 Y241.573 F3554.948
G1 X477.631 Y241.149 F3554.948
G1 X477.037 Y240.724 F3554.948
G1 X476.443 Y240.300 F3554.948
G1 X475.855 Y239.878 F3554.948
G1 X475.267 Y239.456 F3554.948
G1 X474.679 Y239.035 F3554.948
G1 X474.092 Y238.613 F3554.948
G1 X473.504 Y238.191 F3554.948
G1 X472.923 Y237.774 F3554.948
G1 X472.343 Y237.357 F3554.948
G1 X471.762 Y236.940 F3554.948
G1 X471.182 Y236.523 F3554.948
G1 X470.601 Y236.106 F3554.948
G1 X470.031 Y235.696 F3554.948
G1 X469.461 Y235.286 F3554.948
G1 X468.891 Y234.876 F3554.948
G1 X468.321 Y234.466 F3554.948
G1 X467.752 Y234.056 F3554.948
G1 X467.193 Y233.651 F3554.948
G1 X466.634 Y233.247 F3554.948
G1 X466.075 Y232.843 F3554.948
G1 X465.516 Y232.439 F3554.948
G1 X464.958 Y232.034 F3554.948
G1 X464.409 Y231.636 F3554.948
G1 X463.860 Y231.237 F3554.948
G1 X463.311 Y230.839 F3554.948
G1 X462.763 Y230.440 F3554.948
G1 X462.214 Y230.042 F3554.948
G1 X461.695 Y229.645 F3554.948
G1 X461.176 Y229.248 F3554.948
G1 X460.657 Y228.851 F3554.948
G1 X460.137 Y228.454 F3554.948
G1 X459.618 Y228.058 F3554.948
G1 X459.055 Y227.557 F3554.948
G1 X458.492 Y227.056 F3554.948
G1 X457.930 Y226.555 F3554.948
G1 X457.367 Y226.055 F3554.948
G1 X456.948 Y225.542 F3554.948
G1 X456.529 Y225.029 F3554.948
G1 X456.111 Y224.517 F3554.948
G1 X455.692 Y224.004 F3554.948
G1 X455.352 Y223.298 F3554.948
G1 X455.013 Y222.591 F3554.948
G1 X454.673 Y221.885 F3554.948
G1 X454.574 Y221.147 F3554.948
G1 X454.476 Y220.408 F3554.948
G1 X454.377 Y219.670 F3554.948
G1 X454.517 Y218.889 F3554.948
G1 X454.657 Y218.108 F3554.948
G1 X454.798 Y217.326 F3554.948
G1 X455.058 Y216.700 F3554.948
G1 X455.319 Y216.073 F3554.948
G1 X455.579 Y215.447 F3554.948
G1 X455.840 Y214.821 F3554.948
G1 X456.205 Y214.158 F3554.948
G1 X456.569 Y213.495 F3554.948
G1 X456.933 Y212.832 F3554.948
G1 X457.298 Y212.169 F3554.948
G1 X457.699 Y211.481 F3554.948
G1 X458.101 Y210.794 F3554.948
G1 X458.502 Y210.106 F3554.948
G1 X458.904 Y209.418 F3554.948
G1 X459.233 Y208.855 F3554.948
G1 X459.562 Y208.293 F3554.948
G1 X459.891 Y207.730 F3554.948
G1 X460.220 Y207.168 F3554.948
G1 X460.550 Y206.605 F3554.948
G1 X460.879 Y206.038 F3554.948
G1 X461.208 Y205.471 F3554.948
G1 X461.537 Y204.903 F3554.948
G1 X461.866 Y204.336 F3554.948
G1 X462.195 Y203.769 F3554.948
G1 X462.522 Y203.200 F3554.948
G1 X462.849 Y202.631 F3554.948
G1 X463.176 Y202.062 F3554.948
G1 X463.503 Y201.493 F3554.948
G1 X463.830 Y200.925 F3554.948
G1 X464.156 Y200.357 F3554.948
G1 X464.481 Y199.790 F3554.948
G1 X464.807 Y199.223 F3554.948
G1 X465.132 Y198.656 F3554.948
G1 X465.458 Y198.088 F3554.948
G1 X465.783 Y197.523 F3554.948
G1 X466.109 Y196.957 F3554.948
G1 X466.434 Y196.391 F3554.948
G1 X466.759 Y195.826 F3554.948
G1 X467.085 Y195.260 F3554.948
G1 X467.409 Y194.698 F3554.948
G1 X467.733 Y194.136 F3554.948
G1 X468.056 Y193.574 F3554.948
G1 X468.380 Y193.012 F3554.948
G1 X468.704 Y192.450 F3554.948
G1 X469.027 Y191.893 F3554.948
G1 X469.351 Y191.336 F3554.948
G1 X469.674 Y190.778 F3554.948
G1 X469.997 Y190.221 F3554.948
G1 X470.321 Y189.664 F3554.948
G1 X470.721 Y188.977 F3554.948
G1 X471.121 Y188.289 F3554.948
G1 X471.521 Y187.602 F3554.948
G1 X471.921 Y186.915 F3554.948
G1 X472.317 Y186.238 F3554.948
G1 X472.713 Y185.560 F3554.948
G1 X473.108 Y184.883 F3554.948
G1 X473.504 Y184.206 F3554.948
G1 X473.896 Y183.537 F3554.948
G1 X474.288 Y182.868 F3554.948
G1 X474.680 Y182.199 F3554.948
G1 X475.073 Y181.531 F3554.948
G1 X475.463 Y180.867 F3554.948
G1 X475.853 Y180.202 F3554.948
G1 X476.243 Y179.538 F3554.948
G1 X476.634 Y178.874 F3554.948
G1 X477.023 Y178.213 F3554.948
G1 X477.413 Y177.553 F3554.948
G1 X477.802 Y176.892 F3554.948
G1 X478.192 Y176.231 F3554.948
G1 X478.580 Y175.576 F3554.948
G1 X478.969 Y174.921 F3554.948
G1 X479.357 Y174.266 F3554.948
G1 X479.745 Y173.612 F3554.948
G1 X480.131 Y172.963 F3554.948
G1 X480.518 Y172.314 F3554.948
G1 X480.904 Y171.665 F3554.948
G1 X481.290 Y171.016 F3554.948
G1 X481.674 Y170.373 F3554.948
G1 X482.058 Y169.730 F3554.948
G1 X482.441 Y169.087 F3554.948
G1 X482.825 Y168.444 F3554.948
G1 X483.207 Y167.807 F3554.948
G1 X483.588 Y167.170 F3554.948
G1 X483.970 Y166.533 F3554.948
G1 X484.352 Y165.896 F3554.948
G1 X484.732 Y165.265 F3554.948
G1 X485.112 Y164.633 F3554.948
G1 X485.493 Y164.001 F3554.948
G1 X485.873 Y163.370 F3554.948
G1 X486.251 Y162.747 F3554.948
G1 X486.628 Y162.123 F3554.948
G1 X487.006 Y161.500 F3554.948
G1 X487.384 Y160.877 F3554.948
G1 X487.759 Y160.261 F3554.948
G1 X488.135 Y159.644 F3554.948
G1 X488.511 Y159.028 F3554.948
G1 X488.887 Y158.411 F3554.948
G1 X489.255 Y157.798 F3554.948
G1 X489.623 Y157.185 F3554.948
G1 X489.992 Y156.572 F3554.948
G1 X490.360 Y155.959 F3554.948
G1 X490.711 Y155.343 F3554.948
G1 X491.061 Y154.727 F3554.948
G1 X491.412 Y154.111 F3554.948
G1 X491.763 Y153.495 F3554.948
G1 X492.083 Y152.874 F3554.948
G1 X492.404 Y152.253 F3554.948
G1 X492.725 Y151.632 F3554.948
G1 X493.046 Y151.011 F3554.948
G1 X493.298 Y150.380 F3554.948
G1 X493.551 Y149.749 F3554.948
G1 X493.804 Y149.118 F3554.948
G1 X494.056 Y148.487 F3554.948
G1 X494.202 Y147.852 F3554.948
G1 X494.348 Y147.217 F3554.948
G1 X494.493 Y146.582 F3554.948
G1 X494.639 Y145.947 F3554.948
G1 X494.656 Y145.310 F3554.948
G1 X494.673 Y144.673 F3554.948
G1 X494.690 Y144.036 F3554.948
G1 X494.707 Y143.399 F3554.948
G1 X494.594 Y142.760 F3554.948
G1 X494.481 Y142.121 F3554.948
G1 X494.368 Y141.482 F3554.948
G1 X494.255 Y140.843 F3554.948
G1 X494.033 Y140.201 F3554.948
G1 X493.812 Y139.558 F3554.948
G1 X493.590 Y138.916 F3554.948
G1 X493.369 Y138.274 F3554.948
G1 X493.074 Y137.628 F3554.948
G1 X492.780 Y136.981 F3554.948
G1 X492.485 Y136.335 F3554.948
G1 X492.191 Y135.689 F3554.948
G1 X491.870 Y135.039 F3554.948
G1 X491.548 Y134.388 F3554.948
G1 X491.227 Y133.738 F3554.948
G1 X490.905 Y133.088 F3554.948
G1 X490.569 Y132.435 F3554.948
G1 X490.232 Y131.781 F3554.948
G1 X489.895 Y131.128 F3554.948
G1 X489.559 Y130.474 F3554.948
G1 X489.216 Y129.818 F3554.948
G1 X488.873 Y129.163 F3554.948
G1 X488.531 Y128.507 F3554.948
G1 X488.188 Y127.852 F3554.948
G1 X487.850 Y127.190 F3554.948
G1 X487.512 Y126.528 F3554.948
G1 X487.174 Y125.866 F3554.948
G1 X486.836 Y125.203 F3554.948
G1 X486.502 Y124.537 F3554.948
G1 X486.168 Y123.871 F3554.948
G1 X485.834 Y123.205 F3554.948
G1 X485.500 Y122.539 F3554.948
G1 X485.168 Y121.869 F3554.948
G1 X484.836 Y121.199 F3554.948
G1 X484.504 Y120.529 F3554.948
G1 X484.172 Y119.859 F3554.948
G1 X483.842 Y119.187 F3554.948
G1 X483.513 Y118.515 F3554.948
G1 X483.183 Y117.843 F3554.948
G1 X482.854 Y117.171 F3554.948
G1 X482.525 Y116.501 F3554.948
G1 X482.195 Y115.831 F3554.948
G1 X481.866 Y115.161 F3554.948
G1 X481.536 Y114.491 F3554.948
G1 X481.206 Y113.826 F3554.948
G1 X480.875 Y113.161 F3554.948
G1 X480.544 Y112.496 F3554.948
G1 X480.213 Y111.831 F3554.948
G1 X479.880 Y111.173 F3554.948
G1 X479.547 Y110.514 F3554.948
G1 X479.213 Y109.855 F3554.948
G1 X478.880 Y109.196 F3554.948
G1 X478.545 Y108.544 F3554.948
G1 X478.209 Y107.892 F3554.948
G1 X477.874 Y107.240 F3554.948
G1 X477.539 Y106.587 F3554.948
G1 X477.202 Y105.942 F3554.948
G1 X476.866 Y105.296 F3554.948
G1 X476.530 Y104.651 F3554.948
G1 X476.194 Y104.005 F3554.948
G1 X475.857 Y103.365 F3554.948
G1 X475.520 Y102.724 F3554.948
G1 X475.182 Y102.084 F3554.948
G1 X474.845 Y101.444 F3554.948
G1 X474.508 Y100.806 F3554.948
G1 X474.170 Y100.169 F3554.948
G1 X473.833 Y99.531 F3554.948
G1 X473.496 Y98.893 F3554.948
G1 X473.158 Y98.256 F3554.948
G1 X472.820 Y97.619 F3554.948
G1 X472.482 Y96.982 F3554.948
G1 X472.144 Y96.345 F3554.948
G1 X471.804 Y95.705 F3554.948
G1 X471.465 Y95.065 F3554.948
G1 X471.126 Y94.425 F3554.948
G1 X470.786 Y93.784 F3554.948
G1 X470.444 Y93.143 F3554.948
G1 X470.101 Y92.502 F3554.948
G1 X469.758 Y91.861 F3554.948
G1 X469.416 Y91.220 F3554.948
G1 X469.067 Y90.585 F3554.948
G1 X468.719 Y89.950 F3554.948
G1 X468.370 Y89.315 F3554.948
G1 X468.021 Y88.680 F3554.948
G1 X467.667 Y88.057 F3554.948
G1 X467.312 Y87.434 F3554.948
G1 X466.958 Y86.811 F3554.948
G1 X466.603 Y86.188 F3554.948
G1 X466.242 Y85.580 F3554.948
G1 X465.881 Y84.972 F3554.948
G1 X465.520 Y84.364 F3554.948
G1 X465.159 Y83.756 F3554.948
G1 X464.790 Y83.164 F3554.948
G1 X464.420 Y82.571 F3554.948
G1 X464.051 Y81.978 F3554.948
G1 X463.682 Y81.386 F3554.948
G1 X463.307 Y80.807 F3554.948
G1 X462.931 Y80.228 F3554.948
G1 X462.555 Y79.650 F3554.948
G1 X462.179 Y79.071 F3554.948
G1 X461.793 Y78.515 F3554.948
G1 X461.406 Y77.959 F3554.948
G1 X461.019 Y77.404 F3554.948
G1 X460.632 Y76.848 F3554.948
G1 X460.233 Y76.324 F3554.948
G1 X459.834 Y75.800 F3554.948
G1 X459.435 Y75.277 F3554.948
G1 X459.036 Y74.753 F3554.948
G1 X458.619 Y74.276 F3554.948
G1 X458.201 Y73.799 F3554.948
G1 X457.784 Y73.322 F3554.948
G1 X457.367 Y72.845 F3554.948
G1 X456.925 Y72.420 F3554.948
G1 X456.484 Y71.994 F3554.948
G1 X456.043 Y71.569 F3554.948
G1 X455.602 Y71.144 F3554.948
G1 X454.984 Y70.649 F3554.948
G1 X454.365 Y70.154 F3554.948
G1 X453.747 Y69.659 F3554.948
G1 X453.099 Y69.248 F3554.948
G1 X452.451 Y68.836 F3554.948
G1 X451.803 Y68.424 F3554.948
G1 X451.124 Y68.090 F3554.948
G1 X450.446 Y67.755 F3554.948
G1 X449.768 Y67.421 F3554.948
G1 X449.053 Y67.172 F3554.948
G1 X448.339 Y66.922 F3554.948
G1 X447.625 Y66.672 F3554.948
G1 X446.863 Y66.514 F3554.948
G1 X446.101 Y66.355 F3554.948
G1 X445.339 Y66.196 F3554.948
G1 X444.723 Y66.152 F3554.948
G1 X444.107 Y66.109 F3554.948
G1 X443.491 Y66.065 F3554.948
G1 X442.875 Y66.021 F3554.948
G1 X442.215 Y66.047 F3554.948
G1 X441.554 Y66.073 F3554.948
G1 X440.893 Y66.099 F3554.948
G1 X440.232 Y66.125 F3554.948
G1 X439.534 Y66.214 F3554.948
G1 X438.837 Y66.303 F3554.948
G1 X438.139 Y66.393 F3554.948
G1 X437.441 Y66.482 F3554.948
G1 X436.713 Y66.621 F3554.948
G1 X435.984 Y66.761 F3554.948
G1 X435.256 Y66.901 F3554.948
G1 X434.528 Y67.040 F3554.948
G1 X433.778 Y67.219 F3554.948
G1 X433.029 Y67.397 F3554.948
G1 X432.280 Y67.576 F3554.948
G1 X431.530 Y67.754 F3554.948
G1 X430.764 Y67.958 F3554.948
G1 X429.998 Y68.162 F3554.948
G1 X429.232 Y68.366 F3554.948
G1 X428.466 Y68.569 F3554.948
G1 X427.846 Y68.744 F3554.948
G1 X427.226 Y68.918 F3554.948
G1 X426.606 Y69.092 F3554.948
G1 X425.986 Y69.266 F3554.948
G1 X425.365 Y69.440 F3554.948
G1 X424.742 Y69.618 F3554.948
G1 X424.119 Y69.795 F3554.948
G1 X423.495 Y69.973 F3554.948
G1 X422.872 Y70.151 F3554.948
G1 X422.249 Y70.329 F3554.948
G1 X421.625 Y70.512 F3554.948
G1 X421.001 Y70.695 F3554.948
G1 X420.377 Y70.878 F3554.948
G1 X419.753 Y71.061 F3554.948
G1 X419.129 Y71.244 F3554.948
G1 X418.504 Y71.434 F3554.948
G1 X417.879 Y71.624 F3554.948
G1 X417.254 Y71.814 F3554.948
G1 X416.629 Y72.004 F3554.948
G1 X416.004 Y72.194 F3554.948
G1 X415.380 Y72.389 F3554.948
G1 X414.756 Y72.584 F3554.948
G1 X414.131 Y72.778 F3554.948
G1 X413.507 Y72.973 F3554.948
G1 X412.882 Y73.168 F3554.948
G1 X412.259 Y73.365 F3554.948
G1 X411.637 Y73.563 F3554.948
G1 X411.014 Y73.760 F3554.948
G1 X410.391 Y73.957 F3554.948
G1 X409.768 Y74.155 F3554.948
G1 X409.149 Y74.351 F3554.948
G1 X408.530 Y74.546 F3554.948
G1 X407.911 Y74.742 F3554.948
G1 X407.292 Y74.938 F3554.948
G1 X406.673 Y75.134 F3554.948
G1 X406.057 Y75.327 F3554.948
G1 X405.442 Y75.521 F3554.948
G1 X404.826 Y75.715 F3554.948
G1 X404.211 Y75.908 F3554.948
G1 X403.595 Y76.102 F3554.948
G1 X402.983 Y76.295 F3554.948
G1 X402.371 Y76.488 F3554.948
G1 X401.759 Y76.682 F3554.948
G1 X401.146 Y76.875 F3554.948
G1 X400.534 Y77.068 F3554.948
G1 X399.774 Y77.309 F3554.948
G1 X399.013 Y77.551 F3554.948
G1 X398.252 Y77.792 F3554.948
G1 X397.491 Y78.034 F3554.948
G1 X396.737 Y78.272 F3554.948
G1 X395.982 Y78.511 F3554.948
G1 X395.227 Y78.750 F3554.948
G1 X394.473 Y78.989 F3554.948
G1 X393.726 Y79.224 F3554.948
G1 X392.979 Y79.460 F3554.948
G1 X392.232 Y79.695 F3554.948
G1 X391.485 Y79.931 F3554.948
G1 X390.745 Y80.163 F3554.948
G1 X390.004 Y80.396 F3554.948
G1 X389.263 Y80.629 F3554.948
G1 X388.522 Y80.862 F3554.948
G1 X387.787 Y81.093 F3554.948
G1 X387.051 Y81.324 F3554.948
G1 X386.315 Y81.555 F3554.948
G1 X385.580 Y81.785 F3554.948
G1 X384.853 Y82.012 F3554.948
G1 X384.126 Y82.239 F3554.948
G1 X383.399 Y82.466 F3554.948
G1 X382.672 Y82.693 F3554.948
G1 X381.960 Y82.911 F3554.948
G1 X381.249 Y83.129 F3554.948
G1 X380.537 Y83.348 F3554.948
G1 X379.825 Y83.566 F3554.948
G1 X379.133 Y83.771 F3554.948
G1 X378.441 Y83.976 F3554.948
G1 X377.750 Y84.181 F3554.948
G1 X377.058 Y84.386 F3554.948
G1 X376.387 Y84.575 F3554.948
G1 X375.716 Y84.765 F3554.948
G1 X375.046 Y84.954 F3554.948
G1 X374.375 Y85.143 F3554.948
G1 X373.733 Y85.306 F3554.948
G1 X373.090 Y85.468 F3554.948
G1 X372.448 Y85.631 F3554.948
G1 X371.806 Y85.794 F3554.948
G1 X371.214 Y85.905 F3554.948
G1 X370.622 Y86.016 F3554.948
G1 X370.030 Y86.127 F3554.948
G1 X369.438 Y86.238 F3554.948
G1 X368.768 Y86.255 F3554.948
G1 X368.099 Y86.272 F3554.948
G1 X367.430 Y86.289 F3554.948
G1 X366.914 Y86.132 F3554.948
G1 X366.398 Y85.975 F3554.948
G1 X365.882 Y85.818 F3554.948
G1 X365.358 Y85.288 F3554.948
G1 X364.834 Y84.759 F3554.948
G1 X364.643 Y84.210 F3554.948
G1 X364.453 Y83.660 F3554.948
G1 X364.262 Y83.111 F3554.948
G1 X364.191 Y82.397 F3554.948
G1 X364.120 Y81.682 F3554.948
G1 X364.048 Y80.968 F3554.948
G1 X364.042 Y80.341 F3554.948
G1 X364.036 Y79.715 F3554.948
G1 X364.030 Y79.089 F3554.948
G1 X364.024 Y78.462 F3554.948
G1 X364.032 Y77.777 F3554.948
G1 X364.040 Y77.092 F3554.948
G1 X364.048 Y76.406 F3554.948
G1 X364.056 Y75.721 F3554.948
G1 X364.059 Y74.995 F3554.948
G1 X364.063 Y74.269 F3554.948
G1 X364.066 Y73.542 F3554.948
G1 X364.069 Y72.816 F3554.948
G1 X364.063 Y72.055 F3554.948
G1 X364.056 Y71.295 F3554.948
G1 X364.049 Y70.534 F3554.948
G1 X364.043 Y69.773 F3554.948
G1 X364.032 Y68.980 F3554.948
G1 X364.022 Y68.186 F3554.948
G1 X364.011 Y67.392 F3554.948
G1 X364.001 Y66.598 F3554.948
G1 X363.994 Y65.942 F3554.948
G1 X363.988 Y65.286 F3554.948
G1 X363.981 Y64.630 F3554.948
G1 X363.975 Y63.974 F3554.948
G1 X363.969 Y63.317 F3554.948
G1 X363.967 Y62.647 F3554.948
G1 X363.966 Y61.977 F3554.948
G1 X363.964 Y61.306 F3554.948
G1 X363.962 Y60.636 F3554.948
G1 X363.961 Y59.965 F3554.948
G1 X363.962 Y59.289 F3554.948
G1 X363.963 Y58.613 F3554.948
G1 X363.964 Y57.936 F3554.948
G1 X363.965 Y57.260 F3554.948
G1 X363.966 Y56.584 F3554.948
G1 X363.969 Y55.907 F3554.948
G1 X363.971 Y55.230 F3554.948
G1 X363.974 Y54.553 F3554.948
G1 X363.977 Y53.877 F3554.948
G1 X363.979 Y53.200 F3554.948
G1 X363.981 Y52.527 F3554.948
G1 X363.983 Y51.855 F3554.948
G1 X363.984 Y51.182 F3554.948
G1 X363.986 Y50.509 F3554.948
G1 X363.987 Y49.837 F3554.948
G1 X363.989 Y49.171 F3554.948
G1 X363.992 Y48.504 F3554.948
G1 X363.994 Y47.838 F3554.948
G1 X363.996 Y47.172 F3554.948
G1 X363.998 Y46.506 F3554.948
G1 X363.998 Y45.852 F3554.948
G1 X363.999 Y45.198 F3554.948
G1 X363.999 Y44.544 F3554.948
G1 X364.000 Y43.890 F3554.948
G1 X364.001 Y43.236 F3554.948
G1 X363.990 Y42.462 F3554.948
G1 X363.979 Y41.688 F3554.948
G1 X363.969 Y40.914 F3554.948
G1 X363.958 Y40.140 F3554.948
G1 X363.924 Y39.453 F3554.948
G1 X363.891 Y38.767 F3554.948
G1 X363.857 Y38.080 F3554.948
G1 X363.823 Y37.394 F3554.948
G1 X363.740 Y36.623 F3554.948
G1 X363.657 Y35.852 F3554.948
G1 X363.575 Y35.081 F3554.948
G1 X363.453 Y34.458 F3554.948
G1 X363.331 Y33.834 F3554.948
G1 X363.209 Y33.210 F3554.948
G1 X362.975 Y32.536 F3554.948
G1 X362.741 Y31.861 F3554.948
G1 X362.463 Y31.471 F3554.948
G1 X362.185 Y31.081 F3554.948
G1 X361.537 Y30.893 F3554.948
G1 X361.156 Y31.095 F3554.948
G1 X360.775 Y31.298 F3554.948
G1 X360.320 Y31.778 F3554.948
G1 X359.865 Y32.258 F3554.948
G1 X359.499 Y32.745 F3554.948
G1 X359.133 Y33.232 F3554.948
G1 X358.767 Y33.719 F3554.948
G1 X358.324 Y34.345 F3554.948
G1 X357.882 Y34.971 F3554.948
G1 X357.439 Y35.597 F3554.948
G1 X357.040 Y36.145 F3554.948
G1 X356.641 Y36.692 F3554.948
G1 X356.242 Y37.240 F3554.948
G1 X355.843 Y37.788 F3554.948
G1 X355.380 Y38.385 F3554.948
G1 X354.916 Y38.982 F3554.948
G1 X354.452 Y39.580 F3554.948
G1 X353.989 Y40.177 F3554.948
G1 X353.571 Y40.669 F3554.948
G1 X353.153 Y41.161 F3554.948
G1 X352.735 Y41.653 F3554.948
G1 X352.317 Y42.145 F3554.948
G1 X351.898 Y42.638 F3554.948
G1 X351.439 Y43.130 F3554.948
G1 X350.980 Y43.623 F3554.948
G1 X350.521 Y44.116 F3554.948
G1 X350.061 Y44.608 F3554.948
G1 X349.602 Y45.101 F3554.948
G1 X349.110 Y45.589 F3554.948
G1 X348.618 Y46.078 F3554.948
G1 X348.126 Y46.566 F3554.948
G1 X347.633 Y47.055 F3554.948
G1 X347.141 Y47.543 F3554.948
G1 X346.627 Y48.022 F3554.948
G1 X346.113 Y48.502 F3554.948
G1 X345.598 Y48.981 F3554.948
G1 X345.084 Y49.461 F3554.948
G1 X344.570 Y49.940 F3554.948
G1 X344.042 Y50.407 F3554.948
G1 X343.514 Y50.874 F3554.948
G1 X342.987 Y51.340 F3554.948
G1 X342.459 Y51.807 F3554.948
G1 X341.932 Y52.274 F3554.948
G1 X341.403 Y52.725 F3554.948
G1 X340.874 Y53.175 F3554.948
G1 X340.346 Y53.626 F3554.948
G1 X339.817 Y54.077 F3554.948
G1 X339.288 Y54.528 F3554.948
G1 X338.778 Y54.947 F3554.948
G1 X338.267 Y55.366 F3554.948
G1 X337.757 Y55.785 F3554.948
G1 X337.246 Y56.204 F3554.948
G1 X336.735 Y56.623 F3554.948
G1 X336.178 Y57.038 F3554.948
G1 X335.621 Y57.452 F3554.948
G1 X335.064 Y57.866 F3554.948
G1 X334.507 Y58.280 F3554.948
G1 X333.947 Y58.589 F3554.948
G1 X333.386 Y58.899 F3554.948
G1 X332.825 Y59.208 F3554.948
G1 X332.237 Y59.328 F3554.948
G1 X331.650 Y59.447 F3554.948
G1 X331.298 Y59.230 F3554.948
G1 X330.946 Y59.013 F3554.948
G1 X330.810 Y58.474 F3554.948
G1 X330.674 Y57.936 F3554.948
G1 X330.712 Y57.369 F3554.948
G1 X330.751 Y56.802 F3554.948
G1 X330.790 Y56.235 F3554.948
G1 X330.943 Y55.465 F3554.948
G1 X331.097 Y54.695 F3554.948
G1 X331.250 Y53.925 F3554.948
G1 X331.418 Y53.222 F3554.948
G1 X331.586 Y52.520 F3554.948
G1 X331.754 Y51.817 F3554.948
G1 X331.922 Y51.115 F3554.948
G1 X332.092 Y50.350 F3554.948
G1 X332.262 Y49.584 F3554.948
G1 X332.432 Y48.819 F3554.948
G1 X332.602 Y48.054 F3554.948
G1 X332.718 Y47.410 F3554.948
G1 X332.834 Y46.766 F3554.948
G1 X332.950 Y46.122 F3554.948
G1 X333.066 Y45.478 F3554.948
G1 X333.182 Y44.834 F3554.948
G1 X333.272 Y44.159 F3554.948
G1 X333.362 Y43.485 F3554.948
G1 X333.452 Y42.811 F3554.948
G1 X333.542 Y42.137 F3554.948
G1 X333.632 Y41.463 F3554.948
G1 X333.696 Y40.759 F3554.948
G1 X333.761 Y40.054 F3554.948
G1 X333.825 Y39.350 F3554.948
G1 X333.890 Y38.646 F3554.948
G1 X333.954 Y37.941 F3554.948
G1 X333.993 Y37.220 F3554.948
G1 X334.032 Y36.499 F3554.948
G1 X334.070 Y35.777 F3554.948
G1 X334.109 Y35.056 F3554.948
G1 X334.148 Y34.335 F3554.948
G1 X334.159 Y33.651 F3554.948
G1 X334.171 Y32.968 F3554.948
G1 X334.183 Y32.284 F3554.948
G1 X334.194 Y31.600 F3554.948
G1 X334.206 Y30.917 F3554.948
G1 X334.183 Y30.266 F3554.948
G1 X334.159 Y29.616 F3554.948
G1 X334.136 Y28.966 F3554.948
G1 X334.113 Y28.316 F3554.948
G1 X334.051 Y27.749 F3554.948
G1 X333.990 Y27.182 F3554.948
G1 X333.928 Y26.614 F3554.948
G1 X333.798 Y26.191 F3554.948
G1 X333.669 Y25.768 F3554.948
G1 X333.349 Y25.736 F3554.948
G1 X333.157 Y26.105 F3554.948
G1 X332.965 Y26.474 F3554.948
G1 X332.741 Y27.212 F3554.948
G1 X332.518 Y27.951 F3554.948
G1 X332.345 Y28.673 F3554.948
G1 X332.172 Y29.395 F3554.948
G1 X331.999 Y30.118 F3554.948
G1 X331.840 Y30.823 F3554.948
G1 X331.680 Y31.529 F3554.948
G1 X331.521 Y32.235 F3554.948
G1 X331.362 Y32.941 F3554.948
G1 X331.168 Y33.707 F3554.948
G1 X330.975 Y34.473 F3554.948
G1 X330.782 Y35.239 F3554.948
G1 X330.589 Y36.004 F3554.948
G1 X330.359 Y36.738 F3554.948
G1 X330.130 Y37.472 F3554.948
G1 X329.900 Y38.205 F3554.948
G1 X329.671 Y38.939 F3554.948
G1 X329.402 Y39.618 F3554.948
G1 X329.132 Y40.297 F3554.948
G1 X328.863 Y40.977 F3554.948
G1 X328.594 Y41.656 F3554.948
G1 X328.278 Y42.284 F3554.948
G1 X327.963 Y42.913 F3554.948
G1 X327.647 Y43.541 F3554.948
G1 X327.332 Y44.170 F3554.948
G1 X326.973 Y44.743 F3554.948
G1 X326.614 Y45.317 F3554.948
G1 X326.254 Y45.890 F3554.948
G1 X325.895 Y46.463 F3554.948
G1 X325.499 Y46.969 F3554.948
G1 X325.103 Y47.476 F3554.948
G1 X324.707 Y47.982 F3554.948
G1 X324.310 Y48.488 F3554.948
G1 X323.784 Y48.995 F3554.948
G1 X323.257 Y49.502 F3554.948
G1 X322.731 Y50.009 F3554.948
G1 X322.249 Y50.278 F3554.948
G1 X321.768 Y50.547 F3554.948
G1 X321.286 Y50.816 F3554.948
G1 X320.651 Y50.815 F3554.948
G1 X320.016 Y50.813 F3554.948
G1 X319.453 Y50.427 F3554.948
G1 X318.889 Y50.041 F3554.948
G1 X318.548 Y49.538 F3554.948
G1 X318.206 Y49.035 F3554.948
G1 X317.865 Y48.533 F3554.948
G1 X317.619 Y47.980 F3554.948
G1 X317.373 Y47.428 F3554.948
G1 X317.127 Y46.876 F3554.948
G1 X316.881 Y46.323 F3554.948
G1 X316.630 Y45.623 F3554.948
G1 X316.378 Y44.924 F3554.948
G1 X316.127 Y44.224 F3554.948
G1 X315.875 Y43.524 F3554.948
G1 X315.652 Y42.882 F3554.948
G1 X315.428 Y42.239 F3554.948
G1 X315.204 Y41.597 F3554.948
G1 X314.980 Y40.954 F3554.948
G1 X314.756 Y40.312 F3554.948
G1 X314.496 Y39.618 F3554.948
G1 X314.236 Y38.923 F3554.948
G1 X313.975 Y38.229 F3554.948
G1 X313.715 Y37.535 F3554.948
G1 X313.455 Y36.841 F3554.948
G1 X313.155 Y36.126 F3554.948
G1 X312.856 Y35.412 F3554.948
G1 X312.556 Y34.697 F3554.948
G1 X312.256 Y33.983 F3554.948
G1 X311.957 Y33.269 F3554.948
G1 X311.627 Y32.611 F3554.948
G1 X311.297 Y31.954 F3554.948
G1 X310.966 Y31.297 F3554.948
G1 X310.636 Y30.640 F3554.948
G1 X310.306 Y29.983 F3554.948
G1 X309.868 Y29.378 F3554.948
G1 X309.430 Y28.773 F3554.948
G1 X308.992 Y28.169 F3554.948
G1 X308.554 Y27.564 F3554.948
G1 X307.968 Y27.055 F3554.948
G1 X307.381 Y26.547 F3554.948
G1 X306.795 Y26.038 F3554.948
G1 X306.212 Y25.811 F3554.948
G1 X305.629 Y25.584 F3554.948
G1 X305.046 Y25.358 F3554.948
G1 X304.468 Y25.399 F3554.948
G1 X303.891 Y25.441 F3554.948
G1 X303.313 Y25.482 F3554.948
G1 X302.741 Y25.779 F3554.948
G1 X302.168 Y26.076 F3554.948
G1 X301.596 Y26.374 F3554.948
G1 X301.025 Y26.913 F3554.948
G1 X300.455 Y27.451 F3554.948
G1 X299.884 Y27.990 F3554.948
G1 X299.454 Y28.567 F3554.948
G1 X299.024 Y29.144 F3554.948
G1 X298.594 Y29.721 F3554.948
G1 X298.164 Y30.297 F3554.948
G1 X297.807 Y30.887 F3554.948
G1 X297.450 Y31.477 F3554.948
G1 X297.093 Y32.068 F3554.948
G1 X296.736 Y32.658 F3554.948
G1 X296.378 Y33.248 F3554.948
G1 X296.004 Y33.867 F3554.948
G1 X295.630 Y34.487 F3554.948
G1 X295.256 Y35.107 F3554.948
G1 X294.882 Y35.726 F3554.948
G1 X294.508 Y36.346 F3554.948
G1 X294.116 Y36.923 F3554.948
G1 X293.723 Y37.499 F3554.948
G1 X293.331 Y38.076 F3554.948
G1 X292.939 Y38.653 F3554.948
G1 X292.547 Y39.230 F3554.948
G1 X292.138 Y39.735 F3554.948
G1 X291.728 Y40.239 F3554.948
G1 X291.318 Y40.744 F3554.948
G1 X290.909 Y41.249 F3554.948
G1 X290.499 Y41.754 F3554.948
G1 X289.969 Y42.278 F3554.948
G1 X289.438 Y42.802 F3554.948
G1 X288.908 Y43.326 F3554.948
G1 X288.377 Y43.849 F3554.948
G1 X287.836 Y44.257 F3554.948
G1 X287.295 Y44.664 F3554.948
G1 X286.754 Y45.072 F3554.948
G1 X286.213 Y45.479 F3554.948
G1 X285.667 Y45.766 F3554.948
G1 X285.122 Y46.053 F3554.948
G1 X284.576 Y46.340 F3554.948
G1 X284.030 Y46.628 F3554.948
G1 X283.299 Y46.845 F3554.948
G1 X282.568 Y47.063 F3554.948
G1 X281.837 Y47.281 F3554.948
G1 X281.103 Y47.339 F3554.948
G1 X280.369 Y47.397 F3554.948
G1 X279.635 Y47.456 F3554.948
G1 X278.901 Y47.354 F3554.948
G1 X278.166 Y47.253 F3554.948
G1 X277.431 Y47.151 F3554.948
G1 X276.696 Y46.891 F3554.948
G1 X275.960 Y46.631 F3554.948
G1 X275.225 Y46.371 F3554.948
G1 X274.671 Y46.058 F3554.948
G1 X274.118 Y45.745 F3554.948
G1 X273.564 Y45.432 F3554.948
G1 X273.010 Y45.119 F3554.948
G1 X272.453 Y44.692 F3554.948
G1 X271.895 Y44.265 F3554.948
G1 X271.337 Y43.837 F3554.948
G1 X270.780 Y43.410 F3554.948
G1 X270.213 Y42.874 F3554.948
G1 X269.646 Y42.339 F3554.948
G1 X269.079 Y41.803 F3554.948
G1 X268.512 Y41.267 F3554.948
G1 X268.054 Y40.763 F3554.948
G1 X267.595 Y40.260 F3554.948
G1 X267.136 Y39.756 F3554.948
G1 X266.677 Y39.252 F3554.948
G1 X266.218 Y38.748 F3554.948
G1 X265.758 Y38.188 F3554.948
G1 X265.297 Y37.629 F3554.948
G1 X264.837 Y37.069 F3554.948
G1 X264.377 Y36.509 F3554.948
G1 X263.916 Y35.949 F3554.948
G1 X263.458 Y35.372 F3554.948
G1 X262.999 Y34.795 F3554.948
G1 X262.541 Y34.219 F3554.948
G1 X262.083 Y33.642 F3554.948
G1 X261.624 Y33.065 F3554.948
G1 X261.172 Y32.548 F3554.948
G1 X260.719 Y32.031 F3554.948
G1 X260.266 Y31.514 F3554.948
G1 X259.813 Y30.997 F3554.948
G1 X259.361 Y30.480 F3554.948
G1 X258.803 Y30.018 F3554.948
G1 X258.246 Y29.555 F3554.948
G1 X257.688 Y29.093 F3554.948
G1 X257.131 Y28.631 F3554.948
G1 X256.402 Y28.302 F3554.948
G1 X255.674 Y27.974 F3554.948
G1 X254.946 Y27.646 F3554.948
G1 X254.233 Y27.593 F3554.948
G1 X253.521 Y27.539 F3554.948
G1 X252.808 Y27.485 F3554.948
G1 X252.108 Y27.690 F3554.948
G1 X251.407 Y27.896 F3554.948
G1 X250.706 Y28.101 F3554.948
G1 X250.186 Y28.441 F3554.948
G1 X249.665 Y28.780 F3554.948
G1 X249.144 Y29.119 F3554.948
G1 X248.623 Y29.459 F3554.948
G1 X248.097 Y29.973 F3554.948
G1 X247.572 Y30.487 F3554.948
G1 X247.047 Y31.001 F3554.948
G1 X246.522 Y31.515 F3554.948
G1 X246.097 Y32.002 F3554.948
G1 X245.673 Y32.490 F3554.948
G1 X245.249 Y32.978 F3554.948
G1 X244.824 Y33.466 F3554.948
G1 X244.400 Y33.954 F3554.948
G1 X243.877 Y34.551 F3554.948
G1 X243.354 Y35.149 F3554.948
G1 X242.831 Y35.746 F3554.948
G1 X242.308 Y36.343 F3554.948
G1 X241.817 Y36.858 F3554.948
G1 X241.326 Y37.374 F3554.948
G1 X240.834 Y37.889 F3554.948
G1 X240.343 Y38.404 F3554.948
G1 X239.767 Y38.940 F3554.948
G1 X239.192 Y39.475 F3554.948
G1 X238.616 Y40.010 F3554.948
G1 X238.126 Y40.396 F3554.948
G1 X237.636 Y40.781 F3554.948
G1 X237.146 Y41.167 F3554.948
G1 X236.532 Y41.538 F3554.948
G1 X235.919 Y41.910 F3554.948
G1 X235.412 Y42.099 F3554.948
G1 X234.905 Y42.288 F3554.948
G1 X234.488 Y42.312 F3554.948
G1 X234.071 Y42.336 F3554.948
G1 X233.382 Y42.077 F3554.948
G1 X233.094 Y41.792 F3554.948
G1 X232.807 Y41.508 F3554.948
G1 X232.564 Y41.057 F3554.948
G1 X232.321 Y40.606 F3554.948
G1 X232.115 Y39.963 F3554.948
G1 X231.909 Y39.320 F3554.948
G1 X231.793 Y38.739 F3554.948
G1 X231.677 Y38.157 F3554.948
G1 X231.560 Y37.576 F3554.948
G1 X231.462 Y36.828 F3554.948
G1 X231.364 Y36.080 F3554.948
G1 X231.265 Y35.332 F3554.948
G1 X231.204 Y34.639 F3554.948
G1 X231.143 Y33.946 F3554.948
G1 X231.081 Y33.253 F3554.948
G1 X231.020 Y32.560 F3554.948
G1 X230.962 Y31.825 F3554.948
G1 X230.903 Y31.091 F3554.948
G1 X230.845 Y30.357 F3554.948
G1 X230.787 Y29.623 F3554.948
G1 X230.719 Y28.989 F3554.948
G1 X230.651 Y28.355 F3554.948
G1 X230.583 Y27.722 F3554.948
G1 X230.515 Y27.088 F3554.948
G1 X230.398 Y26.541 F3554.948
G1 X230.282 Y25.994 F3554.948
G1 X230.166 Y25.448 F3554.948
G1 X229.952 Y25.055 F3554.948
G1 X229.739 Y24.662 F3554.948
G1 X229.232 Y24.680 F3554.948
G1 X228.939 Y25.073 F3554.948
G1 X228.645 Y25.466 F3554.948
G1 X228.420 Y25.971 F3554.948
G1 X228.195 Y26.475 F3554.948
G1 X227.970 Y26.980 F3554.948
G1 X227.713 Y27.714 F3554.948
G1 X227.456 Y28.449 F3554.948
G1 X227.199 Y29.184 F3554.948
G1 X226.982 Y29.798 F3554.948
G1 X226.764 Y30.413 F3554.948
G1 X226.547 Y31.027 F3554.948
G1 X226.329 Y31.642 F3554.948
G1 X226.083 Y32.204 F3554.948
G1 X225.836 Y32.766 F3554.948
G1 X225.590 Y33.328 F3554.948
G1 X225.343 Y33.890 F3554.948
G1 X224.954 Y34.500 F3554.948
G1 X224.565 Y35.109 F3554.948
G1 X224.176 Y35.719 F3554.948
G1 X223.711 Y36.184 F3554.948
G1 X223.246 Y36.648 F3554.948
G1 X222.781 Y37.113 F3554.948
G1 X222.239 Y37.465 F3554.948
G1 X221.697 Y37.817 F3554.948
G1 X221.156 Y38.169 F3554.948
G1 X220.540 Y38.431 F3554.948
G1 X219.925 Y38.693 F3554.948
G1 X219.310 Y38.955 F3554.948
G1 X218.629 Y39.140 F3554.948
G1 X217.949 Y39.325 F3554.948
G1 X217.268 Y39.510 F3554.948
G1 X216.531 Y39.622 F3554.948
G1 X215.794 Y39.734 F3554.948
G1 X215.057 Y39.846 F3554.948
G1 X214.452 Y39.876 F3554.948
G1 X213.847 Y39.906 F3554.948
G1 X213.242 Y39.936 F3554.948
G1 X212.638 Y39.965 F3554.948
G1 X211.969 Y39.940 F3554.948
G1 X211.301 Y39.914 F3554.948
G1 X210.632 Y39.888 F3554.948
G1 X209.964 Y39.862 F3554.948
G1 X209.233 Y39.788 F3554.948
G1 X208.501 Y39.714 F3554.948
G1 X207.770 Y39.640 F3554.948
G1 X207.039 Y39.566 F3554.948
G1 X206.261 Y39.447 F3554.948
G1 X205.483 Y39.328 F3554.948
G1 X204.704 Y39.209 F3554.948
G1 X203.926 Y39.090 F3554.948
G1 X203.276 Y38.958 F3554.948
G1 X202.626 Y38.826 F3554.948
G1 X201.977 Y38.694 F3554.948
G1 X201.327 Y38.562 F3554.948
G1 X200.677 Y38.431 F3554.948
G1 X200.006 Y38.253 F3554.948
G1 X199.335 Y38.075 F3554.948
G1 X198.663 Y37.897 F3554.948
G1 X197.992 Y37.720 F3554.948
G1 X197.320 Y37.542 F3554.948
G1 X196.631 Y37.314 F3554.948
G1 X195.943 Y37.087 F3554.948
G1 X195.254 Y36.859 F3554.948
G1 X194.565 Y36.632 F3554.948
G1 X193.876 Y36.404 F3554.948
G1 X193.183 Y36.125 F3554.948
G1 X192.490 Y35.845 F3554.948
G1 X191.797 Y35.566 F3554.948
G1 X191.104 Y35.286 F3554.948
G1 X190.411 Y35.007 F3554.948
G1 X189.727 Y34.678 F3554.948
G1 X189.042 Y34.350 F3554.948
G1 X188.357 Y34.021 F3554.948
G1 X187.673 Y33.693 F3554.948
G1 X186.988 Y33.364 F3554.948
G1 X186.315 Y33.024 F3554.948
G1 X185.642 Y32.683 F3554.948
G1 X184.969 Y32.343 F3554.948
G1 X184.296 Y32.003 F3554.948
G1 X183.623 Y31.663 F3554.948
G1 X182.959 Y31.350 F3554.948
G1 X182.294 Y31.038 F3554.948
G1 X181.629 Y30.726 F3554.948
G1 X180.965 Y30.414 F3554.948
G1 X180.300 Y30.102 F3554.948
G1 X179.643 Y29.867 F3554.948
G1 X178.985 Y29.632 F3554.948
G1 X178.328 Y29.397 F3554.948
G1 X177.671 Y29.162 F3554.948
G1 X177.013 Y28.927 F3554.948
G1 X176.364 Y28.810 F3554.948
G1 X175.714 Y28.694 F3554.948
G1 X175.065 Y28.578 F3554.948
G1 X174.415 Y28.461 F3554.948
G1 X173.766 Y28.345 F3554.948
G1 X173.120 Y28.365 F3554.948
G1 X172.475 Y28.385 F3554.948
G1 X171.830 Y28.405 F3554.948
G1 X171.184 Y28.425 F3554.948
G1 X170.539 Y28.445 F3554.948
G1 X169.893 Y28.597 F3554.948
G1 X169.248 Y28.749 F3554.948
G1 X168.603 Y28.901 F3554.948
G1 X167.957 Y29.053 F3554.948
G1 X167.312 Y29.205 F3554.948
G1 X166.670 Y29.459 F3554.948
G1 X166.029 Y29.713 F3554.948
G1 X165.388 Y29.967 F3554.948
G1 X164.746 Y30.221 F3554.948
G1 X164.105 Y30.475 F3554.948
G1 X163.469 Y30.783 F3554.948
G1 X162.833 Y31.092 F3554.948
G1 X162.197 Y31.400 F3554.948
G1 X161.561 Y31.709 F3554.948
G1 X160.925 Y32.017 F3554.948
G1 X160.293 Y32.334 F3554.948
G1 X159.661 Y32.651 F3554.948
G1 X159.029 Y32.968 F3554.948
G1 X158.397 Y33.285 F3554.948
G1 X157.764 Y33.602 F3554.948
G1 X157.132 Y33.885 F3554.948
G1 X156.500 Y34.168 F3554.948
G1 X155.868 Y34.451 F3554.948
G1 X155.236 Y34.734 F3554.948
G1 X154.604 Y35.018 F3554.948
G1 X153.968 Y35.233 F3554.948
G1 X153.331 Y35.448 F3554.948
G1 X152.695 Y35.664 F3554.948
G1 X152.059 Y35.879 F3554.948
G1 X151.423 Y36.094 F3554.948
G1 X150.785 Y36.239 F3554.948
G1 X150.147 Y36.384 F3554.948
G1 X149.509 Y36.529 F3554.948
G1 X148.871 Y36.674 F3554.948
G1 X148.233 Y36.819 F3554.948
G1 X147.590 Y36.891 F3554.948
G1 X146.948 Y36.962 F3554.948
G1 X146.305 Y37.034 F3554.948
G1 X145.663 Y37.105 F3554.948
G1 X145.020 Y37.177 F3554.948
G1 X144.367 Y37.177 F3554.948
G1 X143.714 Y37.177 F3554.948
G1 X143.060 Y37.177 F3554.948
G1 X142.407 Y37.177 F3554.948
G1 X141.754 Y37.177 F3554.948
G1 X141.084 Y37.108 F3554.948
G1 X140.414 Y37.039 F3554.948
G1 X139.745 Y36.970 F3554.948
G1 X139.075 Y36.901 F3554.948
G1 X138.405 Y36.833 F3554.948
G1 X137.716 Y36.698 F3554.948
G1 X137.027 Y36.564 F3554.948
G1 X136.339 Y36.429 F3554.948
G1 X135.650 Y36.295 F3554.948
G1 X134.961 Y36.161 F3554.948
G1 X134.252 Y35.964 F3554.948
G1 X133.543 Y35.768 F3554.948
G1 X132.834 Y35.572 F3554.948
G1 X132.125 Y35.375 F3554.948
G1 X131.416 Y35.179 F3554.948
G1 X130.686 Y34.927 F3554.948
G1 X129.955 Y34.674 F3554.948
G1 X129.225 Y34.422 F3554.948
G1 X128.495 Y34.169 F3554.948
G1 X127.765 Y33.917 F3554.948
G1 X127.023 Y33.649 F3554.948
G1 X126.281 Y33.381 F3554.948
G1 X125.539 Y33.114 F3554.948
G1 X124.797 Y32.846 F3554.948
G1 X124.055 Y32.578 F3554.948
G1 X123.320 Y32.357 F3554.948
G1 X122.585 Y32.136 F3554.948
G1 X121.850 Y31.915 F3554.948
G1 X121.115 Y31.693 F3554.948
G1 X120.380 Y31.472 F3554.948
G1 X119.665 Y31.343 F3554.948
G1 X118.950 Y31.213 F3554.948
G1 X118.235 Y31.083 F3554.948
G1 X117.520 Y30.954 F3554.948
G1 X116.804 Y30.824 F3554.948
G1 X116.107 Y30.806 F3554.948
G1 X115.411 Y30.788 F3554.948
G1 X114.714 Y30.770 F3554.948
G1 X114.017 Y30.752 F3554.948
G1 X113.320 Y30.734 F3554.948
G1 X112.640 Y30.826 F3554.948
G1 X111.959 Y30.918 F3554.948
G1 X111.279 Y31.010 F3554.948
G1 X110.599 Y31.102 F3554.948
G1 X109.918 Y31.194 F3554.948
G1 X109.256 Y31.375 F3554.948
G1 X108.593 Y31.556 F3554.948
G1 X107.931 Y31.737 F3554.948
G1 X107.268 Y31.918 F3554.948
G1 X106.605 Y32.099 F3554.948
G1 X105.961 Y32.340 F3554.948
G1 X105.317 Y32.581 F3554.948
G1 X104.673 Y32.822 F3554.948
G1 X104.029 Y33.062 F3554.948
G1 X103.385 Y33.303 F3554.948
G1 X102.759 Y33.568 F3554.948
G1 X102.132 Y33.832 F3554.948
G1 X101.505 Y34.097 F3554.948
G1 X100.878 Y34.361 F3554.948
G1 X100.252 Y34.626 F3554.948
G1 X99.638 Y34.878 F3554.948
G1 X99.023 Y35.131 F3554.948
G1 X98.409 Y35.383 F3554.948
G1 X97.795 Y35.636 F3554.948
G1 X97.181 Y35.888 F3554.948
G1 X96.573 Y36.123 F3554.948
G1 X95.966 Y36.358 F3554.948
G1 X95.358 Y36.593 F3554.948
G1 X94.750 Y36.828 F3554.948
G1 X94.142 Y37.063 F3554.948
G1 X93.390 Y37.334 F3554.948
G1 X92.638 Y37.605 F3554.948
G1 X91.886 Y37.876 F3554.948
G1 X91.134 Y38.148 F3554.948
G1 X90.389 Y38.399 F3554.948
G1 X89.644 Y38.650 F3554.948
G1 X88.899 Y38.902 F3554.948
G1 X88.154 Y39.153 F3554.948
G1 X87.416 Y39.390 F3554.948
G1 X86.678 Y39.627 F3554.948
G1 X85.940 Y39.863 F3554.948
G1 X85.202 Y40.100 F3554.948
G1 X84.471 Y40.332 F3554.948
G1 X83.740 Y40.563 F3554.948
G1 X83.010 Y40.795 F3554.948
G1 X82.279 Y41.026 F3554.948
G1 X81.559 Y41.260 F3554.948
G1 X80.838 Y41.495 F3554.948
G1 X80.118 Y41.729 F3554.948
G1 X79.398 Y41.963 F3554.948
G1 X78.689 Y42.208 F3554.948
G1 X77.979 Y42.454 F3554.948
G1 X77.270 Y42.699 F3554.948
G1 X76.561 Y42.945 F3554.948
G1 X75.862 Y43.208 F3554.948
G1 X75.163 Y43.472 F3554.948
G1 X74.464 Y43.736 F3554.948
G1 X73.765 Y44.000 F3554.948
G1 X73.073 Y44.286 F3554.948
G1 X72.382 Y44.572 F3554.948
G1 X71.691 Y44.857 F3554.948
G1 X70.999 Y45.143 F3554.948
G1 X70.316 Y45.455 F3554.948
G1 X69.632 Y45.766 F3554.948
G1 X68.949 Y46.078 F3554.948
G1 X68.265 Y46.389 F3554.948
G1 X67.589 Y46.732 F3554.948
G1 X66.913 Y47.075 F3554.948
G1 X66.237 Y47.417 F3554.948
G1 X65.560 Y47.760 F3554.948
G1 X64.892 Y48.134 F3554.948
G1 X64.224 Y48.507 F3554.948
G1 X63.556 Y48.881 F3554.948
G1 X62.889 Y49.255 F3554.948
G1 X62.231 Y49.660 F3554.948
G1 X61.574 Y50.064 F3554.948
G1 X60.917 Y50.469 F3554.948
G1 X60.260 Y50.874 F3554.948
G1 X59.615 Y51.307 F3554.948
G1 X58.971 Y51.741 F3554.948
G1 X58.327 Y52.174 F3554.948
G1 X57.682 Y52.607 F3554.948
G1 X57.055 Y53.063 F3554.948
G1 X56.427 Y53.519 F3554.948
G1 X55.800 Y53.974 F3554.948
G1 X55.173 Y54.430 F3554.948
G1 X54.563 Y54.900 F3554.948
G1 X53.953 Y55.369 F3554.948
G1 X53.343 Y55.839 F3554.948
G1 X52.733 Y56.309 F3554.948
G1 X52.139 Y56.786 F3554.948
G1 X51.546 Y57.262 F3554.948
G1 X50.953 Y57.739 F3554.948
G1 X50.359 Y58.216 F3554.948
G1 X49.780 Y58.696 F3554.948
G1 X49.200 Y59.175 F3554.948
G1 X48.621 Y59.655 F3554.948
G1 X48.041 Y60.134 F3554.948
G1 X47.475 Y60.611 F3554.948
G1 X46.909 Y61.088 F3554.948
G1 X46.344 Y61.565 F3554.948
G1 X45.778 Y62.042 F3554.948
G1 X45.224 Y62.512 F3554.948
G1 X44.670 Y62.981 F3554.948
G1 X44.116 Y63.451 F3554.948
G1 X43.562 Y63.921 F3554.948
G1 X43.015 Y64.380 F3554.948
G1 X42.468 Y64.839 F3554.948
G1 X41.921 Y65.298 F3554.948
G1 X41.375 Y65.757 F3554.948
G1 X40.830 Y66.201 F3554.948
G1 X40.286 Y66.645 F3554.948
G1 X39.742 Y67.088 F3554.948
G1 X39.197 Y67.532 F3554.948
G1 X38.650 Y67.953 F3554.948
G1 X38.103 Y68.374 F3554.948
G1 X37.557 Y68.794 F3554.948
G1 X37.010 Y69.215 F3554.948
G1 X36.463 Y69.606 F3554.948
G1 X35.916 Y69.997 F3554.948
G1 X35.370 Y70.388 F3554.948
G1 X34.823 Y70.779 F3554.948
G1 X34.279 Y71.130 F3554.948
G1 X33.734 Y71.481 F3554.948
G1 X33.189 Y71.832 F3554.948
G1 X32.645 Y72.184 F3554.948
G1 X32.005 Y72.593 F3554.948
G1 X31.364 Y73.002 F3554.948
G1 X30.724 Y73.411 F3554.948
G1 X30.239 Y73.761 F3554.948
G1 X29.754 Y74.112 F3554.948
G1 X29.269 Y74.462 F3554.948
G1 X28.888 Y74.904 F3554.948
G1 X28.506 Y75.345 F3554.948
G1 X28.525 Y76.073 F3554.948
G1 X28.903 Y76.368 F3554.948
G1 X29.281 Y76.663 F3554.948
G1 X29.950 Y76.896 F3554.948
G1 X30.619 Y77.129 F3554.948
G1 X31.184 Y77.247 F3554.948
G1 X31.750 Y77.365 F3554.948
G1 X32.315 Y77.483 F3554.948
G1 X32.948 Y77.569 F3554.948
G1 X33.582 Y77.654 F3554.948
G1 X34.215 Y77.740 F3554.948
G1 X34.876 Y77.802 F3554.948
G1 X35.537 Y77.863 F3554.948
G1 X36.198 Y77.925 F3554.948
G1 X36.892 Y77.972 F3554.948
G1 X37.585 Y78.019 F3554.948
G1 X38.279 Y78.065 F3554.948
G1 X39.035 Y78.108 F3554.948
G1 X39.792 Y78.150 F3554.948
G1 X40.549 Y78.192 F3554.948
G1 X41.183 Y78.227 F3554.948
G1 X41.817 Y78.262 F3554.948
G1 X42.452 Y78.297 F3554.948
G1 X43.086 Y78.333 F3554.948
G1 X43.806 Y78.377 F3554.948
G1 X44.525 Y78.421 F3554.948
G1 X45.245 Y78.465 F3554.948
G1 X45.964 Y78.510 F3554.948
G1 X46.614 Y78.556 F3554.948
G1 X47.264 Y78.602 F3554.948
G1 X47.913 Y78.648 F3554.948
G1 X48.563 Y78.694 F3554.948
G1 X49.212 Y78.740 F3554.948
G1 X49.932 Y78.796 F3554.948
G1 X50.651 Y78.852 F3554.948
G1 X51.371 Y78.908 F3554.948
G1 X52.091 Y78.964 F3554.948
G1 X52.810 Y79.020 F3554.948
G1 X53.586 Y79.086 F3554.948
G1 X54.362 Y79.151 F3554.948
G1 X55.138 Y79.216 F3554.948
G1 X55.914 Y79.281 F3554.948
G1 X56.690 Y79.346 F3554.948
G1 X57.367 Y79.405 F3554.948
G1 X58.044 Y79.465 F3554.948
G1 X58.720 Y79.524 F3554.948
G1 X59.397 Y79.584 F3554.948
G1 X60.074 Y79.644 F3554.948
G1 X60.750 Y79.703 F3554.948
G1 X61.444 Y79.767 F3554.948
G1 X62.137 Y79.830 F3554.948
G1 X62.831 Y79.894 F3554.948
G1 X63.525 Y79.957 F3554.948
G1 X64.218 Y80.021 F3554.948
G1 X64.912 Y80.084 F3554.948
G1 X65.618 Y80.153 F3554.948
G1 X66.325 Y80.223 F3554.948
G1 X67.031 Y80.292 F3554.948
G1 X67.738 Y80.361 F3554.948
G1 X68.444 Y80.430 F3554.948
G1 X69.150 Y80.499 F3554.948
G1 X69.865 Y80.579 F3554.948
G1 X70.580 Y80.658 F3554.948
G1 X71.295 Y80.738 F3554.948
G1 X72.010 Y80.817 F3554.948
G1 X72.725 Y80.896 F3554.948
G1 X73.440 Y80.976 F3554.948
G1 X74.151 Y81.063 F3554.948
G1 X74.863 Y81.149 F3554.948
G1 X75.574 Y81.236 F3554.948
G1 X76.286 Y81.323 F3554.948
G1 X76.997 Y81.410 F3554.948
G1 X77.709 Y81.497 F3554.948
G1 X78.398 Y81.575 F3554.948
G1 X79.087 Y81.652 F3554.948
G1 X79.776 Y81.730 F3554.948
G1 X80.465 Y81.807 F3554.948
G1 X81.155 Y81.885 F3554.948
G1 X81.844 Y81.963 F3554.948
G1 X82.636 Y82.036 F3554.948
G1 X83.428 Y82.109 F3554.948
G1 X84.220 Y82.182 F3554.948
G1 X85.013 Y82.255 F3554.948
G1 X85.805 Y82.328 F3554.948
G1 X86.571 Y82.390 F3554.948
G1 X87.337 Y82.452 F3554.948
G1 X88.104 Y82.513 F3554.948
G1 X88.870 Y82.575 F3554.948
G1 X89.636 Y82.637 F3554.948
G1 X90.387 Y82.698 F3554.948
G1 X91.137 Y82.758 F3554.948
G1 X91.888 Y82.818 F3554.948
G1 X92.638 Y82.879 F3554.948
G1 X93.389 Y82.939 F3554.948
G1 X94.127 Y83.000 F3554.948
G1 X94.865 Y83.062 F3554.948
G1 X95.603 Y83.123 F3554.948
G1 X96.341 Y83.184 F3554.948
G1 X97.079 Y83.246 F3554.948
G1 X97.803 Y83.307 F3554.948
G1 X98.526 Y83.368 F3554.948
G1 X99.249 Y83.428 F3554.948
G1 X99.973 Y83.489 F3554.948
G1 X100.696 Y83.550 F3554.948
G1 X101.400 Y83.607 F3554.948
G1 X102.105 Y83.664 F3554.948
G1 X102.810 Y83.722 F3554.948
G1 X103.514 Y83.779 F3554.948
G1 X104.219 Y83.836 F3554.948
G1 X104.903 Y83.886 F3554.948
G1 X105.587 Y83.936 F3554.948
G1 X106.271 Y83.987 F3554.948
G1 X106.955 Y84.037 F3554.948
G1 X107.639 Y84.087 F3554.948
G1 X108.304 Y84.129 F3554.948
G1 X108.968 Y84.171 F3554.948
G1 X109.633 Y84.213 F3554.948
G1 X110.298 Y84.254 F3554.948
G1 X110.963 Y84.296 F3554.948
G1 X111.609 Y84.328 F3554.948
G1 X112.256 Y84.360 F3554.948
G1 X112.902 Y84.391 F3554.948
G1 X113.549 Y84.423 F3554.948
G1 X114.196 Y84.455 F3554.948
G1 X114.982 Y84.483 F3554.948
G1 X115.768 Y84.511 F3554.948
G1 X116.554 Y84.538 F3554.948
G1 X117.340 Y84.566 F3554.948
G1 X118.104 Y84.583 F3554.948
G1 X118.867 Y84.601 F3554.948
G1 X119.630 Y84.618 F3554.948
G1 X120.394 Y84.635 F3554.948
G1 X121.135 Y84.642 F3554.948
G1 X121.877 Y84.649 F3554.948
G1 X122.618 Y84.657 F3554.948
G1 X123.359 Y84.664 F3554.948
G1 X124.082 Y84.661 F3554.948
G1 X124.805 Y84.659 F3554.948
G1 X125.527 Y84.656 F3554.948
G1 X126.250 Y84.653 F3554.948
G1 X126.956 Y84.643 F3554.948
G1 X127.661 Y84.632 F3554.948
G1 X128.367 Y84.622 F3554.948
G1 X129.072 Y84.611 F3554.948
G1 X129.762 Y84.593 F3554.948
G1 X130.451 Y84.574 F3554.948
G1 X131.140 Y84.556 F3554.948
G1 X131.829 Y84.537 F3554.948
G1 X132.504 Y84.511 F3554.948
G1 X133.178 Y84.485 F3554.948
G1 X133.852 Y84.460 F3554.948
G1 X134.527 Y84.434 F3554.948
G1 X135.185 Y84.402 F3554.948
G1 X135.843 Y84.370 F3554.948
G1 X136.502 Y84.339 F3554.948
G1 X137.160 Y84.307 F3554.948
G1 X137.800 Y84.270 F3554.948
G1 X138.440 Y84.233 F3554.948
G1 X139.080 Y84.196 F3554.948
G1 X139.720 Y84.159 F3554.948
G1 X140.339 Y84.119 F3554.948
G1 X140.959 Y84.079 F3554.948
G1 X141.578 Y84.040 F3554.948
G1 X142.197 Y84.000 F3554.948
G1 X142.798 Y83.960 F3554.948
G1 X143.398 Y83.921 F3554.948
G1 X143.998 Y83.881 F3554.948
G1 X144.598 Y83.841 F3554.948
G1 X145.374 Y83.791 F3554.948
G1 X146.151 Y83.741 F3554.948
G1 X146.927 Y83.690 F3554.948
G1 X147.678 Y83.652 F3554.948
G1 X148.429 Y83.615 F3554.948
G1 X149.180 Y83.577 F3554.948
G1 X149.902 Y83.554 F3554.948
G1 X150.625 Y83.531 F3554.948
G1 X151.347 Y83.508 F3554.948
G1 X152.040 Y83.501 F3554.948
G1 X152.733 Y83.494 F3554.948
G1 X153.425 Y83.487 F3554.948
G1 X154.091 Y83.495 F3554.948
G1 X154.757 Y83.503 F3554.948
G1 X155.423 Y83.510 F3554.948
G1 X156.064 Y83.532 F3554.948
G1 X156.705 Y83.553 F3554.948
G1 X157.346 Y83.574 F3554.948
G1 X157.956 Y83.610 F3554.948
G1 X158.566 Y83.646 F3554.948
G1 X159.177 Y83.682 F3554.948
G1 X159.754 Y83.732 F3554.948
G1 X160.331 Y83.781 F3554.948
G1 X160.908 Y83.831 F3554.948
G1 X161.451 Y83.894 F3554.948
G1 X161.994 Y83.958 F3554.948
G1 X162.538 Y84.021 F3554.948
G1 X163.308 Y84.135 F3554.948
G1 X164.079 Y84.249 F3554.948
G1 X164.815 Y84.380 F3554.948
G1 X165.551 Y84.511 F3554.948
G1 X166.267 Y84.653 F3554.948
G1 X166.982 Y84.796 F3554.948
G1 X167.684 Y84.943 F3554.948
G1 X168.386 Y85.090 F3554.948
G1 X169.076 Y85.236 F3554.948
G1 X169.766 Y85.381 F3554.948
G1 X170.446 Y85.519 F3554.948
G1 X171.125 Y85.656 F3554.948
G1 X171.795 Y85.786 F3554.948
G1 X172.465 Y85.916 F3554.948
G1 X173.125 Y86.032 F3554.948
G1 X173.785 Y86.148 F3554.948
G1 X174.434 Y86.249 F3554.948
G1 X175.082 Y86.349 F3554.948
G1 X175.722 Y86.427 F3554.948
G1 X176.362 Y86.506 F3554.948
G1 X177.000 Y86.558 F3554.948
G1 X177.638 Y86.611 F3554.948
G1 X178.281 Y86.630 F3554.948
G1 X178.925 Y86.648 F3554.948
G1 X179.585 Y86.630 F3554.948
G1 X180.245 Y86.611 F3554.948
G1 X180.936 Y86.548 F3554.948
G1 X181.628 Y86.484 F3554.948
G1 X182.368 Y86.372 F3554.948
G1 X183.108 Y86.259 F3554.948
G1 X183.646 Y86.145 F3554.948
G1 X184.184 Y86.030 F3554.948
G1 X184.722 Y85.916 F3554.948
G1 X185.319 Y85.756 F3554.948
G1 X185.916 Y85.596 F3554.948
G1 X186.513 Y85.437 F3554.948
G1 X187.186 Y85.224 F3554.948
G1 X187.860 Y85.012 F3554.948
G1 X188.533 Y84.799 F3554.948
G1 X189.107 Y84.595 F3554.948
G1 X189.681 Y84.390 F3554.948
G1 X190.255 Y84.186 F3554.948
G1 X190.829 Y83.981 F3554.948
G1 X191.479 Y83.730 F3554.948
G1 X192.129 Y83.479 F3554.948
G1 X192.780 Y83.227 F3554.948
G1 X193.430 Y82.976 F3554.948
G1 X194.155 Y82.685 F3554.948
G1 X194.880 Y82.394 F3554.948
G1 X195.605 Y82.103 F3554.948
G1 X196.330 Y81.812 F3554.948
G1 X196.952 Y81.561 F3554.948
G1 X197.574 Y81.310 F3554.948
G1 X198.196 Y81.059 F3554.948
G1 X198.818 Y80.809 F3554.948
G1 X199.439 Y80.558 F3554.948
G1 X200.087 Y80.300 F3554.948
G1 X200.734 Y80.042 F3554.948
G1 X201.381 Y79.785 F3554.948
G1 X202.028 Y79.527 F3554.948
G1 X202.675 Y79.269 F3554.948
G1 X203.334 Y79.014 F3554.948
G1 X203.994 Y78.759 F3554.948
G1 X204.653 Y78.504 F3554.948
G1 X205.312 Y78.249 F3554.948
G1 X205.971 Y77.994 F3554.948
G1 X206.629 Y77.755 F3554.948
G1 X207.287 Y77.516 F3554.948
G1 X207.946 Y77.276 F3554.948
G1 X208.604 Y77.037 F3554.948
G1 X209.262 Y76.798 F3554.948
G1 X209.909 Y76.589 F3554.948
G1 X210.556 Y76.380 F3554.948
G1 X211.204 Y76.171 F3554.948
G1 X211.851 Y75.962 F3554.948
G1 X212.498 Y75.753 F3554.948
G1 X213.119 Y75.584 F3554.948
G1 X213.740 Y75.414 F3554.948
G1 X214.360 Y75.245 F3554.948
G1 X214.981 Y75.076 F3554.948
G1 X215.602 Y74.906 F3554.948
G1 X216.332 Y74.749 F3554.948
G1 X217.062 Y74.591 F3554.948
G1 X217.793 Y74.434 F3554.948
G1 X218.523 Y74.276 F3554.948
G1 X219.210 Y74.167 F3554.948
G1 X219.897 Y74.057 F3554.948
G1 X220.584 Y73.947 F3554.948
G1 X221.271 Y73.837 F3554.948
G1 X221.924 Y73.772 F3554.948
G1 X222.577 Y73.708 F3554.948
G1 X223.229 Y73.643 F3554.948
G1 X223.882 Y73.578 F3554.948
G1 X224.500 Y73.556 F3554.948
G1 X225.117 Y73.534 F3554.948
G1 X225.734 Y73.512 F3554.948
G1 X226.352 Y73.491 F3554.948
G1 X227.134 Y73.515 F3554.948
G1 X227.916 Y73.540 F3554.948
G1 X228.699 Y73.565 F3554.948
G1 X229.450 Y73.637 F3554.948
G1 X230.202 Y73.709 F3554.948
G1 X230.953 Y73.782 F3554.948
G1 X231.650 Y73.869 F3554.948
G1 X232.347 Y73.956 F3554.948
G1 X233.044 Y74.044 F3554.948
G1 X233.662 Y74.117 F3554.948
G1 X234.280 Y74.190 F3554.948
G1 X234.898 Y74.263 F3554.948
G1 X235.666 Y74.306 F3554.948
G1 X236.434 Y74.348 F3554.948
G1 X237.020 Y74.295 F3554.948
G1 X237.607 Y74.242 F3554.948
G1 X238.052 Y74.094 F3554.948
G1 X238.497 Y73.946 F3554.948
G1 X238.830 Y73.701 F3554.948
G1 X239.162 Y73.456 F3554.948
G1 X239.405 Y73.108 F3554.948
G1 X239.647 Y72.760 F3554.948
M400 ; Wait for drawing to complete
G1 U0.800 F200.0 ; Flow ramp-down (viewer mode)
M5 ; Viewer hint: stop cutting
; STOP BRUSH A
G1 U0.000 F200.0 ; Close Brush A flow
M106 P2 S0 ; Brush A air off
; === PATH END ===

; Width clamped from 31.00mm to 25.00mm within [2.00,25.00] mm
; ===== STROKE PARAMETERS =====
; Color: black
; Width: 25.00mm
; Opacity: 0.25
; Brush: A
; Z-height: 83.00mm
; Paint flow: 0.56 -> U2.586mm
; Feedrate: 3554.9mm/min
; Modes: viewer_compat=true, viewer_emit_m3m5=true
; START BRUSH A
T0 ; Select Tool 0 (Brush A)
G0 X232.488 Y490.627 F12000.000
M400 ; Wait for XY movement to complete
G1 F3554.948
M106 P2 S1 ; Air on before paint
G1 U2.586 F200.0 ; Set paint flow to target (viewer mode)
G1 F3554.948
G4 P50 ; Short paint lead time
M3 S1 ; Viewer hint: start cutting
G1 X232.420 Y490.452 F3554.948
G1 X232.323 Y490.199 F3554.948
G1 X232.196 Y489.877 F3554.948
G1 X232.040 Y489.494 F3554.948
G1 X231.857 Y489.056 F3554.948
G1 X231.647 Y488.570 F3554.948
G1 X231.407 Y488.035 F3554.948
G1 X231.136 Y487.446 F3554.948
G1 X230.828 Y486.789 F3554.948
G1 X230.651 Y486.417 F3554.948
G1 X230.475 Y486.045 F3554.948
G1 X230.272 Y485.619 F3554.948
G1 X230.069 Y485.193 F3554.948
G1 X229.832 Y484.697 F3554.948
G1 X229.596 Y484.202 F3554.948
G1 X229.320 Y483.620 F3554.948
G1 X229.044 Y483.039 F3554.948
G1 X228.721 Y482.361 F3554.948
G1 X228.398 Y481.684 F3554.948
G1 X228.148 Y481.160 F3554.948
G1 X227.897 Y480.636 F3554.948
G1 X227.646 Y480.113 F3554.948
G1 X227.358 Y479.512 F3554.948
G1 X227.070 Y478.911 F3554.948
G1 X226.782 Y478.311 F3554.948
G1 X226.456 Y477.639 F3554.948
G1 X226.131 Y476.967 F3554.948
G1 X225.805 Y476.295 F3554.948
G1 X225.534 Y475.743 F3554.948
G1 X225.263 Y475.190 F3554.948
G1 X224.992 Y474.637 F3554.948
G1 X224.721 Y474.084 F3554.948
G1 X224.427 Y473.495 F3554.948
G1 X224.132 Y472.905 F3554.948
G1 X223.838 Y472.316 F3554.948
G1 X223.544 Y471.726 F3554.948
G1 X223.235 Y471.115 F3554.948
G1 X222.925 Y470.504 F3554.948
G1 X222.616 Y469.893 F3554.948
G1 X222.307 Y469.282 F3554.948
G1 X221.990 Y468.664 F3554.948
G1 X221.674 Y468.046 F3554.948
G1 X221.357 Y467.429 F3554.948
G1 X221.041 Y466.811 F3554.948
G1 X220.723 Y466.195 F3554.948
G1 X220.405 Y465.579 F3554.948
G1 X220.087 Y464.964 F3554.948
G1 X219.770 Y464.348 F3554.948
G1 X219.461 Y463.748 F3554.948
G1 X219.151 Y463.148 F3554.948
G1 X218.842 Y462.548 F3554.948
G1 X218.533 Y461.948 F3554.948
G1 X218.243 Y461.393 F3554.948
G1 X217.952 Y460.837 F3554.948
G1 X217.662 Y460.282 F3554.948
G1 X217.372 Y459.726 F3554.948
G1 X217.015 Y459.078 F3554.948
G1 X216.658 Y458.430 F3554.948
G1 X216.302 Y457.782 F3554.948
G1 X215.972 Y457.242 F3554.948
G1 X215.642 Y456.703 F3554.948
G1 X215.312 Y456.163 F3554.948
G1 X214.993 Y455.715 F3554.948
G1 X214.675 Y455.266 F3554.948
G1 X214.357 Y454.818 F3554.948
G1 X213.873 Y454.243 F3554.948
G1 X213.390 Y453.669 F3554.948
G1 X212.877 Y453.157 F3554.948
G1 X212.364 Y452.645 F3554.948
G1 X211.805 Y452.173 F3554.948
G1 X211.247 Y451.700 F3554.948
G1 X210.634 Y451.253 F3554.948
G1 X210.021 Y450.805 F3554.948
G1 X209.568 Y450.515 F3554.948
G1 X209.115 Y450.224 F3554.948
G1 X208.662 Y449.934 F3554.948
G1 X208.160 Y449.643 F3554.948
G1 X207.658 Y449.353 F3554.948
G1 X207.156 Y449.063 F3554.948
G1 X206.606 Y448.771 F3554.948
G1 X206.056 Y448.479 F3554.948
G1 X205.506 Y448.188 F3554.948
G1 X204.907 Y447.899 F3554.948
G1 X204.309 Y447.610 F3554.948
G1 X203.711 Y447.321 F3554.948
G1 X203.063 Y447.038 F3554.948
G1 X202.415 Y446.756 F3554.948
G1 X201.767 Y446.474 F3554.948
G1 X201.062 Y446.204 F3554.948
G1 X200.356 Y445.934 F3554.948
G1 X199.651 Y445.664 F3554.948
G1 X199.069 Y445.472 F3554.948
G1 X198.487 Y445.280 F3554.948
G1 X197.906 Y445.088 F3554.948
G1 X197.324 Y444.896 F3554.948
G1 X196.681 Y444.713 F3554.948
G1 X196.039 Y444.531 F3554.948
G1 X195.396 Y444.348 F3554.948
G1 X194.753 Y444.166 F3554.948
G1 X194.058 Y443.995 F3554.948
G1 X193.363 Y443.825 F3554.948
G1 X192.668 Y443.655 F3554.948
G1 X191.973 Y443.484 F3554.948
G1 X191.244 Y443.331 F3554.948
G1 X190.514 Y443.178 F3554.948
G1 X189.784 Y443.025 F3554.948
G1 X189.054 Y442.871 F3554.948
G1 X188.308 Y442.742 F3554.948
G1 X187.561 Y442.612 F3554.948
G1 X186.814 Y442.482 F3554.948
G1 X186.068 Y442.353 F3554.948
G1 X185.312 Y442.251 F3554.948
G1 X184.556 Y442.150 F3554.948
G1 X183.800 Y442.048 F3554.948
G1 X183.044 Y441.947 F3554.948
G1 X182.280 Y441.878 F3554.948
G1 X181.516 Y441.809 F3554.948
G1 X180.752 Y441.741 F3554.948
G1 X179.988 Y441.672 F3554.948
G1 X179.219 Y441.641 F3554.948
G1 X178.451 Y441.610 F3554.948
G1 X177.682 Y441.579 F3554.948
G1 X176.913 Y441.548 F3554.948
G1 X176.142 Y441.557 F3554.948
G1 X175.370 Y441.566 F3554.948
G1 X174.598 Y441.575 F3554.948
G1 X173.826 Y441.585 F3554.948
G1 X173.052 Y441.635 F3554.948
G1 X172.277 Y441.686 F3554.948
G1 X171.502 Y441.737 F3554.948
G1 X170.727 Y441.787 F3554.948
G1 X169.949 Y441.877 F3554.948
G1 X169.170 Y441.967 F3554.948
G1 X168.392 Y442.057 F3554.948
G1 X167.614 Y442.147 F3554.948
G1 X166.836 Y442.271 F3554.948
G1 X166.058 Y442.396 F3554.948
G1 X165.280 Y442.521 F3554.948
G1 X164.502 Y442.645 F3554.948
G1 X163.726 Y442.800 F3554.948
G1 X162.949 Y442.955 F3554.948
G1 X162.173 Y443.110 F3554.948
G1 X161.397 Y443.265 F3554.948
G1 X160.619 Y443.449 F3554.948
G1 X159.842 Y443.632 F3554.948
G1 X159.064 Y443.816 F3554.948
G1 X158.286 Y443.999 F3554.948
G1 X157.660 Y444.169 F3554.948
G1 X157.033 Y444.339 F3554.948
G1 X156.407 Y444.509 F3554.948
G1 X155.780 Y444.679 F3554.948
G1 X155.154 Y444.849 F3554.948
G1 X154.524 Y445.042 F3554.948
G1 X153.894 Y445.236 F3554.948
G1 X153.263 Y445.429 F3554.948
G1 X152.633 Y445.622 F3554.948
G1 X152.003 Y445.815 F3554.948
G1 X151.377 Y446.031 F3554.948
G1 X150.750 Y446.246 F3554.948
G1 X150.124 Y446.461 F3554.948
G1 X149.497 Y446.677 F3554.948
G1 X148.870 Y446.892 F3554.948
G1 X148.255 Y447.127 F3554.948
G1 X147.639 Y447.362 F3554.948
G1 X147.023 Y447.597 F3554.948
G1 X146.407 Y447.832 F3554.948
G1 X145.792 Y448.067 F3554.948
G1 X145.193 Y448.321 F3554.948
G1 X144.595 Y448.575 F3554.948
G1 X143.996 Y448.829 F3554.948
G1 X143.398 Y449.083 F3554.948
G1 X142.800 Y449.337 F3554.948
G1 X142.079 Y449.680 F3554.948
G1 X141.359 Y450.024 F3554.948
G1 X140.638 Y450.368 F3554.948
G1 X139.918 Y450.711 F3554.948
G1 X139.230 Y451.084 F3554.948
G1 X138.541 Y451.457 F3554.948
G1 X137.852 Y451.830 F3554.948
G1 X137.164 Y452.202 F3554.948
G1 X136.513 Y452.609 F3554.948
G1 X135.863 Y453.015 F3554.948
G1 X135.212 Y453.421 F3554.948
G1 X134.561 Y453.827 F3554.948
G1 X133.956 Y454.271 F3554.948
G1 X133.350 Y454.714 F3554.948
G1 X132.744 Y455.157 F3554.948
G1 X132.139 Y455.600 F3554.948
G1 X131.587 Y456.080 F3554.948
G1 X131.034 Y456.560 F3554.948
G1 X130.482 Y457.040 F3554.948
G1 X129.930 Y457.520 F3554.948
G1 X129.439 Y458.038 F3554.948
G1 X128.947 Y458.556 F3554.948
G1 X128.456 Y459.074 F3554.948
G1 X127.965 Y459.592 F3554.948
G1 X127.539 Y460.151 F3554.948
G1 X127.114 Y460.709 F3554.948
G1 X126.689 Y461.268 F3554.948
G1 X126.263 Y461.826 F3554.948
G1 X125.906 Y462.429 F3554.948
G1 X125.548 Y463.032 F3554.948
G1 X125.191 Y463.636 F3554.948
G1 X124.833 Y464.239 F3554.948
G1 X124.545 Y464.892 F3554.948
G1 X124.256 Y465.545 F3554.948
G1 X123.967 Y466.198 F3554.948
G1 X123.679 Y466.851 F3554.948
G1 X123.460 Y467.556 F3554.948
G1 X123.242 Y468.262 F3554.948
G1 X123.023 Y468.967 F3554.948
G1 X122.805 Y469.673 F3554.948
G1 X122.659 Y470.430 F3554.948
G1 X122.513 Y471.187 F3554.948
G1 X122.367 Y471.944 F3554.948
G1 X122.221 Y472.701 F3554.948
G1 X122.163 Y473.346 F3554.948
G1 X122.105 Y473.990 F3554.948
G1 X122.047 Y474.635 F3554.948
G1 X121.989 Y475.279 F3554.948
G1 X121.931 Y475.924 F3554.948
G1 X121.930 Y476.602 F3554.948
G1 X121.929 Y477.280 F3554.948
G1 X121.929 Y477.958 F3554.948
G1 X121.928 Y478.636 F3554.948
G1 X121.927 Y479.314 F3554.948
G1 X121.978 Y480.019 F3554.948
G1 X122.029 Y480.724 F3554.948
G1 X122.080 Y481.429 F3554.948
G1 X122.132 Y482.134 F3554.948
G1 X122.183 Y482.839 F3554.948
G1 X122.278 Y483.563 F3554.948
G1 X122.374 Y484.287 F3554.948
G1 X122.469 Y485.011 F3554.948
G1 X122.564 Y485.736 F3554.948
G1 X122.660 Y486.460 F3554.948
G1 X122.789 Y487.193 F3554.948
G1 X122.919 Y487.927 F3554.948
G1 X123.049 Y488.661 F3554.948
G1 X123.178 Y489.395 F3554.948
G1 X123.308 Y490.128 F3554.948
G1 X123.462 Y490.854 F3554.948
G1 X123.616 Y491.580 F3554.948
G1 X123.770 Y492.305 F3554.948
G1 X123.924 Y493.031 F3554.948
G1 X124.077 Y493.757 F3554.948
G1 X124.247 Y494.413 F3554.948
G1 X124.416 Y495.068 F3554.948
G1 X124.585 Y495.724 F3554.948
G1 X124.755 Y496.380 F3554.948
G1 X124.924 Y497.036 F3554.948
G1 X125.148 Y497.635 F3554.948
G1 X125.372 Y498.234 F3554.948
G1 X125.596 Y498.833 F3554.948
G1 X125.820 Y499.432 F3554.948
G1 X126.121 Y499.933 F3554.948
G1 X126.422 Y500.433 F3554.948
G1 X126.722 Y500.934 F3554.948
G1 X127.172 Y501.261 F3554.948
G1 X127.622 Y501.588 F3554.948
G1 X128.072 Y501.511 F3554.948
G1 X128.523 Y501.435 F3554.948
G1 X128.977 Y500.976 F3554.948
G1 X129.431 Y500.517 F3554.948
G1 X129.740 Y499.968 F3554.948
G1 X130.049 Y499.420 F3554.948
G1 X130.359 Y498.872 F3554.948
G1 X130.603 Y498.289 F3554.948
G1 X130.848 Y497.706 F3554.948
G1 X131.092 Y497.123 F3554.948
G1 X131.337 Y496.540 F3554.948
G1 X131.616 Y495.800 F3554.948
G1 X131.895 Y495.060 F3554.948
G1 X132.174 Y494.319 F3554.948
G1 X132.454 Y493.579 F3554.948
G1 X132.711 Y492.948 F3554.948
G1 X132.968 Y492.316 F3554.948
G1 X133.225 Y491.685 F3554.948
G1 X133.483 Y491.054 F3554.948
G1 X133.740 Y490.422 F3554.948
G1 X134.034 Y489.795 F3554.948
G1 X134.329 Y489.169 F3554.948
G1 X134.623 Y488.542 F3554.948
G1 X134.918 Y487.915 F3554.948
G1 X135.213 Y487.288 F3554.948
G1 X135.546 Y486.674 F3554.948
G1 X135.878 Y486.059 F3554.948
G1 X136.211 Y485.445 F3554.948
G1 X136.544 Y484.831 F3554.948
G1 X136.877 Y484.216 F3554.948
G1 X137.245 Y483.614 F3554.948
G1 X137.614 Y483.011 F3554.948
G1 X137.982 Y482.409 F3554.948
G1 X138.351 Y481.806 F3554.948
G1 X138.719 Y481.204 F3554.948
G1 X139.120 Y480.616 F3554.948
G1 X139.520 Y480.028 F3554.948
G1 X139.921 Y479.440 F3554.948
G1 X140.322 Y478.852 F3554.948
G1 X140.722 Y478.263 F3554.948
G1 X141.151 Y477.695 F3554.948
G1 X141.580 Y477.127 F3554.948
G1 X142.009 Y476.559 F3554.948
G1 X142.437 Y475.990 F3554.948
G1 X142.866 Y475.422 F3554.948
G1 X143.318 Y474.879 F3554.948
G1 X143.771 Y474.336 F3554.948
G1 X144.223 Y473.794 F3554.948
G1 X144.676 Y473.251 F3554.948
G1 X145.128 Y472.708 F3554.948
G1 X145.600 Y472.196 F3554.948
G1 X146.071 Y471.684 F3554.948
G1 X146.542 Y471.173 F3554.948
G1 X147.014 Y470.661 F3554.948
G1 X147.485 Y470.149 F3554.948
G1 X147.971 Y469.674 F3554.948
G1 X148.457 Y469.200 F3554.948
G1 X148.943 Y468.725 F3554.948
G1 X149.429 Y468.250 F3554.948
G1 X149.916 Y467.776 F3554.948
G1 X150.413 Y467.344 F3554.948
G1 X150.911 Y466.912 F3554.948
G1 X151.409 Y466.481 F3554.948
G1 X151.906 Y466.049 F3554.948
G1 X152.404 Y465.617 F3554.948
G1 X153.038 Y465.137 F3554.948
G1 X153.672 Y464.658 F3554.948
G1 X154.305 Y464.178 F3554.948
G1 X154.939 Y463.699 F3554.948
G1 X155.583 Y463.285 F3554.948
G1 X156.226 Y462.872 F3554.948
G1 X156.870 Y462.458 F3554.948
G1 X157.513 Y462.044 F3554.948
G1 X158.164 Y461.700 F3554.948
G1 X158.814 Y461.356 F3554.948
G1 X159.465 Y461.011 F3554.948
G1 X160.115 Y460.667 F3554.948
G1 X160.769 Y460.395 F3554.948
G1 X161.424 Y460.123 F3554.948
G1 X162.078 Y459.851 F3554.948
G1 X162.732 Y459.579 F3554.948
G1 X163.385 Y459.383 F3554.948
G1 X164.037 Y459.188 F3554.948
G1 X164.689 Y458.992 F3554.948
G1 X165.342 Y458.796 F3554.948
G1 X165.987 Y458.679 F3554.948
G1 X166.633 Y458.562 F3554.948
G1 X167.278 Y458.445 F3554.948
G1 X167.924 Y458.328 F3554.948
G1 X168.560 Y458.291 F3554.948
G1 X169.197 Y458.253 F3554.948
G1 X169.833 Y458.215 F3554.948
G1 X170.469 Y458.177 F3554.948
G1 X171.096 Y458.216 F3554.948
G1 X171.723 Y458.256 F3554.948
G1 X172.350 Y458.295 F3554.948
G1 X172.977 Y458.334 F3554.948
G1 X173.594 Y458.447 F3554.948
G1 X174.211 Y458.559 F3554.948
G1 X174.828 Y458.671 F3554.948
G1 X175.445 Y458.784 F3554.948
G1 X176.051 Y458.965 F3554.948
G1 X176.657 Y459.147 F3554.948
G1 X177.264 Y459.329 F3554.948
G1 X177.870 Y459.511 F3554.948
G1 X178.464 Y459.759 F3554.948
G1 X179.057 Y460.007 F3554.948
G1 X179.651 Y460.256 F3554.948
G1 X180.244 Y460.504 F3554.948
G1 X180.822 Y460.817 F3554.948
G1 X181.399 Y461.129 F3554.948
G1 X181.976 Y461.442 F3554.948
G1 X182.553 Y461.755 F3554.948
G1 X183.111 Y462.132 F3554.948
G1 X183.669 Y462.508 F3554.948
G1 X184.227 Y462.885 F3554.948
G1 X184.785 Y463.262 F3554.948
G1 X185.322 Y463.707 F3554.948
G1 X185.858 Y464.152 F3554.948
G1 X186.394 Y464.597 F3554.948
G1 X186.931 Y465.042 F3554.948
G1 X187.447 Y465.564 F3554.948
G1 X187.963 Y466.086 F3554.948
G1 X188.479 Y466.609 F3554.948
G1 X188.996 Y467.131 F3554.948
G1 X189.495 Y467.727 F3554.948
G1 X189.995 Y468.323 F3554.948
G1 X190.495 Y468.919 F3554.948
G1 X190.994 Y469.515 F3554.948
G1 X191.382 Y470.043 F3554.948
G1 X191.770 Y470.572 F3554.948
G1 X192.158 Y471.101 F3554.948
G1 X192.546 Y471.630 F3554.948
G1 X192.934 Y472.159 F3554.948
G1 X193.310 Y472.725 F3554.948
G1 X193.686 Y473.290 F3554.948
G1 X194.061 Y473.856 F3554.948
G1 X194.437 Y474.422 F3554.948
G1 X194.812 Y474.987 F3554.948
G1 X195.175 Y475.580 F3554.948
G1 X195.538 Y476.172 F3554.948
G1 X195.901 Y476.764 F3554.948
G1 X196.264 Y477.356 F3554.948
G1 X196.627 Y477.948 F3554.948
G1 X196.978 Y478.558 F3554.948
G1 X197.328 Y479.167 F3554.948
G1 X197.678 Y479.776 F3554.948
G1 X198.028 Y480.385 F3554.948
G1 X198.378 Y480.995 F3554.948
G1 X198.714 Y481.610 F3554.948
G1 X199.049 Y482.225 F3554.948
G1 X199.384 Y482.841 F3554.948
G1 X199.720 Y483.456 F3554.948
G1 X200.055 Y484.071 F3554.948
G1 X200.372 Y484.683 F3554.948
G1 X200.689 Y485.295 F3554.948
G1 X201.006 Y485.906 F3554.948
G1 X201.323 Y486.518 F3554.948
G1 X201.639 Y487.130 F3554.948
G1 X201.936 Y487.734 F3554.948
G1 X202.232 Y488.339 F3554.948
G1 X202.529 Y488.943 F3554.948
G1 X202.825 Y489.548 F3554.948
G1 X203.122 Y490.153 F3554.948
G1 X203.396 Y490.741 F3554.948
G1 X203.670 Y491.330 F3554.948
G1 X203.944 Y491.919 F3554.948
G1 X204.218 Y492.508 F3554.948
G1 X204.492 Y493.097 F3554.948
G1 X204.808 Y493.772 F3554.948
G1 X205.124 Y494.448 F3554.948
G1 X205.440 Y495.123 F3554.948
G1 X205.756 Y495.799 F3554.948
G1 X206.047 Y496.324 F3554.948
G1 X206.338 Y496.849 F3554.948
G1 X206.630 Y497.375 F3554.948
G1 X206.921 Y497.900 F3554.948
G1 X207.280 Y498.307 F3554.948
G1 X207.639 Y498.714 F3554.948
G1 X207.997 Y499.121 F3554.948
G1 X208.499 Y499.314 F3554.948
G1 X209.001 Y499.507 F3554.948
G1 X209.472 Y499.302 F3554.948
G1 X209.943 Y499.098 F3554.948
G1 X210.385 Y498.516 F3554.948
G1 X210.827 Y497.934 F3554.948
G1 X211.101 Y497.308 F3554.948
G1 X211.375 Y496.681 F3554.948
G1 X211.649 Y496.054 F3554.948
G1 X211.836 Y495.479 F3554.948
G1 X212.024 Y494.904 F3554.948
G1 X212.211 Y494.329 F3554.948
G1 X212.399 Y493.753 F3554.948
G1 X212.564 Y493.147 F3554.948
G1 X212.729 Y492.542 F3554.948
G1 X212.894 Y491.936 F3554.948
G1 X213.059 Y491.330 F3554.948
G1 X213.196 Y490.742 F3554.948
G1 X213.333 Y490.154 F3554.948
G1 X213.470 Y489.566 F3554.948
G1 X213.607 Y488.978 F3554.948
G1 X213.741 Y488.215 F3554.948
G1 X213.875 Y487.452 F3554.948
G1 X214.010 Y486.690 F3554.948
G1 X214.088 Y485.936 F3554.948
G1 X214.166 Y485.183 F3554.948
G1 X214.244 Y484.430 F3554.948
G1 X214.259 Y483.668 F3554.948
G1 X214.275 Y482.906 F3554.948
G1 X214.290 Y482.145 F3554.948
G1 X214.243 Y481.373 F3554.948
G1 X214.196 Y480.601 F3554.948
G1 X214.149 Y479.829 F3554.948
G1 X214.042 Y479.047 F3554.948
G1 X213.934 Y478.266 F3554.948
G1 X213.827 Y477.485 F3554.948
G1 X213.663 Y476.703 F3554.948
G1 X213.499 Y475.922 F3554.948
G1 X213.335 Y475.140 F3554.948
G1 X213.121 Y474.373 F3554.948
G1 X212.907 Y473.606 F3554.948
G1 X212.692 Y472.840 F3554.948
G1 X212.434 Y472.103 F3554.948
G1 X212.176 Y471.367 F3554.948
G1 X211.917 Y470.631 F3554.948
G1 X211.623 Y469.941 F3554.948
G1 X211.329 Y469.251 F3554.948
G1 X211.034 Y468.561 F3554.948
G1 X210.710 Y467.933 F3554.948
G1 X210.386 Y467.304 F3554.948
G1 X210.062 Y466.676 F3554.948
G1 X209.714 Y466.127 F3554.948
G1 X209.366 Y465.578 F3554.948
G1 X209.018 Y465.030 F3554.948
G1 X208.648 Y464.578 F3554.948
G1 X208.278 Y464.127 F3554.948
G1 X207.908 Y463.675 F3554.948
G1 X207.319 Y463.152 F3554.948
G1 X206.730 Y462.628 F3554.948
G1 X206.098 Y462.256 F3554.948
G1 X205.466 Y461.885 F3554.948
G1 X204.777 Y461.657 F3554.948
G1 X204.087 Y461.429 F3554.948
G1 X203.333 Y461.333 F3554.948
G1 X202.580 Y461.237 F3554.948
G1 X202.027 Y461.254 F3554.948
G1 X201.474 Y461.271 F3554.948
G1 X200.921 Y461.288 F3554.948
G1 X200.311 Y461.381 F3554.948
G1 X199.700 Y461.474 F3554.948
G1 X199.090 Y461.567 F3554.948
G1 X198.418 Y461.734 F3554.948
G1 X197.745 Y461.901 F3554.948
G1 X197.072 Y462.068 F3554.948
G1 X196.334 Y462.309 F3554.948
G1 X195.596 Y462.550 F3554.948
G1 X194.858 Y462.791 F3554.948
G1 X194.260 Y463.028 F3554.948
G1 X193.662 Y463.264 F3554.948
G1 X193.063 Y463.501 F3554.948
G1 X192.465 Y463.737 F3554.948
G1 X191.826 Y464.034 F3554.948
G1 X191.187 Y464.331 F3554.948
G1 X190.548 Y464.628 F3554.948
G1 X189.909 Y464.925 F3554.948
G1 X189.233 Y465.290 F3554.948
G1 X188.557 Y465.655 F3554.948
G1 X187.881 Y466.020 F3554.948
G1 X187.205 Y466.385 F3554.948
G1 X186.634 Y466.734 F3554.948
G1 X186.063 Y467.084 F3554.948
G1 X185.492 Y467.433 F3554.948
G1 X184.921 Y467.783 F3554.948
G1 X184.350 Y468.133 F3554.948
G1 X183.751 Y468.545 F3554.948
G1 X183.151 Y468.957 F3554.948
G1 X182.551 Y469.369 F3554.948
G1 X181.951 Y469.781 F3554.948
G1 X181.352 Y470.193 F3554.948
G1 X180.726 Y470.668 F3554.948
G1 X180.101 Y471.142 F3554.948
G1 X179.475 Y471.616 F3554.948
G1 X178.850 Y472.090 F3554.948
G1 X178.224 Y472.564 F3554.948
G1 X177.688 Y473.006 F3554.948
G1 X177.152 Y473.448 F3554.948
G1 X176.615 Y473.890 F3554.948
G1 X176.079 Y474.332 F3554.948
G1 X175.542 Y474.774 F3554.948
G1 X175.006 Y475.215 F3554.948
G1 X174.465 Y475.693 F3554.948
G1 X173.923 Y476.170 F3554.948
G1 X173.382 Y476.647 F3554.948
G1 X172.840 Y477.124 F3554.948
G1 X172.299 Y477.601 F3554.948
G1 X171.757 Y478.078 F3554.948
G1 X171.221 Y478.578 F3554.948
G1 X170.685 Y479.077 F3554.948
G1 X170.149 Y479.577 F3554.948
G1 X169.612 Y480.076 F3554.948
G1 X169.076 Y480.576 F3554.948
G1 X168.540 Y481.076 F3554.948
G1 X168.016 Y481.588 F3554.948
G1 X167.493 Y482.099 F3554.948
G1 X166.969 Y482.611 F3554.948
G1 X166.446 Y483.123 F3554.948
G1 X165.922 Y483.635 F3554.948
G1 X165.398 Y484.147 F3554.948
G1 X164.892 Y484.663 F3554.948
G1 X164.386 Y485.180 F3554.948
G1 X163.880 Y485.696 F3554.948
G1 X163.374 Y486.213 F3554.948
G1 X162.868 Y486.730 F3554.948
G1 X162.362 Y487.246 F3554.948
G1 X161.876 Y487.762 F3554.948
G1 X161.391 Y488.278 F3554.948
G1 X160.906 Y488.794 F3554.948
G1 X160.420 Y489.310 F3554.948
G1 X159.935 Y489.826 F3554.948
G1 X159.450 Y490.342 F3554.948
G1 X158.988 Y490.846 F3554.948
G1 X158.526 Y491.350 F3554.948
G1 X158.064 Y491.854 F3554.948
G1 X157.602 Y492.357 F3554.948
G1 X157.140 Y492.861 F3554.948
G1 X156.678 Y493.365 F3554.948
G1 X156.156 Y493.910 F3554.948
G1 X155.633 Y494.455 F3554.948
G1 X155.111 Y495.001 F3554.948
G1 X154.588 Y495.546 F3554.948
G1 X154.066 Y496.091 F3554.948
G1 X153.457 Y496.601 F3554.948
G1 X152.849 Y497.111 F3554.948
G1 X152.241 Y497.622 F3554.948
G1 X151.632 Y498.132 F3554.948
G1 X151.069 Y498.423 F3554.948
G1 X150.505 Y498.715 F3554.948
G1 X149.941 Y499.006 F3554.948
G1 X149.377 Y499.298 F3554.948
G1 X148.683 Y499.410 F3554.948
G1 X147.988 Y499.521 F3554.948
G1 X147.294 Y499.633 F3554.948
G1 X146.655 Y499.481 F3554.948
G1 X146.016 Y499.330 F3554.948
G1 X145.378 Y499.179 F3554.948
G1 X144.797 Y498.778 F3554.948
G1 X144.216 Y498.376 F3554.948
G1 X143.636 Y497.975 F3554.948
G1 X143.248 Y497.498 F3554.948
G1 X142.859 Y497.020 F3554.948
G1 X142.471 Y496.542 F3554.948
G1 X142.083 Y496.065 F3554.948
G1 X141.747 Y495.464 F3554.948
G1 X141.411 Y494.864 F3554.948
G1 X141.074 Y494.264 F3554.948
G1 X140.738 Y493.663 F3554.948
G1 X140.451 Y493.020 F3554.948
G1 X140.164 Y492.376 F3554.948
G1 X139.876 Y491.733 F3554.948
G1 X139.589 Y491.090 F3554.948
G1 X139.346 Y490.451 F3554.948
G1 X139.103 Y489.812 F3554.948
G1 X138.860 Y489.173 F3554.948
G1 X138.617 Y488.535 F3554.948
G1 X138.411 Y487.902 F3554.948
G1 X138.206 Y487.269 F3554.948
G1 X138.000 Y486.637 F3554.948
G1 X137.795 Y486.004 F3554.948
G1 X137.621 Y485.371 F3554.948
G1 X137.448 Y484.737 F3554.948
G1 X137.274 Y484.103 F3554.948
G1 X137.101 Y483.470 F3554.948
G1 X136.955 Y482.829 F3554.948
G1 X136.809 Y482.188 F3554.948
G1 X136.662 Y481.547 F3554.948
G1 X136.516 Y480.906 F3554.948
G1 X136.394 Y480.254 F3554.948
G1 X136.272 Y479.603 F3554.948
G1 X136.150 Y478.951 F3554.948
G1 X136.028 Y478.299 F3554.948
G1 X135.928 Y477.640 F3554.948
G1 X135.829 Y476.981 F3554.948
G1 X135.730 Y476.322 F3554.948
G1 X135.631 Y475.663 F3554.948
G1 X135.556 Y475.003 F3554.948
G1 X135.481 Y474.342 F3554.948
G1 X135.405 Y473.682 F3554.948
G1 X135.330 Y473.021 F3554.948
G1 X135.282 Y472.369 F3554.948
G1 X135.234 Y471.717 F3554.948
G1 X135.187 Y471.065 F3554.948
G1 X135.139 Y470.412 F3554.948
G1 X135.123 Y469.780 F3554.948
G1 X135.107 Y469.147 F3554.948
G1 X135.092 Y468.514 F3554.948
G1 X135.076 Y467.882 F3554.948
G1 X135.096 Y467.275 F3554.948
G1 X135.116 Y466.669 F3554.948
G1 X135.136 Y466.063 F3554.948
G1 X135.156 Y465.456 F3554.948
G1 X135.232 Y464.687 F3554.948
G1 X135.309 Y463.918 F3554.948
G1 X135.385 Y463.149 F3554.948
G1 X135.511 Y462.420 F3554.948
G1 X135.637 Y461.690 F3554.948
G1 X135.762 Y460.960 F3554.948
G1 X135.936 Y460.268 F3554.948
G1 X136.109 Y459.575 F3554.948
G1 X136.282 Y458.883 F3554.948
G1 X136.497 Y458.222 F3554.948
G1 X136.712 Y457.561 F3554.948
G1 X136.927 Y456.901 F3554.948
G1 X137.179 Y456.266 F3554.948
G1 X137.430 Y455.631 F3554.948
G1 X137.682 Y454.995 F3554.948
G1 X137.963 Y454.374 F3554.948
G1 X138.244 Y453.753 F3554.948
G1 X138.524 Y453.132 F3554.948
G1 X138.830 Y452.512 F3554.948
G1 X139.135 Y451.892 F3554.948
G1 X139.440 Y451.272 F3554.948
G1 X139.764 Y450.636 F3554.948
G1 X140.089 Y449.999 F3554.948
G1 X140.414 Y449.363 F3554.948
G1 X140.752 Y448.689 F3554.948
G1 X141.090 Y448.016 F3554.948
G1 X141.429 Y447.343 F3554.948
G1 X141.688 Y446.796 F3554.948
G1 X141.947 Y446.248 F3554.948
G1 X142.206 Y445.701 F3554.948
G1 X142.466 Y445.154 F3554.948
G1 X142.725 Y444.549 F3554.948
G1 X142.985 Y443.945 F3554.948
G1 X143.245 Y443.340 F3554.948
G1 X143.505 Y442.735 F3554.948
G1 X143.759 Y442.059 F3554.948
G1 X144.012 Y441.382 F3554.948
G1 X144.266 Y440.706 F3554.948
G1 X144.520 Y440.030 F3554.948
G1 X144.761 Y439.273 F3554.948
G1 X145.003 Y438.517 F3554.948
G1 X145.244 Y437.760 F3554.948
G1 X145.485 Y437.004 F3554.948
G1 X145.663 Y436.331 F3554.948
G1 X145.842 Y435.658 F3554.948
G1 X146.020 Y434.985 F3554.948
G1 X146.199 Y434.312 F3554.948
G1 X146.378 Y433.639 F3554.948
G1 X146.541 Y432.901 F3554.948
G1 X146.704 Y432.164 F3554.948
G1 X146.867 Y431.427 F3554.948
G1 X147.030 Y430.690 F3554.948
G1 X147.193 Y429.953 F3554.948
G1 X147.319 Y429.295 F3554.948
G1 X147.444 Y428.638 F3554.948
G1 X147.570 Y427.980 F3554.948
G1 X147.696 Y427.323 F3554.948
G1 X147.821 Y426.665 F3554.948
G1 X147.947 Y426.008 F3554.948
G1 X148.067 Y425.323 F3554.948
G1 X148.188 Y424.637 F3554.948
G1 X148.308 Y423.952 F3554.948
G1 X148.429 Y423.266 F3554.948
G1 X148.549 Y422.581 F3554.948
G1 X148.670 Y421.895 F3554.948
G1 X148.792 Y421.198 F3554.948
G1 X148.914 Y420.500 F3554.948
G1 X149.037 Y419.802 F3554.948
G1 X149.159 Y419.105 F3554.948
G1 X149.281 Y418.407 F3554.948
G1 X149.403 Y417.710 F3554.948
G1 X149.533 Y417.013 F3554.948
G1 X149.663 Y416.316 F3554.948
G1 X149.793 Y415.620 F3554.948
G1 X149.922 Y414.923 F3554.948
G1 X150.052 Y414.226 F3554.948
G1 X150.182 Y413.529 F3554.948
G1 X150.323 Y412.845 F3554.948
G1 X150.464 Y412.161 F3554.948
G1 X150.605 Y411.477 F3554.948
G1 X150.745 Y410.793 F3554.948
G1 X150.886 Y410.108 F3554.948
G1 X151.027 Y409.424 F3554.948
G1 X151.180 Y408.763 F3554.948
G1 X151.332 Y408.101 F3554.948
G1 X151.485 Y407.440 F3554.948
G1 X151.637 Y406.778 F3554.948
G1 X151.789 Y406.117 F3554.948
G1 X151.942 Y405.455 F3554.948
G1 X152.135 Y404.697 F3554.948
G1 X152.329 Y403.939 F3554.948
G1 X152.523 Y403.181 F3554.948
G1 X152.716 Y402.423 F3554.948
G1 X152.910 Y401.665 F3554.948
G1 X153.113 Y400.939 F3554.948
G1 X153.315 Y400.213 F3554.948
G1 X153.518 Y399.487 F3554.948
G1 X153.721 Y398.761 F3554.948
G1 X153.924 Y398.035 F3554.948
G1 X154.136 Y397.334 F3554.948
G1 X154.347 Y396.632 F3554.948
G1 X154.559 Y395.930 F3554.948
G1 X154.771 Y395.228 F3554.948
G1 X154.983 Y394.527 F3554.948
G1 X155.200 Y393.851 F3554.948
G1 X155.417 Y393.175 F3554.948
G1 X155.633 Y392.499 F3554.948
G1 X155.850 Y391.823 F3554.948
G1 X156.067 Y391.147 F3554.948
G1 X156.282 Y390.504 F3554.948
G1 X156.498 Y389.860 F3554.948
G1 X156.713 Y389.217 F3554.948
G1 X156.929 Y388.573 F3554.948
G1 X157.144 Y387.930 F3554.948
G1 X157.389 Y387.171 F3554.948
G1 X157.634 Y386.412 F3554.948
G1 X157.879 Y385.653 F3554.948
G1 X158.124 Y384.894 F3554.948
G1 X158.346 Y384.179 F3554.948
G1 X158.568 Y383.463 F3554.948
G1 X158.790 Y382.748 F3554.948
G1 X159.012 Y382.033 F3554.948
G1 X159.222 Y381.365 F3554.948
G1 X159.432 Y380.698 F3554.948
G1 X159.641 Y380.030 F3554.948
G1 X159.851 Y379.362 F3554.948
G1 X160.054 Y378.746 F3554.948
G1 X160.257 Y378.130 F3554.948
G1 X160.459 Y377.513 F3554.948
G1 X160.662 Y376.897 F3554.948
G1 X160.931 Y376.155 F3554.948
G1 X161.201 Y375.413 F3554.948
G1 X161.470 Y374.671 F3554.948
G1 X161.748 Y374.012 F3554.948
G1 X162.026 Y373.354 F3554.948
G1 X162.304 Y372.695 F3554.948
G1 X162.601 Y372.118 F3554.948
G1 X162.898 Y371.540 F3554.948
G1 X163.196 Y370.963 F3554.948
G1 X163.522 Y370.456 F3554.948
G1 X163.849 Y369.949 F3554.948
G1 X164.175 Y369.441 F3554.948
G1 X164.539 Y368.989 F3554.948
G1 X164.904 Y368.536 F3554.948
G1 X165.268 Y368.083 F3554.948
G1 X165.679 Y367.670 F3554.948
G1 X166.090 Y367.256 F3554.948
G1 X166.501 Y366.842 F3554.948
G1 X166.968 Y366.447 F3554.948
G1 X167.435 Y366.051 F3554.948
G1 X167.902 Y365.656 F3554.948
G1 X168.432 Y365.260 F3554.948
G1 X168.961 Y364.864 F3554.948
G1 X169.490 Y364.468 F3554.948
G1 X170.089 Y364.052 F3554.948
G1 X170.687 Y363.637 F3554.948
G1 X171.286 Y363.221 F3554.948
G1 X171.790 Y362.886 F3554.948
G1 X172.294 Y362.551 F3554.948
G1 X172.798 Y362.215 F3554.948
G1 X173.302 Y361.880 F3554.948
G1 X173.862 Y361.514 F3554.948
G1 X174.422 Y361.148 F3554.948
G1 X174.982 Y360.782 F3554.948
G1 X175.542 Y360.416 F3554.948
G1 X176.158 Y360.013 F3554.948
G1 X176.774 Y359.610 F3554.948
G1 X177.390 Y359.206 F3554.948
G1 X178.006 Y358.803 F3554.948
G1 X178.543 Y358.451 F3554.948
G1 X179.080 Y358.099 F3554.948
G1 X179.617 Y357.747 F3554.948
G1 X180.154 Y357.395 F3554.948
G1 X180.691 Y357.043 F3554.948
G1 X181.267 Y356.663 F3554.948
G1 X181.843 Y356.283 F3554.948
G1 X182.419 Y355.903 F3554.948
G1 X182.995 Y355.523 F3554.948
G1 X183.571 Y355.143 F3554.948
G1 X184.179 Y354.740 F3554.948
G1 X184.786 Y354.337 F3554.948
G1 X185.394 Y353.933 F3554.948
G1 X186.001 Y353.530 F3554.948
G1 X186.609 Y353.126 F3554.948
G1 X187.238 Y352.705 F3554.948
G1 X187.867 Y352.285 F3554.948
G1 X188.496 Y351.864 F3554.948
G1 X189.125 Y351.443 F3554.948
G1 X189.754 Y351.022 F3554.948
G1 X190.395 Y350.594 F3554.948
G1 X191.036 Y350.165 F3554.948
G1 X191.678 Y349.737 F3554.948
G1 X192.319 Y349.309 F3554.948
G1 X192.960 Y348.881 F3554.948
G1 X193.602 Y348.452 F3554.948
G1 X194.245 Y348.024 F3554.948
G1 X194.887 Y347.596 F3554.948
G1 X195.530 Y347.167 F3554.948
G1 X196.172 Y346.739 F3554.948
G1 X196.810 Y346.317 F3554.948
G1 X197.447 Y345.896 F3554.948
G1 X198.084 Y345.475 F3554.948
G1 X198.721 Y345.053 F3554.948
G1 X199.358 Y344.632 F3554.948
G1 X199.985 Y344.223 F3554.948
G1 X200.613 Y343.814 F3554.948
G1 X201.240 Y343.405 F3554.948
G1 X201.868 Y342.997 F3554.948
G1 X202.495 Y342.588 F3554.948
G1 X203.108 Y342.198 F3554.948
G1 X203.721 Y341.809 F3554.948
G1 X204.335 Y341.420 F3554.948
G1 X204.948 Y341.031 F3554.948
G1 X205.561 Y340.641 F3554.948
G1 X206.156 Y340.278 F3554.948
G1 X206.750 Y339.916 F3554.948
G1 X207.345 Y339.553 F3554.948
G1 X207.940 Y339.190 F3554.948
G1 X208.534 Y338.827 F3554.948
G1 X209.106 Y338.498 F3554.948
G1 X209.677 Y338.169 F3554.948
G1 X210.248 Y337.840 F3554.948
G1 X210.820 Y337.510 F3554.948
G1 X211.391 Y337.181 F3554.948
G1 X212.074 Y336.817 F3554.948
G1 X212.756 Y336.454 F3554.948
G1 X213.439 Y336.090 F3554.948
G1 X214.121 Y335.726 F3554.948
G1 X214.774 Y335.413 F3554.948
G1 X215.426 Y335.100 F3554.948
G1 X216.079 Y334.788 F3554.948
G1 X216.732 Y334.475 F3554.948
G1 X217.358 Y334.211 F3554.948
G1 X217.984 Y333.948 F3554.948
G1 X218.611 Y333.684 F3554.948
G1 X219.237 Y333.421 F3554.948
G1 X219.843 Y333.200 F3554.948
G1 X220.450 Y332.979 F3554.948
G1 X221.056 Y332.757 F3554.948
G1 X221.662 Y332.536 F3554.948
G1 X222.256 Y332.348 F3554.948
G1 X222.851 Y332.159 F3554.948
G1 X223.445 Y331.971 F3554.948
G1 X224.039 Y331.783 F3554.948
G1 X224.629 Y331.616 F3554.948
G1 X225.220 Y331.449 F3554.948
G1 X225.810 Y331.282 F3554.948
G1 X226.401 Y331.115 F3554.948
G1 X226.997 Y330.957 F3554.948
G1 X227.593 Y330.799 F3554.948
G1 X228.190 Y330.640 F3554.948
G1 X228.786 Y330.482 F3554.948
G1 X229.397 Y330.320 F3554.948
G1 X230.009 Y330.158 F3554.948
G1 X230.620 Y329.995 F3554.948
G1 X231.232 Y329.833 F3554.948
G1 X231.866 Y329.655 F3554.948
G1 X232.501 Y329.478 F3554.948
G1 X233.135 Y329.300 F3554.948
G1 X233.770 Y329.122 F3554.948
G1 X234.434 Y328.919 F3554.948
G1 X235.098 Y328.716 F3554.948
G1 X235.762 Y328.514 F3554.948
G1 X236.426 Y328.311 F3554.948
G1 X237.122 Y328.076 F3554.948
G1 X237.819 Y327.842 F3554.948
G1 X238.515 Y327.607 F3554.948
G1 X239.212 Y327.372 F3554.948
G1 X239.940 Y327.103 F3554.948
G1 X240.668 Y326.834 F3554.948
G1 X241.396 Y326.564 F3554.948
G1 X242.124 Y326.295 F3554.948
G1 X242.729 Y326.052 F3554.948
G1 X243.335 Y325.809 F3554.948
G1 X243.940 Y325.566 F3554.948
G1 X244.545 Y325.323 F3554.948
G1 X245.151 Y325.081 F3554.948
G1 X245.774 Y324.815 F3554.948
G1 X246.398 Y324.548 F3554.948
G1 X247.021 Y324.282 F3554.948
G1 X247.645 Y324.016 F3554.948
G1 X248.268 Y323.750 F3554.948
G1 X248.903 Y323.468 F3554.948
G1 X249.538 Y323.186 F3554.948
G1 X250.173 Y322.904 F3554.948
G1 X250.807 Y322.622 F3554.948
G1 X251.442 Y322.340 F3554.948
G1 X252.081 Y322.049 F3554.948
G1 X252.720 Y321.759 F3554.948
G1 X253.358 Y321.468 F3554.948
G1 X253.997 Y321.177 F3554.948
G1 X254.636 Y320.886 F3554.948
G1 X255.272 Y320.592 F3554.948
G1 X255.908 Y320.297 F3554.948
G1 X256.544 Y320.003 F3554.948
G1 X257.180 Y319.709 F3554.948
G1 X257.816 Y319.415 F3554.948
G1 X258.444 Y319.120 F3554.948
G1 X259.072 Y318.826 F3554.948
G1 X259.700 Y318.531 F3554.948
G1 X260.329 Y318.237 F3554.948
G1 X260.957 Y317.942 F3554.948
G1 X261.575 Y317.648 F3554.948
G1 X262.193 Y317.354 F3554.948
G1 X262.811 Y317.061 F3554.948
G1 X263.429 Y316.767 F3554.948
G1 X264.047 Y316.473 F3554.948
G1 X264.652 Y316.181 F3554.948
G1 X265.257 Y315.889 F3554.948
G1 X265.863 Y315.597 F3554.948
G1 X266.468 Y315.305 F3554.948
G1 X267.073 Y315.013 F3554.948
G1 X267.662 Y314.724 F3554.948
G1 X268.251 Y314.435 F3554.948
G1 X268.840 Y314.146 F3554.948
G1 X269.429 Y313.857 F3554.948
G1 X270.018 Y313.568 F3554.948
G1 X270.728 Y313.214 F3554.948
G1 X271.437 Y312.861 F3554.948
G1 X272.147 Y312.507 F3554.948
G1 X272.857 Y312.153 F3554.948
G1 X273.524 Y311.807 F3554.948
G1 X274.192 Y311.461 F3554.948
G1 X274.859 Y311.115 F3554.948
G1 X275.526 Y310.768 F3554.948
G1 X276.147 Y310.450 F3554.948
G1 X276.767 Y310.131 F3554.948
G1 X277.388 Y309.813 F3554.948
G1 X278.008 Y309.495 F3554.948
G1 X278.572 Y309.214 F3554.948
G1 X279.135 Y308.934 F3554.948
G1 X279.699 Y308.654 F3554.948
G1 X280.263 Y308.374 F3554.948
G1 X280.932 Y308.063 F3554.948
G1 X281.601 Y307.751 F3554.948
G1 X282.271 Y307.439 F3554.948
G1 X282.859 Y307.194 F3554.948
G1 X283.447 Y306.949 F3554.948
G1 X284.036 Y306.703 F3554.948
G1 X284.546 Y306.524 F3554.948
G1 X285.057 Y306.344 F3554.948
G1 X285.567 Y306.164 F3554.948
G1 X286.232 Y305.989 F3554.948
G1 X286.896 Y305.814 F3554.948
G1 X287.466 Y305.727 F3554.948
G1 X288.036 Y305.640 F3554.948
G1 X288.523 Y305.638 F3554.948
G1 X289.010 Y305.637 F3554.948
G1 X289.421 Y305.717 F3554.948
G1 X289.833 Y305.797 F3554.948
G1 X290.523 Y306.119 F3554.948
G1 X291.105 Y306.604 F3554.948
G1 X291.349 Y306.931 F3554.948
G1 X291.592 Y307.259 F3554.948
G1 X291.796 Y307.678 F3554.948
G1 X291.999 Y308.098 F3554.948
G1 X292.169 Y308.621 F3554.948
G1 X292.338 Y309.143 F3554.948
G1 X292.482 Y309.783 F3554.948
G1 X292.627 Y310.422 F3554.948
G1 X292.755 Y311.192 F3554.948
G1 X292.883 Y311.963 F3554.948
G1 X292.959 Y312.569 F3554.948
G1 X293.035 Y313.176 F3554.948
G1 X293.111 Y313.783 F3554.948
G1 X293.180 Y314.492 F3554.948
G1 X293.250 Y315.201 F3554.948
G1 X293.320 Y315.910 F3554.948
G1 X293.367 Y316.515 F3554.948
G1 X293.415 Y317.120 F3554.948
G1 X293.463 Y317.724 F3554.948
G1 X293.510 Y318.329 F3554.948
G1 X293.551 Y319.003 F3554.948
G1 X293.591 Y319.677 F3554.948
G1 X293.631 Y320.351 F3554.948
G1 X293.672 Y321.025 F3554.948
G1 X293.707 Y321.763 F3554.948
G1 X293.742 Y322.501 F3554.948
G1 X293.777 Y323.239 F3554.948
G1 X293.812 Y323.977 F3554.948
G1 X293.843 Y324.774 F3554.948
G1 X293.874 Y325.570 F3554.948
G1 X293.905 Y326.367 F3554.948
G1 X293.936 Y327.163 F3554.948
G1 X293.962 Y327.842 F3554.948
G1 X293.988 Y328.522 F3554.948
G1 X294.014 Y329.201 F3554.948
G1 X294.040 Y329.880 F3554.948
G1 X294.066 Y330.559 F3554.948
G1 X294.100 Y331.273 F3554.948
G1 X294.135 Y331.987 F3554.948
G1 X294.169 Y332.702 F3554.948
G1 X294.203 Y333.416 F3554.948
G1 X294.238 Y334.130 F3554.948
G1 X294.287 Y334.871 F3554.948
G1 X294.336 Y335.612 F3554.948
G1 X294.385 Y336.353 F3554.948
G1 X294.435 Y337.094 F3554.948
G1 X294.484 Y337.835 F3554.948
G1 X294.556 Y338.595 F3554.948
G1 X294.628 Y339.354 F3554.948
G1 X294.700 Y340.114 F3554.948
G1 X294.772 Y340.873 F3554.948
G1 X294.844 Y341.632 F3554.948
G1 X294.938 Y342.403 F3554.948
G1 X295.033 Y343.174 F3554.948
G1 X295.128 Y343.945 F3554.948
G1 X295.223 Y344.716 F3554.948
G1 X295.317 Y345.487 F3554.948
G1 X295.434 Y346.264 F3554.948
G1 X295.550 Y347.041 F3554.948
G1 X295.667 Y347.817 F3554.948
G1 X295.783 Y348.594 F3554.948
G1 X295.899 Y349.371 F3554.948
G1 X296.032 Y350.148 F3554.948
G1 X296.165 Y350.924 F3554.948
G1 X296.298 Y351.701 F3554.948
G1 X296.431 Y352.478 F3554.948
G1 X296.564 Y353.254 F3554.948
G1 X296.709 Y354.024 F3554.948
G1 X296.854 Y354.794 F3554.948
G1 X296.998 Y355.564 F3554.948
G1 X297.143 Y356.334 F3554.948
G1 X297.288 Y357.104 F3554.948
G1 X297.444 Y357.860 F3554.948
G1 X297.599 Y358.616 F3554.948
G1 X297.754 Y359.372 F3554.948
G1 X297.909 Y360.128 F3554.948
G1 X298.064 Y360.884 F3554.948
G1 X298.226 Y361.617 F3554.948
G1 X298.389 Y362.350 F3554.948
G1 X298.551 Y363.083 F3554.948
G1 X298.714 Y363.816 F3554.948
G1 X298.876 Y364.549 F3554.948
G1 X299.045 Y365.249 F3554.948
G1 X299.214 Y365.949 F3554.948
G1 X299.382 Y366.650 F3554.948
G1 X299.551 Y367.350 F3554.948
G1 X299.720 Y368.050 F3554.948
G1 X299.890 Y368.706 F3554.948
G1 X300.061 Y369.362 F3554.948
G1 X300.231 Y370.018 F3554.948
G1 X300.402 Y370.674 F3554.948
G1 X300.572 Y371.331 F3554.948
G1 X300.782 Y372.082 F3554.948
G1 X300.993 Y372.833 F3554.948
G1 X301.203 Y373.585 F3554.948
G1 X301.413 Y374.336 F3554.948
G1 X301.615 Y375.004 F3554.948
G1 X301.817 Y375.671 F3554.948
G1 X302.019 Y376.339 F3554.948
G1 X302.220 Y377.006 F3554.948
G1 X302.408 Y377.577 F3554.948
G1 X302.596 Y378.147 F3554.948
G1 X302.784 Y378.717 F3554.948
G1 X302.972 Y379.287 F3554.948
G1 X303.196 Y379.904 F3554.948
G1 X303.420 Y380.520 F3554.948
G1 X303.644 Y381.137 F3554.948
G1 X303.935 Y381.836 F3554.948
G1 X304.226 Y382.536 F3554.948
G1 X304.468 Y383.009 F3554.948
G1 X304.710 Y383.482 F3554.948
G1 X305.104 Y383.981 F3554.948
G1 X305.422 Y384.049 F3554.948
G1 X305.668 Y383.707 F3554.948
G1 X305.858 Y382.967 F3554.948
G1 X305.930 Y382.408 F3554.948
G1 X306.001 Y381.848 F3554.948
G1 X306.054 Y381.104 F3554.948
G1 X306.107 Y380.361 F3554.948
G1 X306.132 Y379.744 F3554.948
G1 X306.156 Y379.127 F3554.948
G1 X306.181 Y378.510 F3554.948
G1 X306.196 Y377.777 F3554.948
G1 X306.211 Y377.043 F3554.948
G1 X306.226 Y376.310 F3554.948
G1 X306.229 Y375.677 F3554.948
G1 X306.233 Y375.044 F3554.948
G1 X306.236 Y374.411 F3554.948
G1 X306.239 Y373.778 F3554.948
G1 X306.234 Y373.068 F3554.948
G1 X306.229 Y372.358 F3554.948
G1 X306.223 Y371.648 F3554.948
G1 X306.218 Y370.938 F3554.948
G1 X306.202 Y370.157 F3554.948
G1 X306.186 Y369.377 F3554.948
G1 X306.171 Y368.597 F3554.948
G1 X306.155 Y367.816 F3554.948
G1 X306.132 Y367.145 F3554.948
G1 X306.109 Y366.473 F3554.948
G1 X306.086 Y365.802 F3554.948
G1 X306.064 Y365.131 F3554.948
G1 X306.041 Y364.459 F3554.948
G1 X306.008 Y363.755 F3554.948
G1 X305.974 Y363.051 F3554.948
G1 X305.941 Y362.347 F3554.948
G1 X305.908 Y361.642 F3554.948
G1 X305.874 Y360.938 F3554.948
G1 X305.831 Y360.218 F3554.948
G1 X305.787 Y359.497 F3554.948
G1 X305.744 Y358.776 F3554.948
G1 X305.701 Y358.056 F3554.948
G1 X305.657 Y357.335 F3554.948
G1 X305.605 Y356.613 F3554.948
G1 X305.554 Y355.891 F3554.948
G1 X305.502 Y355.169 F3554.948
G1 X305.450 Y354.447 F3554.948
G1 X305.398 Y353.725 F3554.948
G1 X305.340 Y353.011 F3554.948
G1 X305.282 Y352.298 F3554.948
G1 X305.223 Y351.584 F3554.948
G1 X305.165 Y350.870 F3554.948
G1 X305.107 Y350.157 F3554.948
G1 X305.046 Y349.455 F3554.948
G1 X304.984 Y348.754 F3554.948
G1 X304.923 Y348.052 F3554.948
G1 X304.861 Y347.351 F3554.948
G1 X304.800 Y346.649 F3554.948
G1 X304.742 Y345.963 F3554.948
G1 X304.684 Y345.276 F3554.948
G1 X304.625 Y344.589 F3554.948
G1 X304.567 Y343.902 F3554.948
G1 X304.509 Y343.215 F3554.948
G1 X304.463 Y342.549 F3554.948
G1 X304.417 Y341.883 F3554.948
G1 X304.371 Y341.217 F3554.948
G1 X304.325 Y340.550 F3554.948
G1 X304.279 Y339.884 F3554.948
G1 X304.244 Y339.091 F3554.948
G1 X304.209 Y338.298 F3554.948
G1 X304.174 Y337.505 F3554.948
G1 X304.139 Y336.712 F3554.948
G1 X304.131 Y335.977 F3554.948
G1 X304.124 Y335.242 F3554.948
G1 X304.117 Y334.506 F3554.948
G1 X304.109 Y333.771 F3554.948
G1 X304.129 Y333.105 F3554.948
G1 X304.149 Y332.440 F3554.948
G1 X304.169 Y331.774 F3554.948
G1 X304.189 Y331.109 F3554.948
G1 X304.251 Y330.319 F3554.948
G1 X304.314 Y329.529 F3554.948
G1 X304.377 Y328.739 F3554.948
G1 X304.475 Y328.043 F3554.948
G1 X304.574 Y327.347 F3554.948
G1 X304.673 Y326.650 F3554.948
G1 X304.810 Y326.035 F3554.948
G1 X304.946 Y325.420 F3554.948
G1 X305.083 Y324.804 F3554.948
G1 X305.259 Y324.255 F3554.948
G1 X305.436 Y323.706 F3554.948
G1 X305.612 Y323.157 F3554.948
G1 X305.831 Y322.657 F3554.948
G1 X306.050 Y322.158 F3554.948
G1 X306.268 Y321.658 F3554.948
G1 X306.532 Y321.190 F3554.948
G1 X306.796 Y320.723 F3554.948
G1 X307.060 Y320.255 F3554.948
G1 X307.365 Y319.812 F3554.948
G1 X307.670 Y319.370 F3554.948
G1 X307.975 Y318.927 F3554.948
G1 X308.318 Y318.501 F3554.948
G1 X308.661 Y318.074 F3554.948
G1 X309.004 Y317.647 F3554.948
G1 X309.378 Y317.227 F3554.948
G1 X309.752 Y316.807 F3554.948
G1 X310.126 Y316.386 F3554.948
G1 X310.527 Y315.966 F3554.948
G1 X310.929 Y315.547 F3554.948
G1 X311.330 Y315.127 F3554.948
G1 X311.757 Y314.705 F3554.948
G1 X312.184 Y314.282 F3554.948
G1 X312.611 Y313.860 F3554.948
G1 X313.051 Y313.425 F3554.948
G1 X313.492 Y312.990 F3554.948
G1 X313.933 Y312.555 F3554.948
G1 X314.386 Y312.106 F3554.948
G1 X314.838 Y311.657 F3554.948
G1 X315.291 Y311.208 F3554.948
G1 X315.740 Y310.745 F3554.948
G1 X316.189 Y310.282 F3554.948
G1 X316.637 Y309.819 F3554.948
G1 X317.064 Y309.335 F3554.948
G1 X317.491 Y308.851 F3554.948
G1 X317.918 Y308.367 F3554.948
G1 X318.312 Y307.857 F3554.948
G1 X318.707 Y307.347 F3554.948
G1 X319.101 Y306.836 F3554.948
G1 X319.458 Y306.291 F3554.948
G1 X319.815 Y305.746 F3554.948
G1 X320.172 Y305.201 F3554.948
G1 X320.489 Y304.613 F3554.948
G1 X320.806 Y304.024 F3554.948
G1 X321.122 Y303.435 F3554.948
G1 X321.399 Y302.791 F3554.948
G1 X321.676 Y302.147 F3554.948
G1 X321.953 Y301.503 F3554.948
G1 X322.203 Y300.797 F3554.948
G1 X322.452 Y300.091 F3554.948
G1 X322.702 Y299.384 F3554.948
G1 X322.890 Y298.810 F3554.948
G1 X323.077 Y298.236 F3554.948
G1 X323.265 Y297.662 F3554.948
G1 X323.453 Y297.088 F3554.948
G1 X323.658 Y296.473 F3554.948
G1 X323.862 Y295.857 F3554.948
G1 X324.066 Y295.242 F3554.948
G1 X324.271 Y294.626 F3554.948
G1 X324.511 Y293.974 F3554.948
G1 X324.751 Y293.323 F3554.948
G1 X324.991 Y292.671 F3554.948
G1 X325.231 Y292.020 F3554.948
G1 X325.524 Y291.351 F3554.948
G1 X325.817 Y290.681 F3554.948
G1 X326.110 Y290.012 F3554.948
G1 X326.403 Y289.343 F3554.948
G1 X326.765 Y288.674 F3554.948
G1 X327.127 Y288.005 F3554.948
G1 X327.489 Y287.337 F3554.948
G1 X327.850 Y286.668 F3554.948
G1 X328.292 Y286.015 F3554.948
G1 X328.734 Y285.363 F3554.948
G1 X329.176 Y284.710 F3554.948
G1 X329.618 Y284.057 F3554.948
G1 X330.038 Y283.547 F3554.948
G1 X330.458 Y283.038 F3554.948
G1 X330.878 Y282.528 F3554.948
G1 X331.299 Y282.019 F3554.948
G1 X331.719 Y281.510 F3554.948
G1 X332.188 Y281.012 F3554.948
G1 X332.656 Y280.515 F3554.948
G1 X333.125 Y280.017 F3554.948
G1 X333.594 Y279.520 F3554.948
G1 X334.063 Y279.022 F3554.948
G1 X334.558 Y278.532 F3554.948
G1 X335.054 Y278.043 F3554.948
G1 X335.549 Y277.553 F3554.948
G1 X336.044 Y277.063 F3554.948
G1 X336.539 Y276.573 F3554.948
G1 X337.048 Y276.092 F3554.948
G1 X337.558 Y275.611 F3554.948
G1 X338.067 Y275.129 F3554.948
G1 X338.576 Y274.648 F3554.948
G1 X339.085 Y274.167 F3554.948
G1 X339.601 Y273.696 F3554.948
G1 X340.118 Y273.225 F3554.948
G1 X340.634 Y272.755 F3554.948
G1 X341.151 Y272.284 F3554.948
G1 X341.667 Y271.814 F3554.948
G1 X342.193 Y271.352 F3554.948
G1 X342.719 Y270.890 F3554.948
G1 X343.245 Y270.429 F3554.948
G1 X343.771 Y269.967 F3554.948
G1 X344.297 Y269.505 F3554.948
G1 X344.834 Y269.052 F3554.948
G1 X345.370 Y268.598 F3554.948
G1 X345.907 Y268.144 F3554.948
G1 X346.443 Y267.691 F3554.948
G1 X346.980 Y267.237 F3554.948
G1 X347.522 Y266.794 F3554.948
G1 X348.065 Y266.351 F3554.948
G1 X348.607 Y265.908 F3554.948
G1 X349.149 Y265.465 F3554.948
G1 X349.692 Y265.022 F3554.948
G1 X350.238 Y264.588 F3554.948
G1 X350.785 Y264.155 F3554.948
G1 X351.332 Y263.721 F3554.948
G1 X351.878 Y263.288 F3554.948
G1 X352.425 Y262.854 F3554.948
G1 X352.975 Y262.427 F3554.948
G1 X353.526 Y262.001 F3554.948
G1 X354.076 Y261.574 F3554.948
G1 X354.626 Y261.147 F3554.948
G1 X355.177 Y260.720 F3554.948
G1 X355.723 Y260.299 F3554.948
G1 X356.270 Y259.878 F3554.948
G1 X356.817 Y259.457 F3554.948
G1 X357.363 Y259.036 F3554.948
G1 X357.910 Y258.614 F3554.948
G1 X358.450 Y258.199 F3554.948
G1 X358.990 Y257.785 F3554.948
G1 X359.531 Y257.370 F3554.948
G1 X360.071 Y256.955 F3554.948
G1 X360.611 Y256.540 F3554.948
G1 X361.147 Y256.136 F3554.948
G1 X361.683 Y255.732 F3554.948
G1 X362.219 Y255.329 F3554.948
G1 X362.755 Y254.925 F3554.948
G1 X363.291 Y254.521 F3554.948
G1 X363.840 Y254.133 F3554.948
G1 X364.388 Y253.744 F3554.948
G1 X364.936 Y253.356 F3554.948
G1 X365.484 Y252.968 F3554.948
G1 X366.033 Y252.579 F3554.948
G1 X366.600 Y252.215 F3554.948
G1 X367.168 Y251.851 F3554.948
G1 X367.736 Y251.487 F3554.948
G1 X368.304 Y251.123 F3554.948
G1 X368.872 Y250.759 F3554.948
G1 X369.457 Y250.420 F3554.948
G1 X370.043 Y250.080 F3554.948
G1 X370.629 Y249.741 F3554.948
G1 X371.215 Y249.402 F3554.948
G1 X371.800 Y249.063 F3554.948
G1 X372.395 Y248.741 F3554.948
G1 X372.990 Y248.418 F3554.948
G1 X373.585 Y248.096 F3554.948
G1 X374.180 Y247.774 F3554.948
G1 X374.774 Y247.452 F3554.948
G1 X375.370 Y247.138 F3554.948
G1 X375.965 Y246.825 F3554.948
G1 X376.560 Y246.512 F3554.948
G1 X377.156 Y246.198 F3554.948
G1 X377.751 Y245.885 F3554.948
G1 X378.337 Y245.584 F3554.948
G1 X378.922 Y245.282 F3554.948
G1 X379.508 Y244.980 F3554.948
G1 X380.094 Y244.679 F3554.948
G1 X380.680 Y244.377 F3554.948
G1 X381.390 Y244.020 F3554.948
G1 X382.101 Y243.663 F3554.948
G1 X382.811 Y243.306 F3554.948
G1 X383.521 Y242.948 F3554.948
G1 X384.201 Y242.620 F3554.948
G1 X384.881 Y242.292 F3554.948
G1 X385.561 Y241.964 F3554.948
G1 X386.241 Y241.636 F3554.948
G1 X386.896 Y241.334 F3554.948
G1 X387.550 Y241.031 F3554.948
G1 X388.204 Y240.729 F3554.948
G1 X388.858 Y240.427 F3554.948
G1 X389.500 Y240.146 F3554.948
G1 X390.141 Y239.865 F3554.948
G1 X390.783 Y239.584 F3554.948
G1 X391.425 Y239.302 F3554.948
G1 X392.069 Y239.035 F3554.948
G1 X392.713 Y238.768 F3554.948
G1 X393.357 Y238.501 F3554.948
G1 X394.002 Y238.233 F3554.948
G1 X394.642 Y237.983 F3554.948
G1 X395.282 Y237.732 F3554.948
G1 X395.923 Y237.481 F3554.948
G1 X396.563 Y237.231 F3554.948
G1 X397.195 Y236.998 F3554.948
G1 X397.827 Y236.765 F3554.948
G1 X398.460 Y236.532 F3554.948
G1 X399.092 Y236.299 F3554.948
G1 X399.712 Y236.082 F3554.948
G1 X400.332 Y235.865 F3554.948
G1 X400.952 Y235.648 F3554.948
G1 X401.571 Y235.432 F3554.948
G1 X402.179 Y235.231 F3554.948
G1 X402.786 Y235.031 F3554.948
G1 X403.393 Y234.830 F3554.948
G1 X404.000 Y234.630 F3554.948
G1 X404.596 Y234.446 F3554.948
G1 X405.191 Y234.262 F3554.948
G1 X405.786 Y234.078 F3554.948
G1 X406.381 Y233.894 F3554.948
G1 X406.970 Y233.730 F3554.948
G1 X407.558 Y233.566 F3554.948
G1 X408.146 Y233.402 F3554.948
G1 X408.734 Y233.238 F3554.948
G1 X409.328 Y233.098 F3554.948
G1 X409.923 Y232.958 F3554.948
G1 X410.518 Y232.817 F3554.948
G1 X411.112 Y232.677 F3554.948
G1 X411.731 Y232.565 F3554.948
G1 X412.350 Y232.452 F3554.948
G1 X412.970 Y232.340 F3554.948
G1 X413.589 Y232.227 F3554.948
G1 X414.231 Y232.141 F3554.948
G1 X414.873 Y232.055 F3554.948
G1 X415.516 Y231.969 F3554.948
G1 X416.158 Y231.883 F3554.948
G1 X416.816 Y231.819 F3554.948
G1 X417.474 Y231.754 F3554.948
G1 X418.132 Y231.689 F3554.948
G1 X418.790 Y231.624 F3554.948
G1 X419.452 Y231.573 F3554.948
G1 X420.113 Y231.522 F3554.948
G1 X420.775 Y231.471 F3554.948
G1 X421.436 Y231.420 F3554.948
G1 X422.098 Y231.381 F3554.948
G1 X422.761 Y231.341 F3554.948
G1 X423.423 Y231.301 F3554.948
G1 X424.085 Y231.262 F3554.948
G1 X424.757 Y231.237 F3554.948
G1 X425.430 Y231.211 F3554.948
G1 X426.103 Y231.186 F3554.948
G1 X426.776 Y231.161 F3554.948
G1 X427.473 Y231.155 F3554.948
G1 X428.171 Y231.149 F3554.948
G1 X428.869 Y231.143 F3554.948
G1 X429.567 Y231.137 F3554.948
G1 X430.299 Y231.155 F3554.948
G1 X431.031 Y231.172 F3554.948
G1 X431.764 Y231.189 F3554.948
G1 X432.496 Y231.206 F3554.948
G1 X433.249 Y231.241 F3554.948
G1 X434.003 Y231.276 F3554.948
G1 X434.756 Y231.311 F3554.948
G1 X435.509 Y231.346 F3554.948
G1 X436.264 Y231.396 F3554.948
G1 X437.019 Y231.446 F3554.948
G1 X437.774 Y231.495 F3554.948
G1 X438.528 Y231.545 F3554.948
G1 X439.267 Y231.609 F3554.948
G1 X440.005 Y231.673 F3554.948
G1 X440.743 Y231.737 F3554.948
G1 X441.481 Y231.801 F3554.948
G1 X442.200 Y231.891 F3554.948
G1 X442.919 Y231.980 F3554.948
G1 X443.638 Y232.069 F3554.948
G1 X444.357 Y232.159 F3554.948
G1 X445.067 Y232.286 F3554.948
G1 X445.777 Y232.414 F3554.948
G1 X446.486 Y232.542 F3554.948
G1 X447.196 Y232.669 F3554.948
G1 X447.914 Y232.840 F3554.948
G1 X448.633 Y233.011 F3554.948
G1 X449.351 Y233.181 F3554.948
G1 X450.069 Y233.352 F3554.948
G1 X450.827 Y233.562 F3554.948
G1 X451.584 Y233.771 F3554.948
G1 X452.342 Y233.981 F3554.948
G1 X453.099 Y234.191 F3554.948
G1 X453.797 Y234.380 F3554.948
G1 X454.495 Y234.568 F3554.948
G1 X455.193 Y234.757 F3554.948
G1 X455.891 Y234.946 F3554.948
G1 X456.589 Y235.135 F3554.948
G1 X457.254 Y235.307 F3554.948
G1 X457.919 Y235.479 F3554.948
G1 X458.584 Y235.651 F3554.948
G1 X459.249 Y235.823 F3554.948
G1 X459.914 Y235.995 F3554.948
G1 X460.579 Y236.167 F3554.948
G1 X461.264 Y236.356 F3554.948
G1 X461.948 Y236.545 F3554.948
G1 X462.633 Y236.735 F3554.948
G1 X463.318 Y236.924 F3554.948
G1 X464.003 Y237.113 F3554.948
G1 X464.688 Y237.302 F3554.948
G1 X465.355 Y237.507 F3554.948
G1 X466.022 Y237.712 F3554.948
G1 X466.689 Y237.917 F3554.948
G1 X467.356 Y238.122 F3554.948
G1 X468.024 Y238.327 F3554.948
G1 X468.691 Y238.532 F3554.948
G1 X469.338 Y238.748 F3554.948
G1 X469.985 Y238.963 F3554.948
G1 X470.632 Y239.178 F3554.948
G1 X471.278 Y239.393 F3554.948
G1 X471.925 Y239.608 F3554.948
G1 X472.572 Y239.824 F3554.948
G1 X473.326 Y240.085 F3554.948
G1 X474.079 Y240.345 F3554.948
G1 X474.833 Y240.606 F3554.948
G1 X475.586 Y240.867 F3554.948
G1 X476.340 Y241.128 F3554.948
G1 X477.069 Y241.382 F3554.948
G1 X477.798 Y241.636 F3554.948
G1 X478.528 Y241.890 F3554.948
G1 X479.257 Y242.144 F3554.948
G1 X479.986 Y242.398 F3554.948
G1 X480.688 Y242.632 F3554.948
G1 X481.389 Y242.866 F3554.948
G1 X482.091 Y243.100 F3554.948
G1 X482.793 Y243.334 F3554.948
G1 X483.494 Y243.567 F3554.948
G1 X484.163 Y243.771 F3554.948
G1 X484.831 Y243.974 F3554.948
G1 X485.499 Y244.177 F3554.948
G1 X486.168 Y244.380 F3554.948
G1 X486.836 Y244.583 F3554.948
G1 X487.480 Y244.749 F3554.948
G1 X488.124 Y244.914 F3554.948
G1 X488.768 Y245.079 F3554.948
G1 X489.412 Y245.244 F3554.948
G1 X490.056 Y245.409 F3554.948
G1 X490.838 Y245.564 F3554.948
G1 X491.620 Y245.719 F3554.948
G1 X492.401 Y245.873 F3554.948
G1 X493.183 Y246.028 F3554.948
G1 X493.904 Y246.129 F3554.948
G1 X494.624 Y246.229 F3554.948
G1 X495.344 Y246.330 F3554.948
G1 X496.065 Y246.430 F3554.948
G1 X496.810 Y246.490 F3554.948
G1 X497.555 Y246.550 F3554.948
G1 X498.300 Y246.610 F3554.948
G1 X498.986 Y246.612 F3554.948
G1 X499.671 Y246.613 F3554.948
G1 X500.208 Y246.481 F3554.948
G1 X499.954 Y246.227 F3554.948
G1 X499.451 Y246.039 F3554.948
G1 X498.949 Y245.851 F3554.948
G1 X498.378 Y245.677 F3554.948
G1 X497.807 Y245.503 F3554.948
G1 X497.237 Y245.330 F3554.948
G1 X496.646 Y245.145 F3554.948
G1 X496.055 Y244.961 F3554.948
G1 X495.465 Y244.776 F3554.948
G1 X494.874 Y244.591 F3554.948
G1 X494.213 Y244.349 F3554.948
G1 X493.551 Y244.107 F3554.948
G1 X492.890 Y243.865 F3554.948
G1 X492.228 Y243.623 F3554.948
G1 X491.581 Y243.320 F3554.948
G1 X490.934 Y243.017 F3554.948
G1 X490.287 Y242.714 F3554.948
G1 X489.641 Y242.411 F3554.948
G1 X489.004 Y242.045 F3554.948
G1 X488.367 Y241.678 F3554.948
G1 X487.730 Y241.312 F3554.948
G1 X487.093 Y240.945 F3554.948
G1 X486.459 Y240.513 F3554.948
G1 X485.825 Y240.080 F3554.948
G1 X485.192 Y239.648 F3554.948
G1 X484.558 Y239.215 F3554.948
G1 X484.048 Y238.816 F3554.948
G1 X483.538 Y238.417 F3554.948
G1 X483.028 Y238.018 F3554.948
G1 X482.517 Y237.619 F3554.948
G1 X482.007 Y237.220 F3554.948
G1 X481.507 Y236.771 F3554.948
G1 X481.006 Y236.322 F3554.948
G1 X480.506 Y235.872 F3554.948
G1 X480.005 Y235.423 F3554.948
G1 X479.504 Y234.974 F3554.948
G1 X479.024 Y234.476 F3554.948
G1 X478.544 Y233.979 F3554.948
G1 X478.065 Y233.482 F3554.948
G1 X477.585 Y232.984 F3554.948
G1 X477.105 Y232.487 F3554.948
G1 X476.655 Y231.940 F3554.948
G1 X476.206 Y231.392 F3554.948
G1 X475.757 Y230.845 F3554.948
G1 X475.308 Y230.298 F3554.948
G1 X474.858 Y229.751 F3554.948
G1 X474.447 Y229.158 F3554.948
G1 X474.036 Y228.566 F3554.948
G1 X473.625 Y227.973 F3554.948
G1 X473.214 Y227.380 F3554.948
G1 X472.802 Y226.788 F3554.948
G1 X472.437 Y226.155 F3554.948
G1 X472.072 Y225.522 F3554.948
G1 X471.707 Y224.889 F3554.948
G1 X471.342 Y224.256 F3554.948
G1 X470.977 Y223.623 F3554.948
G1 X470.662 Y222.958 F3554.948
G1 X470.347 Y222.293 F3554.948
G1 X470.032 Y221.628 F3554.948
G1 X469.717 Y220.963 F3554.948
G1 X469.403 Y220.297 F3554.948
G1 X469.140 Y219.611 F3554.948
G1 X468.877 Y218.924 F3554.948
G1 X468.614 Y218.237 F3554.948
G1 X468.351 Y217.550 F3554.948
G1 X468.088 Y216.863 F3554.948
G1 X467.874 Y216.167 F3554.948
G1 X467.661 Y215.470 F3554.948
G1 X467.448 Y214.774 F3554.948
G1 X467.235 Y214.078 F3554.948
G1 X467.021 Y213.381 F3554.948
G1 X466.853 Y212.687 F3554.948
G1 X466.684 Y211.993 F3554.948
G1 X466.515 Y211.298 F3554.948
G1 X466.346 Y210.604 F3554.948
G1 X466.177 Y209.910 F3554.948
G1 X466.044 Y209.223 F3554.948
G1 X465.911 Y208.536 F3554.948
G1 X465.777 Y207.849 F3554.948
G1 X465.644 Y207.162 F3554.948
G1 X465.511 Y206.476 F3554.948
G1 X465.403 Y205.799 F3554.948
G1 X465.295 Y205.122 F3554.948
G1 X465.187 Y204.445 F3554.948
G1 X465.079 Y203.768 F3554.948
G1 X464.971 Y203.092 F3554.948
G1 X464.877 Y202.425 F3554.948
G1 X464.783 Y201.758 F3554.948
G1 X464.690 Y201.091 F3554.948
G1 X464.596 Y200.425 F3554.948
G1 X464.502 Y199.758 F3554.948
G1 X464.411 Y199.096 F3554.948
G1 X464.319 Y198.435 F3554.948
G1 X464.228 Y197.773 F3554.948
G1 X464.136 Y197.112 F3554.948
G1 X464.045 Y196.450 F3554.948
G1 X463.945 Y195.791 F3554.948
G1 X463.846 Y195.132 F3554.948
G1 X463.746 Y194.472 F3554.948
G1 X463.647 Y193.813 F3554.948
G1 X463.547 Y193.154 F3554.948
G1 X463.431 Y192.491 F3554.948
G1 X463.316 Y191.828 F3554.948
G1 X463.200 Y191.165 F3554.948
G1 X463.084 Y190.502 F3554.948
G1 X462.968 Y189.839 F3554.948
G1 X462.827 Y189.169 F3554.948
G1 X462.686 Y188.500 F3554.948
G1 X462.546 Y187.830 F3554.948
G1 X462.405 Y187.161 F3554.948
G1 X462.264 Y186.492 F3554.948
G1 X462.094 Y185.814 F3554.948
G1 X461.923 Y185.137 F3554.948
G1 X461.753 Y184.460 F3554.948
G1 X461.583 Y183.782 F3554.948
G1 X461.412 Y183.105 F3554.948
G1 X461.209 Y182.418 F3554.948
G1 X461.007 Y181.731 F3554.948
G1 X460.804 Y181.044 F3554.948
G1 X460.601 Y180.357 F3554.948
G1 X460.399 Y179.671 F3554.948
G1 X460.167 Y178.976 F3554.948
G1 X459.935 Y178.281 F3554.948
G1 X459.703 Y177.586 F3554.948
G1 X459.472 Y176.891 F3554.948
G1 X459.240 Y176.197 F3554.948
G1 X458.986 Y175.497 F3554.948
G1 X458.732 Y174.796 F3554.948
G1 X458.478 Y174.096 F3554.948
G1 X458.224 Y173.396 F3554.948
G1 X457.970 Y172.696 F3554.948
G1 X457.701 Y171.994 F3554.948
G1 X457.431 Y171.292 F3554.948
G1 X457.162 Y170.590 F3554.948
G1 X456.893 Y169.887 F3554.948
G1 X456.623 Y169.185 F3554.948
G1 X456.347 Y168.487 F3554.948
G1 X456.071 Y167.789 F3554.948
G1 X455.795 Y167.091 F3554.948
G1 X455.518 Y166.393 F3554.948
G1 X455.242 Y165.695 F3554.948
G1 X454.964 Y165.007 F3554.948
G1 X454.685 Y164.319 F3554.948
G1 X454.407 Y163.632 F3554.948
G1 X454.129 Y162.944 F3554.948
G1 X453.850 Y162.256 F3554.948
G1 X453.574 Y161.582 F3554.948
G1 X453.297 Y160.908 F3554.948
G1 X453.020 Y160.235 F3554.948
G1 X452.743 Y159.561 F3554.948
G1 X452.467 Y158.888 F3554.948
G1 X452.192 Y158.226 F3554.948
G1 X451.917 Y157.565 F3554.948
G1 X451.643 Y156.903 F3554.948
G1 X451.368 Y156.242 F3554.948
G1 X451.093 Y155.580 F3554.948
G1 X450.822 Y154.928 F3554.948
G1 X450.550 Y154.275 F3554.948
G1 X450.279 Y153.623 F3554.948
G1 X450.008 Y152.970 F3554.948
G1 X449.736 Y152.318 F3554.948
G1 X449.467 Y151.673 F3554.948
G1 X449.198 Y151.028 F3554.948
G1 X448.930 Y150.383 F3554.948
G1 X448.661 Y149.738 F3554.948
G1 X448.392 Y149.093 F3554.948
G1 X448.127 Y148.456 F3554.948
G1 X447.863 Y147.820 F3554.948
G1 X447.598 Y147.183 F3554.948
G1 X447.334 Y146.546 F3554.948
G1 X447.069 Y145.910 F3554.948
G1 X446.808 Y145.283 F3554.948
G1 X446.547 Y144.657 F3554.948
G1 X446.286 Y144.030 F3554.948
G1 X446.026 Y143.404 F3554.948
G1 X445.765 Y142.777 F3554.948
G1 X445.506 Y142.163 F3554.948
G1 X445.248 Y141.549 F3554.948
G1 X444.990 Y140.936 F3554.948
G1 X444.732 Y140.322 F3554.948
G1 X444.474 Y139.708 F3554.948
G1 X444.216 Y139.108 F3554.948
G1 X443.959 Y138.508 F3554.948
G1 X443.702 Y137.908 F3554.948
G1 X443.445 Y137.308 F3554.948
G1 X443.188 Y136.708 F3554.948
G1 X442.930 Y136.121 F3554.948
G1 X442.673 Y135.535 F3554.948
G1 X442.416 Y134.949 F3554.948
G1 X442.159 Y134.362 F3554.948
G1 X441.902 Y133.776 F3554.948
G1 X441.580 Y133.059 F3554.948
G1 X441.258 Y132.342 F3554.948
G1 X440.935 Y131.625 F3554.948
G1 X440.613 Y130.908 F3554.948
G1 X440.291 Y130.202 F3554.948
G1 X439.969 Y129.496 F3554.948
G1 X439.647 Y128.791 F3554.948
G1 X439.325 Y128.085 F3554.948
G1 X439.003 Y127.386 F3554.948
G1 X438.682 Y126.688 F3554.948
G1 X438.360 Y125.989 F3554.948
G1 X438.039 Y125.291 F3554.948
G1 X437.719 Y124.596 F3554.948
G1 X437.399 Y123.902 F3554.948
G1 X437.078 Y123.207 F3554.948
G1 X436.758 Y122.513 F3554.948
G1 X436.441 Y121.820 F3554.948
G1 X436.125 Y121.128 F3554.948
G1 X435.808 Y120.435 F3554.948
G1 X435.491 Y119.742 F3554.948
G1 X435.177 Y119.052 F3554.948
G1 X434.864 Y118.361 F3554.948
G1 X434.550 Y117.671 F3554.948
G1 X434.237 Y116.980 F3554.948
G1 X433.925 Y116.290 F3554.948
G1 X433.614 Y115.600 F3554.948
G1 X433.302 Y114.911 F3554.948
G1 X432.991 Y114.221 F3554.948
G1 X432.681 Y113.532 F3554.948
G1 X432.371 Y112.843 F3554.948
G1 X432.062 Y112.155 F3554.948
G1 X431.752 Y111.466 F3554.948
G1 X431.445 Y110.778 F3554.948
G1 X431.139 Y110.089 F3554.948
G1 X430.832 Y109.401 F3554.948
G1 X430.525 Y108.712 F3554.948
G1 X430.218 Y108.021 F3554.948
G1 X429.912 Y107.331 F3554.948
G1 X429.606 Y106.640 F3554.948
G1 X429.300 Y105.950 F3554.948
G1 X428.993 Y105.262 F3554.948
G1 X428.687 Y104.574 F3554.948
G1 X428.381 Y103.886 F3554.948
G1 X428.075 Y103.198 F3554.948
G1 X427.768 Y102.515 F3554.948
G1 X427.461 Y101.832 F3554.948
G1 X427.154 Y101.148 F3554.948
G1 X426.847 Y100.465 F3554.948
G1 X426.539 Y99.792 F3554.948
G1 X426.232 Y99.118 F3554.948
G1 X425.924 Y98.445 F3554.948
G1 X425.617 Y97.771 F3554.948
G1 X425.310 Y97.114 F3554.948
G1 X425.004 Y96.456 F3554.948
G1 X424.698 Y95.799 F3554.948
G1 X424.392 Y95.142 F3554.948
G1 X424.089 Y94.508 F3554.948
G1 X423.787 Y93.874 F3554.948
G1 X423.485 Y93.240 F3554.948
G1 X423.183 Y92.607 F3554.948
G1 X422.883 Y92.005 F3554.948
G1 X422.583 Y91.403 F3554.948
G1 X422.284 Y90.801 F3554.948
G1 X421.984 Y90.199 F3554.948
G1 X421.691 Y89.636 F3554.948
G1 X421.398 Y89.072 F3554.948
G1 X421.105 Y88.508 F3554.948
G1 X420.812 Y87.945 F3554.948
G1 X420.431 Y87.246 F3554.948
G1 X420.050 Y86.548 F3554.948
G1 X419.669 Y85.849 F3554.948
G1 X419.298 Y85.202 F3554.948
G1 X418.926 Y84.555 F3554.948
G1 X418.555 Y83.907 F3554.948
G1 X418.192 Y83.308 F3554.948
G1 X417.828 Y82.708 F3554.948
G1 X417.465 Y82.108 F3554.948
G1 X417.110 Y81.552 F3554.948
G1 X416.756 Y80.995 F3554.948
G1 X416.401 Y80.439 F3554.948
G1 X416.050 Y79.920 F3554.948
G1 X415.699 Y79.401 F3554.948
G1 X415.348 Y78.883 F3554.948
G1 X414.995 Y78.392 F3554.948
G1 X414.643 Y77.900 F3554.948
G1 X414.290 Y77.409 F3554.948
G1 X413.931 Y76.930 F3554.948
G1 X413.572 Y76.451 F3554.948
G1 X413.213 Y75.972 F3554.948
G1 X412.841 Y75.494 F3554.948
G1 X412.469 Y75.016 F3554.948
G1 X412.096 Y74.538 F3554.948
G1 X411.704 Y74.045 F3554.948
G1 X411.312 Y73.551 F3554.948
G1 X410.919 Y73.057 F3554.948
G1 X410.499 Y72.531 F3554.948
G1 X410.079 Y72.005 F3554.948
G1 X409.660 Y71.480 F3554.948
G1 X409.206 Y70.907 F3554.948
G1 X408.753 Y70.335 F3554.948
G1 X408.300 Y69.763 F3554.948
G1 X407.931 Y69.288 F3554.948
G1 X407.563 Y68.813 F3554.948
G1 X407.194 Y68.338 F3554.948
G1 X406.826 Y67.863 F3554.948
G1 X406.424 Y67.337 F3554.948
G1 X406.023 Y66.811 F3554.948
G1 X405.621 Y66.285 F3554.948
G1 X405.220 Y65.760 F3554.948
G1 X404.786 Y65.177 F3554.948
G1 X404.352 Y64.595 F3554.948
G1 X403.918 Y64.013 F3554.948
G1 X403.484 Y63.431 F3554.948
G1 X403.019 Y62.800 F3554.948
G1 X402.554 Y62.169 F3554.948
G1 X402.089 Y61.538 F3554.948
G1 X401.624 Y60.907 F3554.948
G1 X401.231 Y60.372 F3554.948
G1 X400.837 Y59.837 F3554.948
G1 X400.443 Y59.302 F3554.948
G1 X400.049 Y58.767 F3554.948
G1 X399.656 Y58.232 F3554.948
G1 X399.245 Y57.681 F3554.948
G1 X398.833 Y57.129 F3554.948
G1 X398.422 Y56.578 F3554.948
G1 X398.011 Y56.027 F3554.948
G1 X397.600 Y55.475 F3554.948
G1 X397.172 Y54.935 F3554.948
G1 X396.744 Y54.396 F3554.948
G1 X396.316 Y53.856 F3554.948
G1 X395.888 Y53.316 F3554.948
G1 X395.459 Y52.776 F3554.948
G1 X395.015 Y52.270 F3554.948
G1 X394.570 Y51.764 F3554.948
G1 X394.126 Y51.257 F3554.948
G1 X393.681 Y50.751 F3554.948
G1 X393.237 Y50.244 F3554.948
G1 X392.778 Y49.794 F3554.948
G1 X392.318 Y49.343 F3554.948
G1 X391.859 Y48.892 F3554.948
G1 X391.400 Y48.441 F3554.948
G1 X390.940 Y47.990 F3554.948
G1 X390.352 Y47.501 F3554.948
G1 X389.764 Y47.011 F3554.948
G1 X389.176 Y46.522 F3554.948
G1 X388.588 Y46.032 F3554.948
G1 X387.997 Y45.624 F3554.948
G1 X387.406 Y45.216 F3554.948
G1 X386.814 Y44.808 F3554.948
G1 X386.223 Y44.400 F3554.948
G1 X385.640 Y44.060 F3554.948
G1 X385.057 Y43.721 F3554.948
G1 X384.475 Y43.382 F3554.948
G1 X383.892 Y43.042 F3554.948
G1 X383.325 Y42.773 F3554.948
G1 X382.758 Y42.503 F3554.948
G1 X382.191 Y42.233 F3554.948
G1 X381.624 Y41.963 F3554.948
G1 X380.900 Y41.695 F3554.948
G1 X380.176 Y41.427 F3554.948
G1 X379.452 Y41.159 F3554.948
G1 X378.772 Y40.982 F3554.948
G1 X378.092 Y40.806 F3554.948
G1 X377.412 Y40.629 F3554.948
G1 X376.788 Y40.547 F3554.948
G1 X376.163 Y40.465 F3554.948
G1 X375.539 Y40.383 F3554.948
G1 X374.975 Y40.402 F3554.948
G1 X374.410 Y40.420 F3554.948
G1 X373.846 Y40.439 F3554.948
G1 X373.088 Y40.625 F3554.948
G1 X372.330 Y40.812 F3554.948
G1 X371.655 Y41.167 F3554.948
G1 X370.980 Y41.521 F3554.948
G1 X370.377 Y42.044 F3554.948
G1 X369.774 Y42.566 F3554.948
G1 X369.409 Y43.024 F3554.948
G1 X369.045 Y43.482 F3554.948
G1 X368.681 Y43.939 F3554.948
G1 X368.353 Y44.487 F3554.948
G1 X368.025 Y45.035 F3554.948
G1 X367.697 Y45.582 F3554.948
G1 X367.403 Y46.202 F3554.948
G1 X367.109 Y46.822 F3554.948
G1 X366.816 Y47.442 F3554.948
G1 X366.553 Y48.128 F3554.948
G1 X366.290 Y48.813 F3554.948
G1 X366.027 Y49.498 F3554.948
G1 X365.786 Y50.252 F3554.948
G1 X365.546 Y51.006 F3554.948
G1 X365.305 Y51.760 F3554.948
G1 X365.137 Y52.377 F3554.948
G1 X364.969 Y52.993 F3554.948
G1 X364.801 Y53.610 F3554.948
G1 X364.633 Y54.226 F3554.948
G1 X364.473 Y54.892 F3554.948
G1 X364.313 Y55.557 F3554.948
G1 X364.153 Y56.223 F3554.948
G1 X363.993 Y56.888 F3554.948
G1 X363.840 Y57.591 F3554.948
G1 X363.687 Y58.293 F3554.948
G1 X363.534 Y58.995 F3554.948
G1 X363.381 Y59.698 F3554.948
G1 X363.236 Y60.424 F3554.948
G1 X363.090 Y61.149 F3554.948
G1 X362.945 Y61.875 F3554.948
G1 X362.799 Y62.600 F3554.948
G1 X362.660 Y63.333 F3554.948
G1 X362.520 Y64.065 F3554.948
G1 X362.381 Y64.797 F3554.948
G1 X362.241 Y65.529 F3554.948
G1 X362.100 Y66.256 F3554.948
G1 X361.959 Y66.982 F3554.948
G1 X361.818 Y67.708 F3554.948
G1 X361.677 Y68.434 F3554.948
G1 X361.524 Y69.144 F3554.948
G1 X361.371 Y69.854 F3554.948
G1 X361.217 Y70.564 F3554.948
G1 X361.064 Y71.273 F3554.948
G1 X360.893 Y71.959 F3554.948
G1 X360.722 Y72.644 F3554.948
G1 X360.552 Y73.329 F3554.948
G1 X360.381 Y74.015 F3554.948
G1 X360.196 Y74.660 F3554.948
G1 X360.012 Y75.306 F3554.948
G1 X359.827 Y75.951 F3554.948
G1 X359.643 Y76.597 F3554.948
G1 X359.431 Y77.344 F3554.948
G1 X359.220 Y78.091 F3554.948
G1 X359.008 Y78.838 F3554.948
G1 X358.886 Y79.416 F3554.948
G1 X358.764 Y79.995 F3554.948
G1 X358.643 Y80.574 F3554.948
G1 X358.656 Y81.136 F3554.948
G1 X358.669 Y81.698 F3554.948
G1 X359.124 Y82.198 F3554.948
G1 X359.562 Y82.164 F3554.948
G1 X360.000 Y82.129 F3554.948
G1 X360.636 Y81.837 F3554.948
G1 X361.273 Y81.545 F3554.948
G1 X361.808 Y81.220 F3554.948
G1 X362.343 Y80.895 F3554.948
G1 X362.879 Y80.571 F3554.948
G1 X363.492 Y80.174 F3554.948
G1 X364.105 Y79.777 F3554.948
G1 X364.718 Y79.380 F3554.948
G1 X365.382 Y78.962 F3554.948
G1 X366.046 Y78.544 F3554.948
G1 X366.710 Y78.126 F3554.948
G1 X367.250 Y77.809 F3554.948
G1 X367.791 Y77.492 F3554.948
G1 X368.331 Y77.176 F3554.948
G1 X368.872 Y76.859 F3554.948
G1 X369.469 Y76.535 F3554.948
G1 X370.067 Y76.212 F3554.948
G1 X370.665 Y75.888 F3554.948
G1 X371.263 Y75.565 F3554.948
G1 X371.941 Y75.222 F3554.948
G1 X372.619 Y74.878 F3554.948
G1 X373.297 Y74.535 F3554.948
G1 X373.975 Y74.192 F3554.948
G1 X374.586 Y73.894 F3554.948
G1 X375.197 Y73.596 F3554.948
G1 X375.807 Y73.298 F3554.948
G1 X376.418 Y73.000 F3554.948
G1 X377.029 Y72.702 F3554.948
G1 X377.696 Y72.382 F3554.948
G1 X378.364 Y72.062 F3554.948
G1 X379.032 Y71.742 F3554.948
G1 X379.700 Y71.422 F3554.948
G1 X380.368 Y71.101 F3554.948
G1 X381.068 Y70.764 F3554.948
G1 X381.768 Y70.427 F3554.948
G1 X382.468 Y70.090 F3554.948
G1 X383.168 Y69.753 F3554.948
G1 X383.868 Y69.416 F3554.948
G1 X384.572 Y69.066 F3554.948
G1 X385.276 Y68.717 F3554.948
G1 X385.979 Y68.367 F3554.948
G1 X386.683 Y68.017 F3554.948
G1 X387.387 Y67.667 F3554.948
G1 X388.069 Y67.312 F3554.948
G1 X388.750 Y66.956 F3554.948
G1 X389.432 Y66.600 F3554.948
G1 X390.113 Y66.245 F3554.948
G1 X390.795 Y65.889 F3554.948
G1 X391.433 Y65.531 F3554.948
G1 X392.070 Y65.174 F3554.948
G1 X392.708 Y64.816 F3554.948
G1 X393.345 Y64.458 F3554.948
G1 X393.983 Y64.101 F3554.948
G1 X394.571 Y63.740 F3554.948
G1 X395.159 Y63.379 F3554.948
G1 X395.747 Y63.018 F3554.948
G1 X396.335 Y62.657 F3554.948
G1 X396.923 Y62.296 F3554.948
G1 X397.465 Y61.925 F3554.948
G1 X398.007 Y61.553 F3554.948
G1 X398.550 Y61.182 F3554.948
G1 X399.092 Y60.810 F3554.948
G1 X399.635 Y60.439 F3554.948
G1 X400.144 Y60.048 F3554.948
G1 X400.654 Y59.658 F3554.948
G1 X401.163 Y59.267 F3554.948
G1 X401.673 Y58.877 F3554.948
G1 X402.183 Y58.486 F3554.948
G1 X402.674 Y58.072 F3554.948
G1 X403.166 Y57.659 F3554.948
G1 X403.657 Y57.245 F3554.948
G1 X404.149 Y56.831 F3554.948
G1 X404.641 Y56.417 F3554.948
G1 X405.123 Y55.995 F3554.948
G1 X405.606 Y55.574 F3554.948
G1 X406.088 Y55.152 F3554.948
G1 X406.571 Y54.730 F3554.948
G1 X407.054 Y54.308 F3554.948
G1 X407.652 Y53.800 F3554.948
G1 X408.251 Y53.291 F3554.948
G1 X408.849 Y52.782 F3554.948
G1 X409.448 Y52.274 F3554.948
G1 X410.052 Y51.778 F3554.948
G1 X410.656 Y51.282 F3554.948
G1 X411.260 Y50.785 F3554.948
G1 X411.864 Y50.289 F3554.948
G1 X412.478 Y49.795 F3554.948
G1 X413.093 Y49.301 F3554.948
G1 X413.707 Y48.807 F3554.948
G1 X414.322 Y48.313 F3554.948
G1 X414.942 Y47.823 F3554.948
G1 X415.563 Y47.333 F3554.948
G1 X416.183 Y46.842 F3554.948
G1 X416.803 Y46.352 F3554.948
G1 X417.420 Y45.869 F3554.948
G1 X418.036 Y45.387 F3554.948
G1 X418.653 Y44.904 F3554.948
G1 X419.269 Y44.421 F3554.948
G1 X419.869 Y43.942 F3554.948
G1 X420.469 Y43.463 F3554.948
G1 X421.069 Y42.984 F3554.948
G1 X421.669 Y42.505 F3554.948
G1 X422.245 Y42.032 F3554.948
G1 X422.821 Y41.559 F3554.948
G1 X423.397 Y41.086 F3554.948
G1 X423.974 Y40.614 F3554.948
G1 X424.535 Y40.156 F3554.948
G1 X425.097 Y39.699 F3554.948
G1 X425.658 Y39.242 F3554.948
G1 X426.220 Y38.785 F3554.948
G1 X426.785 Y38.336 F3554.948
G1 X427.351 Y37.887 F3554.948
G1 X427.917 Y37.438 F3554.948
G1 X428.482 Y36.989 F3554.948
G1 X429.051 Y36.552 F3554.948
G1 X429.620 Y36.116 F3554.948
G1 X430.189 Y35.679 F3554.948
G1 X430.758 Y35.243 F3554.948
G1 X431.326 Y34.828 F3554.948
G1 X431.894 Y34.414 F3554.948
G1 X432.462 Y34.000 F3554.948
G1 X433.030 Y33.586 F3554.948
G1 X433.590 Y33.242 F3554.948
G1 X434.149 Y32.898 F3554.948
G1 X434.709 Y32.554 F3554.948
G1 X435.269 Y32.210 F3554.948
G1 X435.995 Y31.905 F3554.948
G1 X436.722 Y31.600 F3554.948
G1 X437.449 Y31.295 F3554.948
G1 X438.148 Y31.177 F3554.948
G1 X438.848 Y31.059 F3554.948
G1 X439.547 Y30.940 F3554.948
G1 X440.216 Y31.015 F3554.948
G1 X440.884 Y31.090 F3554.948
G1 X441.553 Y31.165 F3554.948
G1 X442.193 Y31.418 F3554.948
G1 X442.833 Y31.670 F3554.948
G1 X443.473 Y31.922 F3554.948
G1 X444.102 Y32.323 F3554.948
G1 X444.731 Y32.725 F3554.948
G1 X445.360 Y33.126 F3554.948
G1 X445.834 Y33.517 F3554.948
G1 X446.307 Y33.908 F3554.948
G1 X446.781 Y34.299 F3554.948
G1 X447.254 Y34.690 F3554.948
G1 X447.740 Y35.145 F3554.948
G1 X448.227 Y35.600 F3554.948
G1 X448.713 Y36.055 F3554.948
G1 X449.199 Y36.510 F3554.948
G1 X449.702 Y37.004 F3554.948
G1 X450.204 Y37.498 F3554.948
G1 X450.707 Y37.992 F3554.948
G1 X451.210 Y38.486 F3554.948
G1 X451.728 Y38.994 F3554.948
G1 X452.246 Y39.501 F3554.948
G1 X452.764 Y40.008 F3554.948
G1 X453.282 Y40.516 F3554.948
G1 X453.819 Y41.030 F3554.948
G1 X454.356 Y41.544 F3554.948
G1 X454.893 Y42.058 F3554.948
G1 X455.430 Y42.571 F3554.948
G1 X455.985 Y43.096 F3554.948
G1 X456.540 Y43.621 F3554.948
G1 X457.095 Y44.145 F3554.948
G1 X457.650 Y44.670 F3554.948
G1 X458.217 Y45.209 F3554.948
G1 X458.784 Y45.748 F3554.948
G1 X459.350 Y46.287 F3554.948
G1 X459.917 Y46.826 F3554.948
G1 X460.483 Y47.380 F3554.948
G1 X461.050 Y47.933 F3554.948
G1 X461.616 Y48.487 F3554.948
G1 X462.182 Y49.041 F3554.948
G1 X462.639 Y49.491 F3554.948
G1 X463.095 Y49.942 F3554.948
G1 X463.552 Y50.393 F3554.948
G1 X464.009 Y50.844 F3554.948
G1 X464.465 Y51.295 F3554.948
G1 X464.930 Y51.752 F3554.948
G1 X465.394 Y52.209 F3554.948
G1 X465.858 Y52.666 F3554.948
G1 X466.322 Y53.124 F3554.948
G1 X466.786 Y53.581 F3554.948
G1 X467.252 Y54.030 F3554.948
G1 X467.717 Y54.479 F3554.948
G1 X468.183 Y54.929 F3554.948
G1 X468.649 Y55.378 F3554.948
G1 X469.114 Y55.827 F3554.948
G1 X469.695 Y56.370 F3554.948
G1 X470.276 Y56.913 F3554.948
G1 X470.856 Y57.456 F3554.948
G1 X471.437 Y57.999 F3554.948
G1 X472.019 Y58.530 F3554.948
G1 X472.600 Y59.060 F3554.948
G1 X473.181 Y59.591 F3554.948
G1 X473.763 Y60.121 F3554.948
G1 X474.354 Y60.652 F3554.948
G1 X474.944 Y61.184 F3554.948
G1 X475.535 Y61.715 F3554.948
G1 X476.126 Y62.246 F3554.948
G1 X476.612 Y62.678 F3554.948
G1 X477.099 Y63.109 F3554.948
G1 X477.586 Y63.541 F3554.948
G1 X478.073 Y63.973 F3554.948
G1 X478.560 Y64.405 F3554.948
G1 X479.059 Y64.840 F3554.948
G1 X479.558 Y65.276 F3554.948
G1 X480.057 Y65.711 F3554.948
G1 X480.556 Y66.147 F3554.948
G1 X481.055 Y66.582 F3554.948
G1 X481.559 Y67.020 F3554.948
G1 X482.062 Y67.458 F3554.948
G1 X482.566 Y67.895 F3554.948
G1 X483.070 Y68.333 F3554.948
G1 X483.574 Y68.771 F3554.948
G1 X484.077 Y69.214 F3554.948
G1 X484.580 Y69.658 F3554.948
G1 X485.083 Y70.102 F3554.948
G1 X485.587 Y70.546 F3554.948
G1 X486.090 Y70.990 F3554.948
G1 X486.593 Y71.442 F3554.948
G1 X487.095 Y71.893 F3554.948
G1 X487.598 Y72.344 F3554.948
G1 X488.101 Y72.796 F3554.948
G1 X488.603 Y73.247 F3554.948
G1 X489.101 Y73.704 F3554.948
G1 X489.598 Y74.161 F3554.948
G1 X490.096 Y74.617 F3554.948
G1 X490.593 Y75.074 F3554.948
G1 X491.090 Y75.531 F3554.948
G1 X491.557 Y76.003 F3554.948
G1 X492.024 Y76.475 F3554.948
G1 X492.491 Y76.947 F3554.948
G1 X492.957 Y77.419 F3554.948
G1 X493.424 Y77.891 F3554.948
G1 X493.820 Y78.396 F3554.948
G1 X494.217 Y78.900 F3554.948
G1 X494.613 Y79.405 F3554.948
G1 X495.009 Y79.910 F3554.948
G1 X495.406 Y80.415 F3554.948
G1 X495.751 Y81.102 F3554.948
G1 X496.096 Y81.789 F3554.948
G1 X496.442 Y82.477 F3554.948
G1 X496.787 Y83.164 F3554.948
G1 X496.938 Y83.896 F3554.948
G1 X497.090 Y84.628 F3554.948
G1 X497.241 Y85.361 F3554.948
G1 X497.393 Y86.093 F3554.948
G1 X497.351 Y86.845 F3554.948
G1 X497.310 Y87.597 F3554.948
G1 X497.268 Y88.349 F3554.948
G1 X497.226 Y89.101 F3554.948
G1 X496.997 Y89.856 F3554.948
G1 X496.767 Y90.611 F3554.948
G1 X496.538 Y91.365 F3554.948
G1 X496.308 Y92.120 F3554.948
G1 X495.986 Y92.727 F3554.948
G1 X495.664 Y93.335 F3554.948
G1 X495.341 Y93.942 F3554.948
G1 X495.019 Y94.550 F3554.948
G1 X494.697 Y95.157 F3554.948
G1 X494.295 Y95.763 F3554.948
G1 X493.892 Y96.368 F3554.948
G1 X493.490 Y96.973 F3554.948
G1 X493.088 Y97.579 F3554.948
G1 X492.686 Y98.184 F3554.948
G1 X492.280 Y98.775 F3554.948
G1 X491.874 Y99.366 F3554.948
G1 X491.468 Y99.957 F3554.948
G1 X491.062 Y100.549 F3554.948
G1 X490.657 Y101.140 F3554.948
G1 X490.281 Y101.707 F3554.948
G1 X489.905 Y102.275 F3554.948
G1 X489.529 Y102.843 F3554.948
G1 X489.154 Y103.411 F3554.948
G1 X488.778 Y103.979 F3554.948
G1 X488.359 Y104.657 F3554.948
G1 X487.941 Y105.336 F3554.948
G1 X487.522 Y106.015 F3554.948
G1 X487.103 Y106.693 F3554.948
G1 X486.732 Y107.346 F3554.948
G1 X486.361 Y107.999 F3554.948
G1 X485.990 Y108.652 F3554.948
G1 X485.619 Y109.305 F3554.948
G1 X485.284 Y109.939 F3554.948
G1 X484.950 Y110.573 F3554.948
G1 X484.615 Y111.208 F3554.948
G1 X484.280 Y111.842 F3554.948
G1 X483.969 Y112.466 F3554.948
G1 X483.658 Y113.090 F3554.948
G1 X483.347 Y113.713 F3554.948
G1 X483.037 Y114.337 F3554.948
G1 X482.735 Y114.957 F3554.948
G1 X482.433 Y115.577 F3554.948
G1 X482.132 Y116.196 F3554.948
G1 X481.830 Y116.816 F3554.948
G1 X481.522 Y117.439 F3554.948
G1 X481.214 Y118.062 F3554.948
G1 X480.905 Y118.685 F3554.948
G1 X480.597 Y119.309 F3554.948
G1 X480.265 Y119.938 F3554.948
G1 X479.933 Y120.568 F3554.948
G1 X479.601 Y121.198 F3554.948
G1 X479.269 Y121.827 F3554.948
G1 X478.902 Y122.470 F3554.948
G1 X478.536 Y123.113 F3554.948
G1 X478.170 Y123.756 F3554.948
G1 X477.803 Y124.399 F3554.948
G1 X477.392 Y125.061 F3554.948
G1 X476.980 Y125.722 F3554.948
G1 X476.569 Y126.384 F3554.948
G1 X476.157 Y127.045 F3554.948
G1 X475.790 Y127.593 F3554.948
G1 X475.422 Y128.140 F3554.948
G1 X475.054 Y128.688 F3554.948
G1 X474.686 Y129.236 F3554.948
G1 X474.319 Y129.783 F3554.948
G1 X473.916 Y130.346 F3554.948
G1 X473.513 Y130.909 F3554.948
G1 X473.110 Y131.473 F3554.948
G1 X472.708 Y132.036 F3554.948
G1 X472.305 Y132.599 F3554.948
G1 X471.877 Y133.170 F3554.948
G1 X471.449 Y133.742 F3554.948
G1 X471.021 Y134.313 F3554.948
G1 X470.593 Y134.885 F3554.948
G1 X470.165 Y135.456 F3554.948
G1 X469.726 Y136.027 F3554.948
G1 X469.287 Y136.598 F3554.948
G1 X468.849 Y137.169 F3554.948
G1 X468.410 Y137.740 F3554.948
G1 X467.971 Y138.311 F3554.948
G1 X467.536 Y138.873 F3554.948
G1 X467.101 Y139.436 F3554.948
G1 X466.666 Y139.998 F3554.948
G1 X466.231 Y140.561 F3554.948
G1 X465.796 Y141.123 F3554.948
G1 X465.376 Y141.673 F3554.948
G1 X464.956 Y142.222 F3554.948
G1 X464.536 Y142.771 F3554.948
G1 X464.116 Y143.321 F3554.948
G1 X463.696 Y143.870 F3554.948
G1 X463.299 Y144.403 F3554.948
G1 X462.902 Y144.937 F3554.948
G1 X462.505 Y145.470 F3554.948
G1 X462.108 Y146.003 F3554.948
G1 X461.711 Y146.537 F3554.948
G1 X461.253 Y147.178 F3554.948
G1 X460.796 Y147.819 F3554.948
G1 X460.338 Y148.460 F3554.948
G1 X459.880 Y149.101 F3554.948
G1 X459.462 Y149.711 F3554.948
G1 X459.044 Y150.322 F3554.948
G1 X458.626 Y150.932 F3554.948
G1 X458.208 Y151.543 F3554.948
G1 X457.827 Y152.125 F3554.948
G1 X457.446 Y152.708 F3554.948
G1 X457.065 Y153.291 F3554.948
G1 X456.684 Y153.874 F3554.948
G1 X456.331 Y154.436 F3554.948
G1 X455.978 Y154.998 F3554.948
G1 X455.624 Y155.560 F3554.948
G1 X455.271 Y156.123 F3554.948
G1 X454.935 Y156.674 F3554.948
G1 X454.598 Y157.225 F3554.948
G1 X454.261 Y157.776 F3554.948
G1 X453.924 Y158.327 F3554.948
G1 X453.591 Y158.876 F3554.948
G1 X453.258 Y159.425 F3554.948
G1 X452.924 Y159.974 F3554.948
G1 X452.591 Y160.523 F3554.948
G1 X452.250 Y161.078 F3554.948
G1 X451.908 Y161.634 F3554.948
G1 X451.567 Y162.190 F3554.948
G1 X451.226 Y162.745 F3554.948
G1 X450.863 Y163.313 F3554.948
G1 X450.501 Y163.882 F3554.948
G1 X450.138 Y164.450 F3554.948
G1 X449.776 Y165.018 F3554.948
G1 X449.381 Y165.601 F3554.948
G1 X448.986 Y166.185 F3554.948
G1 X448.591 Y166.768 F3554.948
G1 X448.196 Y167.352 F3554.948
G1 X447.763 Y167.952 F3554.948
G1 X447.330 Y168.553 F3554.948
G1 X446.896 Y169.153 F3554.948
G1 X446.463 Y169.754 F3554.948
G1 X445.986 Y170.370 F3554.948
G1 X445.509 Y170.987 F3554.948
G1 X445.032 Y171.603 F3554.948
G1 X444.556 Y172.220 F3554.948
G1 X444.146 Y172.721 F3554.948
G1 X443.736 Y173.221 F3554.948
G1 X443.327 Y173.722 F3554.948
G1 X442.917 Y174.222 F3554.948
G1 X442.508 Y174.723 F3554.948
G1 X441.997 Y175.333 F3554.948
G1 X441.486 Y175.944 F3554.948
G1 X440.976 Y176.554 F3554.948
G1 X440.465 Y177.165 F3554.948
G1 X440.064 Y177.704 F3554.948
G1 X439.662 Y178.243 F3554.948
G1 X439.261 Y178.782 F3554.948
G1 X438.859 Y179.321 F3554.948
G1 X438.584 Y179.894 F3554.948
G1 X438.309 Y180.466 F3554.948
G1 X438.034 Y181.038 F3554.948
G1 X437.998 Y181.701 F3554.948
G1 X437.962 Y182.364 F3554.948
G1 X438.288 Y182.850 F3554.948
G1 X438.613 Y183.335 F3554.948
G1 X439.285 Y183.658 F3554.948
G1 X439.957 Y183.981 F3554.948
G1 X440.627 Y184.100 F3554.948
G1 X441.296 Y184.219 F3554.948
G1 X441.965 Y184.338 F3554.948
G1 X442.626 Y184.362 F3554.948
G1 X443.287 Y184.387 F3554.948
G1 X443.948 Y184.411 F3554.948
G1 X444.608 Y184.436 F3554.948
G1 X445.343 Y184.438 F3554.948
G1 X446.077 Y184.440 F3554.948
G1 X446.811 Y184.442 F3554.948
G1 X447.545 Y184.444 F3554.948
G1 X448.276 Y184.457 F3554.948
G1 X449.007 Y184.470 F3554.948
G1 X449.738 Y184.483 F3554.948
G1 X450.469 Y184.497 F3554.948
G1 X451.156 Y184.537 F3554.948
G1 X451.844 Y184.577 F3554.948
G1 X452.531 Y184.618 F3554.948
G1 X453.218 Y184.658 F3554.948
G1 X453.859 Y184.718 F3554.948
G1 X454.500 Y184.778 F3554.948
G1 X455.141 Y184.839 F3554.948
G1 X455.782 Y184.899 F3554.948
G1 X456.381 Y184.969 F3554.948
G1 X456.980 Y185.039 F3554.948
G1 X457.580 Y185.109 F3554.948
G1 X458.179 Y185.179 F3554.948
G1 X458.926 Y185.280 F3554.948
G1 X459.673 Y185.380 F3554.948
G1 X460.420 Y185.481 F3554.948
G1 X461.143 Y185.566 F3554.948
G1 X461.866 Y185.652 F3554.948
G1 X462.590 Y185.738 F3554.948
G1 X463.302 Y185.807 F3554.948
G1 X464.015 Y185.877 F3554.948
G1 X464.727 Y185.947 F3554.948
G1 X465.451 Y185.999 F3554.948
G1 X466.176 Y186.052 F3554.948
G1 X466.900 Y186.105 F3554.948
G1 X467.658 Y186.141 F3554.948
G1 X468.417 Y186.178 F3554.948
G1 X469.175 Y186.214 F3554.948
G1 X469.788 Y186.232 F3554.948
G1 X470.400 Y186.251 F3554.948
G1 X471.013 Y186.269 F3554.948
G1 X471.625 Y186.288 F3554.948
G1 X472.294 Y186.303 F3554.948
G1 X472.963 Y186.318 F3554.948
G1 X473.631 Y186.333 F3554.948
G1 X474.300 Y186.349 F3554.948
G1 X475.036 Y186.368 F3554.948
G1 X475.771 Y186.387 F3554.948
G1 X476.507 Y186.406 F3554.948
G1 X477.242 Y186.425 F3554.948
G1 X477.889 Y186.450 F3554.948
G1 X478.537 Y186.474 F3554.948
G1 X479.184 Y186.498 F3554.948
G1 X479.831 Y186.523 F3554.948
G1 X480.478 Y186.547 F3554.948
G1 X481.183 Y186.585 F3554.948
G1 X481.889 Y186.623 F3554.948
G1 X482.594 Y186.661 F3554.948
G1 X483.300 Y186.700 F3554.948
G1 X484.005 Y186.738 F3554.948
G1 X484.758 Y186.792 F3554.948
G1 X485.512 Y186.846 F3554.948
G1 X486.266 Y186.900 F3554.948
G1 X487.019 Y186.954 F3554.948
G1 X487.773 Y187.007 F3554.948
G1 X488.562 Y187.078 F3554.948
G1 X489.352 Y187.148 F3554.948
G1 X490.141 Y187.219 F3554.948
G1 X490.931 Y187.289 F3554.948
G1 X491.720 Y187.359 F3554.948
G1 X492.506 Y187.442 F3554.948
G1 X493.292 Y187.526 F3554.948
G1 X494.078 Y187.609 F3554.948
G1 X494.863 Y187.692 F3554.948
G1 X495.649 Y187.775 F3554.948
G1 X496.301 Y187.867 F3554.948
G1 X496.952 Y187.959 F3554.948
G1 X497.603 Y188.051 F3554.948
G1 X498.255 Y188.143 F3554.948
G1 X498.906 Y188.235 F3554.948
G1 X499.680 Y188.390 F3554.948
G1 X500.453 Y188.546 F3554.948
G1 X501.227 Y188.701 F3554.948
G1 X501.942 Y188.934 F3554.948
G1 X502.658 Y189.167 F3554.948
G1 X503.240 Y189.627 F3554.948
G1 X503.021 Y190.087 F3554.948
G1 X502.528 Y190.319 F3554.948
G1 X502.036 Y190.550 F3554.948
G1 X501.467 Y190.711 F3554.948
G1 X500.897 Y190.871 F3554.948
G1 X500.327 Y191.032 F3554.948
G1 X499.728 Y191.157 F3554.948
G1 X499.129 Y191.283 F3554.948
G1 X498.529 Y191.409 F3554.948
G1 X497.930 Y191.535 F3554.948
G1 X497.168 Y191.676 F3554.948
G1 X496.406 Y191.818 F3554.948
G1 X495.644 Y191.959 F3554.948
G1 X494.882 Y192.101 F3554.948
G1 X494.199 Y192.240 F3554.948
G1 X493.517 Y192.380 F3554.948
G1 X492.834 Y192.520 F3554.948
G1 X492.151 Y192.660 F3554.948
G1 X491.469 Y192.799 F3554.948
G1 X490.810 Y192.974 F3554.948
G1 X490.151 Y193.148 F3554.948
G1 X489.492 Y193.323 F3554.948
G1 X488.834 Y193.498 F3554.948
G1 X488.175 Y193.672 F3554.948
G1 X487.565 Y193.889 F3554.948
G1 X486.955 Y194.106 F3554.948
G1 X486.344 Y194.323 F3554.948
G1 X485.734 Y194.540 F3554.948
G1 X485.124 Y194.757 F3554.948
G1 X484.430 Y195.086 F3554.948
G1 X483.736 Y195.415 F3554.948
G1 X483.043 Y195.743 F3554.948
G1 X482.349 Y196.072 F3554.948
G1 X481.731 Y196.463 F3554.948
G1 X481.113 Y196.854 F3554.948
G1 X480.495 Y197.245 F3554.948
G1 X479.877 Y197.636 F3554.948
G1 X479.342 Y198.092 F3554.948
G1 X478.806 Y198.547 F3554.948
G1 X478.270 Y199.003 F3554.948
G1 X477.734 Y199.459 F3554.948
G1 X477.285 Y199.974 F3554.948
G1 X476.835 Y200.489 F3554.948
G1 X476.385 Y201.005 F3554.948
G1 X475.935 Y201.520 F3554.948
G1 X475.571 Y202.091 F3554.948
G1 X475.206 Y202.663 F3554.948
G1 X474.842 Y203.234 F3554.948
G1 X474.477 Y203.806 F3554.948
G1 X474.194 Y204.424 F3554.948
G1 X473.911 Y205.042 F3554.948
G1 X473.628 Y205.659 F3554.948
G1 X473.345 Y206.277 F3554.948
G1 X473.139 Y206.931 F3554.948
G1 X472.933 Y207.585 F3554.948
G1 X472.728 Y208.240 F3554.948
G1 X472.522 Y208.894 F3554.948
G1 X472.391 Y209.572 F3554.948
G1 X472.260 Y210.251 F3554.948
G1 X472.129 Y210.930 F3554.948
G1 X471.998 Y211.608 F3554.948
G1 X471.938 Y212.296 F3554.948
G1 X471.878 Y212.984 F3554.948
G1 X471.818 Y213.672 F3554.948
G1 X471.757 Y214.360 F3554.948
G1 X471.764 Y215.042 F3554.948
G1 X471.771 Y215.724 F3554.948
G1 X471.777 Y216.406 F3554.948
G1 X471.784 Y217.088 F3554.948
G1 X471.855 Y217.749 F3554.948
G1 X471.927 Y218.410 F3554.948
G1 X471.998 Y219.070 F3554.948
G1 X472.070 Y219.731 F3554.948
G1 X472.203 Y220.356 F3554.948
G1 X472.335 Y220.981 F3554.948
G1 X472.468 Y221.606 F3554.948
G1 X472.601 Y222.231 F3554.948
G1 X472.791 Y222.812 F3554.948
G1 X472.980 Y223.392 F3554.948
G1 X473.169 Y223.972 F3554.948
G1 X473.358 Y224.552 F3554.948
G1 X473.679 Y225.254 F3554.948
G1 X474.000 Y225.956 F3554.948
G1 X474.321 Y226.658 F3554.948
G1 X474.702 Y227.286 F3554.948
G1 X475.083 Y227.914 F3554.948
G1 X475.464 Y228.542 F3554.948
G1 X475.901 Y229.091 F3554.948
G1 X476.337 Y229.641 F3554.948
G1 X476.774 Y230.190 F3554.948
G1 X477.262 Y230.664 F3554.948
G1 X477.751 Y231.137 F3554.948
G1 X478.240 Y231.611 F3554.948
G1 X478.775 Y232.007 F3554.948
G1 X479.310 Y232.403 F3554.948
G1 X479.846 Y232.799 F3554.948
G1 X480.430 Y233.112 F3554.948
G1 X481.013 Y233.425 F3554.948
G1 X481.597 Y233.738 F3554.948
G1 X482.227 Y233.963 F3554.948
G1 X482.857 Y234.188 F3554.948
G1 X483.486 Y234.413 F3554.948
G1 X484.162 Y234.539 F3554.948
G1 X484.837 Y234.665 F3554.948
G1 X485.513 Y234.791 F3554.948
G1 X486.242 Y234.804 F3554.948
G1 X486.972 Y234.816 F3554.948
G1 X487.701 Y234.828 F3554.948
G1 X488.300 Y234.741 F3554.948
G1 X488.898 Y234.654 F3554.948
G1 X489.497 Y234.566 F3554.948
G1 X490.096 Y234.479 F3554.948
G1 X490.747 Y234.287 F3554.948
G1 X491.397 Y234.094 F3554.948
G1 X492.048 Y233.902 F3554.948
G1 X492.699 Y233.709 F3554.948
G1 X493.382 Y233.405 F3554.948
G1 X494.064 Y233.102 F3554.948
G1 X494.747 Y232.798 F3554.948
G1 X495.430 Y232.495 F3554.948
G1 X496.042 Y232.083 F3554.948
G1 X496.655 Y231.672 F3554.948
G1 X497.267 Y231.260 F3554.948
G1 X497.880 Y230.849 F3554.948
G1 X498.302 Y230.348 F3554.948
G1 X498.725 Y229.846 F3554.948
G1 X499.148 Y229.345 F3554.948
G1 X499.570 Y228.843 F3554.948
G1 X499.865 Y228.114 F3554.948
G1 X500.160 Y227.385 F3554.948
G1 X500.454 Y226.655 F3554.948
G1 X500.488 Y225.886 F3554.948
G1 X500.521 Y225.117 F3554.948
G1 X500.555 Y224.348 F3554.948
G1 X500.391 Y223.751 F3554.948
G1 X500.227 Y223.154 F3554.948
G1 X500.063 Y222.556 F3554.948
G1 X499.898 Y221.959 F3554.948
G1 X499.555 Y221.348 F3554.948
G1 X499.211 Y220.737 F3554.948
G1 X498.867 Y220.125 F3554.948
G1 X498.523 Y219.514 F3554.948
G1 X498.111 Y219.011 F3554.948
G1 X497.699 Y218.508 F3554.948
G1 X497.288 Y218.004 F3554.948
G1 X496.876 Y217.501 F3554.948
G1 X496.464 Y216.998 F3554.948
G1 X495.941 Y216.471 F3554.948
G1 X495.419 Y215.944 F3554.948
G1 X494.896 Y215.417 F3554.948
G1 X494.373 Y214.890 F3554.948
G1 X493.850 Y214.363 F3554.948
G1 X493.310 Y213.826 F3554.948
G1 X492.771 Y213.290 F3554.948
G1 X492.231 Y212.753 F3554.948
G1 X491.691 Y212.216 F3554.948
G1 X491.151 Y211.680 F3554.948
G1 X490.660 Y211.153 F3554.948
G1 X490.168 Y210.627 F3554.948
G1 X489.677 Y210.100 F3554.948
G1 X489.185 Y209.574 F3554.948
G1 X488.693 Y209.047 F3554.948
G1 X488.269 Y208.550 F3554.948
G1 X487.846 Y208.052 F3554.948
G1 X487.422 Y207.555 F3554.948
G1 X486.998 Y207.058 F3554.948
G1 X486.574 Y206.560 F3554.948
G1 X486.132 Y205.990 F3554.948
G1 X485.689 Y205.420 F3554.948
G1 X485.246 Y204.850 F3554.948
G1 X484.804 Y204.279 F3554.948
G1 X484.447 Y203.770 F3554.948
G1 X484.090 Y203.260 F3554.948
G1 X483.732 Y202.750 F3554.948
G1 X483.375 Y202.240 F3554.948
G1 X483.005 Y201.639 F3554.948
G1 X482.634 Y201.038 F3554.948
G1 X482.264 Y200.438 F3554.948
G1 X481.991 Y199.909 F3554.948
G1 X481.719 Y199.381 F3554.948
G1 X481.446 Y198.853 F3554.948
G1 X481.170 Y198.153 F3554.948
G1 X480.893 Y197.453 F3554.948
G1 X480.739 Y196.830 F3554.948
G1 X480.584 Y196.207 F3554.948
G1 X480.540 Y195.637 F3554.948
G1 X480.497 Y195.067 F3554.948
G1 X480.557 Y194.527 F3554.948
G1 X480.618 Y193.987 F3554.948
G1 X480.777 Y193.458 F3554.948
G1 X480.936 Y192.929 F3554.948
G1 X481.191 Y192.386 F3554.948
G1 X481.446 Y191.844 F3554.948
G1 X481.801 Y191.266 F3554.948
G1 X482.156 Y190.688 F3554.948
G1 X482.611 Y190.048 F3554.948
G1 X483.066 Y189.407 F3554.948
G1 X483.442 Y188.918 F3554.948
G1 X483.819 Y188.428 F3554.948
G1 X484.195 Y187.939 F3554.948
G1 X484.651 Y187.366 F3554.948
G1 X485.106 Y186.794 F3554.948
G1 X485.561 Y186.222 F3554.948
G1 X485.964 Y185.714 F3554.948
G1 X486.366 Y185.207 F3554.948
G1 X486.769 Y184.700 F3554.948
G1 X487.172 Y184.192 F3554.948
G1 X487.638 Y183.599 F3554.948
G1 X488.103 Y183.006 F3554.948
G1 X488.569 Y182.412 F3554.948
G1 X489.035 Y181.819 F3554.948
G1 X489.451 Y181.271 F3554.948
G1 X489.868 Y180.723 F3554.948
G1 X490.284 Y180.174 F3554.948
G1 X490.700 Y179.626 F3554.948
G1 X491.117 Y179.078 F3554.948
G1 X491.561 Y178.465 F3554.948
G1 X492.006 Y177.851 F3554.948
G1 X492.450 Y177.238 F3554.948
G1 X492.895 Y176.625 F3554.948
G1 X493.339 Y176.011 F3554.948
G1 X493.761 Y175.351 F3554.948
G1 X494.183 Y174.691 F3554.948
G1 X494.605 Y174.030 F3554.948
G1 X495.026 Y173.370 F3554.948
G1 X495.448 Y172.709 F3554.948
G1 X495.776 Y172.024 F3554.948
G1 X496.104 Y171.339 F3554.948
G1 X496.432 Y170.654 F3554.948
G1 X496.761 Y169.968 F3554.948
G1 X497.089 Y169.283 F3554.948
G1 X497.263 Y168.595 F3554.948
G1 X497.438 Y167.907 F3554.948
G1 X497.612 Y167.219 F3554.948
G1 X497.787 Y166.531 F3554.948
G1 X497.962 Y165.843 F3554.948
G1 X497.973 Y165.170 F3554.948
G1 X497.985 Y164.497 F3554.948
G1 X497.997 Y163.824 F3554.948
G1 X498.008 Y163.151 F3554.948
G1 X498.020 Y162.478 F3554.948
G1 X497.877 Y161.827 F3554.948
G1 X497.734 Y161.176 F3554.948
G1 X497.591 Y160.525 F3554.948
G1 X497.448 Y159.874 F3554.948
G1 X497.306 Y159.224 F3554.948
G1 X497.014 Y158.597 F3554.948
G1 X496.723 Y157.971 F3554.948
G1 X496.432 Y157.344 F3554.948
G1 X496.141 Y156.717 F3554.948
G1 X495.850 Y156.091 F3554.948
G1 X495.461 Y155.482 F3554.948
G1 X495.072 Y154.873 F3554.948
G1 X494.684 Y154.264 F3554.948
G1 X494.295 Y153.655 F3554.948
G1 X493.906 Y153.046 F3554.948
G1 X493.470 Y152.448 F3554.948
G1 X493.035 Y151.851 F3554.948
G1 X492.599 Y151.253 F3554.948
G1 X492.164 Y150.656 F3554.948
G1 X491.728 Y150.058 F3554.948
G1 X491.289 Y149.470 F3554.948
G1 X490.850 Y148.882 F3554.948
G1 X490.411 Y148.293 F3554.948
G1 X489.971 Y147.705 F3554.948
G1 X489.532 Y147.116 F3554.948
G1 X489.092 Y146.541 F3554.948
G1 X488.652 Y145.966 F3554.948
G1 X488.211 Y145.391 F3554.948
G1 X487.771 Y144.815 F3554.948
G1 X487.331 Y144.240 F3554.948
G1 X486.890 Y143.685 F3554.948
G1 X486.449 Y143.129 F3554.948
G1 X486.008 Y142.573 F3554.948
G1 X485.568 Y142.018 F3554.948
G1 X485.127 Y141.462 F3554.948
G1 X484.684 Y140.936 F3554.948
G1 X484.241 Y140.409 F3554.948
G1 X483.798 Y139.883 F3554.948
G1 X483.355 Y139.356 F3554.948
G1 X482.912 Y138.830 F3554.948
G1 X482.468 Y138.339 F3554.948
G1 X482.023 Y137.848 F3554.948
G1 X481.579 Y137.358 F3554.948
G1 X481.134 Y136.867 F3554.948
G1 X480.690 Y136.377 F3554.948
G1 X480.128 Y135.815 F3554.948
G1 X479.567 Y135.254 F3554.948
G1 X479.005 Y134.692 F3554.948
G1 X478.443 Y134.131 F3554.948
G1 X477.870 Y133.619 F3554.948
G1 X477.296 Y133.108 F3554.948
G1 X476.723 Y132.597 F3554.948
G1 X476.149 Y132.085 F3554.948
G1 X475.549 Y131.616 F3554.948
G1 X474.948 Y131.146 F3554.948
G1 X474.348 Y130.676 F3554.948
G1 X473.747 Y130.207 F3554.948
G1 X473.105 Y129.766 F3554.948
G1 X472.464 Y129.324 F3554.948
G1 X471.822 Y128.883 F3554.948
G1 X471.181 Y128.442 F3554.948
G1 X470.625 Y128.099 F3554.948
G1 X470.069 Y127.756 F3554.948
G1 X469.514 Y127.413 F3554.948
G1 X468.958 Y127.070 F3554.948
G1 X468.402 Y126.727 F3554.948
G1 X467.799 Y126.384 F3554.948
G1 X467.196 Y126.041 F3554.948
G1 X466.593 Y125.697 F3554.948
G1 X465.989 Y125.354 F3554.948
G1 X465.386 Y125.010 F3554.948
G1 X464.741 Y124.659 F3554.948
G1 X464.096 Y124.308 F3554.948
G1 X463.451 Y123.956 F3554.948
G1 X462.806 Y123.605 F3554.948
G1 X462.161 Y123.253 F3554.948
G1 X461.489 Y122.891 F3554.948
G1 X460.817 Y122.529 F3554.948
G1 X460.145 Y122.166 F3554.948
G1 X459.473 Y121.804 F3554.948
G1 X458.801 Y121.441 F3554.948
G1 X458.120 Y121.068 F3554.948
G1 X457.440 Y120.694 F3554.948
G1 X456.759 Y120.320 F3554.948
G1 X456.079 Y119.947 F3554.948
G1 X455.398 Y119.573 F3554.948
G1 X454.728 Y119.189 F3554.948
G1 X454.058 Y118.805 F3554.948
G1 X453.388 Y118.421 F3554.948
G1 X452.718 Y118.036 F3554.948
G1 X452.049 Y117.652 F3554.948
G1 X451.406 Y117.258 F3554.948
G1 X450.763 Y116.864 F3554.948
G1 X450.120 Y116.470 F3554.948
G1 X449.477 Y116.075 F3554.948
G1 X448.834 Y115.681 F3554.948
G1 X448.229 Y115.279 F3554.948
G1 X447.624 Y114.877 F3554.948
G1 X447.019 Y114.475 F3554.948
G1 X446.415 Y114.072 F3554.948
G1 X445.810 Y113.670 F3554.948
G1 X445.251 Y113.262 F3554.948
G1 X444.693 Y112.853 F3554.948
G1 X444.135 Y112.445 F3554.948
G1 X443.577 Y112.036 F3554.948
G1 X443.018 Y111.628 F3554.948
G1 X442.508 Y111.213 F3554.948
G1 X441.997 Y110.798 F3554.948
G1 X441.486 Y110.383 F3554.948
G1 X440.976 Y109.968 F3554.948
G1 X440.465 Y109.553 F3554.948
G1 X439.881 Y109.026 F3554.948
G1 X439.297 Y108.499 F3554.948
G1 X438.713 Y107.972 F3554.948
G1 X438.129 Y107.445 F3554.948
G1 X437.596 Y106.909 F3554.948
G1 X437.063 Y106.373 F3554.948
G1 X436.529 Y105.837 F3554.948
G1 X435.996 Y105.302 F3554.948
G1 X435.507 Y104.761 F3554.948
G1 X435.019 Y104.221 F3554.948
G1 X434.530 Y103.680 F3554.948
G1 X434.041 Y103.140 F3554.948
G1 X433.591 Y102.597 F3554.948
G1 X433.141 Y102.054 F3554.948
G1 X432.692 Y101.511 F3554.948
G1 X432.242 Y100.968 F3554.948
G1 X431.825 Y100.427 F3554.948
G1 X431.408 Y99.885 F3554.948
G1 X430.992 Y99.344 F3554.948
G1 X430.575 Y98.803 F3554.948
G1 X430.187 Y98.269 F3554.948
G1 X429.800 Y97.734 F3554.948
G1 X429.412 Y97.200 F3554.948
G1 X429.025 Y96.666 F3554.948
G1 X428.666 Y96.141 F3554.948
G1 X428.308 Y95.616 F3554.948
G1 X427.949 Y95.092 F3554.948
G1 X427.590 Y94.567 F3554.948
G1 X427.260 Y94.061 F3554.948
G1 X426.929 Y93.554 F3554.948
G1 X426.598 Y93.047 F3554.948
G1 X426.268 Y92.541 F3554.948
G1 X425.868 Y91.897 F3554.948
G1 X425.469 Y91.253 F3554.948
G1 X425.069 Y90.609 F3554.948
G1 X424.711 Y90.005 F3554.948
G1 X424.353 Y89.401 F3554.948
G1 X423.995 Y88.797 F3554.948
G1 X423.682 Y88.236 F3554.948
G1 X423.369 Y87.675 F3554.948
G1 X423.056 Y87.114 F3554.948
G1 X422.786 Y86.594 F3554.948
G1 X422.516 Y86.073 F3554.948
G1 X422.246 Y85.553 F3554.948
G1 X421.911 Y84.827 F3554.948
G1 X421.576 Y84.100 F3554.948
G1 X421.309 Y83.420 F3554.948
G1 X421.042 Y82.741 F3554.948
G1 X420.846 Y82.099 F3554.948
G1 X420.650 Y81.457 F3554.948
G1 X420.529 Y80.837 F3554.948
G1 X420.407 Y80.216 F3554.948
G1 X420.362 Y79.609 F3554.948
G1 X420.317 Y79.002 F3554.948
G1 X420.354 Y78.391 F3554.948
G1 X420.391 Y77.780 F3554.948
G1 X420.517 Y77.147 F3554.948
G1 X420.643 Y76.515 F3554.948
G1 X420.865 Y75.841 F3554.948
G1 X421.087 Y75.168 F3554.948
G1 X421.308 Y74.680 F3554.948
G1 X421.528 Y74.193 F3554.948
G1 X421.748 Y73.705 F3554.948
G1 X422.048 Y73.163 F3554.948
G1 X422.348 Y72.622 F3554.948
G1 X422.648 Y72.080 F3554.948
G1 X423.034 Y71.469 F3554.948
G1 X423.421 Y70.858 F3554.948
G1 X423.807 Y70.247 F3554.948
G1 X424.161 Y69.724 F3554.948
G1 X424.515 Y69.200 F3554.948
G1 X424.869 Y68.677 F3554.948
G1 X425.222 Y68.154 F3554.948
G1 X425.635 Y67.573 F3554.948
G1 X426.047 Y66.991 F3554.948
G1 X426.459 Y66.410 F3554.948
G1 X426.871 Y65.828 F3554.948
G1 X427.325 Y65.207 F3554.948
G1 X427.778 Y64.585 F3554.948
G1 X428.232 Y63.963 F3554.948
G1 X428.686 Y63.341 F3554.948
G1 X429.159 Y62.727 F3554.948
G1 X429.632 Y62.112 F3554.948
G1 X430.105 Y61.498 F3554.948
G1 X430.578 Y60.883 F3554.948
G1 X431.057 Y60.298 F3554.948
G1 X431.535 Y59.712 F3554.948
G1 X432.014 Y59.127 F3554.948
G1 X432.493 Y58.542 F3554.948
G1 X432.977 Y57.979 F3554.948
G1 X433.460 Y57.416 F3554.948
G1 X433.944 Y56.853 F3554.948
G1 X434.427 Y56.290 F3554.948
G1 X434.919 Y55.734 F3554.948
G1 X435.410 Y55.178 F3554.948
G1 X435.902 Y54.621 F3554.948
G1 X436.393 Y54.065 F3554.948
G1 X436.883 Y53.510 F3554.948
G1 X437.373 Y52.955 F3554.948
G1 X437.864 Y52.400 F3554.948
G1 X438.354 Y51.845 F3554.948
G1 X438.827 Y51.307 F3554.948
G1 X439.300 Y50.770 F3554.948
G1 X439.773 Y50.232 F3554.948
G1 X440.246 Y49.694 F3554.948
G1 X440.689 Y49.195 F3554.948
G1 X441.133 Y48.695 F3554.948
G1 X441.577 Y48.196 F3554.948
G1 X442.021 Y47.696 F3554.948
G1 X442.444 Y47.241 F3554.948
G1 X442.868 Y46.786 F3554.948
G1 X443.291 Y46.331 F3554.948
G1 X443.714 Y45.876 F3554.948
G1 X444.265 Y45.325 F3554.948
G1 X444.815 Y44.774 F3554.948
G1 X445.365 Y44.222 F3554.948
G1 X445.904 Y43.715 F3554.948
G1 X446.443 Y43.208 F3554.948
G1 X446.982 Y42.701 F3554.948
G1 X447.505 Y42.235 F3554.948
G1 X448.028 Y41.768 F3554.948
G1 X448.551 Y41.301 F3554.948
G1 X449.063 Y40.868 F3554.948
G1 X449.576 Y40.435 F3554.948
G1 X450.088 Y40.002 F3554.948
G1 X450.609 Y39.590 F3554.948
G1 X451.130 Y39.179 F3554.948
G1 X451.652 Y38.767 F3554.948
G1 X452.211 Y38.349 F3554.948
G1 X452.770 Y37.931 F3554.948
G1 X453.329 Y37.513 F3554.948
G1 X453.962 Y37.077 F3554.948
G1 X454.596 Y36.641 F3554.948
G1 X455.229 Y36.206 F3554.948
G1 X455.765 Y35.864 F3554.948
G1 X456.300 Y35.523 F3554.948
G1 X456.836 Y35.182 F3554.948
G1 X457.372 Y34.840 F3554.948
G1 X457.963 Y34.486 F3554.948
G1 X458.555 Y34.131 F3554.948
G1 X459.146 Y33.777 F3554.948
G1 X459.737 Y33.422 F3554.948
G1 X460.361 Y33.091 F3554.948
G1 X460.985 Y32.761 F3554.948
G1 X461.609 Y32.430 F3554.948
G1 X462.232 Y32.099 F3554.948
G1 X462.885 Y31.823 F3554.948
G1 X463.537 Y31.548 F3554.948
G1 X464.189 Y31.272 F3554.948
G1 X464.841 Y30.996 F3554.948
G1 X465.541 Y30.797 F3554.948
G1 X466.241 Y30.598 F3554.948
G1 X466.941 Y30.399 F3554.948
G1 X467.640 Y30.200 F3554.948
G1 X468.388 Y30.110 F3554.948
G1 X469.135 Y30.020 F3554.948
G1 X469.883 Y29.930 F3554.948
G1 X470.630 Y29.840 F3554.948
G1 X471.418 Y29.878 F3554.948
G1 X472.206 Y29.916 F3554.948
G1 X472.994 Y29.955 F3554.948
G1 X473.781 Y29.993 F3554.948
G1 X474.431 Y30.130 F3554.948
G1 X475.080 Y30.266 F3554.948
G1 X475.729 Y30.403 F3554.948
G1 X476.379 Y30.539 F3554.948
G1 X477.028 Y30.676 F3554.948
G1 X477.685 Y30.904 F3554.948
G1 X478.342 Y31.132 F3554.948
G1 X479.000 Y31.360 F3554.948
G1 X479.657 Y31.588 F3554.948
G1 X480.314 Y31.816 F3554.948
G1 X480.974 Y32.119 F3554.948
G1 X481.635 Y32.422 F3554.948
G1 X482.295 Y32.724 F3554.948
G1 X482.956 Y33.027 F3554.948
G1 X483.616 Y33.330 F3554.948
G1 X484.276 Y33.684 F3554.948
G1 X484.937 Y34.039 F3554.948
G1 X485.597 Y34.393 F3554.948
G1 X486.258 Y34.748 F3554.948
G1 X486.918 Y35.102 F3554.948
G1 X487.571 Y35.479 F3554.948
G1 X488.224 Y35.856 F3554.948
G1 X488.877 Y36.233 F3554.948
G1 X489.530 Y36.609 F3554.948
G1 X490.183 Y36.986 F3554.948
G1 X490.816 Y37.376 F3554.948
G1 X491.450 Y37.766 F3554.948
G1 X492.083 Y38.156 F3554.948
G1 X492.717 Y38.546 F3554.948
G1 X493.350 Y38.936 F3554.948
G1 X493.931 Y39.335 F3554.948
G1 X494.511 Y39.734 F3554.948
G1 X495.092 Y40.133 F3554.948
G1 X495.672 Y40.532 F3554.948
G1 X496.252 Y40.931 F3554.948
G1 X496.825 Y41.450 F3554.948
G1 X497.398 Y41.968 F3554.948
G1 X497.971 Y42.487 F3554.948
G1 X498.544 Y43.005 F3554.948
G1 X498.898 Y43.539 F3554.948
G1 X499.252 Y44.073 F3554.948
G1 X499.605 Y44.607 F3554.948
G1 X499.959 Y45.141 F3554.948
G1 X500.152 Y45.849 F3554.948
G1 X500.344 Y46.557 F3554.948
G1 X500.536 Y47.265 F3554.948
G1 X500.462 Y47.964 F3554.948
G1 X500.388 Y48.662 F3554.948
G1 X500.314 Y49.361 F3554.948
G1 X499.985 Y50.036 F3554.948
G1 X499.656 Y50.712 F3554.948
G1 X499.327 Y51.387 F3554.948
G1 X498.899 Y51.874 F3554.948
G1 X498.471 Y52.360 F3554.948
G1 X498.043 Y52.846 F3554.948
G1 X497.615 Y53.332 F3554.948
G1 X497.042 Y53.798 F3554.948
G1 X496.468 Y54.265 F3554.948
G1 X495.895 Y54.731 F3554.948
G1 X495.321 Y55.197 F3554.948
G1 X494.686 Y55.650 F3554.948
G1 X494.050 Y56.102 F3554.948
G1 X493.414 Y56.555 F3554.948
G1 X492.779 Y57.007 F3554.948
G1 X492.132 Y57.462 F3554.948
G1 X491.485 Y57.917 F3554.948
G1 X490.838 Y58.372 F3554.948
G1 X490.191 Y58.827 F3554.948
G1 X489.547 Y59.293 F3554.948
G1 X488.904 Y59.759 F3554.948
G1 X488.260 Y60.224 F3554.948
G1 X487.617 Y60.690 F3554.948
G1 X486.993 Y61.158 F3554.948
G1 X486.370 Y61.625 F3554.948
G1 X485.747 Y62.093 F3554.948
G1 X485.124 Y62.561 F3554.948
G1 X484.534 Y63.022 F3554.948
G1 X483.944 Y63.483 F3554.948
G1 X483.354 Y63.944 F3554.948
G1 X482.764 Y64.405 F3554.948
G1 X482.201 Y64.863 F3554.948
G1 X481.638 Y65.322 F3554.948
G1 X481.075 Y65.780 F3554.948
G1 X480.512 Y66.238 F3554.948
G1 X479.961 Y66.707 F3554.948
G1 X479.410 Y67.175 F3554.948
G1 X478.859 Y67.643 F3554.948
G1 X478.308 Y68.112 F3554.948
G1 X477.767 Y68.610 F3554.948
G1 X477.225 Y69.109 F3554.948
G1 X476.683 Y69.608 F3554.948
G1 X476.142 Y70.107 F3554.948
G1 X475.606 Y70.652 F3554.948
G1 X475.070 Y71.197 F3554.948
G1 X474.534 Y71.742 F3554.948
G1 X473.998 Y72.287 F3554.948
G1 X473.575 Y72.767 F3554.948
G1 X473.151 Y73.247 F3554.948
G1 X472.727 Y73.727 F3554.948
G1 X472.303 Y74.207 F3554.948
G1 X471.879 Y74.687 F3554.948
G1 X471.459 Y75.216 F3554.948
G1 X471.040 Y75.745 F3554.948
G1 X470.620 Y76.274 F3554.948
G1 X470.201 Y76.803 F3554.948
G1 X469.781 Y77.332 F3554.948
G1 X469.364 Y77.906 F3554.948
G1 X468.948 Y78.480 F3554.948
G1 X468.532 Y79.053 F3554.948
G1 X468.115 Y79.627 F3554.948
G1 X467.699 Y80.200 F3554.948
G1 X467.285 Y80.795 F3554.948
G1 X466.872 Y81.389 F3554.948
G1 X466.459 Y81.983 F3554.948
G1 X466.046 Y82.578 F3554.948
G1 X465.632 Y83.172 F3554.948
G1 X465.216 Y83.779 F3554.948
G1 X464.799 Y84.387 F3554.948
G1 X464.383 Y84.994 F3554.948
G1 X463.966 Y85.602 F3554.948
G1 X463.550 Y86.209 F3554.948
G1 X463.119 Y86.834 F3554.948
G1 X462.689 Y87.459 F3554.948
G1 X462.258 Y88.084 F3554.948
G1 X461.827 Y88.709 F3554.948
G1 X461.396 Y89.334 F3554.948
G1 X460.943 Y89.972 F3554.948
G1 X460.489 Y90.609 F3554.948
G1 X460.036 Y91.247 F3554.948
G1 X459.582 Y91.885 F3554.948
G1 X459.129 Y92.522 F3554.948
G1 X458.655 Y93.160 F3554.948
G1 X458.181 Y93.798 F3554.948
G1 X457.706 Y94.437 F3554.948
G1 X457.232 Y95.075 F3554.948
G1 X456.758 Y95.713 F3554.948
G1 X456.273 Y96.343 F3554.948
G1 X455.789 Y96.972 F3554.948
G1 X455.304 Y97.602 F3554.948
G1 X454.819 Y98.232 F3554.948
G1 X454.335 Y98.862 F3554.948
G1 X453.857 Y99.472 F3554.948
G1 X453.380 Y100.082 F3554.948
G1 X452.903 Y100.692 F3554.948
G1 X452.425 Y101.302 F3554.948
G1 X451.948 Y101.912 F3554.948
G1 X451.505 Y102.492 F3554.948
G1 X451.061 Y103.071 F3554.948
G1 X450.618 Y103.651 F3554.948
G1 X450.174 Y104.230 F3554.948
G1 X449.731 Y104.809 F3554.948
G1 X449.333 Y105.352 F3554.948
G1 X448.935 Y105.894 F3554.948
G1 X448.537 Y106.437 F3554.948
G1 X448.139 Y106.979 F3554.948
G1 X447.741 Y107.521 F3554.948
G1 X447.308 Y108.158 F3554.948
G1 X446.875 Y108.795 F3554.948
G1 X446.441 Y109.432 F3554.948
G1 X446.008 Y110.069 F3554.948
G1 X445.638 Y110.677 F3554.948
G1 X445.269 Y111.284 F3554.948
G1 X444.899 Y111.891 F3554.948
G1 X444.529 Y112.498 F3554.948
G1 X444.212 Y113.092 F3554.948
G1 X443.894 Y113.686 F3554.948
G1 X443.577 Y114.280 F3554.948
G1 X443.259 Y114.874 F3554.948
G1 X442.982 Y115.467 F3554.948
G1 X442.705 Y116.061 F3554.948
G1 X442.428 Y116.654 F3554.948
G1 X442.150 Y117.247 F3554.948
G1 X441.900 Y117.851 F3554.948
G1 X441.649 Y118.455 F3554.948
G1 X441.398 Y119.059 F3554.948
G1 X441.148 Y119.663 F3554.948
G1 X440.908 Y120.287 F3554.948
G1 X440.668 Y120.911 F3554.948
G1 X440.427 Y121.534 F3554.948
G1 X440.187 Y122.158 F3554.948
G1 X439.943 Y122.806 F3554.948
G1 X439.699 Y123.455 F3554.948
G1 X439.455 Y124.103 F3554.948
G1 X439.211 Y124.751 F3554.948
G1 X438.948 Y125.430 F3554.948
G1 X438.684 Y126.110 F3554.948
G1 X438.421 Y126.789 F3554.948
G1 X438.158 Y127.468 F3554.948
G1 X437.861 Y128.183 F3554.948
G1 X437.564 Y128.898 F3554.948
G1 X437.267 Y129.613 F3554.948
G1 X436.970 Y130.328 F3554.948
G1 X436.698 Y130.929 F3554.948
G1 X436.426 Y131.530 F3554.948
G1 X436.154 Y132.130 F3554.948
G1 X435.882 Y132.731 F3554.948
G1 X435.610 Y133.331 F3554.948
G1 X435.298 Y133.958 F3554.948
G1 X434.986 Y134.585 F3554.948
G1 X434.673 Y135.211 F3554.948
G1 X434.361 Y135.838 F3554.948
G1 X434.049 Y136.464 F3554.948
G1 X433.695 Y137.111 F3554.948
G1 X433.342 Y137.757 F3554.948
G1 X432.989 Y138.404 F3554.948
G1 X432.635 Y139.051 F3554.948
G1 X432.282 Y139.697 F3554.948
G1 X431.893 Y140.356 F3554.948
G1 X431.504 Y141.014 F3554.948
G1 X431.115 Y141.672 F3554.948
G1 X430.726 Y142.330 F3554.948
G1 X430.337 Y142.989 F3554.948
G1 X429.918 Y143.650 F3554.948
G1 X429.499 Y144.312 F3554.948
G1 X429.080 Y144.973 F3554.948
G1 X428.660 Y145.635 F3554.948
G1 X428.241 Y146.296 F3554.948
G1 X427.808 Y146.946 F3554.948
G1 X427.376 Y147.597 F3554.948
G1 X426.943 Y148.247 F3554.948
G1 X426.510 Y148.897 F3554.948
G1 X426.077 Y149.548 F3554.948
G1 X425.685 Y150.151 F3554.948
G1 X425.293 Y150.754 F3554.948
G1 X424.901 Y151.358 F3554.948
G1 X424.509 Y151.961 F3554.948
G1 X424.117 Y152.564 F3554.948
G1 X423.812 Y153.190 F3554.948
G1 X423.507 Y153.817 F3554.948
G1 X423.202 Y154.443 F3554.948
G1 X422.897 Y155.070 F3554.948
G1 X422.741 Y155.743 F3554.948
G1 X422.585 Y156.417 F3554.948
G1 X422.428 Y157.091 F3554.948
G1 X422.553 Y157.881 F3554.948
G1 X422.677 Y158.671 F3554.948
G1 X423.145 Y159.257 F3554.948
G1 X423.614 Y159.843 F3554.948
G1 X424.145 Y160.103 F3554.948
G1 X424.676 Y160.363 F3554.948
G1 X425.207 Y160.623 F3554.948
G1 X425.941 Y160.755 F3554.948
G1 X426.676 Y160.886 F3554.948
G1 X427.411 Y161.017 F3554.948
G1 X428.106 Y161.021 F3554.948
G1 X428.802 Y161.025 F3554.948
G1 X429.498 Y161.029 F3554.948
G1 X430.194 Y161.033 F3554.948
G1 X430.990 Y160.961 F3554.948
G1 X431.785 Y160.889 F3554.948
G1 X432.581 Y160.817 F3554.948
G1 X433.377 Y160.745 F3554.948
G1 X434.161 Y160.649 F3554.948
G1 X434.946 Y160.553 F3554.948
G1 X435.730 Y160.457 F3554.948
G1 X436.515 Y160.361 F3554.948
G1 X437.240 Y160.264 F3554.948
G1 X437.965 Y160.167 F3554.948
G1 X438.690 Y160.070 F3554.948
G1 X439.415 Y159.972 F3554.948
G1 X440.066 Y159.876 F3554.948
G1 X440.716 Y159.779 F3554.948
G1 X441.367 Y159.683 F3554.948
G1 X442.018 Y159.586 F3554.948
G1 X442.791 Y159.455 F3554.948
G1 X443.563 Y159.323 F3554.948
G1 X444.336 Y159.192 F3554.948
G1 X445.029 Y159.052 F3554.948
G1 X445.722 Y158.911 F3554.948
G1 X446.416 Y158.771 F3554.948
G1 X447.048 Y158.619 F3554.948
G1 X447.680 Y158.468 F3554.948
G1 X448.313 Y158.316 F3554.948
G1 X448.908 Y158.147 F3554.948
G1 X449.503 Y157.977 F3554.948
G1 X450.099 Y157.808 F3554.948
G1 X450.682 Y157.618 F3554.948
G1 X451.266 Y157.427 F3554.948
G1 X451.850 Y157.237 F3554.948
G1 X452.446 Y157.023 F3554.948
G1 X453.043 Y156.810 F3554.948
G1 X453.639 Y156.596 F3554.948
G1 X454.273 Y156.356 F3554.948
G1 X454.907 Y156.117 F3554.948
G1 X455.541 Y155.877 F3554.948
G1 X456.234 Y155.608 F3554.948
G1 X456.927 Y155.339 F3554.948
G1 X457.621 Y155.070 F3554.948
G1 X458.200 Y154.846 F3554.948
G1 X458.780 Y154.623 F3554.948
G1 X459.359 Y154.399 F3554.948
G1 X459.938 Y154.175 F3554.948
G1 X460.583 Y153.935 F3554.948
G1 X461.227 Y153.694 F3554.948
G1 X461.871 Y153.453 F3554.948
G1 X462.515 Y153.212 F3554.948
G1 X463.222 Y152.962 F3554.948
G1 X463.928 Y152.712 F3554.948
G1 X464.635 Y152.462 F3554.948
G1 X465.341 Y152.212 F3554.948
G1 X466.097 Y151.963 F3554.948
G1 X466.853 Y151.713 F3554.948
G1 X467.609 Y151.464 F3554.948
G1 X468.365 Y151.215 F3554.948
G1 X468.991 Y151.026 F3554.948
G1 X469.616 Y150.837 F3554.948
G1 X470.242 Y150.648 F3554.948
G1 X470.867 Y150.459 F3554.948
G1 X471.493 Y150.270 F3554.948
G1 X472.116 Y150.102 F3554.948
G1 X472.738 Y149.934 F3554.948
G1 X473.361 Y149.765 F3554.948
G1 X473.984 Y149.597 F3554.948
G1 X474.607 Y149.429 F3554.948
G1 X475.359 Y149.251 F3554.948
G1 X476.111 Y149.074 F3554.948
G1 X476.863 Y148.897 F3554.948
G1 X477.615 Y148.720 F3554.948
G1 X478.323 Y148.577 F3554.948
G1 X479.031 Y148.435 F3554.948
G1 X479.739 Y148.293 F3554.948
G1 X480.446 Y148.151 F3554.948
G1 X481.105 Y148.042 F3554.948
G1 X481.764 Y147.933 F3554.948
G1 X482.423 Y147.823 F3554.948
G1 X483.082 Y147.714 F3554.948
G1 X483.698 Y147.629 F3554.948
G1 X484.315 Y147.544 F3554.948
G1 X484.931 Y147.458 F3554.948
G1 X485.547 Y147.373 F3554.948
G1 X486.333 Y147.280 F3554.948
G1 X487.119 Y147.188 F3554.948
G1 X487.905 Y147.095 F3554.948
G1 X488.682 Y147.013 F3554.948
G1 X489.459 Y146.931 F3554.948
G1 X490.236 Y146.849 F3554.948
G1 X491.016 Y146.765 F3554.948
G1 X491.797 Y146.681 F3554.948
G1 X492.577 Y146.598 F3554.948
G1 X493.352 Y146.504 F3554.948
G1 X494.126 Y146.411 F3554.948
G1 X494.900 Y146.317 F3554.948
G1 X495.578 Y146.206 F3554.948
G1 X496.255 Y146.095 F3554.948
G1 X496.932 Y145.984 F3554.948
G1 X497.665 Y145.784 F3554.948
G1 X498.398 Y145.584 F3554.948
G1 X498.742 Y145.345 F3554.948
G1 X499.086 Y145.105 F3554.948
G1 X498.972 Y144.547 F3554.948
G1 X498.536 Y144.218 F3554.948
G1 X498.099 Y143.888 F3554.948
G1 X497.603 Y143.627 F3554.948
G1 X497.106 Y143.366 F3554.948
G1 X496.610 Y143.105 F3554.948
G1 X495.995 Y142.796 F3554.948
G1 X495.380 Y142.486 F3554.948
G1 X494.766 Y142.176 F3554.948
G1 X494.114 Y141.811 F3554.948
G1 X493.462 Y141.446 F3554.948
G1 X492.810 Y141.081 F3554.948
G1 X492.194 Y140.653 F3554.948
G1 X491.577 Y140.224 F3554.948
G1 X490.961 Y139.795 F3554.948
G1 X490.395 Y139.298 F3554.948
G1 X489.828 Y138.800 F3554.948
G1 X489.262 Y138.303 F3554.948
G1 X488.741 Y137.737 F3554.948
G1 X488.220 Y137.171 F3554.948
G1 X487.699 Y136.604 F3554.948
G1 X487.215 Y135.970 F3554.948
G1 X486.732 Y135.336 F3554.948
G1 X486.249 Y134.702 F3554.948
G1 X485.909 Y134.180 F3554.948
G1 X485.570 Y133.658 F3554.948
G1 X485.231 Y133.136 F3554.948
G1 X484.891 Y132.614 F3554.948
G1 X484.570 Y132.053 F3554.948
G1 X484.248 Y131.491 F3554.948
G1 X483.927 Y130.930 F3554.948
G1 X483.605 Y130.368 F3554.948
G1 X483.299 Y129.770 F3554.948
G1 X482.993 Y129.171 F3554.948
G1 X482.687 Y128.572 F3554.948
G1 X482.380 Y127.974 F3554.948
G1 X482.087 Y127.340 F3554.948
G1 X481.793 Y126.706 F3554.948
G1 X481.499 Y126.073 F3554.948
G1 X481.206 Y125.439 F3554.948
G1 X480.917 Y124.771 F3554.948
G1 X480.628 Y124.103 F3554.948
G1 X480.338 Y123.435 F3554.948
G1 X480.049 Y122.767 F3554.948
G1 X479.754 Y122.064 F3554.948
G1 X479.459 Y121.360 F3554.948
G1 X479.164 Y120.657 F3554.948
G1 X478.869 Y119.954 F3554.948
G1 X478.620 Y119.362 F3554.948
G1 X478.370 Y118.770 F3554.948
G1 X478.120 Y118.178 F3554.948
G1 X477.870 Y117.586 F3554.948
G1 X477.621 Y116.993 F3554.948
G1 X477.345 Y116.374 F3554.948
G1 X477.070 Y115.754 F3554.948
G1 X476.795 Y115.134 F3554.948
G1 X476.520 Y114.515 F3554.948
G1 X476.245 Y113.895 F3554.948
G1 X475.936 Y113.252 F3554.948
G1 X475.628 Y112.609 F3554.948
G1 X475.319 Y111.966 F3554.948
G1 X475.011 Y111.323 F3554.948
G1 X474.702 Y110.680 F3554.948
G1 X474.359 Y110.024 F3554.948
G1 X474.016 Y109.367 F3554.948
G1 X473.673 Y108.710 F3554.948
G1 X473.331 Y108.054 F3554.948
G1 X472.988 Y107.397 F3554.948
G1 X472.614 Y106.738 F3554.948
G1 X472.241 Y106.079 F3554.948
G1 X471.867 Y105.421 F3554.948
G1 X471.493 Y104.762 F3554.948
G1 X471.120 Y104.103 F3554.948
G1 X470.728 Y103.456 F3554.948
G1 X470.337 Y102.810 F3554.948
G1 X469.945 Y102.163 F3554.948
G1 X469.553 Y101.516 F3554.948
G1 X469.162 Y100.870 F3554.948
G1 X468.762 Y100.245 F3554.948
G1 X468.363 Y99.620 F3554.948
G1 X467.963 Y98.995 F3554.948
G1 X467.564 Y98.370 F3554.948
G1 X467.164 Y97.745 F3554.948
G1 X466.763 Y97.148 F3554.948
G1 X466.361 Y96.550 F3554.948
G1 X465.959 Y95.953 F3554.948
G1 X465.558 Y95.355 F3554.948
G1 X465.156 Y94.758 F3554.948
G1 X464.751 Y94.192 F3554.948
G1 X464.345 Y93.627 F3554.948
G1 X463.940 Y93.061 F3554.948
G1 X463.535 Y92.495 F3554.948
G1 X463.129 Y91.929 F3554.948
G1 X462.713 Y91.395 F3554.948
G1 X462.296 Y90.861 F3554.948
G1 X461.880 Y90.326 F3554.948
G1 X461.463 Y89.792 F3554.948
G1 X461.047 Y89.257 F3554.948
G1 X460.605 Y88.755 F3554.948
G1 X460.163 Y88.253 F3554.948
G1 X459.721 Y87.751 F3554.948
G1 X459.280 Y87.248 F3554.948
G1 X458.838 Y86.746 F3554.948
G1 X458.362 Y86.276 F3554.948
G1 X457.885 Y85.805 F3554.948
G1 X457.409 Y85.335 F3554.948
G1 X456.933 Y84.865 F3554.948
G1 X456.457 Y84.394 F3554.948
G1 X455.937 Y83.955 F3554.948
G1 X455.418 Y83.516 F3554.948
G1 X454.899 Y83.077 F3554.948
G1 X454.380 Y82.637 F3554.948
G1 X453.861 Y82.198 F3554.948
G1 X453.301 Y81.792 F3554.948
G1 X452.741 Y81.385 F3554.948
G1 X452.181 Y80.979 F3554.948
G1 X451.622 Y80.573 F3554.948
G1 X451.062 Y80.166 F3554.948
G1 X450.473 Y79.796 F3554.948
G1 X449.884 Y79.426 F3554.948
G1 X449.295 Y79.056 F3554.948
G1 X448.706 Y78.687 F3554.948
G1 X448.117 Y78.317 F3554.948
G1 X447.519 Y77.988 F3554.948
G1 X446.921 Y77.659 F3554.948
G1 X446.323 Y77.331 F3554.948
G1 X445.725 Y77.002 F3554.948
G1 X445.127 Y76.674 F3554.948
G1 X444.542 Y76.392 F3554.948
G1 X443.958 Y76.110 F3554.948
G1 X443.373 Y75.827 F3554.948
G1 X442.788 Y75.545 F3554.948
G1 X442.203 Y75.263 F3554.948
G1 X441.518 Y74.966 F3554.948
G1 X440.833 Y74.669 F3554.948
G1 X440.148 Y74.372 F3554.948
G1 X439.462 Y74.075 F3554.948
G1 X438.847 Y73.827 F3554.948
G1 X438.232 Y73.579 F3554.948
G1 X437.617 Y73.331 F3554.948
G1 X437.002 Y73.083 F3554.948
G1 X436.294 Y72.805 F3554.948
G1 X435.585 Y72.528 F3554.948
G1 X434.877 Y72.250 F3554.948
G1 X434.289 Y72.006 F3554.948
G1 X433.701 Y71.763 F3554.948
G1 X433.112 Y71.520 F3554.948
G1 X432.402 Y71.178 F3554.948
G1 X431.692 Y70.837 F3554.948
G1 X431.139 Y70.486 F3554.948
G1 X430.586 Y70.136 F3554.948
G1 X430.171 Y69.745 F3554.948
G1 X429.757 Y69.355 F3554.948
G1 X429.457 Y68.905 F3554.948
G1 X429.157 Y68.456 F3554.948
G1 X428.944 Y67.938 F3554.948
G1 X428.731 Y67.421 F3554.948
G1 X428.576 Y66.827 F3554.948
G1 X428.421 Y66.233 F3554.948
G1 X428.301 Y65.551 F3554.948
G1 X428.180 Y64.868 F3554.948
G1 X428.067 Y64.107 F3554.948
G1 X427.953 Y63.347 F3554.948
G1 X427.862 Y62.796 F3554.948
G1 X427.771 Y62.246 F3554.948
G1 X427.680 Y61.696 F3554.948
G1 X427.557 Y61.107 F3554.948
G1 X427.433 Y60.519 F3554.948
G1 X427.310 Y59.931 F3554.948
G1 X427.141 Y59.297 F3554.948
G1 X426.971 Y58.663 F3554.948
G1 X426.802 Y58.028 F3554.948
G1 X426.574 Y57.339 F3554.948
G1 X426.345 Y56.649 F3554.948
G1 X426.117 Y55.959 F3554.948
G1 X425.897 Y55.392 F3554.948
G1 X425.678 Y54.824 F3554.948
G1 X425.458 Y54.257 F3554.948
G1 X425.238 Y53.689 F3554.948
G1 X424.969 Y53.068 F3554.948
G1 X424.700 Y52.447 F3554.948
G1 X424.431 Y51.826 F3554.948
G1 X424.161 Y51.205 F3554.948
G1 X423.843 Y50.547 F3554.948
G1 X423.524 Y49.889 F3554.948
G1 X423.205 Y49.230 F3554.948
G1 X422.886 Y48.572 F3554.948
G1 X422.512 Y47.886 F3554.948
G1 X422.139 Y47.199 F3554.948
G1 X421.765 Y46.512 F3554.948
G1 X421.391 Y45.826 F3554.948
G1 X421.051 Y45.257 F3554.948
G1 X420.710 Y44.688 F3554.948
G1 X420.369 Y44.119 F3554.948
G1 X420.028 Y43.550 F3554.948
G1 X419.687 Y42.982 F3554.948
G1 X419.306 Y42.389 F3554.948
G1 X418.925 Y41.796 F3554.948
G1 X418.544 Y41.204 F3554.948
G1 X418.163 Y40.611 F3554.948
G1 X417.782 Y40.018 F3554.948
G1 X417.363 Y39.413 F3554.948
G1 X416.944 Y38.809 F3554.948
G1 X416.525 Y38.204 F3554.948
G1 X416.106 Y37.599 F3554.948
G1 X415.687 Y36.994 F3554.948
G1 X415.239 Y36.383 F3554.948
G1 X414.790 Y35.772 F3554.948
G1 X414.342 Y35.160 F3554.948
G1 X413.894 Y34.549 F3554.948
G1 X413.446 Y33.938 F3554.948
G1 X412.972 Y33.346 F3554.948
G1 X412.499 Y32.755 F3554.948
G1 X412.025 Y32.163 F3554.948
G1 X411.551 Y31.572 F3554.948
G1 X411.078 Y30.980 F3554.948
G1 X410.597 Y30.474 F3554.948
G1 X410.116 Y29.968 F3554.948
G1 X409.635 Y29.462 F3554.948
G1 X409.154 Y28.957 F3554.948
G1 X408.673 Y28.451 F3554.948
G1 X408.075 Y28.013 F3554.948
G1 X407.477 Y27.576 F3554.948
G1 X406.879 Y27.139 F3554.948
G1 X406.281 Y26.702 F3554.948
G1 X405.689 Y26.479 F3554.948
G1 X405.097 Y26.256 F3554.948
G1 X404.505 Y26.033 F3554.948
G1 X403.913 Y25.810 F3554.948
G1 X403.129 Y25.784 F3554.948
G1 X402.345 Y25.757 F3554.948
G1 X401.561 Y25.731 F3554.948
G1 X400.970 Y25.903 F3554.948
G1 X400.379 Y26.075 F3554.948
G1 X399.789 Y26.247 F3554.948
G1 X399.198 Y26.419 F3554.948
G1 X398.596 Y26.772 F3554.948
G1 X397.994 Y27.125 F3554.948
G1 X397.392 Y27.478 F3554.948
G1 X396.790 Y27.832 F3554.948
G1 X396.305 Y28.252 F3554.948
G1 X395.820 Y28.673 F3554.948
G1 X395.335 Y29.094 F3554.948
G1 X394.849 Y29.514 F3554.948
G1 X394.364 Y29.935 F3554.948
G1 X393.885 Y30.458 F3554.948
G1 X393.405 Y30.981 F3554.948
G1 X392.926 Y31.503 F3554.948
G1 X392.446 Y32.026 F3554.948
G1 X391.967 Y32.549 F3554.948
G1 X391.512 Y33.110 F3554.948
G1 X391.058 Y33.672 F3554.948
G1 X390.603 Y34.233 F3554.948
G1 X390.149 Y34.795 F3554.948
G1 X389.694 Y35.356 F3554.948
G1 X389.266 Y35.906 F3554.948
G1 X388.838 Y36.456 F3554.948
G1 X388.410 Y37.006 F3554.948
G1 X387.982 Y37.555 F3554.948
G1 X387.554 Y38.105 F3554.948
G1 X387.159 Y38.626 F3554.948
G1 X386.765 Y39.147 F3554.948
G1 X386.371 Y39.667 F3554.948
G1 X385.977 Y40.188 F3554.948
G1 X385.583 Y40.709 F3554.948
G1 X385.134 Y41.346 F3554.948
G1 X384.686 Y41.984 F3554.948
G1 X384.237 Y42.622 F3554.948
G1 X383.789 Y43.259 F3554.948
G1 X383.381 Y43.931 F3554.948
G1 X382.974 Y44.602 F3554.948
G1 X382.566 Y45.274 F3554.948
G1 X382.159 Y45.945 F3554.948
G1 X381.861 Y46.528 F3554.948
G1 X381.563 Y47.110 F3554.948
G1 X381.265 Y47.693 F3554.948
G1 X380.967 Y48.275 F3554.948
G1 X380.669 Y48.858 F3554.948
G1 X380.406 Y49.472 F3554.948
G1 X380.143 Y50.087 F3554.948
G1 X379.880 Y50.701 F3554.948
G1 X379.617 Y51.315 F3554.948
G1 X379.354 Y51.930 F3554.948
G1 X379.133 Y52.563 F3554.948
G1 X378.911 Y53.196 F3554.948
G1 X378.689 Y53.828 F3554.948
G1 X378.467 Y54.461 F3554.948
G1 X378.246 Y55.094 F3554.948
G1 X378.068 Y55.736 F3554.948
G1 X377.891 Y56.378 F3554.948
G1 X377.714 Y57.020 F3554.948
G1 X377.537 Y57.662 F3554.948
G1 X377.359 Y58.304 F3554.948
G1 X377.229 Y58.941 F3554.948
G1 X377.098 Y59.578 F3554.948
G1 X376.967 Y60.215 F3554.948
G1 X376.837 Y60.852 F3554.948
G1 X376.706 Y61.489 F3554.948
G1 X376.604 Y62.260 F3554.948
G1 X376.502 Y63.032 F3554.948
G1 X376.400 Y63.803 F3554.948
G1 X376.298 Y64.574 F3554.948
G1 X376.260 Y65.304 F3554.948
G1 X376.222 Y66.035 F3554.948
G1 X376.183 Y66.765 F3554.948
G1 X376.145 Y67.495 F3554.948
G1 X376.176 Y68.178 F3554.948
G1 X376.207 Y68.862 F3554.948
G1 X376.238 Y69.545 F3554.948
G1 X376.269 Y70.228 F3554.948
G1 X376.375 Y70.867 F3554.948
G1 X376.481 Y71.506 F3554.948
G1 X376.587 Y72.145 F3554.948
G1 X376.693 Y72.784 F3554.948
G1 X376.879 Y73.391 F3554.948
G1 X377.066 Y73.999 F3554.948
G1 X377.252 Y74.606 F3554.948
G1 X377.439 Y75.213 F3554.948
G1 X377.707 Y75.808 F3554.948
G1 X377.974 Y76.402 F3554.948
G1 X378.242 Y76.997 F3554.948
G1 X378.510 Y77.592 F3554.948
G1 X378.862 Y78.198 F3554.948
G1 X379.214 Y78.804 F3554.948
G1 X379.566 Y79.409 F3554.948
G1 X379.918 Y80.015 F3554.948
G1 X380.352 Y80.655 F3554.948
G1 X380.786 Y81.295 F3554.948
G1 X381.220 Y81.934 F3554.948
G1 X381.654 Y82.574 F3554.948
G1 X382.059 Y83.129 F3554.948
G1 X382.464 Y83.685 F3554.948
G1 X382.870 Y84.241 F3554.948
G1 X383.275 Y84.796 F3554.948
G1 X383.680 Y85.352 F3554.948
G1 X384.136 Y85.963 F3554.948
G1 X384.593 Y86.574 F3554.948
G1 X385.049 Y87.186 F3554.948
G1 X385.505 Y87.797 F3554.948
G1 X385.961 Y88.408 F3554.948
G1 X386.371 Y88.963 F3554.948
G1 X386.780 Y89.518 F3554.948
G1 X387.190 Y90.073 F3554.948
G1 X387.600 Y90.629 F3554.948
G1 X388.009 Y91.184 F3554.948
G1 X388.419 Y91.739 F3554.948
G1 X388.847 Y92.332 F3554.948
G1 X389.274 Y92.925 F3554.948
G1 X389.702 Y93.518 F3554.948
G1 X390.130 Y94.111 F3554.948
G1 X390.558 Y94.705 F3554.948
G1 X390.985 Y95.298 F3554.948
G1 X391.421 Y95.914 F3554.948
G1 X391.856 Y96.531 F3554.948
G1 X392.291 Y97.147 F3554.948
G1 X392.726 Y97.764 F3554.948
G1 X393.162 Y98.380 F3554.948
G1 X393.597 Y98.997 F3554.948
G1 X394.030 Y99.621 F3554.948
G1 X394.464 Y100.246 F3554.948
G1 X394.897 Y100.871 F3554.948
G1 X395.331 Y101.496 F3554.948
G1 X395.764 Y102.121 F3554.948
G1 X396.198 Y102.746 F3554.948
G1 X396.625 Y103.366 F3554.948
G1 X397.052 Y103.986 F3554.948
G1 X397.480 Y104.606 F3554.948
G1 X397.907 Y105.226 F3554.948
G1 X398.334 Y105.846 F3554.948
G1 X398.761 Y106.466 F3554.948
G1 X399.180 Y107.073 F3554.948
G1 X399.598 Y107.680 F3554.948
G1 X400.016 Y108.287 F3554.948
G1 X400.434 Y108.895 F3554.948
G1 X400.852 Y109.502 F3554.948
G1 X401.270 Y110.109 F3554.948
G1 X401.679 Y110.698 F3554.948
G1 X402.088 Y111.287 F3554.948
G1 X402.497 Y111.876 F3554.948
G1 X402.907 Y112.466 F3554.948
G1 X403.316 Y113.055 F3554.948
G1 X403.725 Y113.644 F3554.948
G1 X404.125 Y114.214 F3554.948
G1 X404.525 Y114.785 F3554.948
G1 X404.925 Y115.356 F3554.948
G1 X405.325 Y115.926 F3554.948
G1 X405.725 Y116.497 F3554.948
G1 X406.125 Y117.068 F3554.948
G1 X406.515 Y117.618 F3554.948
G1 X406.904 Y118.168 F3554.948
G1 X407.294 Y118.719 F3554.948
G1 X407.684 Y119.269 F3554.948
G1 X408.074 Y119.819 F3554.948
G1 X408.464 Y120.370 F3554.948
G1 X408.919 Y121.005 F3554.948
G1 X409.375 Y121.641 F3554.948
G1 X409.831 Y122.276 F3554.948
G1 X410.286 Y122.912 F3554.948
G1 X410.742 Y123.547 F3554.948
G1 X411.180 Y124.159 F3554.948
G1 X411.619 Y124.772 F3554.948
G1 X412.058 Y125.384 F3554.948
G1 X412.497 Y125.996 F3554.948
G1 X412.935 Y126.608 F3554.948
G1 X413.362 Y127.191 F3554.948
G1 X413.788 Y127.774 F3554.948
G1 X414.215 Y128.356 F3554.948
G1 X414.641 Y128.939 F3554.948
G1 X415.068 Y129.521 F3554.948
G1 X415.464 Y130.072 F3554.948
G1 X415.859 Y130.623 F3554.948
G1 X416.255 Y131.174 F3554.948
G1 X416.651 Y131.725 F3554.948
G1 X417.047 Y132.276 F3554.948
G1 X417.505 Y132.922 F3554.948
G1 X417.962 Y133.568 F3554.948
G1 X418.420 Y134.215 F3554.948
G1 X418.878 Y134.861 F3554.948
G1 X419.287 Y135.466 F3554.948
G1 X419.695 Y136.071 F3554.948
G1 X420.104 Y136.676 F3554.948
G1 X420.513 Y137.282 F3554.948
G1 X420.877 Y137.838 F3554.948
G1 X421.242 Y138.394 F3554.948
G1 X421.606 Y138.951 F3554.948
G1 X421.971 Y139.507 F3554.948
G1 X422.284 Y140.021 F3554.948
G1 X422.598 Y140.535 F3554.948
G1 X422.911 Y141.049 F3554.948
G1 X423.225 Y141.563 F3554.948
G1 X423.588 Y142.186 F3554.948
G1 X423.952 Y142.810 F3554.948
G1 X424.315 Y143.433 F3554.948
G1 X424.632 Y143.994 F3554.948
G1 X424.950 Y144.555 F3554.948
G1 X425.267 Y145.116 F3554.948
G1 X425.551 Y145.615 F3554.948
G1 X425.834 Y146.114 F3554.948
G1 X426.117 Y146.614 F3554.948
G1 X426.485 Y147.284 F3554.948
G1 X426.852 Y147.955 F3554.948
G1 X427.178 Y148.550 F3554.948
G1 X427.503 Y149.146 F3554.948
G1 X427.810 Y149.668 F3554.948
G1 X428.117 Y150.191 F3554.948
G1 X428.413 Y150.648 F3554.948
G1 X428.710 Y151.106 F3554.948
G1 X428.994 Y151.515 F3554.948
G1 X429.279 Y151.924 F3554.948
G1 X429.555 Y152.289 F3554.948
G1 X429.832 Y152.654 F3554.948
G1 X430.075 Y153.015 F3554.948
G1 X430.318 Y153.376 F3554.948
G1 X430.542 Y153.743 F3554.948
G1 X430.765 Y154.109 F3554.948
G1 X430.977 Y154.482 F3554.948
G1 X431.189 Y154.855 F3554.948
G1 X431.391 Y155.244 F3554.948
G1 X431.594 Y155.633 F3554.948
G1 X431.796 Y156.046 F3554.948
G1 X431.998 Y156.459 F3554.948
G1 X432.206 Y156.905 F3554.948
G1 X432.414 Y157.350 F3554.948
G1 X432.631 Y157.844 F3554.948
G1 X432.848 Y158.337 F3554.948
G1 X433.069 Y158.896 F3554.948
G1 X433.290 Y159.454 F3554.948
G1 X433.513 Y160.093 F3554.948
G1 X433.737 Y160.732 F3554.948
G1 X433.967 Y161.462 F3554.948
G1 X434.197 Y162.192 F3554.948
G1 X434.357 Y162.747 F3554.948
G1 X434.516 Y163.302 F3554.948
G1 X434.676 Y163.856 F3554.948
G1 X434.861 Y164.471 F3554.948
G1 X435.046 Y165.086 F3554.948
G1 X435.232 Y165.701 F3554.948
G1 X435.464 Y166.367 F3554.948
G1 X435.696 Y167.034 F3554.948
G1 X435.928 Y167.701 F3554.948
G1 X436.220 Y168.407 F3554.948
G1 X436.513 Y169.114 F3554.948
G1 X436.806 Y169.820 F3554.948
G1 X437.076 Y170.370 F3554.948
G1 X437.347 Y170.921 F3554.948
G1 X437.618 Y171.471 F3554.948
G1 X437.888 Y172.022 F3554.948
G1 X438.214 Y172.583 F3554.948
G1 X438.540 Y173.145 F3554.948
G1 X438.866 Y173.706 F3554.948
G1 X439.192 Y174.268 F3554.948
G1 X439.581 Y174.828 F3554.948
G1 X439.970 Y175.388 F3554.948
G1 X440.359 Y175.949 F3554.948
G1 X440.748 Y176.509 F3554.948
G1 X441.188 Y177.070 F3554.948
G1 X441.628 Y177.632 F3554.948
G1 X442.068 Y178.194 F3554.948
G1 X442.508 Y178.755 F3554.948
G1 X442.988 Y179.323 F3554.948
G1 X443.468 Y179.892 F3554.948
G1 X443.948 Y180.460 F3554.948
G1 X444.429 Y181.028 F3554.948
G1 X444.934 Y181.612 F3554.948
G1 X445.439 Y182.196 F3554.948
G1 X445.945 Y182.780 F3554.948
G1 X446.450 Y183.364 F3554.948
G1 X446.956 Y183.974 F3554.948
G1 X447.462 Y184.584 F3554.948
G1 X447.968 Y185.194 F3554.948
G1 X448.474 Y185.804 F3554.948
G1 X448.859 Y186.318 F3554.948
G1 X449.243 Y186.832 F3554.948
G1 X449.628 Y187.347 F3554.948
G1 X450.013 Y187.861 F3554.948
G1 X450.398 Y188.375 F3554.948
G1 X450.740 Y188.920 F3554.948
G1 X451.082 Y189.464 F3554.948
G1 X451.425 Y190.009 F3554.948
G1 X451.767 Y190.553 F3554.948
G1 X452.109 Y191.098 F3554.948
G1 X452.395 Y191.672 F3554.948
G1 X452.680 Y192.245 F3554.948
G1 X452.965 Y192.819 F3554.948
G1 X453.250 Y193.392 F3554.948
G1 X453.536 Y193.966 F3554.948
G1 X453.791 Y194.722 F3554.948
G1 X454.046 Y195.478 F3554.948
G1 X454.301 Y196.234 F3554.948
G1 X454.557 Y196.990 F3554.948
G1 X454.712 Y197.772 F3554.948
G1 X454.868 Y198.554 F3554.948
G1 X455.023 Y199.336 F3554.948
G1 X455.179 Y200.118 F3554.948
G1 X455.245 Y200.911 F3554.948
G1 X455.312 Y201.705 F3554.948
G1 X455.379 Y202.499 F3554.948
G1 X455.446 Y203.293 F3554.948
G1 X455.440 Y204.082 F3554.948
G1 X455.434 Y204.871 F3554.948
G1 X455.428 Y205.660 F3554.948
G1 X455.422 Y206.449 F3554.948
G1 X455.372 Y207.216 F3554.948
G1 X455.321 Y207.982 F3554.948
G1 X455.271 Y208.749 F3554.948
G1 X455.221 Y209.516 F3554.948
G1 X455.161 Y210.245 F3554.948
G1 X455.102 Y210.973 F3554.948
G1 X455.042 Y211.702 F3554.948
G1 X454.983 Y212.431 F3554.948
G1 X454.949 Y213.111 F3554.948
G1 X454.915 Y213.790 F3554.948
G1 X454.882 Y214.469 F3554.948
G1 X454.848 Y215.149 F3554.948
G1 X454.868 Y215.774 F3554.948
G1 X454.889 Y216.399 F3554.948
G1 X454.909 Y217.024 F3554.948
G1 X454.930 Y217.649 F3554.948
G1 X455.047 Y218.417 F3554.948
G1 X455.164 Y219.185 F3554.948
G1 X455.282 Y219.953 F3554.948
G1 X455.491 Y220.670 F3554.948
G1 X455.700 Y221.386 F3554.948
G1 X455.909 Y222.102 F3554.948
G1 X456.198 Y222.786 F3554.948
G1 X456.487 Y223.471 F3554.948
G1 X456.777 Y224.155 F3554.948
G1 X457.135 Y224.827 F3554.948
G1 X457.493 Y225.499 F3554.948
G1 X457.851 Y226.171 F3554.948
G1 X458.257 Y226.851 F3554.948
G1 X458.662 Y227.531 F3554.948
G1 X459.068 Y228.211 F3554.948
G1 X459.380 Y228.744 F3554.948
G1 X459.692 Y229.276 F3554.948
G1 X460.005 Y229.808 F3554.948
G1 X460.317 Y230.341 F3554.948
G1 X460.607 Y230.914 F3554.948
G1 X460.898 Y231.488 F3554.948
G1 X461.188 Y232.061 F3554.948
G1 X461.478 Y232.635 F3554.948
G1 X461.722 Y233.270 F3554.948
G1 X461.965 Y233.905 F3554.948
G1 X462.209 Y234.540 F3554.948
G1 X462.452 Y235.175 F3554.948
G1 X462.645 Y235.889 F3554.948
G1 X462.838 Y236.604 F3554.948
G1 X463.031 Y237.318 F3554.948
G1 X463.225 Y238.032 F3554.948
G1 X463.335 Y238.681 F3554.948
G1 X463.445 Y239.329 F3554.948
G1 X463.555 Y239.977 F3554.948
G1 X463.665 Y240.625 F3554.948
G1 X463.775 Y241.274 F3554.948
G1 X463.840 Y242.008 F3554.948
G1 X463.905 Y242.743 F3554.948
G1 X463.970 Y243.477 F3554.948
G1 X464.035 Y244.211 F3554.948
G1 X464.100 Y244.946 F3554.948
G1 X464.123 Y245.626 F3554.948
G1 X464.145 Y246.306 F3554.948
G1 X464.168 Y246.986 F3554.948
G1 X464.190 Y247.666 F3554.948
G1 X464.213 Y248.346 F3554.948
G1 X464.235 Y249.026 F3554.948
G1 X464.238 Y249.757 F3554.948
G1 X464.241 Y250.487 F3554.948
G1 X464.243 Y251.218 F3554.948
G1 X464.246 Y251.949 F3554.948
G1 X464.249 Y252.679 F3554.948
G1 X464.251 Y253.410 F3554.948
G1 X464.250 Y254.162 F3554.948
G1 X464.249 Y254.914 F3554.948
G1 X464.249 Y255.666 F3554.948
G1 X464.248 Y256.417 F3554.948
G1 X464.247 Y257.169 F3554.948
G1 X464.246 Y257.921 F3554.948
G1 X464.259 Y258.663 F3554.948
G1 X464.271 Y259.405 F3554.948
G1 X464.284 Y260.148 F3554.948
G1 X464.297 Y260.890 F3554.948
G1 X464.310 Y261.632 F3554.948
G1 X464.323 Y262.374 F3554.948
G1 X464.361 Y263.079 F3554.948
G1 X464.400 Y263.785 F3554.948
G1 X464.439 Y264.490 F3554.948
G1 X464.478 Y265.195 F3554.948
G1 X464.517 Y265.900 F3554.948
G1 X464.555 Y266.606 F3554.948
G1 X464.649 Y267.390 F3554.948
G1 X464.742 Y268.175 F3554.948
G1 X464.835 Y268.960 F3554.948
G1 X464.928 Y269.744 F3554.948
G1 X465.021 Y270.529 F3554.948
G1 X465.175 Y271.250 F3554.948
G1 X465.329 Y271.970 F3554.948
G1 X465.483 Y272.691 F3554.948
G1 X465.637 Y273.411 F3554.948
G1 X465.791 Y274.132 F3554.948
G1 X466.014 Y274.798 F3554.948
G1 X466.238 Y275.465 F3554.948
G1 X466.461 Y276.132 F3554.948
G1 X466.684 Y276.798 F3554.948
G1 X466.908 Y277.465 F3554.948
G1 X467.199 Y278.098 F3554.948
G1 X467.490 Y278.730 F3554.948
G1 X467.781 Y279.362 F3554.948
G1 X468.072 Y279.995 F3554.948
G1 X468.363 Y280.627 F3554.948
G1 X468.712 Y281.248 F3554.948
G1 X469.061 Y281.869 F3554.948
G1 X469.411 Y282.490 F3554.948
G1 X469.760 Y283.110 F3554.948
G1 X470.109 Y283.731 F3554.948
G1 X470.508 Y284.358 F3554.948
G1 X470.907 Y284.985 F3554.948
G1 X471.306 Y285.612 F3554.948
G1 X471.705 Y286.239 F3554.948
G1 X472.104 Y286.867 F3554.948
G1 X472.535 Y287.510 F3554.948
G1 X472.967 Y288.154 F3554.948
G1 X473.398 Y288.798 F3554.948
G1 X473.829 Y289.442 F3554.948
G1 X474.260 Y290.086 F3554.948
G1 X474.709 Y290.745 F3554.948
G1 X475.158 Y291.404 F3554.948
G1 X475.607 Y292.063 F3554.948
G1 X476.055 Y292.722 F3554.948
G1 X476.504 Y293.381 F3554.948
G1 X476.881 Y293.937 F3554.948
G1 X477.258 Y294.493 F3554.948
G1 X477.635 Y295.049 F3554.948
G1 X478.012 Y295.605 F3554.948
G1 X478.389 Y296.161 F3554.948
G1 X478.766 Y296.717 F3554.948
G1 X479.140 Y297.273 F3554.948
G1 X479.513 Y297.829 F3554.948
G1 X479.887 Y298.385 F3554.948
G1 X480.260 Y298.941 F3554.948
G1 X480.634 Y299.497 F3554.948
G1 X481.007 Y300.053 F3554.948
G1 X481.449 Y300.713 F3554.948
G1 X481.890 Y301.374 F3554.948
G1 X482.331 Y302.035 F3554.948
G1 X482.773 Y302.695 F3554.948
G1 X483.214 Y303.356 F3554.948
G1 X483.645 Y304.007 F3554.948
G1 X484.075 Y304.657 F3554.948
G1 X484.506 Y305.308 F3554.948
G1 X484.937 Y305.958 F3554.948
G1 X485.368 Y306.609 F3554.948
G1 X485.785 Y307.248 F3554.948
G1 X486.203 Y307.886 F3554.948
G1 X486.620 Y308.525 F3554.948
G1 X487.038 Y309.164 F3554.948
G1 X487.455 Y309.802 F3554.948
G1 X487.859 Y310.428 F3554.948
G1 X488.263 Y311.054 F3554.948
G1 X488.666 Y311.680 F3554.948
G1 X489.070 Y312.306 F3554.948
G1 X489.474 Y312.932 F3554.948
G1 X489.856 Y313.544 F3554.948
G1 X490.238 Y314.157 F3554.948
G1 X490.620 Y314.769 F3554.948
G1 X491.002 Y315.382 F3554.948
G1 X491.384 Y315.994 F3554.948
G1 X491.736 Y316.594 F3554.948
G1 X492.088 Y317.193 F3554.948
G1 X492.440 Y317.792 F3554.948
G1 X492.792 Y318.392 F3554.948
G1 X493.144 Y318.991 F3554.948
G1 X493.433 Y319.579 F3554.948
G1 X493.721 Y320.167 F3554.948
G1 X494.010 Y320.755 F3554.948
G1 X494.299 Y321.343 F3554.948
G1 X494.588 Y321.932 F3554.948
G1 X494.818 Y322.655 F3554.948
G1 X495.047 Y323.379 F3554.948
G1 X495.277 Y324.103 F3554.948
G1 X495.506 Y324.827 F3554.948
G1 X495.573 Y325.542 F3554.948
G1 X495.640 Y326.257 F3554.948
G1 X495.707 Y326.971 F3554.948
G1 X495.774 Y327.686 F3554.948
G1 X495.673 Y328.394 F3554.948
G1 X495.573 Y329.101 F3554.948
G1 X495.472 Y329.809 F3554.948
G1 X495.371 Y330.516 F3554.948
G1 X495.122 Y331.220 F3554.948
G1 X494.873 Y331.923 F3554.948
G1 X494.623 Y332.626 F3554.948
G1 X494.374 Y333.329 F3554.948
G1 X494.016 Y334.030 F3554.948
G1 X493.658 Y334.731 F3554.948
G1 X493.300 Y335.432 F3554.948
G1 X492.943 Y336.132 F3554.948
G1 X492.612 Y336.692 F3554.948
G1 X492.281 Y337.251 F3554.948
G1 X491.950 Y337.810 F3554.948
G1 X491.620 Y338.369 F3554.948
G1 X491.289 Y338.928 F3554.948
G1 X490.942 Y339.485 F3554.948
G1 X490.596 Y340.043 F3554.948
G1 X490.249 Y340.601 F3554.948
G1 X489.903 Y341.158 F3554.948
G1 X489.556 Y341.716 F3554.948
G1 X489.204 Y342.271 F3554.948
G1 X488.852 Y342.827 F3554.948
G1 X488.500 Y343.382 F3554.948
G1 X488.148 Y343.938 F3554.948
G1 X487.796 Y344.493 F3554.948
G1 X487.447 Y345.046 F3554.948
G1 X487.098 Y345.598 F3554.948
G1 X486.749 Y346.151 F3554.948
G1 X486.399 Y346.703 F3554.948
G1 X486.050 Y347.256 F3554.948
G1 X485.711 Y347.803 F3554.948
G1 X485.372 Y348.351 F3554.948
G1 X485.033 Y348.898 F3554.948
G1 X484.693 Y349.446 F3554.948
G1 X484.354 Y349.994 F3554.948
G1 X483.953 Y350.668 F3554.948
G1 X483.551 Y351.343 F3554.948
G1 X483.150 Y352.017 F3554.948
G1 X482.748 Y352.692 F3554.948
G1 X482.388 Y353.355 F3554.948
G1 X482.027 Y354.018 F3554.948
G1 X481.667 Y354.680 F3554.948
G1 X481.306 Y355.343 F3554.948
G1 X480.995 Y355.987 F3554.948
G1 X480.683 Y356.631 F3554.948
G1 X480.372 Y357.276 F3554.948
G1 X480.060 Y357.920 F3554.948
G1 X479.799 Y358.542 F3554.948
G1 X479.537 Y359.164 F3554.948
G1 X479.276 Y359.787 F3554.948
G1 X479.015 Y360.409 F3554.948
G1 X478.791 Y361.011 F3554.948
G1 X478.566 Y361.612 F3554.948
G1 X478.342 Y362.214 F3554.948
G1 X478.118 Y362.815 F3554.948
G1 X477.914 Y363.394 F3554.948
G1 X477.711 Y363.974 F3554.948
G1 X477.507 Y364.553 F3554.948
G1 X477.303 Y365.132 F3554.948
G1 X477.026 Y365.870 F3554.948
G1 X476.749 Y366.608 F3554.948
G1 X476.472 Y367.346 F3554.948
G1 X476.167 Y368.052 F3554.948
G1 X475.862 Y368.758 F3554.948
G1 X475.557 Y369.464 F3554.948
G1 X475.212 Y370.146 F3554.948
G1 X474.867 Y370.828 F3554.948
G1 X474.522 Y371.510 F3554.948
G1 X474.112 Y372.171 F3554.948
G1 X473.702 Y372.832 F3554.948
G1 X473.292 Y373.493 F3554.948
G1 X472.900 Y373.969 F3554.948
G1 X472.509 Y374.445 F3554.948
G1 X472.117 Y374.920 F3554.948
G1 X471.726 Y375.396 F3554.948
G1 X471.248 Y375.853 F3554.948
G1 X470.770 Y376.311 F3554.948
G1 X470.293 Y376.768 F3554.948
G1 X469.815 Y377.225 F3554.948
G1 X469.259 Y377.665 F3554.948
G1 X468.703 Y378.104 F3554.948
G1 X468.146 Y378.543 F3554.948
G1 X467.590 Y378.983 F3554.948
G1 X466.970 Y379.406 F3554.948
G1 X466.349 Y379.830 F3554.948
G1 X465.729 Y380.253 F3554.948
G1 X465.108 Y380.677 F3554.948
G1 X464.448 Y381.090 F3554.948
G1 X463.788 Y381.503 F3554.948
G1 X463.128 Y381.917 F3554.948
G1 X462.468 Y382.330 F3554.948
G1 X461.787 Y382.744 F3554.948
G1 X461.107 Y383.159 F3554.948
G1 X460.426 Y383.574 F3554.948
G1 X459.745 Y383.988 F3554.948
G1 X459.197 Y384.331 F3554.948
G1 X458.648 Y384.673 F3554.948
G1 X458.099 Y385.015 F3554.948
G1 X457.550 Y385.358 F3554.948
G1 X457.002 Y385.700 F3554.948
G1 X456.459 Y386.060 F3554.948
G1 X455.917 Y386.420 F3554.948
G1 X455.374 Y386.779 F3554.948
G1 X454.832 Y387.139 F3554.948
G1 X454.290 Y387.499 F3554.948
G1 X453.760 Y387.882 F3554.948
G1 X453.230 Y388.264 F3554.948
G1 X452.700 Y388.647 F3554.948
G1 X452.171 Y389.030 F3554.948
G1 X451.641 Y389.413 F3554.948
G1 X451.124 Y389.815 F3554.948
G1 X450.606 Y390.217 F3554.948
G1 X450.089 Y390.619 F3554.948
G1 X449.571 Y391.021 F3554.948
G1 X449.053 Y391.424 F3554.948
G1 X448.549 Y391.842 F3554.948
G1 X448.045 Y392.260 F3554.948
G1 X447.541 Y392.677 F3554.948
G1 X447.036 Y393.095 F3554.948
G1 X446.532 Y393.513 F3554.948
G1 X446.039 Y393.941 F3554.948
G1 X445.547 Y394.368 F3554.948
G1 X445.054 Y394.796 F3554.948
G1 X444.561 Y395.224 F3554.948
G1 X444.069 Y395.651 F3554.948
G1 X443.587 Y396.083 F3554.948
G1 X443.105 Y396.515 F3554.948
G1 X442.623 Y396.946 F3554.948
G1 X442.140 Y397.378 F3554.948
G1 X441.658 Y397.810 F3554.948
G1 X441.068 Y398.348 F3554.948
G1 X440.478 Y398.886 F3554.948
G1 X439.888 Y399.425 F3554.948
G1 X439.298 Y399.963 F3554.948
G1 X438.720 Y400.491 F3554.948
G1 X438.142 Y401.019 F3554.948
G1 X437.564 Y401.548 F3554.948
G1 X436.986 Y402.076 F3554.948
G1 X436.422 Y402.583 F3554.948
G1 X435.859 Y403.089 F3554.948
G1 X435.295 Y403.595 F3554.948
G1 X434.732 Y404.102 F3554.948
G1 X434.182 Y404.575 F3554.948
G1 X433.632 Y405.049 F3554.948
G1 X433.083 Y405.522 F3554.948
G1 X432.533 Y405.996 F3554.948
G1 X432.000 Y406.430 F3554.948
G1 X431.468 Y406.863 F3554.948
G1 X430.935 Y407.297 F3554.948
G1 X430.403 Y407.731 F3554.948
G1 X429.884 Y408.117 F3554.948
G1 X429.366 Y408.503 F3554.948
G1 X428.847 Y408.889 F3554.948
G1 X428.329 Y409.274 F3554.948
G1 X427.825 Y409.612 F3554.948
G1 X427.321 Y409.950 F3554.948
G1 X426.817 Y410.288 F3554.948
G1 X426.313 Y410.625 F3554.948
G1 X425.650 Y410.995 F3554.948
G1 X424.988 Y411.365 F3554.948
G1 X424.326 Y411.734 F3554.948
G1 X423.668 Y412.020 F3554.948
G1 X423.011 Y412.306 F3554.948
G1 X422.354 Y412.591 F3554.948
G1 X421.694 Y412.785 F3554.948
G1 X421.033 Y412.978 F3554.948
G1 X420.373 Y413.171 F3554.948
G1 X419.694 Y413.262 F3554.948
G1 X419.014 Y413.353 F3554.948
G1 X418.335 Y413.443 F3554.948
G1 X417.617 Y413.411 F3554.948
G1 X416.900 Y413.379 F3554.948
G1 X416.182 Y413.346 F3554.948
G1 X415.404 Y413.188 F3554.948
G1 X414.626 Y413.030 F3554.948
G1 X413.848 Y412.871 F3554.948
G1 X413.213 Y412.670 F3554.948
G1 X412.578 Y412.468 F3554.948
G1 X411.943 Y412.266 F3554.948
G1 X411.308 Y412.064 F3554.948
G1 X410.635 Y411.819 F3554.948
G1 X409.961 Y411.573 F3554.948
G1 X409.288 Y411.328 F3554.948
G1 X408.615 Y411.083 F3554.948
G1 X407.929 Y410.845 F3554.948
G1 X407.244 Y410.607 F3554.948
G1 X406.559 Y410.369 F3554.948
G1 X405.873 Y410.131 F3554.948
G1 X405.194 Y409.929 F3554.948
G1 X404.515 Y409.727 F3554.948
G1 X403.836 Y409.525 F3554.948
G1 X403.156 Y409.323 F3554.948
G1 X402.487 Y409.163 F3554.948
G1 X401.817 Y409.003 F3554.948
G1 X401.148 Y408.843 F3554.948
G1 X400.479 Y408.683 F3554.948
G1 X399.819 Y408.563 F3554.948
G1 X399.160 Y408.443 F3554.948
G1 X398.500 Y408.323 F3554.948
G1 X397.841 Y408.203 F3554.948
G1 X397.190 Y408.122 F3554.948
G1 X396.539 Y408.040 F3554.948
G1 X395.888 Y407.959 F3554.948
G1 X395.237 Y407.878 F3554.948
G1 X394.596 Y407.834 F3554.948
G1 X393.954 Y407.791 F3554.948
G1 X393.312 Y407.748 F3554.948
G1 X392.671 Y407.705 F3554.948
G1 X392.035 Y407.701 F3554.948
G1 X391.399 Y407.698 F3554.948
G1 X390.764 Y407.695 F3554.948
G1 X390.128 Y407.691 F3554.948
G1 X389.489 Y407.729 F3554.948
G1 X388.850 Y407.767 F3554.948
G1 X388.211 Y407.805 F3554.948
G1 X387.572 Y407.843 F3554.948
G1 X386.920 Y407.923 F3554.948
G1 X386.268 Y408.002 F3554.948
G1 X385.616 Y408.082 F3554.948
G1 X384.963 Y408.162 F3554.948
G1 X384.299 Y408.278 F3554.948
G1 X383.634 Y408.394 F3554.948
G1 X382.969 Y408.510 F3554.948
G1 X382.304 Y408.626 F3554.948
G1 X381.637 Y408.770 F3554.948
G1 X380.970 Y408.913 F3554.948
G1 X380.302 Y409.056 F3554.948
G1 X379.635 Y409.199 F3554.948
G1 X378.983 Y409.355 F3554.948
G1 X378.330 Y409.511 F3554.948
G1 X377.678 Y409.667 F3554.948
G1 X377.026 Y409.823 F3554.948
G1 X376.417 Y409.979 F3554.948
G1 X375.808 Y410.135 F3554.948
G1 X375.198 Y410.290 F3554.948
G1 X374.589 Y410.446 F3554.948
G1 X373.868 Y410.640 F3554.948
G1 X373.146 Y410.833 F3554.948
G1 X372.425 Y411.027 F3554.948
G1 X371.821 Y411.197 F3554.948
G1 X371.217 Y411.368 F3554.948
G1 X370.612 Y411.538 F3554.948
G1 X369.927 Y411.747 F3554.948
G1 X369.242 Y411.956 F3554.948
G1 X368.805 Y412.111 F3554.948
G1 X368.369 Y412.266 F3554.948
G1 X368.014 Y412.464 F3554.948
G1 X368.157 Y412.559 F3554.948
G1 X368.779 Y412.557 F3554.948
G1 X369.307 Y412.515 F3554.948
G1 X369.835 Y412.473 F3554.948
G1 X370.552 Y412.398 F3554.948
G1 X371.269 Y412.322 F3554.948
G1 X371.852 Y412.258 F3554.948
G1 X372.436 Y412.194 F3554.948
G1 X373.020 Y412.130 F3554.948
G1 X373.690 Y412.061 F3554.948
G1 X374.361 Y411.991 F3554.948
G1 X375.031 Y411.922 F3554.948
G1 X375.774 Y411.856 F3554.948
G1 X376.518 Y411.790 F3554.948
G1 X377.261 Y411.724 F3554.948
G1 X377.861 Y411.684 F3554.948
G1 X378.461 Y411.644 F3554.948
G1 X379.061 Y411.603 F3554.948
G1 X379.661 Y411.563 F3554.948
G1 X380.294 Y411.539 F3554.948
G1 X380.926 Y411.515 F3554.948
G1 X381.558 Y411.491 F3554.948
G1 X382.191 Y411.467 F3554.948
G1 X382.845 Y411.470 F3554.948
G1 X383.500 Y411.473 F3554.948
G1 X384.155 Y411.476 F3554.948
G1 X384.810 Y411.479 F3554.948
G1 X385.482 Y411.521 F3554.948
G1 X386.154 Y411.562 F3554.948
G1 X386.826 Y411.604 F3554.948
G1 X387.498 Y411.645 F3554.948
G1 X388.188 Y411.738 F3554.948
G1 X388.878 Y411.830 F3554.948
G1 X389.568 Y411.923 F3554.948
G1 X390.258 Y412.015 F3554.948
G1 X390.968 Y412.166 F3554.948
G1 X391.679 Y412.316 F3554.948
G1 X392.389 Y412.466 F3554.948
G1 X393.099 Y412.617 F3554.948
G1 X393.832 Y412.831 F3554.948
G1 X394.564 Y413.046 F3554.948
G1 X395.296 Y413.260 F3554.948
G1 X396.028 Y413.474 F3554.948
G1 X396.776 Y413.755 F3554.948
G1 X397.525 Y414.036 F3554.948
G1 X398.273 Y414.317 F3554.948
G1 X399.021 Y414.598 F3554.948
G1 X399.621 Y414.867 F3554.948
G1 X400.221 Y415.136 F3554.948
G1 X400.821 Y415.405 F3554.948
G1 X401.421 Y415.674 F3554.948
G1 X402.021 Y415.942 F3554.948
G1 X402.745 Y416.269 F3554.948
G1 X403.468 Y416.596 F3554.948
G1 X404.192 Y416.923 F3554.948
G1 X404.916 Y417.249 F3554.948
G1 X405.588 Y417.512 F3554.948
G1 X406.261 Y417.774 F3554.948
G1 X406.934 Y418.037 F3554.948
G1 X407.606 Y418.299 F3554.948
G1 X408.216 Y418.476 F3554.948
G1 X408.825 Y418.653 F3554.948
G1 X409.434 Y418.829 F3554.948
G1 X410.043 Y419.006 F3554.948
G1 X410.782 Y419.161 F3554.948
G1 X411.521 Y419.316 F3554.948
G1 X412.261 Y419.471 F3554.948
G1 X412.961 Y419.593 F3554.948
G1 X413.661 Y419.715 F3554.948
G1 X414.361 Y419.837 F3554.948
G1 X415.062 Y419.970 F3554.948
G1 X415.764 Y420.103 F3554.948
G1 X416.465 Y420.236 F3554.948
G1 X417.214 Y420.419 F3554.948
G1 X417.964 Y420.602 F3554.948
G1 X418.714 Y420.785 F3554.948
G1 X419.347 Y420.987 F3554.948
G1 X419.981 Y421.190 F3554.948
G1 X420.615 Y421.392 F3554.948
G1 X421.248 Y421.594 F3554.948
G1 X421.979 Y421.880 F3554.948
G1 X422.709 Y422.166 F3554.948
G1 X423.439 Y422.452 F3554.948
G1 X424.169 Y422.739 F3554.948
G1 X424.834 Y423.039 F3554.948
G1 X425.498 Y423.339 F3554.948
G1 X426.162 Y423.639 F3554.948
G1 X426.826 Y423.938 F3554.948
G1 X427.490 Y424.238 F3554.948
G1 X428.094 Y424.536 F3554.948
G1 X428.698 Y424.834 F3554.948
G1 X429.302 Y425.132 F3554.948
G1 X429.906 Y425.430 F3554.948
G1 X430.511 Y425.728 F3554.948
G1 X431.115 Y426.025 F3554.948
G1 X431.736 Y426.351 F3554.948
G1 X432.357 Y426.677 F3554.948
G1 X432.977 Y427.003 F3554.948
G1 X433.598 Y427.329 F3554.948
G1 X434.219 Y427.655 F3554.948
G1 X434.840 Y427.980 F3554.948
G1 X435.433 Y428.313 F3554.948
G1 X436.026 Y428.645 F3554.948
G1 X436.619 Y428.978 F3554.948
G1 X437.212 Y429.310 F3554.948
G1 X437.806 Y429.643 F3554.948
G1 X438.399 Y429.975 F3554.948
G1 X439.035 Y430.366 F3554.948
G1 X439.672 Y430.756 F3554.948
G1 X440.308 Y431.147 F3554.948
G1 X440.945 Y431.537 F3554.948
G1 X441.582 Y431.928 F3554.948
G1 X442.142 Y432.304 F3554.948
G1 X442.701 Y432.679 F3554.948
G1 X443.261 Y433.055 F3554.948
G1 X443.821 Y433.430 F3554.948
G1 X444.381 Y433.806 F3554.948
G1 X445.019 Y434.262 F3554.948
G1 X445.658 Y434.719 F3554.948
G1 X446.296 Y435.176 F3554.948
G1 X446.934 Y435.632 F3554.948
G1 X447.546 Y436.086 F3554.948
G1 X448.158 Y436.539 F3554.948
G1 X448.770 Y436.993 F3554.948
G1 X449.382 Y437.446 F3554.948
G1 X449.991 Y437.905 F3554.948
G1 X450.601 Y438.364 F3554.948
G1 X451.211 Y438.822 F3554.948
G1 X451.821 Y439.281 F3554.948
G1 X452.433 Y439.745 F3554.948
G1 X453.045 Y440.210 F3554.948
G1 X453.657 Y440.674 F3554.948
G1 X454.268 Y441.138 F3554.948
G1 X454.882 Y441.607 F3554.948
G1 X455.495 Y442.075 F3554.948
G1 X456.108 Y442.543 F3554.948
G1 X456.721 Y443.011 F3554.948
G1 X457.342 Y443.482 F3554.948
G1 X457.962 Y443.952 F3554.948
G1 X458.582 Y444.422 F3554.948
G1 X459.203 Y444.892 F3554.948
G1 X459.739 Y445.275 F3554.948
G1 X460.275 Y445.658 F3554.948
G1 X460.811 Y446.041 F3554.948
G1 X461.347 Y446.423 F3554.948
G1 X461.883 Y446.806 F3554.948
G1 X462.496 Y447.202 F3554.948
G1 X463.109 Y447.598 F3554.948
G1 X463.721 Y447.993 F3554.948
G1 X464.334 Y448.389 F3554.948
G1 X464.947 Y448.785 F3554.948
G1 X465.527 Y449.127 F3554.948
G1 X466.108 Y449.470 F3554.948
G1 X466.688 Y449.812 F3554.948
G1 X467.268 Y450.155 F3554.948
G1 X467.849 Y450.497 F3554.948
G1 X468.429 Y450.840 F3554.948
G1 X469.031 Y451.187 F3554.948
G1 X469.633 Y451.533 F3554.948
G1 X470.235 Y451.880 F3554.948
G1 X470.837 Y452.226 F3554.948
G1 X471.439 Y452.573 F3554.948
G1 X472.040 Y452.920 F3554.948
G1 X472.638 Y453.263 F3554.948
G1 X473.236 Y453.606 F3554.948
G1 X473.833 Y453.949 F3554.948
G1 X474.431 Y454.292 F3554.948
G1 X475.028 Y454.636 F3554.948
G1 X475.626 Y454.979 F3554.948
G1 X476.213 Y455.316 F3554.948
G1 X476.800 Y455.654 F3554.948
G1 X477.388 Y455.991 F3554.948
G1 X477.975 Y456.329 F3554.948
G1 X478.562 Y456.666 F3554.948
G1 X479.150 Y457.003 F3554.948
G1 X479.728 Y457.335 F3554.948
G1 X480.307 Y457.667 F3554.948
G1 X480.885 Y457.999 F3554.948
G1 X481.464 Y458.331 F3554.948
G1 X482.043 Y458.663 F3554.948
G1 X482.621 Y458.995 F3554.948
G1 X483.303 Y459.387 F3554.948
G1 X483.985 Y459.778 F3554.948
G1 X484.667 Y460.169 F3554.948
G1 X485.350 Y460.561 F3554.948
G1 X486.032 Y460.952 F3554.948
G1 X486.701 Y461.335 F3554.948
G1 X487.369 Y461.719 F3554.948
G1 X488.038 Y462.102 F3554.948
G1 X488.707 Y462.485 F3554.948
G1 X489.376 Y462.868 F3554.948
G1 X490.022 Y463.241 F3554.948
G1 X490.668 Y463.614 F3554.948
G1 X491.314 Y463.988 F3554.948
G1 X491.960 Y464.361 F3554.948
G1 X492.607 Y464.734 F3554.948
G1 X493.198 Y465.097 F3554.948
G1 X493.789 Y465.461 F3554.948
G1 X494.380 Y465.824 F3554.948
G1 X494.971 Y466.188 F3554.948
G1 X495.562 Y466.551 F3554.948
G1 X496.116 Y466.997 F3554.948
G1 X496.669 Y467.442 F3554.948
G1 X497.223 Y467.888 F3554.948
G1 X497.776 Y468.333 F3554.948
G1 X498.220 Y468.914 F3554.948
G1 X498.664 Y469.495 F3554.948
G1 X499.107 Y470.076 F3554.948
G1 X499.271 Y470.643 F3554.948
G1 X499.434 Y471.211 F3554.948
G1 X499.597 Y471.778 F3554.948
G1 X499.495 Y472.334 F3554.948
G1 X499.392 Y472.890 F3554.948
G1 X499.290 Y473.447 F3554.948
G1 X498.935 Y473.998 F3554.948
G1 X498.581 Y474.549 F3554.948
G1 X498.226 Y475.100 F3554.948
G1 X497.781 Y475.515 F3554.948
G1 X497.336 Y475.931 F3554.948
G1 X496.891 Y476.347 F3554.948
G1 X496.446 Y476.763 F3554.948
G1 X495.832 Y477.196 F3554.948
G1 X495.219 Y477.629 F3554.948
G1 X494.606 Y478.062 F3554.948
G1 X493.993 Y478.495 F3554.948
G1 X493.431 Y478.860 F3554.948
G1 X492.869 Y479.225 F3554.948
G1 X492.307 Y479.590 F3554.948
G1 X491.745 Y479.955 F3554.948
G1 X491.183 Y480.320 F3554.948
G1 X490.609 Y480.703 F3554.948
G1 X490.036 Y481.086 F3554.948
G1 X489.462 Y481.470 F3554.948
G1 X488.889 Y481.853 F3554.948
G1 X488.315 Y482.237 F3554.948
G1 X487.742 Y482.635 F3554.948
G1 X487.170 Y483.032 F3554.948
G1 X486.597 Y483.430 F3554.948
G1 X486.025 Y483.828 F3554.948
G1 X485.452 Y484.226 F3554.948
G1 X484.880 Y484.634 F3554.948
G1 X484.308 Y485.041 F3554.948
G1 X483.736 Y485.449 F3554.948
G1 X483.164 Y485.857 F3554.948
G1 X482.592 Y486.265 F3554.948
G1 X482.023 Y486.677 F3554.948
G1 X481.454 Y487.088 F3554.948
G1 X480.885 Y487.500 F3554.948
G1 X480.317 Y487.912 F3554.948
G1 X479.748 Y488.324 F3554.948
G1 X479.182 Y488.735 F3554.948
G1 X478.616 Y489.146 F3554.948
G1 X478.051 Y489.558 F3554.948
G1 X477.485 Y489.969 F3554.948
G1 X476.919 Y490.380 F3554.948
G1 X476.360 Y490.777 F3554.948
G1 X475.800 Y491.174 F3554.948
G1 X475.240 Y491.571 F3554.948
G1 X474.680 Y491.968 F3554.948
G1 X474.120 Y492.366 F3554.948
G1 X473.567 Y492.733 F3554.948
G1 X473.013 Y493.100 F3554.948
G1 X472.460 Y493.467 F3554.948
G1 X471.906 Y493.834 F3554.948
G1 X471.353 Y494.202 F3554.948
G1 X470.669 Y494.557 F3554.948
G1 X469.986 Y494.913 F3554.948
G1 X469.303 Y495.269 F3554.948
G1 X468.619 Y495.624 F3554.948
G1 X467.944 Y495.829 F3554.948
G1 X467.269 Y496.034 F3554.948
G1 X466.593 Y496.239 F3554.948
G1 X465.918 Y496.444 F3554.948
G1 X465.250 Y496.468 F3554.948
G1 X464.582 Y496.493 F3554.948
G1 X463.914 Y496.518 F3554.948
G1 X463.246 Y496.543 F3554.948
G1 X462.583 Y496.389 F3554.948
G1 X461.920 Y496.235 F3554.948
G1 X461.257 Y496.082 F3554.948
G1 X460.595 Y495.928 F3554.948
G1 X459.935 Y495.631 F3554.948
G1 X459.276 Y495.334 F3554.948
G1 X458.616 Y495.037 F3554.948
G1 X457.957 Y494.740 F3554.948
G1 X457.301 Y494.346 F3554.948
G1 X456.644 Y493.951 F3554.948
G1 X455.988 Y493.557 F3554.948
G1 X455.332 Y493.162 F3554.948
G1 X454.681 Y492.730 F3554.948
G1 X454.029 Y492.298 F3554.948
G1 X453.377 Y491.866 F3554.948
G1 X452.726 Y491.434 F3554.948
G1 X452.082 Y491.005 F3554.948
G1 X451.437 Y490.577 F3554.948
G1 X450.793 Y490.148 F3554.948
G1 X450.149 Y489.719 F3554.948
G1 X449.506 Y489.301 F3554.948
G1 X448.863 Y488.882 F3554.948
G1 X448.220 Y488.463 F3554.948
G1 X447.577 Y488.045 F3554.948
G1 X446.930 Y487.637 F3554.948
G1 X446.282 Y487.229 F3554.948
G1 X445.634 Y486.822 F3554.948
G1 X444.987 Y486.414 F3554.948
G1 X444.334 Y486.013 F3554.948
G1 X443.681 Y485.611 F3554.948
G1 X443.028 Y485.210 F3554.948
G1 X442.375 Y484.809 F3554.948
G1 X441.726 Y484.414 F3554.948
G1 X441.076 Y484.019 F3554.948
G1 X440.427 Y483.624 F3554.948
G1 X439.777 Y483.229 F3554.948
G1 X439.136 Y482.841 F3554.948
G1 X438.495 Y482.453 F3554.948
G1 X437.854 Y482.065 F3554.948
G1 X437.213 Y481.677 F3554.948
G1 X436.588 Y481.295 F3554.948
G1 X435.962 Y480.913 F3554.948
G1 X435.336 Y480.531 F3554.948
G1 X434.710 Y480.149 F3554.948
G1 X434.104 Y479.773 F3554.948
G1 X433.497 Y479.397 F3554.948
G1 X432.891 Y479.020 F3554.948
G1 X432.284 Y478.644 F3554.948
G1 X431.707 Y478.274 F3554.948
G1 X431.131 Y477.905 F3554.948
G1 X430.554 Y477.535 F3554.948
G1 X429.977 Y477.166 F3554.948
G1 X429.438 Y476.807 F3554.948
G1 X428.899 Y476.448 F3554.948
G1 X428.360 Y476.089 F3554.948
G1 X427.821 Y475.730 F3554.948
G1 X427.327 Y475.383 F3554.948
G1 X426.832 Y475.036 F3554.948
G1 X426.338 Y474.689 F3554.948
G1 X425.844 Y474.341 F3554.948
G1 X425.243 Y473.890 F3554.948
G1 X424.641 Y473.439 F3554.948
G1 X424.040 Y472.988 F3554.948
G1 X423.476 Y472.537 F3554.948
G1 X422.913 Y472.086 F3554.948
G1 X422.349 Y471.635 F3554.948
G1 X421.803 Y471.172 F3554.948
G1 X421.257 Y470.709 F3554.948
G1 X420.711 Y470.246 F3554.948
G1 X420.158 Y469.760 F3554.948
G1 X419.605 Y469.273 F3554.948
G1 X419.052 Y468.787 F3554.948
G1 X418.473 Y468.268 F3554.948
G1 X417.894 Y467.749 F3554.948
G1 X417.314 Y467.230 F3554.948
G1 X416.868 Y466.821 F3554.948
G1 X416.422 Y466.412 F3554.948
G1 X415.977 Y466.002 F3554.948
G1 X415.531 Y465.593 F3554.948
G1 X415.090 Y465.171 F3554.948
G1 X414.648 Y464.749 F3554.948
G1 X414.207 Y464.328 F3554.948
G1 X413.766 Y463.906 F3554.948
G1 X413.210 Y463.345 F3554.948
G1 X412.655 Y462.785 F3554.948
G1 X412.099 Y462.224 F3554.948
G1 X411.596 Y461.680 F3554.948
G1 X411.094 Y461.135 F3554.948
G1 X410.591 Y460.590 F3554.948
G1 X410.144 Y460.066 F3554.948
G1 X409.697 Y459.542 F3554.948
G1 X409.250 Y459.018 F3554.948
G1 X408.843 Y458.503 F3554.948
G1 X408.436 Y457.988 F3554.948
G1 X408.030 Y457.473 F3554.948
G1 X407.645 Y456.955 F3554.948
G1 X407.261 Y456.437 F3554.948
G1 X406.876 Y455.919 F3554.948
G1 X406.502 Y455.394 F3554.948
G1 X406.128 Y454.869 F3554.948
G1 X405.754 Y454.344 F3554.948
G1 X405.390 Y453.814 F3554.948
G1 X405.026 Y453.283 F3554.948
G1 X404.662 Y452.753 F3554.948
G1 X404.311 Y452.219 F3554.948
G1 X403.960 Y451.685 F3554.948
G1 X403.609 Y451.151 F3554.948
G1 X403.273 Y450.614 F3554.948
G1 X402.937 Y450.078 F3554.948
G1 X402.601 Y449.542 F3554.948
G1 X402.283 Y449.001 F3554.948
G1 X401.966 Y448.459 F3554.948
G1 X401.648 Y447.918 F3554.948
G1 X401.350 Y447.378 F3554.948
G1 X401.052 Y446.837 F3554.948
G1 X400.754 Y446.296 F3554.948
G1 X400.472 Y445.756 F3554.948
G1 X400.189 Y445.216 F3554.948
G1 X399.907 Y444.677 F3554.948
G1 X399.635 Y444.141 F3554.948
G1 X399.362 Y443.606 F3554.948
G1 X399.090 Y443.070 F3554.948
G1 X398.818 Y442.542 F3554.948
G1 X398.546 Y442.014 F3554.948
G1 X398.275 Y441.485 F3554.948
G1 X397.993 Y440.964 F3554.948
G1 X397.712 Y440.442 F3554.948
G1 X397.431 Y439.921 F3554.948
G1 X397.131 Y439.409 F3554.948
G1 X396.831 Y438.897 F3554.948
G1 X396.531 Y438.385 F3554.948
G1 X396.201 Y437.883 F3554.948
G1 X395.871 Y437.381 F3554.948
G1 X395.542 Y436.879 F3554.948
G1 X395.171 Y436.390 F3554.948
G1 X394.801 Y435.901 F3554.948
G1 X394.430 Y435.411 F3554.948
G1 X394.016 Y434.938 F3554.948
G1 X393.601 Y434.465 F3554.948
G1 X393.187 Y433.992 F3554.948
G1 X392.731 Y433.535 F3554.948
G1 X392.275 Y433.078 F3554.948
G1 X391.819 Y432.621 F3554.948
G1 X391.319 Y432.173 F3554.948
G1 X390.819 Y431.726 F3554.948
G1 X390.319 Y431.278 F3554.948
G1 X389.776 Y430.825 F3554.948
G1 X389.234 Y430.372 F3554.948
G1 X388.691 Y429.919 F3554.948
G1 X388.108 Y429.434 F3554.948
G1 X387.526 Y428.950 F3554.948
G1 X386.943 Y428.465 F3554.948
G1 X386.476 Y428.061 F3554.948
G1 X386.010 Y427.657 F3554.948
G1 X385.544 Y427.253 F3554.948
G1 X385.077 Y426.849 F3554.948
G1 X384.586 Y426.397 F3554.948
G1 X384.094 Y425.946 F3554.948
G1 X383.603 Y425.494 F3554.948
G1 X383.111 Y425.043 F3554.948
G1 X382.615 Y424.586 F3554.948
G1 X382.119 Y424.129 F3554.948
G1 X381.623 Y423.672 F3554.948
G1 X381.127 Y423.215 F3554.948
G1 X380.651 Y422.813 F3554.948
G1 X380.174 Y422.411 F3554.948
G1 X379.698 Y422.009 F3554.948
G1 X379.222 Y421.608 F3554.948
G1 X378.632 Y421.187 F3554.948
G1 X378.042 Y420.765 F3554.948
G1 X377.452 Y420.344 F3554.948
G1 X376.920 Y420.043 F3554.948
G1 X376.388 Y419.742 F3554.948
G1 X375.856 Y419.441 F3554.948
G1 X375.157 Y419.166 F3554.948
G1 X374.457 Y418.892 F3554.948
G1 X373.867 Y418.783 F3554.948
G1 X373.277 Y418.673 F3554.948
G1 X372.805 Y418.714 F3554.948
G1 X372.332 Y418.755 F3554.948
G1 X371.626 Y419.115 F3554.948
G1 X371.381 Y419.433 F3554.948
G1 X371.136 Y419.750 F3554.948
G1 X370.987 Y420.208 F3554.948
G1 X370.837 Y420.667 F3554.948
G1 X370.770 Y421.276 F3554.948
G1 X370.702 Y421.885 F3554.948
G1 X370.704 Y422.663 F3554.948
G1 X370.705 Y423.440 F3554.948
G1 X370.739 Y424.072 F3554.948
G1 X370.772 Y424.703 F3554.948
G1 X370.806 Y425.335 F3554.948
G1 X370.858 Y426.075 F3554.948
G1 X370.910 Y426.816 F3554.948
G1 X370.962 Y427.557 F3554.948
G1 X370.999 Y428.194 F3554.948
G1 X371.037 Y428.832 F3554.948
G1 X371.075 Y429.469 F3554.948
G1 X371.113 Y430.106 F3554.948
G1 X371.132 Y430.830 F3554.948
G1 X371.151 Y431.553 F3554.948
G1 X371.170 Y432.276 F3554.948
G1 X371.189 Y433.000 F3554.948
G1 X371.183 Y433.650 F3554.948
G1 X371.178 Y434.300 F3554.948
G1 X371.172 Y434.950 F3554.948
G1 X371.166 Y435.600 F3554.948
G1 X371.160 Y436.251 F3554.948
G1 X371.134 Y436.971 F3554.948
G1 X371.107 Y437.692 F3554.948
G1 X371.081 Y438.413 F3554.948
G1 X371.054 Y439.134 F3554.948
G1 X371.028 Y439.855 F3554.948
G1 X370.982 Y440.636 F3554.948
G1 X370.937 Y441.418 F3554.948
G1 X370.891 Y442.200 F3554.948
G1 X370.846 Y442.981 F3554.948
G1 X370.800 Y443.763 F3554.948
G1 X370.750 Y444.447 F3554.948
G1 X370.699 Y445.131 F3554.948
G1 X370.648 Y445.814 F3554.948
G1 X370.597 Y446.498 F3554.948
G1 X370.547 Y447.182 F3554.948
G1 X370.496 Y447.866 F3554.948
G1 X370.436 Y448.558 F3554.948
G1 X370.375 Y449.250 F3554.948
G1 X370.315 Y449.943 F3554.948
G1 X370.254 Y450.635 F3554.948
G1 X370.194 Y451.327 F3554.948
G1 X370.134 Y452.019 F3554.948
G1 X370.070 Y452.703 F3554.948
G1 X370.007 Y453.387 F3554.948
G1 X369.943 Y454.071 F3554.948
G1 X369.880 Y454.754 F3554.948
G1 X369.816 Y455.438 F3554.948
G1 X369.753 Y456.122 F3554.948
G1 X369.693 Y456.794 F3554.948
G1 X369.634 Y457.465 F3554.948
G1 X369.575 Y458.137 F3554.948
G1 X369.516 Y458.809 F3554.948
G1 X369.457 Y459.480 F3554.948
G1 X369.398 Y460.152 F3554.948
G1 X369.333 Y460.940 F3554.948
G1 X369.269 Y461.729 F3554.948
G1 X369.204 Y462.517 F3554.948
G1 X369.140 Y463.305 F3554.948
G1 X369.075 Y464.093 F3554.948
G1 X369.013 Y464.867 F3554.948
G1 X368.950 Y465.640 F3554.948
G1 X368.888 Y466.413 F3554.948
G1 X368.825 Y467.186 F3554.948
G1 X368.763 Y467.959 F3554.948
G1 X368.703 Y468.731 F3554.948
G1 X368.642 Y469.503 F3554.948
G1 X368.582 Y470.276 F3554.948
G1 X368.522 Y471.048 F3554.948
G1 X368.461 Y471.821 F3554.948
G1 X368.399 Y472.596 F3554.948
G1 X368.337 Y473.371 F3554.948
G1 X368.274 Y474.146 F3554.948
G1 X368.212 Y474.921 F3554.948
G1 X368.149 Y475.696 F3554.948
G1 X368.079 Y476.465 F3554.948
G1 X368.008 Y477.234 F3554.948
G1 X367.938 Y478.003 F3554.948
G1 X367.868 Y478.772 F3554.948
G1 X367.797 Y479.541 F3554.948
G1 X367.720 Y480.306 F3554.948
G1 X367.643 Y481.071 F3554.948
G1 X367.566 Y481.837 F3554.948
G1 X367.488 Y482.602 F3554.948
G1 X367.411 Y483.367 F3554.948
G1 X367.328 Y484.127 F3554.948
G1 X367.245 Y484.887 F3554.948
G1 X367.162 Y485.646 F3554.948
G1 X367.079 Y486.406 F3554.948
G1 X366.996 Y487.165 F3554.948
G1 X366.908 Y487.915 F3554.948
G1 X366.820 Y488.664 F3554.948
G1 X366.732 Y489.414 F3554.948
G1 X366.644 Y490.163 F3554.948
G1 X366.556 Y490.913 F3554.948
G1 X366.465 Y491.644 F3554.948
G1 X366.373 Y492.376 F3554.948
G1 X366.282 Y493.107 F3554.948
G1 X366.190 Y493.839 F3554.948
G1 X366.099 Y494.570 F3554.948
G1 X366.005 Y495.228 F3554.948
G1 X365.911 Y495.885 F3554.948
G1 X365.818 Y496.542 F3554.948
G1 X365.724 Y497.200 F3554.948
G1 X365.630 Y497.857 F3554.948
G1 X365.515 Y498.475 F3554.948
G1 X365.399 Y499.094 F3554.948
G1 X365.283 Y499.712 F3554.948
G1 X365.167 Y500.331 F3554.948
G1 X365.017 Y500.856 F3554.948
G1 X364.867 Y501.381 F3554.948
G1 X364.718 Y501.906 F3554.948
G1 X364.498 Y502.267 F3554.948
G1 X364.278 Y502.627 F3554.948
G1 X363.844 Y502.538 F3554.948
G1 X363.627 Y502.108 F3554.948
G1 X363.411 Y501.678 F3554.948
G1 X363.262 Y501.148 F3554.948
G1 X363.114 Y500.617 F3554.948
G1 X362.966 Y500.087 F3554.948
G1 X362.810 Y499.325 F3554.948
G1 X362.654 Y498.563 F3554.948
G1 X362.498 Y497.801 F3554.948
G1 X362.364 Y497.075 F3554.948
G1 X362.230 Y496.349 F3554.948
G1 X362.097 Y495.623 F3554.948
G1 X361.963 Y494.897 F3554.948
G1 X361.834 Y494.266 F3554.948
G1 X361.705 Y493.636 F3554.948
G1 X361.576 Y493.005 F3554.948
G1 X361.447 Y492.375 F3554.948
G1 X361.318 Y491.744 F3554.948
G1 X361.159 Y491.115 F3554.948
G1 X361.000 Y490.486 F3554.948
G1 X360.841 Y489.858 F3554.948
G1 X360.683 Y489.229 F3554.948
G1 X360.524 Y488.600 F3554.948
G1 X360.330 Y487.980 F3554.948
G1 X360.137 Y487.361 F3554.948
G1 X359.943 Y486.742 F3554.948
G1 X359.749 Y486.122 F3554.948
G1 X359.556 Y485.503 F3554.948
G1 X359.327 Y484.895 F3554.948
G1 X359.099 Y484.286 F3554.948
G1 X358.871 Y483.678 F3554.948
G1 X358.643 Y483.070 F3554.948
G1 X358.415 Y482.462 F3554.948
G1 X358.151 Y481.863 F3554.948
G1 X357.886 Y481.264 F3554.948
G1 X357.621 Y480.666 F3554.948
G1 X357.357 Y480.067 F3554.948
G1 X357.092 Y479.468 F3554.948
G1 X356.789 Y478.880 F3554.948
G1 X356.486 Y478.291 F3554.948
G1 X356.183 Y477.703 F3554.948
G1 X355.879 Y477.114 F3554.948
G1 X355.576 Y476.526 F3554.948
G1 X355.236 Y475.958 F3554.948
G1 X354.897 Y475.390 F3554.948
G1 X354.557 Y474.822 F3554.948
G1 X354.217 Y474.255 F3554.948
G1 X353.878 Y473.687 F3554.948
G1 X353.503 Y473.140 F3554.948
G1 X353.129 Y472.593 F3554.948
G1 X352.755 Y472.047 F3554.948
G1 X352.381 Y471.500 F3554.948
G1 X352.007 Y470.953 F3554.948
G1 X351.598 Y470.419 F3554.948
G1 X351.190 Y469.884 F3554.948
G1 X350.781 Y469.350 F3554.948
G1 X350.373 Y468.815 F3554.948
G1 X349.964 Y468.280 F3554.948
G1 X349.527 Y467.751 F3554.948
G1 X349.090 Y467.222 F3554.948
G1 X348.653 Y466.693 F3554.948
G1 X348.216 Y466.164 F3554.948
G1 X347.779 Y465.635 F3554.948
G1 X347.328 Y465.112 F3554.948
G1 X346.877 Y464.588 F3554.948
G1 X346.426 Y464.064 F3554.948
G1 X345.976 Y463.540 F3554.948
G1 X345.525 Y463.016 F3554.948
G1 X345.072 Y462.507 F3554.948
G1 X344.619 Y461.997 F3554.948
G1 X344.166 Y461.487 F3554.948
G1 X343.713 Y460.978 F3554.948
G1 X343.260 Y460.468 F3554.948
G1 X342.810 Y459.976 F3554.948
G1 X342.360 Y459.484 F3554.948
G1 X341.910 Y458.992 F3554.948
G1 X341.461 Y458.500 F3554.948
G1 X341.011 Y458.008 F3554.948
G1 X340.563 Y457.532 F3554.948
G1 X340.114 Y457.056 F3554.948
G1 X339.666 Y456.580 F3554.948
G1 X339.218 Y456.104 F3554.948
G1 X338.770 Y455.628 F3554.948
G1 X338.222 Y455.057 F3554.948
G1 X337.673 Y454.485 F3554.948
G1 X337.125 Y453.913 F3554.948
G1 X336.576 Y453.342 F3554.948
G1 X336.045 Y452.806 F3554.948
G1 X335.514 Y452.269 F3554.948
G1 X334.983 Y451.733 F3554.948
G1 X334.452 Y451.197 F3554.948
G1 X333.939 Y450.696 F3554.948
G1 X333.425 Y450.194 F3554.948
G1 X332.912 Y449.693 F3554.948
G1 X332.399 Y449.192 F3554.948
G1 X331.899 Y448.717 F3554.948
G1 X331.399 Y448.242 F3554.948
G1 X330.899 Y447.768 F3554.948
G1 X330.398 Y447.293 F3554.948
G1 X329.907 Y446.842 F3554.948
G1 X329.416 Y446.391 F3554.948
G1 X328.924 Y445.940 F3554.948
G1 X328.433 Y445.489 F3554.948
G1 X327.947 Y445.060 F3554.948
G1 X327.462 Y444.631 F3554.948
G1 X326.976 Y444.201 F3554.948
G1 X326.491 Y443.772 F3554.948
G1 X326.011 Y443.371 F3554.948
G1 X325.531 Y442.970 F3554.948
G1 X325.052 Y442.569 F3554.948
G1 X324.572 Y442.167 F3554.948
G1 X323.942 Y441.678 F3554.948
G1 X323.311 Y441.188 F3554.948
G1 X322.681 Y440.698 F3554.948
G1 X322.051 Y440.254 F3554.948
G1 X321.421 Y439.810 F3554.948
G1 X320.791 Y439.366 F3554.948
G1 X320.152 Y438.963 F3554.948
G1 X319.513 Y438.559 F3554.948
G1 X318.873 Y438.156 F3554.948
G1 X318.207 Y437.786 F3554.948
G1 X317.541 Y437.416 F3554.948
G1 X316.876 Y437.047 F3554.948
G1 X316.169 Y436.704 F3554.948
G1 X315.463 Y436.361 F3554.948
G1 X314.756 Y436.019 F3554.948
G1 X314.195 Y435.780 F3554.948
G1 X313.633 Y435.541 F3554.948
G1 X313.072 Y435.302 F3554.948
G1 X312.510 Y435.063 F3554.948
G1 X311.919 Y434.843 F3554.948
G1 X311.329 Y434.623 F3554.948
G1 X310.738 Y434.403 F3554.948
G1 X310.147 Y434.182 F3554.948
G1 X309.535 Y433.984 F3554.948
G1 X308.922 Y433.786 F3554.948
G1 X308.310 Y433.588 F3554.948
G1 X307.697 Y433.390 F3554.948
G1 X307.062 Y433.218 F3554.948
G1 X306.427 Y433.046 F3554.948
G1 X305.792 Y432.874 F3554.948
G1 X305.157 Y432.702 F3554.948
G1 X304.495 Y432.558 F3554.948
G1 X303.833 Y432.413 F3554.948
G1 X303.171 Y432.269 F3554.948
G1 X302.509 Y432.124 F3554.948
G1 X301.814 Y432.006 F3554.948
G1 X301.120 Y431.889 F3554.948
G1 X300.425 Y431.771 F3554.948
G1 X299.731 Y431.653 F3554.948
G1 X299.008 Y431.554 F3554.948
G1 X298.285 Y431.454 F3554.948
G1 X297.562 Y431.355 F3554.948
G1 X296.839 Y431.255 F3554.948
G1 X296.094 Y431.161 F3554.948
G1 X295.349 Y431.067 F3554.948
G1 X294.604 Y430.973 F3554.948
G1 X293.859 Y430.879 F3554.948
G1 X293.103 Y430.777 F3554.948
G1 X292.346 Y430.674 F3554.948
G1 X291.589 Y430.572 F3554.948
G1 X290.833 Y430.469 F3554.948
G1 X290.075 Y430.351 F3554.948
G1 X289.317 Y430.234 F3554.948
G1 X288.559 Y430.116 F3554.948
G1 X287.801 Y429.998 F3554.948
G1 X287.023 Y429.884 F3554.948
G1 X286.246 Y429.770 F3554.948
G1 X285.469 Y429.655 F3554.948
G1 X284.692 Y429.541 F3554.948
G1 X284.044 Y429.477 F3554.948
G1 X283.397 Y429.413 F3554.948
G1 X282.750 Y429.349 F3554.948
G1 X282.103 Y429.285 F3554.948
G1 X281.456 Y429.221 F3554.948
G1 X280.792 Y429.208 F3554.948
G1 X280.128 Y429.195 F3554.948
G1 X279.464 Y429.182 F3554.948
G1 X278.799 Y429.169 F3554.948
G1 X278.135 Y429.157 F3554.948
G1 X277.476 Y429.210 F3554.948
G1 X276.818 Y429.264 F3554.948
G1 X276.159 Y429.318 F3554.948
G1 X275.500 Y429.371 F3554.948
G1 X274.841 Y429.425 F3554.948
G1 X274.199 Y429.553 F3554.948
G1 X273.557 Y429.680 F3554.948
G1 X272.916 Y429.808 F3554.948
G1 X272.274 Y429.936 F3554.948
G1 X271.632 Y430.063 F3554.948
G1 X271.010 Y430.272 F3554.948
G1 X270.387 Y430.482 F3554.948
G1 X269.765 Y430.691 F3554.948
G1 X269.143 Y430.900 F3554.948
G1 X268.520 Y431.109 F3554.948
G1 X267.921 Y431.399 F3554.948
G1 X267.322 Y431.689 F3554.948
G1 X266.723 Y431.978 F3554.948
G1 X266.124 Y432.268 F3554.948
G1 X265.525 Y432.558 F3554.948
G1 X264.956 Y432.927 F3554.948
G1 X264.387 Y433.296 F3554.948
G1 X263.818 Y433.665 F3554.948
G1 X263.249 Y434.035 F3554.948
G1 X262.679 Y434.404 F3554.948
G1 X262.146 Y434.851 F3554.948
G1 X261.613 Y435.297 F3554.948
G1 X261.080 Y435.744 F3554.948
G1 X260.546 Y436.191 F3554.948
G1 X260.013 Y436.637 F3554.948
G1 X259.518 Y437.151 F3554.948
G1 X259.024 Y437.665 F3554.948
G1 X258.530 Y438.179 F3554.948
G1 X258.035 Y438.693 F3554.948
G1 X257.541 Y439.206 F3554.948
G1 X257.084 Y439.781 F3554.948
G1 X256.626 Y440.356 F3554.948
G1 X256.169 Y440.930 F3554.948
G1 X255.712 Y441.505 F3554.948
G1 X255.255 Y442.079 F3554.948
G1 X254.833 Y442.708 F3554.948
G1 X254.411 Y443.337 F3554.948
G1 X253.989 Y443.965 F3554.948
G1 X253.568 Y444.594 F3554.948
G1 X253.146 Y445.223 F3554.948
G1 X252.751 Y445.891 F3554.948
G1 X252.356 Y446.559 F3554.948
G1 X251.961 Y447.226 F3554.948
G1 X251.566 Y447.894 F3554.948
G1 X251.171 Y448.562 F3554.948
G1 X250.792 Y449.252 F3554.948
G1 X250.412 Y449.942 F3554.948
G1 X250.033 Y450.632 F3554.948
G1 X249.653 Y451.323 F3554.948
G1 X249.274 Y452.013 F3554.948
G1 X248.904 Y452.712 F3554.948
G1 X248.535 Y453.411 F3554.948
G1 X248.165 Y454.111 F3554.948
G1 X247.796 Y454.810 F3554.948
G1 X247.426 Y455.509 F3554.948
G1 X247.068 Y456.207 F3554.948
G1 X246.710 Y456.904 F3554.948
G1 X246.353 Y457.602 F3554.948
G1 X245.995 Y458.300 F3554.948
G1 X245.637 Y458.997 F3554.948
G1 X245.300 Y459.689 F3554.948
G1 X244.963 Y460.381 F3554.948
G1 X244.626 Y461.073 F3554.948
G1 X244.290 Y461.765 F3554.948
G1 X243.953 Y462.458 F3554.948
G1 X243.647 Y463.142 F3554.948
G1 X243.341 Y463.827 F3554.948
G1 X243.036 Y464.512 F3554.948
G1 X242.730 Y465.197 F3554.948
G1 X242.424 Y465.882 F3554.948
G1 X242.164 Y466.550 F3554.948
G1 X241.904 Y467.218 F3554.948
G1 X241.644 Y467.886 F3554.948
G1 X241.384 Y468.553 F3554.948
G1 X241.123 Y469.221 F3554.948
G1 X240.923 Y469.854 F3554.948
G1 X240.722 Y470.486 F3554.948
G1 X240.522 Y471.119 F3554.948
G1 X240.322 Y471.751 F3554.948
G1 X240.121 Y472.384 F3554.948
G1 X239.960 Y473.112 F3554.948
G1 X239.798 Y473.840 F3554.948
G1 X239.637 Y474.568 F3554.948
G1 X239.475 Y475.296 F3554.948
G1 X239.411 Y475.954 F3554.948
G1 X239.347 Y476.612 F3554.948
G1 X239.283 Y477.270 F3554.948
G1 X239.219 Y477.927 F3554.948
G1 X239.269 Y478.714 F3554.948
G1 X239.318 Y479.501 F3554.948
G1 X239.368 Y480.288 F3554.948
G1 X239.556 Y480.996 F3554.948
G1 X239.743 Y481.705 F3554.948
G1 X239.930 Y482.413 F3554.948
G1 X240.252 Y483.066 F3554.948
G1 X240.574 Y483.719 F3554.948
G1 X240.896 Y484.372 F3554.948
G1 X241.346 Y484.991 F3554.948
G1 X241.796 Y485.610 F3554.948
G1 X242.246 Y486.229 F3554.948
G1 X242.669 Y486.683 F3554.948
G1 X243.092 Y487.137 F3554.948
G1 X243.514 Y487.591 F3554.948
G1 X243.937 Y488.045 F3554.948
G1 X244.436 Y488.502 F3554.948
G1 X244.934 Y488.959 F3554.948
G1 X245.433 Y489.416 F3554.948
G1 X245.932 Y489.873 F3554.948
G1 X246.493 Y490.338 F3554.948
G1 X247.054 Y490.804 F3554.948
G1 X247.616 Y491.269 F3554.948
G1 X248.177 Y491.734 F3554.948
G1 X248.790 Y492.209 F3554.948
G1 X249.404 Y492.685 F3554.948
G1 X250.017 Y493.160 F3554.948
G1 X250.630 Y493.635 F3554.948
G1 X251.280 Y494.072 F3554.948
G1 X251.930 Y494.509 F3554.948
G1 X252.581 Y494.946 F3554.948
G1 X253.231 Y495.383 F3554.948
G1 X253.903 Y495.725 F3554.948
G1 X254.575 Y496.066 F3554.948
G1 X255.248 Y496.408 F3554.948
G1 X255.920 Y496.749 F3554.948
G1 X256.603 Y496.939 F3554.948
G1 X257.286 Y497.128 F3554.948
G1 X257.968 Y497.318 F3554.948
G1 X258.651 Y497.508 F3554.948
G1 X259.338 Y497.512 F3554.948
G1 X260.024 Y497.516 F3554.948
G1 X260.711 Y497.520 F3554.948
G1 X261.397 Y497.524 F3554.948
G1 X262.085 Y497.344 F3554.948
G1 X262.772 Y497.165 F3554.948
G1 X263.460 Y496.985 F3554.948
G1 X264.148 Y496.805 F3554.948
G1 X264.836 Y496.478 F3554.948
G1 X265.524 Y496.150 F3554.948
G1 X266.213 Y495.822 F3554.948
G1 X266.901 Y495.494 F3554.948
G1 X267.453 Y495.153 F3554.948
G1 X268.005 Y494.813 F3554.948
G1 X268.557 Y494.473 F3554.948
G1 X269.109 Y494.133 F3554.948
G1 X269.661 Y493.792 F3554.948
G1 X270.213 Y493.414 F3554.948
G1 X270.766 Y493.036 F3554.948
G1 X271.318 Y492.657 F3554.948
G1 X271.870 Y492.279 F3554.948
G1 X272.423 Y491.901 F3554.948
G1 X272.976 Y491.523 F3554.948
G1 X273.529 Y491.146 F3554.948
G1 X274.082 Y490.768 F3554.948
G1 X274.635 Y490.391 F3554.948
G1 X275.188 Y490.013 F3554.948
G1 X275.739 Y489.644 F3554.948
G1 X276.291 Y489.275 F3554.948
G1 X276.842 Y488.906 F3554.948
G1 X277.393 Y488.536 F3554.948
G1 X277.945 Y488.167 F3554.948
G1 X278.492 Y487.813 F3554.948
G1 X279.040 Y487.459 F3554.948
G1 X279.588 Y487.104 F3554.948
G1 X280.136 Y486.750 F3554.948
G1 X280.683 Y486.396 F3554.948
G1 X281.226 Y486.056 F3554.948
G1 X281.769 Y485.717 F3554.948
G1 X282.312 Y485.377 F3554.948
G1 X282.855 Y485.037 F3554.948
G1 X283.398 Y484.698 F3554.948
G1 X284.069 Y484.289 F3554.948
G1 X284.739 Y483.881 F3554.948
G1 X285.410 Y483.473 F3554.948
G1 X286.081 Y483.064 F3554.948
G1 X286.744 Y482.673 F3554.948
G1 X287.406 Y482.282 F3554.948
G1 X288.069 Y481.891 F3554.948
G1 X288.732 Y481.500 F3554.948
G1 X289.381 Y481.128 F3554.948
G1 X290.031 Y480.757 F3554.948
G1 X290.681 Y480.385 F3554.948
G1 X291.330 Y480.014 F3554.948
G1 X291.966 Y479.666 F3554.948
G1 X292.601 Y479.319 F3554.948
G1 X293.237 Y478.972 F3554.948
G1 X293.873 Y478.624 F3554.948
G1 X294.496 Y478.303 F3554.948
G1 X295.119 Y477.982 F3554.948
G1 X295.742 Y477.662 F3554.948
G1 X296.365 Y477.341 F3554.948
G1 X296.982 Y477.043 F3554.948
G1 X297.598 Y476.745 F3554.948
G1 X298.215 Y476.447 F3554.948
G1 X298.831 Y476.149 F3554.948
G1 X299.447 Y475.871 F3554.948
G1 X300.064 Y475.592 F3554.948
G1 X300.680 Y475.314 F3554.948
G1 X301.297 Y475.035 F3554.948
G1 X301.911 Y474.775 F3554.948
G1 X302.525 Y474.516 F3554.948
G1 X303.138 Y474.256 F3554.948
G1 X303.752 Y473.996 F3554.948
G1 X304.361 Y473.756 F3554.948
G1 X304.971 Y473.517 F3554.948
G1 X305.580 Y473.277 F3554.948
G1 X306.189 Y473.037 F3554.948
G1 X306.792 Y472.819 F3554.948
G1 X307.396 Y472.602 F3554.948
G1 X307.999 Y472.384 F3554.948
G1 X308.602 Y472.167 F3554.948
G1 X309.201 Y471.973 F3554.948
G1 X309.799 Y471.779 F3554.948
G1 X310.398 Y471.585 F3554.948
G1 X310.997 Y471.391 F3554.948
G1 X311.595 Y471.220 F3554.948
G1 X312.194 Y471.049 F3554.948
G1 X312.792 Y470.877 F3554.948
G1 X313.391 Y470.706 F3554.948
G1 X314.001 Y470.556 F3554.948
G1 X314.611 Y470.406 F3554.948
G1 X315.221 Y470.256 F3554.948
G1 X315.830 Y470.106 F3554.948
G1 X316.452 Y469.977 F3554.948
G1 X317.074 Y469.849 F3554.948
G1 X317.696 Y469.720 F3554.948
G1 X318.318 Y469.591 F3554.948
G1 X318.947 Y469.488 F3554.948
G1 X319.576 Y469.384 F3554.948
G1 X320.205 Y469.280 F3554.948
G1 X320.834 Y469.176 F3554.948
G1 X321.459 Y469.102 F3554.948
G1 X322.084 Y469.028 F3554.948
G1 X322.709 Y468.954 F3554.948
G1 X323.334 Y468.881 F3554.948
G1 X323.947 Y468.842 F3554.948
G1 X324.560 Y468.803 F3554.948
G1 X325.174 Y468.765 F3554.948
G1 X325.787 Y468.726 F3554.948
G1 X326.585 Y468.730 F3554.948
G1 X327.383 Y468.734 F3554.948
G1 X328.181 Y468.738 F3554.948
G1 X328.950 Y468.804 F3554.948
G1 X329.719 Y468.871 F3554.948
G1 X330.488 Y468.937 F3554.948
G1 X331.223 Y469.070 F3554.948
G1 X331.958 Y469.204 F3554.948
G1 X332.692 Y469.337 F3554.948
G1 X333.386 Y469.537 F3554.948
G1 X334.081 Y469.736 F3554.948
G1 X334.775 Y469.936 F3554.948
G1 X335.432 Y470.198 F3554.948
G1 X336.089 Y470.460 F3554.948
G1 X336.746 Y470.723 F3554.948
G1 X337.371 Y471.045 F3554.948
G1 X337.996 Y471.368 F3554.948
G1 X338.622 Y471.691 F3554.948
G1 X339.221 Y472.074 F3554.948
G1 X339.819 Y472.457 F3554.948
G1 X340.418 Y472.840 F3554.948
G1 X340.994 Y473.286 F3554.948
G1 X341.570 Y473.732 F3554.948
G1 X342.146 Y474.177 F3554.948
G1 X342.689 Y474.682 F3554.948
G1 X343.232 Y475.187 F3554.948
G1 X343.776 Y475.691 F3554.948
G1 X344.274 Y476.252 F3554.948
G1 X344.772 Y476.813 F3554.948
G1 X345.271 Y477.373 F3554.948
G1 X345.712 Y477.987 F3554.948
G1 X346.153 Y478.601 F3554.948
G1 X346.594 Y479.215 F3554.948
G1 X346.971 Y479.881 F3554.948
G1 X347.349 Y480.546 F3554.948
G1 X347.726 Y481.212 F3554.948
G1 X348.034 Y481.931 F3554.948
G1 X348.342 Y482.650 F3554.948
G1 X348.649 Y483.369 F3554.948
G1 X348.823 Y483.949 F3554.948
G1 X348.996 Y484.529 F3554.948
G1 X349.169 Y485.109 F3554.948
G1 X349.343 Y485.688 F3554.948
G1 X349.454 Y486.307 F3554.948
G1 X349.565 Y486.926 F3554.948
G1 X349.676 Y487.544 F3554.948
G1 X349.787 Y488.163 F3554.948
G1 X349.831 Y488.817 F3554.948
G1 X349.874 Y489.471 F3554.948
G1 X349.918 Y490.126 F3554.948
G1 X349.962 Y490.780 F3554.948
G1 X349.933 Y491.454 F3554.948
G1 X349.905 Y492.128 F3554.948
G1 X349.876 Y492.802 F3554.948
G1 X349.848 Y493.476 F3554.948
G1 X349.747 Y494.124 F3554.948
G1 X349.646 Y494.772 F3554.948
G1 X349.544 Y495.420 F3554.948
G1 X349.443 Y496.069 F3554.948
G1 X349.210 Y496.801 F3554.948
G1 X348.977 Y497.534 F3554.948
G1 X348.745 Y498.266 F3554.948
G1 X348.423 Y498.759 F3554.948
G1 X348.101 Y499.251 F3554.948
G1 X347.779 Y499.744 F3554.948
G1 X347.192 Y500.080 F3554.948
G1 X346.604 Y500.417 F3554.948
G1 X345.924 Y500.369 F3554.948
G1 X345.244 Y500.321 F3554.948
G1 X344.728 Y500.046 F3554.948
G1 X344.212 Y499.772 F3554.948
G1 X343.696 Y499.497 F3554.948
G1 X343.113 Y498.995 F3554.948
G1 X342.530 Y498.493 F3554.948
G1 X341.948 Y497.992 F3554.948
G1 X341.442 Y497.469 F3554.948
G1 X340.937 Y496.946 F3554.948
G1 X340.431 Y496.424 F3554.948
G1 X339.926 Y495.901 F3554.948
G1 X339.464 Y495.431 F3554.948
G1 X339.002 Y494.961 F3554.948
G1 X338.540 Y494.490 F3554.948
G1 X338.078 Y494.020 F3554.948
G1 X337.616 Y493.550 F3554.948
G1 X337.101 Y493.084 F3554.948
G1 X336.585 Y492.619 F3554.948
G1 X336.070 Y492.153 F3554.948
G1 X335.555 Y491.687 F3554.948
G1 X335.039 Y491.221 F3554.948
G1 X334.478 Y490.796 F3554.948
G1 X333.916 Y490.370 F3554.948
G1 X333.355 Y489.945 F3554.948
G1 X332.793 Y489.519 F3554.948
G1 X332.232 Y489.093 F3554.948
G1 X331.634 Y488.717 F3554.948
G1 X331.036 Y488.340 F3554.948
G1 X330.438 Y487.963 F3554.948
G1 X329.840 Y487.586 F3554.948
G1 X329.242 Y487.210 F3554.948
G1 X328.623 Y486.886 F3554.948
G1 X328.003 Y486.563 F3554.948
G1 X327.383 Y486.239 F3554.948
G1 X326.764 Y485.916 F3554.948
G1 X326.144 Y485.592 F3554.948
G1 X325.515 Y485.327 F3554.948
G1 X324.886 Y485.062 F3554.948
G1 X324.256 Y484.797 F3554.948
G1 X323.627 Y484.532 F3554.948
G1 X322.998 Y484.266 F3554.948
G1 X322.366 Y484.065 F3554.948
G1 X321.734 Y483.865 F3554.948
G1 X321.103 Y483.664 F3554.948
G1 X320.471 Y483.463 F3554.948
G1 X319.839 Y483.262 F3554.948
G1 X319.211 Y483.128 F3554.948
G1 X318.584 Y482.993 F3554.948
G1 X317.956 Y482.859 F3554.948
G1 X317.329 Y482.724 F3554.948
G1 X316.701 Y482.590 F3554.948
G1 X315.927 Y482.505 F3554.948
G1 X315.153 Y482.421 F3554.948
G1 X314.379 Y482.336 F3554.948
G1 X313.605 Y482.252 F3554.948
G1 X312.844 Y482.250 F3554.948
G1 X312.083 Y482.248 F3554.948
G1 X311.321 Y482.246 F3554.948
G1 X310.560 Y482.244 F3554.948
G1 X309.811 Y482.317 F3554.948
G1 X309.061 Y482.391 F3554.948
G1 X308.312 Y482.464 F3554.948
G1 X307.562 Y482.538 F3554.948
G1 X306.827 Y482.680 F3554.948
G1 X306.092 Y482.822 F3554.948
G1 X305.358 Y482.964 F3554.948
G1 X304.623 Y483.106 F3554.948
G1 X303.903 Y483.312 F3554.948
G1 X303.183 Y483.517 F3554.948
G1 X302.464 Y483.723 F3554.948
G1 X301.744 Y483.929 F3554.948
G1 X301.036 Y484.197 F3554.948
G1 X300.329 Y484.466 F3554.948
G1 X299.621 Y484.734 F3554.948
G1 X298.913 Y485.003 F3554.948
G1 X298.212 Y485.332 F3554.948
G1 X297.511 Y485.661 F3554.948
G1 X296.810 Y485.990 F3554.948
G1 X296.108 Y486.319 F3554.948
G1 X295.415 Y486.704 F3554.948
G1 X294.722 Y487.089 F3554.948
G1 X294.029 Y487.473 F3554.948
G1 X293.336 Y487.858 F3554.948
G1 X292.790 Y488.208 F3554.948
G1 X292.244 Y488.558 F3554.948
G1 X291.699 Y488.909 F3554.948
G1 X291.153 Y489.259 F3554.948
G1 X290.608 Y489.609 F3554.948
G1 X290.076 Y489.993 F3554.948
G1 X289.545 Y490.377 F3554.948
G1 X289.014 Y490.761 F3554.948
G1 X288.483 Y491.145 F3554.948
G1 X287.951 Y491.529 F3554.948
G1 X287.437 Y491.938 F3554.948
G1 X286.923 Y492.346 F3554.948
G1 X286.408 Y492.755 F3554.948
G1 X285.894 Y493.163 F3554.948
G1 X285.380 Y493.572 F3554.948
G1 X284.759 Y494.064 F3554.948
G1 X284.139 Y494.557 F3554.948
G1 X283.518 Y495.050 F3554.948
G1 X282.898 Y495.543 F3554.948
G1 X282.303 Y495.957 F3554.948
G1 X281.708 Y496.372 F3554.948
G1 X281.114 Y496.786 F3554.948
G1 X280.519 Y497.201 F3554.948
G1 X279.952 Y497.472 F3554.948
G1 X279.385 Y497.743 F3554.948
G1 X278.819 Y498.014 F3554.948
G1 X278.252 Y498.286 F3554.948
G1 X277.529 Y498.399 F3554.948
G1 X276.807 Y498.512 F3554.948
G1 X276.085 Y498.625 F3554.948
G1 X275.391 Y498.477 F3554.948
G1 X274.697 Y498.330 F3554.948
G1 X274.002 Y498.182 F3554.948
G1 X273.327 Y497.804 F3554.948
G1 X272.651 Y497.427 F3554.948
G1 X271.976 Y497.049 F3554.948
G1 X271.472 Y496.640 F3554.948
G1 X270.968 Y496.231 F3554.948
G1 X270.464 Y495.822 F3554.948
G1 X269.960 Y495.412 F3554.948
G1 X269.452 Y494.929 F3554.948
G1 X268.944 Y494.445 F3554.948
G1 X268.436 Y493.962 F3554.948
G1 X267.928 Y493.478 F3554.948
G1 X267.409 Y492.959 F3554.948
G1 X266.890 Y492.439 F3554.948
G1 X266.372 Y491.919 F3554.948
G1 X265.853 Y491.399 F3554.948
G1 X265.322 Y490.865 F3554.948
G1 X264.792 Y490.331 F3554.948
G1 X264.261 Y489.796 F3554.948
G1 X263.730 Y489.262 F3554.948
G1 X263.189 Y488.704 F3554.948
G1 X262.649 Y488.145 F3554.948
G1 X262.109 Y487.587 F3554.948
G1 X261.568 Y487.029 F3554.948
G1 X261.135 Y486.555 F3554.948
G1 X260.702 Y486.080 F3554.948
G1 X260.269 Y485.606 F3554.948
G1 X259.836 Y485.132 F3554.948
G1 X259.403 Y484.658 F3554.948
G1 X258.977 Y484.144 F3554.948
G1 X258.551 Y483.630 F3554.948
G1 X258.125 Y483.116 F3554.948
G1 X257.699 Y482.602 F3554.948
G1 X257.273 Y482.088 F3554.948
G1 X256.865 Y481.521 F3554.948
G1 X256.456 Y480.955 F3554.948
G1 X256.048 Y480.388 F3554.948
G1 X255.639 Y479.822 F3554.948
G1 X255.231 Y479.255 F3554.948
G1 X254.852 Y478.631 F3554.948
G1 X254.472 Y478.006 F3554.948
G1 X254.093 Y477.381 F3554.948
G1 X253.714 Y476.757 F3554.948
G1 X253.334 Y476.132 F3554.948
G1 X252.999 Y475.462 F3554.948
G1 X252.663 Y474.791 F3554.948
G1 X252.328 Y474.121 F3554.948
G1 X251.992 Y473.450 F3554.948
G1 X251.657 Y472.779 F3554.948
G1 X251.376 Y472.088 F3554.948
G1 X251.095 Y471.397 F3554.948
G1 X250.814 Y470.706 F3554.948
G1 X250.533 Y470.014 F3554.948
G1 X250.252 Y469.323 F3554.948
G1 X250.027 Y468.633 F3554.948
G1 X249.801 Y467.943 F3554.948
G1 X249.575 Y467.253 F3554.948
G1 X249.349 Y466.564 F3554.948
G1 X249.124 Y465.874 F3554.948
G1 X248.946 Y465.203 F3554.948
G1 X248.768 Y464.533 F3554.948
G1 X248.590 Y463.862 F3554.948
G1 X248.412 Y463.191 F3554.948
G1 X248.234 Y462.521 F3554.948
G1 X248.092 Y461.874 F3554.948
G1 X247.949 Y461.228 F3554.948
G1 X247.807 Y460.581 F3554.948
G1 X247.664 Y459.935 F3554.948
G1 X247.522 Y459.288 F3554.948
G1 X247.368 Y458.504 F3554.948
G1 X247.215 Y457.721 F3554.948
G1 X247.061 Y456.937 F3554.948
G1 X246.908 Y456.153 F3554.948
G1 X246.761 Y455.388 F3554.948
G1 X246.613 Y454.623 F3554.948
G1 X246.466 Y453.858 F3554.948
G1 X246.319 Y453.093 F3554.948
G1 X246.165 Y452.351 F3554.948
G1 X246.011 Y451.608 F3554.948
G1 X245.857 Y450.865 F3554.948
G1 X245.703 Y450.123 F3554.948
G1 X245.541 Y449.426 F3554.948
G1 X245.380 Y448.730 F3554.948
G1 X245.218 Y448.033 F3554.948
G1 X245.057 Y447.336 F3554.948
G1 X244.892 Y446.709 F3554.948
G1 X244.727 Y446.082 F3554.948
G1 X244.562 Y445.454 F3554.948
G1 X244.397 Y444.827 F3554.948
G1 X244.172 Y444.091 F3554.948
G1 X243.947 Y443.356 F3554.948
G1 X243.722 Y442.620 F3554.948
G1 X243.481 Y441.960 F3554.948
G1 X243.241 Y441.299 F3554.948
G1 X243.001 Y440.638 F3554.948
G1 X242.736 Y440.017 F3554.948
G1 X242.471 Y439.397 F3554.948
G1 X242.205 Y438.776 F3554.948
G1 X241.906 Y438.162 F3554.948
G1 X241.607 Y437.548 F3554.948
G1 X241.308 Y436.934 F3554.948
G1 X240.976 Y436.310 F3554.948
G1 X240.643 Y435.685 F3554.948
G1 X240.311 Y435.061 F3554.948
G1 X239.955 Y434.427 F3554.948
G1 X239.600 Y433.792 F3554.948
G1 X239.244 Y433.158 F3554.948
G1 X238.879 Y432.520 F3554.948
G1 X238.514 Y431.882 F3554.948
G1 X238.149 Y431.244 F3554.948
G1 X237.779 Y430.612 F3554.948
G1 X237.409 Y429.980 F3554.948
G1 X237.039 Y429.348 F3554.948
G1 X236.657 Y428.724 F3554.948
G1 X236.274 Y428.101 F3554.948
G1 X235.891 Y427.478 F3554.948
G1 X235.477 Y426.863 F3554.948
G1 X235.062 Y426.247 F3554.948
G1 X234.647 Y425.631 F3554.948
G1 X234.175 Y425.016 F3554.948
G1 X233.703 Y424.401 F3554.948
G1 X233.231 Y423.787 F3554.948
G1 X232.812 Y423.316 F3554.948
G1 X232.392 Y422.846 F3554.948
G1 X231.973 Y422.376 F3554.948
G1 X231.554 Y421.905 F3554.948
G1 X231.052 Y421.413 F3554.948
G1 X230.551 Y420.922 F3554.948
G1 X230.050 Y420.430 F3554.948
G1 X229.549 Y419.938 F3554.948
G1 X228.961 Y419.422 F3554.948
G1 X228.374 Y418.906 F3554.948
G1 X227.787 Y418.391 F3554.948
G1 X227.199 Y417.875 F3554.948
G1 X226.671 Y417.464 F3554.948
G1 X226.144 Y417.052 F3554.948
G1 X225.616 Y416.640 F3554.948
G1 X225.088 Y416.229 F3554.948
G1 X224.560 Y415.817 F3554.948
G1 X223.991 Y415.438 F3554.948
G1 X223.421 Y415.060 F3554.948
G1 X222.852 Y414.681 F3554.948
G1 X222.282 Y414.302 F3554.948
G1 X221.713 Y413.923 F3554.948
G1 X221.110 Y413.590 F3554.948
G1 X220.508 Y413.257 F3554.948
G1 X219.905 Y412.923 F3554.948
G1 X219.302 Y412.590 F3554.948
G1 X218.700 Y412.257 F3554.948
G1 X218.075 Y411.974 F3554.948
G1 X217.450 Y411.691 F3554.948
G1 X216.824 Y411.408 F3554.948
G1 X216.199 Y411.126 F3554.948
G1 X215.574 Y410.843 F3554.948
G1 X214.938 Y410.618 F3554.948
G1 X214.301 Y410.394 F3554.948
G1 X213.665 Y410.169 F3554.948
G1 X213.028 Y409.945 F3554.948
G1 X212.392 Y409.721 F3554.948
G1 X211.750 Y409.558 F3554.948
G1 X211.109 Y409.396 F3554.948
G1 X210.468 Y409.234 F3554.948
G1 X209.826 Y409.071 F3554.948
G1 X209.185 Y408.909 F3554.948
G1 X208.543 Y408.808 F3554.948
G1 X207.901 Y408.708 F3554.948
G1 X207.259 Y408.607 F3554.948
G1 X206.617 Y408.506 F3554.948
G1 X205.975 Y408.406 F3554.948
G1 X205.335 Y408.360 F3554.948
G1 X204.694 Y408.315 F3554.948
G1 X204.053 Y408.269 F3554.948
G1 X203.413 Y408.224 F3554.948
G1 X202.772 Y408.178 F3554.948
G1 X202.126 Y408.179 F3554.948
G1 X201.481 Y408.180 F3554.948
G1 X200.835 Y408.181 F3554.948
G1 X200.190 Y408.182 F3554.948
G1 X199.544 Y408.182 F3554.948
G1 X198.886 Y408.219 F3554.948
G1 X198.228 Y408.255 F3554.948
G1 X197.571 Y408.291 F3554.948
G1 X196.913 Y408.327 F3554.948
G1 X196.255 Y408.364 F3554.948
G1 X195.582 Y408.423 F3554.948
G1 X194.909 Y408.482 F3554.948
G1 X194.236 Y408.541 F3554.948
G1 X193.563 Y408.601 F3554.948
G1 X192.889 Y408.660 F3554.948
G1 X192.202 Y408.731 F3554.948
G1 X191.516 Y408.802 F3554.948
G1 X190.829 Y408.873 F3554.948
G1 X190.142 Y408.944 F3554.948
G1 X189.455 Y409.015 F3554.948
G1 X188.755 Y409.092 F3554.948
G1 X188.055 Y409.168 F3554.948
G1 X187.355 Y409.245 F3554.948
G1 X186.656 Y409.321 F3554.948
G1 X185.956 Y409.398 F3554.948
G1 X185.238 Y409.480 F3554.948
G1 X184.521 Y409.562 F3554.948
G1 X183.803 Y409.644 F3554.948
G1 X183.085 Y409.726 F3554.948
G1 X182.368 Y409.808 F3554.948
G1 X181.628 Y409.894 F3554.948
G1 X180.888 Y409.980 F3554.948
G1 X180.147 Y410.066 F3554.948
G1 X179.407 Y410.152 F3554.948
G1 X178.667 Y410.238 F3554.948
G1 X177.910 Y410.322 F3554.948
G1 X177.153 Y410.405 F3554.948
G1 X176.395 Y410.488 F3554.948
G1 X175.638 Y410.571 F3554.948
G1 X174.881 Y410.655 F3554.948
G1 X174.118 Y410.728 F3554.948
G1 X173.356 Y410.801 F3554.948
G1 X172.594 Y410.874 F3554.948
G1 X171.831 Y410.947 F3554.948
G1 X171.069 Y411.020 F3554.948
G1 X170.315 Y411.081 F3554.948
G1 X169.560 Y411.142 F3554.948
G1 X168.806 Y411.204 F3554.948
G1 X168.052 Y411.265 F3554.948
G1 X167.297 Y411.326 F3554.948
G1 X166.563 Y411.379 F3554.948
G1 X165.828 Y411.432 F3554.948
G1 X165.094 Y411.486 F3554.948
G1 X164.359 Y411.539 F3554.948
G1 X163.624 Y411.592 F3554.948
G1 X162.917 Y411.641 F3554.948
G1 X162.210 Y411.690 F3554.948
G1 X161.502 Y411.740 F3554.948
G1 X160.795 Y411.789 F3554.948
G1 X160.087 Y411.838 F3554.948
G1 X159.414 Y411.894 F3554.948
G1 X158.740 Y411.950 F3554.948
G1 X158.066 Y412.006 F3554.948
G1 X157.393 Y412.063 F3554.948
G1 X156.719 Y412.119 F3554.948
G1 X155.929 Y412.193 F3554.948
G1 X155.138 Y412.268 F3554.948
G1 X154.348 Y412.342 F3554.948
G1 X153.558 Y412.416 F3554.948
G1 X152.795 Y412.488 F3554.948
G1 X152.032 Y412.560 F3554.948
G1 X151.269 Y412.632 F3554.948
G1 X150.506 Y412.703 F3554.948
G1 X149.769 Y412.771 F3554.948
G1 X149.032 Y412.839 F3554.948
G1 X148.295 Y412.906 F3554.948
G1 X147.558 Y412.974 F3554.948
G1 X146.842 Y413.037 F3554.948
G1 X146.125 Y413.100 F3554.948
G1 X145.408 Y413.163 F3554.948
G1 X144.691 Y413.226 F3554.948
G1 X143.989 Y413.284 F3554.948
G1 X143.286 Y413.342 F3554.948
G1 X142.583 Y413.400 F3554.948
G1 X141.881 Y413.458 F3554.948
G1 X141.189 Y413.511 F3554.948
G1 X140.498 Y413.565 F3554.948
G1 X139.806 Y413.619 F3554.948
G1 X139.114 Y413.673 F3554.948
G1 X138.432 Y413.723 F3554.948
G1 X137.749 Y413.772 F3554.948
G1 X137.066 Y413.822 F3554.948
G1 X136.384 Y413.872 F3554.948
G1 X135.710 Y413.919 F3554.948
G1 X135.035 Y413.966 F3554.948
G1 X134.361 Y414.013 F3554.948
G1 X133.687 Y414.060 F3554.948
G1 X133.018 Y414.106 F3554.948
G1 X132.349 Y414.151 F3554.948
G1 X131.680 Y414.196 F3554.948
G1 X131.012 Y414.241 F3554.948
G1 X130.343 Y414.284 F3554.948
G1 X129.675 Y414.328 F3554.948
G1 X129.006 Y414.371 F3554.948
G1 X128.338 Y414.414 F3554.948
G1 X127.664 Y414.456 F3554.948
G1 X126.989 Y414.497 F3554.948
G1 X126.315 Y414.538 F3554.948
G1 X125.641 Y414.580 F3554.948
G1 X124.955 Y414.620 F3554.948
G1 X124.269 Y414.660 F3554.948
G1 X123.583 Y414.700 F3554.948
G1 X122.897 Y414.740 F3554.948
G1 X122.196 Y414.779 F3554.948
G1 X121.495 Y414.818 F3554.948
G1 X120.794 Y414.857 F3554.948
G1 X120.093 Y414.896 F3554.948
G1 X119.377 Y414.934 F3554.948
G1 X118.661 Y414.973 F3554.948
G1 X117.945 Y415.012 F3554.948
G1 X117.229 Y415.051 F3554.948
G1 X116.503 Y415.093 F3554.948
G1 X115.778 Y415.135 F3554.948
G1 X115.052 Y415.177 F3554.948
G1 X114.326 Y415.218 F3554.948
G1 X113.595 Y415.265 F3554.948
G1 X112.864 Y415.311 F3554.948
G1 X112.133 Y415.357 F3554.948
G1 X111.402 Y415.403 F3554.948
G1 X110.666 Y415.455 F3554.948
G1 X109.931 Y415.508 F3554.948
G1 X109.196 Y415.560 F3554.948
G1 X108.460 Y415.612 F3554.948
G1 X107.717 Y415.670 F3554.948
G1 X106.975 Y415.728 F3554.948
G1 X106.232 Y415.786 F3554.948
G1 X105.489 Y415.844 F3554.948
G1 X104.734 Y415.904 F3554.948
G1 X103.978 Y415.965 F3554.948
G1 X103.222 Y416.025 F3554.948
G1 X102.467 Y416.086 F3554.948
G1 X101.693 Y416.145 F3554.948
G1 X100.919 Y416.204 F3554.948
G1 X100.146 Y416.263 F3554.948
G1 X99.372 Y416.322 F3554.948
G1 X98.578 Y416.374 F3554.948
G1 X97.784 Y416.427 F3554.948
G1 X96.989 Y416.479 F3554.948
G1 X96.195 Y416.532 F3554.948
G1 X95.542 Y416.566 F3554.948
G1 X94.889 Y416.601 F3554.948
G1 X94.236 Y416.635 F3554.948
G1 X93.584 Y416.670 F3554.948
G1 X92.931 Y416.704 F3554.948
G1 X92.263 Y416.731 F3554.948
G1 X91.595 Y416.758 F3554.948
G1 X90.928 Y416.785 F3554.948
G1 X90.260 Y416.811 F3554.948
G1 X89.592 Y416.838 F3554.948
G1 X88.916 Y416.860 F3554.948
G1 X88.240 Y416.883 F3554.948
G1 X87.564 Y416.905 F3554.948
G1 X86.888 Y416.927 F3554.948
G1 X86.212 Y416.949 F3554.948
G1 X85.538 Y416.972 F3554.948
G1 X84.863 Y416.995 F3554.948
G1 X84.189 Y417.019 F3554.948
G1 X83.515 Y417.042 F3554.948
G1 X82.841 Y417.065 F3554.948
G1 X82.180 Y417.094 F3554.948
G1 X81.519 Y417.123 F3554.948
G1 X80.858 Y417.152 F3554.948
G1 X80.197 Y417.181 F3554.948
G1 X79.536 Y417.210 F3554.948
G1 X78.739 Y417.259 F3554.948
G1 X77.942 Y417.308 F3554.948
G1 X77.145 Y417.357 F3554.948
G1 X76.348 Y417.405 F3554.948
G1 X75.588 Y417.469 F3554.948
G1 X74.828 Y417.533 F3554.948
G1 X74.068 Y417.597 F3554.948
G1 X73.308 Y417.661 F3554.948
G1 X72.587 Y417.739 F3554.948
G1 X71.867 Y417.817 F3554.948
G1 X71.146 Y417.895 F3554.948
G1 X70.425 Y417.974 F3554.948
G1 X69.741 Y418.062 F3554.948
G1 X69.056 Y418.151 F3554.948
G1 X68.372 Y418.239 F3554.948
G1 X67.687 Y418.328 F3554.948
G1 X67.036 Y418.424 F3554.948
G1 X66.385 Y418.520 F3554.948
G1 X65.733 Y418.616 F3554.948
G1 X65.082 Y418.712 F3554.948
G1 X64.457 Y418.814 F3554.948
G1 X63.832 Y418.916 F3554.948
G1 X63.208 Y419.018 F3554.948
G1 X62.583 Y419.120 F3554.948
G1 X61.800 Y419.235 F3554.948
G1 X61.018 Y419.351 F3554.948
G1 X60.235 Y419.466 F3554.948
G1 X59.505 Y419.561 F3554.948
G1 X58.775 Y419.656 F3554.948
G1 X58.045 Y419.751 F3554.948
G1 X57.372 Y419.818 F3554.948
G1 X56.699 Y419.885 F3554.948
G1 X56.026 Y419.952 F3554.948
G1 X55.413 Y419.986 F3554.948
G1 X54.799 Y420.020 F3554.948
G1 X54.186 Y420.054 F3554.948
G1 X53.632 Y420.050 F3554.948
G1 X53.079 Y420.046 F3554.948
G1 X52.525 Y420.042 F3554.948
G1 X51.778 Y419.977 F3554.948
G1 X51.031 Y419.912 F3554.948
G1 X50.360 Y419.784 F3554.948
G1 X49.690 Y419.656 F3554.948
G1 X49.084 Y419.463 F3554.948
G1 X48.479 Y419.270 F3554.948
G1 X47.925 Y419.010 F3554.948
G1 X47.370 Y418.749 F3554.948
G1 X46.851 Y418.415 F3554.948
G1 X46.333 Y418.081 F3554.948
G1 X45.836 Y417.670 F3554.948
G1 X45.338 Y417.260 F3554.948
G1 X44.844 Y416.767 F3554.948
G1 X44.350 Y416.275 F3554.948
G1 X43.841 Y415.695 F3554.948
G1 X43.333 Y415.115 F3554.948
G1 X42.972 Y414.662 F3554.948
G1 X42.610 Y414.209 F3554.948
G1 X42.249 Y413.756 F3554.948
G1 X41.854 Y413.232 F3554.948
G1 X41.460 Y412.707 F3554.948
G1 X41.065 Y412.182 F3554.948
G1 X40.623 Y411.578 F3554.948
G1 X40.182 Y410.974 F3554.948
G1 X39.740 Y410.371 F3554.948
G1 X39.363 Y409.852 F3554.948
G1 X38.986 Y409.334 F3554.948
G1 X38.608 Y408.816 F3554.948
G1 X38.231 Y408.298 F3554.948
G1 X37.800 Y407.713 F3554.948
G1 X37.369 Y407.127 F3554.948
G1 X36.938 Y406.542 F3554.948
G1 X36.508 Y405.957 F3554.948
G1 X36.122 Y405.435 F3554.948
G1 X35.737 Y404.913 F3554.948
G1 X35.351 Y404.391 F3554.948
G1 X34.966 Y403.869 F3554.948
G1 X34.580 Y403.347 F3554.948
G1 X34.165 Y402.774 F3554.948
G1 X33.750 Y402.201 F3554.948
G1 X33.335 Y401.628 F3554.948
G1 X32.920 Y401.056 F3554.948
G1 X32.505 Y400.483 F3554.948
G1 X32.123 Y399.866 F3554.948
G1 X31.740 Y399.250 F3554.948
G1 X31.358 Y398.633 F3554.948
G1 X30.975 Y398.017 F3554.948
G1 X30.592 Y397.400 F3554.948
G1 X30.306 Y396.748 F3554.948
G1 X30.020 Y396.096 F3554.948
G1 X29.733 Y395.444 F3554.948
G1 X29.447 Y394.792 F3554.948
G1 X29.161 Y394.140 F3554.948
G1 X29.033 Y393.463 F3554.948
G1 X28.905 Y392.786 F3554.948
G1 X28.777 Y392.109 F3554.948
G1 X28.649 Y391.432 F3554.948
G1 X28.521 Y390.755 F3554.948
G1 X28.548 Y390.069 F3554.948
G1 X28.575 Y389.383 F3554.948
G1 X28.603 Y388.697 F3554.948
G1 X28.630 Y388.011 F3554.948
G1 X28.657 Y387.325 F3554.948
G1 X28.833 Y386.633 F3554.948
G1 X29.009 Y385.941 F3554.948
G1 X29.184 Y385.250 F3554.948
G1 X29.360 Y384.558 F3554.948
G1 X29.536 Y383.866 F3554.948
G1 X29.852 Y383.165 F3554.948
G1 X30.167 Y382.464 F3554.948
G1 X30.483 Y381.763 F3554.948
G1 X30.798 Y381.062 F3554.948
G1 X31.114 Y380.361 F3554.948
G1 X31.451 Y379.768 F3554.948
G1 X31.789 Y379.175 F3554.948
G1 X32.126 Y378.582 F3554.948
G1 X32.464 Y377.989 F3554.948
G1 X32.801 Y377.396 F3554.948
G1 X33.139 Y376.803 F3554.948
G1 X33.501 Y376.205 F3554.948
G1 X33.863 Y375.607 F3554.948
G1 X34.225 Y375.008 F3554.948
G1 X34.587 Y374.410 F3554.948
G1 X34.949 Y373.811 F3554.948
G1 X35.311 Y373.213 F3554.948
G1 X35.654 Y372.612 F3554.948
G1 X35.997 Y372.011 F3554.948
G1 X36.340 Y371.409 F3554.948
G1 X36.683 Y370.808 F3554.948
G1 X37.026 Y370.207 F3554.948
G1 X37.369 Y369.606 F3554.948
G1 X37.686 Y369.005 F3554.948
G1 X38.003 Y368.404 F3554.948
G1 X38.320 Y367.803 F3554.948
G1 X38.637 Y367.202 F3554.948
G1 X38.954 Y366.601 F3554.948
G1 X39.271 Y365.999 F3554.948
G1 X39.617 Y365.281 F3554.948
G1 X39.963 Y364.562 F3554.948
G1 X40.309 Y363.843 F3554.948
G1 X40.655 Y363.124 F3554.948
G1 X41.001 Y362.405 F3554.948
G1 X41.315 Y361.691 F3554.948
G1 X41.629 Y360.977 F3554.948
G1 X41.943 Y360.263 F3554.948
G1 X42.258 Y359.549 F3554.948
G1 X42.572 Y358.835 F3554.948
G1 X42.857 Y358.130 F3554.948
G1 X43.142 Y357.426 F3554.948
G1 X43.427 Y356.721 F3554.948
G1 X43.712 Y356.016 F3554.948
G1 X43.997 Y355.311 F3554.948
G1 X44.253 Y354.624 F3554.948
G1 X44.509 Y353.936 F3554.948
G1 X44.765 Y353.249 F3554.948
G1 X45.021 Y352.562 F3554.948
G1 X45.277 Y351.874 F3554.948
G1 X45.503 Y351.216 F3554.948
G1 X45.730 Y350.557 F3554.948
G1 X45.956 Y349.898 F3554.948
G1 X46.182 Y349.240 F3554.948
G1 X46.409 Y348.581 F3554.948
G1 X46.606 Y347.963 F3554.948
G1 X46.803 Y347.346 F3554.948
G1 X47.000 Y346.728 F3554.948
G1 X47.197 Y346.110 F3554.948
G1 X47.395 Y345.492 F3554.948
G1 X47.607 Y344.784 F3554.948
G1 X47.820 Y344.075 F3554.948
G1 X48.032 Y343.366 F3554.948
G1 X48.245 Y342.657 F3554.948
G1 X48.430 Y342.017 F3554.948
G1 X48.615 Y341.378 F3554.948
G1 X48.800 Y340.739 F3554.948
G1 X48.985 Y340.099 F3554.948
G1 X49.207 Y339.338 F3554.948
G1 X49.428 Y338.576 F3554.948
G1 X49.650 Y337.814 F3554.948
G1 X49.862 Y337.131 F3554.948
G1 X50.074 Y336.448 F3554.948
G1 X50.285 Y335.764 F3554.948
G1 X50.504 Y335.141 F3554.948
G1 X50.722 Y334.518 F3554.948
G1 X50.940 Y333.895 F3554.948
G1 X51.178 Y333.311 F3554.948
G1 X51.415 Y332.727 F3554.948
G1 X51.652 Y332.143 F3554.948
G1 X51.919 Y331.578 F3554.948
G1 X52.185 Y331.014 F3554.948
G1 X52.452 Y330.449 F3554.948
G1 X52.756 Y329.884 F3554.948
G1 X53.059 Y329.319 F3554.948
G1 X53.363 Y328.754 F3554.948
G1 X53.713 Y328.172 F3554.948
G1 X54.062 Y327.590 F3554.948
G1 X54.411 Y327.008 F3554.948
G1 X54.812 Y326.395 F3554.948
G1 X55.214 Y325.783 F3554.948
G1 X55.615 Y325.171 F3554.948
G1 X56.071 Y324.519 F3554.948
G1 X56.528 Y323.867 F3554.948
G1 X56.984 Y323.214 F3554.948
G1 X57.370 Y322.695 F3554.948
G1 X57.755 Y322.176 F3554.948
G1 X58.140 Y321.657 F3554.948
G1 X58.526 Y321.137 F3554.948
G1 X58.956 Y320.590 F3554.948
G1 X59.387 Y320.042 F3554.948
G1 X59.817 Y319.495 F3554.948
G1 X60.248 Y318.948 F3554.948
G1 X60.722 Y318.378 F3554.948
G1 X61.196 Y317.808 F3554.948
G1 X61.671 Y317.239 F3554.948
G1 X62.145 Y316.669 F3554.948
G1 X62.663 Y316.087 F3554.948
G1 X63.182 Y315.505 F3554.948
G1 X63.700 Y314.924 F3554.948
G1 X64.219 Y314.342 F3554.948
G1 X64.663 Y313.876 F3554.948
G1 X65.107 Y313.411 F3554.948
G1 X65.551 Y312.946 F3554.948
G1 X65.995 Y312.480 F3554.948
G1 X66.439 Y312.015 F3554.948
G1 X66.907 Y311.560 F3554.948
G1 X67.375 Y311.105 F3554.948
G1 X67.842 Y310.650 F3554.948
G1 X68.310 Y310.195 F3554.948
G1 X68.777 Y309.741 F3554.948
G1 X69.265 Y309.304 F3554.948
G1 X69.752 Y308.868 F3554.948
G1 X70.239 Y308.432 F3554.948
G1 X70.727 Y307.996 F3554.948
G1 X71.214 Y307.560 F3554.948
G1 X71.720 Y307.147 F3554.948
G1 X72.226 Y306.734 F3554.948
G1 X72.731 Y306.321 F3554.948
G1 X73.237 Y305.908 F3554.948
G1 X73.743 Y305.495 F3554.948
G1 X74.268 Y305.108 F3554.948
G1 X74.793 Y304.722 F3554.948
G1 X75.318 Y304.336 F3554.948
G1 X75.844 Y303.949 F3554.948
G1 X76.369 Y303.563 F3554.948
G1 X76.912 Y303.206 F3554.948
G1 X77.455 Y302.848 F3554.948
G1 X77.997 Y302.491 F3554.948
G1 X78.540 Y302.133 F3554.948
G1 X79.083 Y301.776 F3554.948
G1 X79.641 Y301.449 F3554.948
G1 X80.200 Y301.123 F3554.948
G1 X80.759 Y300.796 F3554.948
G1 X81.317 Y300.469 F3554.948
G1 X81.876 Y300.143 F3554.948
G1 X82.449 Y299.848 F3554.948
G1 X83.022 Y299.553 F3554.948
G1 X83.595 Y299.258 F3554.948
G1 X84.169 Y298.964 F3554.948
G1 X84.742 Y298.669 F3554.948
G1 X85.328 Y298.406 F3554.948
G1 X85.915 Y298.143 F3554.948
G1 X86.502 Y297.879 F3554.948
G1 X87.088 Y297.616 F3554.948
G1 X87.675 Y297.353 F3554.948
G1 X88.271 Y297.120 F3554.948
G1 X88.868 Y296.887 F3554.948
G1 X89.464 Y296.655 F3554.948
G1 X90.060 Y296.422 F3554.948
G1 X90.656 Y296.189 F3554.948
G1 X91.408 Y295.934 F3554.948
G1 X92.160 Y295.678 F3554.948
G1 X92.912 Y295.423 F3554.948
G1 X93.664 Y295.168 F3554.948
G1 X94.416 Y294.946 F3554.948
G1 X95.168 Y294.723 F3554.948
G1 X95.920 Y294.501 F3554.948
G1 X96.672 Y294.279 F3554.948
G1 X97.415 Y294.084 F3554.948
G1 X98.158 Y293.890 F3554.948
G1 X98.902 Y293.695 F3554.948
G1 X99.645 Y293.501 F3554.948
G1 X100.369 Y293.326 F3554.948
G1 X101.092 Y293.151 F3554.948
G1 X101.816 Y292.976 F3554.948
G1 X102.539 Y292.801 F3554.948
G1 X103.239 Y292.636 F3554.948
G1 X103.938 Y292.471 F3554.948
G1 X104.637 Y292.307 F3554.948
G1 X105.337 Y292.142 F3554.948
G1 X105.993 Y291.977 F3554.948
G1 X106.649 Y291.812 F3554.948
G1 X107.306 Y291.646 F3554.948
G1 X107.962 Y291.481 F3554.948
G1 X108.564 Y291.305 F3554.948
G1 X109.165 Y291.129 F3554.948
G1 X109.767 Y290.953 F3554.948
G1 X110.369 Y290.777 F3554.948
G1 X111.086 Y290.515 F3554.948
G1 X111.804 Y290.254 F3554.948
G1 X112.521 Y289.992 F3554.948
G1 X113.145 Y289.696 F3554.948
G1 X113.769 Y289.400 F3554.948
G1 X114.394 Y289.103 F3554.948
G1 X114.923 Y288.767 F3554.948
G1 X115.453 Y288.431 F3554.948
G1 X115.982 Y288.096 F3554.948
G1 X116.417 Y287.715 F3554.948
G1 X116.852 Y287.334 F3554.948
G1 X117.286 Y286.953 F3554.948
G1 X117.627 Y286.523 F3554.948
G1 X117.967 Y286.093 F3554.948
G1 X118.308 Y285.664 F3554.948
G1 X118.557 Y285.184 F3554.948
G1 X118.806 Y284.705 F3554.948
G1 X119.055 Y284.226 F3554.948
G1 X119.215 Y283.693 F3554.948
G1 X119.376 Y283.160 F3554.948
G1 X119.536 Y282.627 F3554.948
G1 X119.610 Y282.034 F3554.948
G1 X119.685 Y281.441 F3554.948
G1 X119.759 Y280.849 F3554.948
G1 X119.753 Y280.198 F3554.948
G1 X119.746 Y279.547 F3554.948
G1 X119.740 Y278.895 F3554.948
G1 X119.659 Y278.184 F3554.948
G1 X119.579 Y277.473 F3554.948
G1 X119.498 Y276.762 F3554.948
G1 X119.353 Y275.999 F3554.948
G1 X119.209 Y275.236 F3554.948
G1 X119.064 Y274.473 F3554.948
G1 X118.917 Y273.868 F3554.948
G1 X118.769 Y273.264 F3554.948
G1 X118.621 Y272.660 F3554.948
G1 X118.473 Y272.055 F3554.948
G1 X118.298 Y271.426 F3554.948
G1 X118.122 Y270.797 F3554.948
G1 X117.946 Y270.167 F3554.948
G1 X117.771 Y269.538 F3554.948
G1 X117.579 Y268.894 F3554.948
G1 X117.387 Y268.250 F3554.948
G1 X117.195 Y267.606 F3554.948
G1 X117.004 Y266.962 F3554.948
G1 X116.808 Y266.314 F3554.948
G1 X116.612 Y265.665 F3554.948
G1 X116.417 Y265.017 F3554.948
G1 X116.221 Y264.368 F3554.948
G1 X116.028 Y263.724 F3554.948
G1 X115.835 Y263.080 F3554.948
G1 X115.642 Y262.436 F3554.948
G1 X115.450 Y261.792 F3554.948
G1 X115.259 Y261.154 F3554.948
G1 X115.069 Y260.515 F3554.948
G1 X114.879 Y259.877 F3554.948
G1 X114.689 Y259.239 F3554.948
G1 X114.497 Y258.606 F3554.948
G1 X114.305 Y257.973 F3554.948
G1 X114.114 Y257.340 F3554.948
G1 X113.922 Y256.707 F3554.948
G1 X113.720 Y256.072 F3554.948
G1 X113.518 Y255.438 F3554.948
G1 X113.316 Y254.804 F3554.948
G1 X113.114 Y254.169 F3554.948
G1 X112.892 Y253.526 F3554.948
G1 X112.669 Y252.883 F3554.948
G1 X112.446 Y252.241 F3554.948
G1 X112.224 Y251.598 F3554.948
G1 X111.968 Y250.934 F3554.948
G1 X111.712 Y250.271 F3554.948
G1 X111.456 Y249.607 F3554.948
G1 X111.200 Y248.944 F3554.948
G1 X110.899 Y248.249 F3554.948
G1 X110.598 Y247.553 F3554.948
G1 X110.298 Y246.858 F3554.948
G1 X109.997 Y246.163 F3554.948
G1 X109.714 Y245.577 F3554.948
G1 X109.431 Y244.991 F3554.948
G1 X109.147 Y244.406 F3554.948
G1 X108.864 Y243.820 F3554.948
G1 X108.581 Y243.234 F3554.948
G1 X108.251 Y242.617 F3554.948
G1 X107.922 Y242.000 F3554.948
G1 X107.592 Y241.383 F3554.948
G1 X107.263 Y240.766 F3554.948
G1 X106.933 Y240.149 F3554.948
G1 X106.561 Y239.507 F3554.948
G1 X106.190 Y238.864 F3554.948
G1 X105.818 Y238.222 F3554.948
G1 X105.447 Y237.579 F3554.948
G1 X105.075 Y236.937 F3554.948
G1 X104.669 Y236.276 F3554.948
G1 X104.262 Y235.615 F3554.948
G1 X103.856 Y234.954 F3554.948
G1 X103.449 Y234.293 F3554.948
G1 X103.043 Y233.632 F3554.948
G1 X102.613 Y232.964 F3554.948
G1 X102.183 Y232.295 F3554.948
G1 X101.753 Y231.626 F3554.948
G1 X101.324 Y230.957 F3554.948
G1 X100.894 Y230.288 F3554.948
G1 X100.525 Y229.733 F3554.948
G1 X100.155 Y229.178 F3554.948
G1 X99.786 Y228.622 F3554.948
G1 X99.417 Y228.067 F3554.948
G1 X99.047 Y227.512 F3554.948
G1 X98.678 Y226.957 F3554.948
G1 X98.228 Y226.300 F3554.948
G1 X97.778 Y225.642 F3554.948
G1 X97.329 Y224.985 F3554.948
G1 X96.879 Y224.328 F3554.948
G1 X96.429 Y223.671 F3554.948
G1 X95.976 Y223.024 F3554.948
G1 X95.523 Y222.378 F3554.948
G1 X95.070 Y221.731 F3554.948
G1 X94.617 Y221.084 F3554.948
G1 X94.163 Y220.438 F3554.948
G1 X93.710 Y219.804 F3554.948
G1 X93.256 Y219.170 F3554.948
G1 X92.803 Y218.536 F3554.948
G1 X92.349 Y217.902 F3554.948
G1 X91.895 Y217.268 F3554.948
G1 X91.444 Y216.648 F3554.948
G1 X90.992 Y216.028 F3554.948
G1 X90.540 Y215.407 F3554.948
G1 X90.088 Y214.787 F3554.948
G1 X89.636 Y214.167 F3554.948
G1 X89.188 Y213.560 F3554.948
G1 X88.740 Y212.953 F3554.948
G1 X88.291 Y212.346 F3554.948
G1 X87.843 Y211.739 F3554.948
G1 X87.395 Y211.132 F3554.948
G1 X86.951 Y210.540 F3554.948
G1 X86.507 Y209.948 F3554.948
G1 X86.063 Y209.356 F3554.948
G1 X85.619 Y208.764 F3554.948
G1 X85.176 Y208.172 F3554.948
G1 X84.737 Y207.593 F3554.948
G1 X84.298 Y207.014 F3554.948
G1 X83.859 Y206.435 F3554.948
G1 X83.420 Y205.856 F3554.948
G1 X82.981 Y205.277 F3554.948
G1 X82.547 Y204.710 F3554.948
G1 X82.113 Y204.142 F3554.948
G1 X81.679 Y203.575 F3554.948
G1 X81.245 Y203.008 F3554.948
G1 X80.811 Y202.441 F3554.948
G1 X80.382 Y201.884 F3554.948
G1 X79.953 Y201.327 F3554.948
G1 X79.525 Y200.771 F3554.948
G1 X79.096 Y200.214 F3554.948
G1 X78.667 Y199.657 F3554.948
G1 X78.244 Y199.111 F3554.948
G1 X77.820 Y198.564 F3554.948
G1 X77.396 Y198.017 F3554.948
G1 X76.973 Y197.471 F3554.948
G1 X76.549 Y196.924 F3554.948
G1 X76.131 Y196.388 F3554.948
G1 X75.712 Y195.852 F3554.948
G1 X75.294 Y195.316 F3554.948
G1 X74.875 Y194.780 F3554.948
G1 X74.457 Y194.244 F3554.948
G1 X74.043 Y193.717 F3554.948
G1 X73.629 Y193.190 F3554.948
G1 X73.214 Y192.663 F3554.948
G1 X72.800 Y192.136 F3554.948
G1 X72.386 Y191.609 F3554.948
G1 X71.976 Y191.090 F3554.948
G1 X71.566 Y190.571 F3554.948
G1 X71.155 Y190.053 F3554.948
G1 X70.745 Y189.534 F3554.948
G1 X70.335 Y189.016 F3554.948
G1 X69.927 Y188.504 F3554.948
G1 X69.520 Y187.992 F3554.948
G1 X69.113 Y187.481 F3554.948
G1 X68.706 Y186.969 F3554.948
G1 X68.298 Y186.457 F3554.948
G1 X67.894 Y185.952 F3554.948
G1 X67.490 Y185.448 F3554.948
G1 X67.086 Y184.943 F3554.948
G1 X66.681 Y184.438 F3554.948
G1 X66.277 Y183.933 F3554.948
G1 X65.775 Y183.311 F3554.948
G1 X65.272 Y182.688 F3554.948
G1 X64.770 Y182.066 F3554.948
G1 X64.267 Y181.443 F3554.948
G1 X63.767 Y180.829 F3554.948
G1 X63.267 Y180.214 F3554.948
G1 X62.767 Y179.600 F3554.948
G1 X62.267 Y178.985 F3554.948
G1 X61.768 Y178.377 F3554.948
G1 X61.269 Y177.768 F3554.948
G1 X60.771 Y177.160 F3554.948
G1 X60.272 Y176.551 F3554.948
G1 X59.774 Y175.950 F3554.948
G1 X59.276 Y175.349 F3554.948
G1 X58.779 Y174.747 F3554.948
G1 X58.281 Y174.146 F3554.948
G1 X57.784 Y173.551 F3554.948
G1 X57.286 Y172.955 F3554.948
G1 X56.789 Y172.360 F3554.948
G1 X56.292 Y171.765 F3554.948
G1 X55.796 Y171.176 F3554.948
G1 X55.301 Y170.587 F3554.948
G1 X54.805 Y169.999 F3554.948
G1 X54.310 Y169.410 F3554.948
G1 X53.816 Y168.827 F3554.948
G1 X53.323 Y168.245 F3554.948
G1 X52.829 Y167.662 F3554.948
G1 X52.336 Y167.079 F3554.948
G1 X51.845 Y166.502 F3554.948
G1 X51.354 Y165.925 F3554.948
G1 X50.862 Y165.349 F3554.948
G1 X50.371 Y164.772 F3554.948
G1 X49.882 Y164.200 F3554.948
G1 X49.392 Y163.629 F3554.948
G1 X48.903 Y163.057 F3554.948
G1 X48.413 Y162.486 F3554.948
G1 X47.925 Y161.920 F3554.948
G1 X47.436 Y161.355 F3554.948
G1 X46.947 Y160.789 F3554.948
G1 X46.459 Y160.224 F3554.948
G1 X45.968 Y159.665 F3554.948
G1 X45.478 Y159.106 F3554.948
G1 X44.987 Y158.547 F3554.948
G1 X44.496 Y157.988 F3554.948
G1 X43.996 Y157.433 F3554.948
G1 X43.496 Y156.878 F3554.948
G1 X42.996 Y156.323 F3554.948
G1 X42.496 Y155.768 F3554.948
G1 X41.976 Y155.217 F3554.948
G1 X41.457 Y154.666 F3554.948
G1 X40.937 Y154.115 F3554.948
G1 X40.417 Y153.564 F3554.948
G1 X39.874 Y153.016 F3554.948
G1 X39.332 Y152.469 F3554.948
G1 X38.789 Y151.921 F3554.948
G1 X38.247 Y151.373 F3554.948
G1 X37.689 Y150.829 F3554.948
G1 X37.131 Y150.285 F3554.948
G1 X36.573 Y149.740 F3554.948
G1 X36.016 Y149.196 F3554.948
G1 X35.481 Y148.665 F3554.948
G1 X34.946 Y148.135 F3554.948
G1 X34.411 Y147.604 F3554.948
G1 X33.876 Y147.074 F3554.948
G1 X33.432 Y146.569 F3554.948
G1 X32.988 Y146.065 F3554.948
G1 X32.544 Y145.560 F3554.948
G1 X32.100 Y145.055 F3554.948
G1 X31.732 Y144.425 F3554.948
G1 X31.364 Y143.796 F3554.948
G1 X30.996 Y143.166 F3554.948
G1 X30.904 Y142.577 F3554.948
G1 X30.813 Y141.988 F3554.948
G1 X30.721 Y141.399 F3554.948
G1 X30.893 Y140.842 F3554.948
G1 X31.064 Y140.286 F3554.948
G1 X31.235 Y139.729 F3554.948
G1 X31.656 Y139.197 F3554.948
G1 X32.077 Y138.665 F3554.948
G1 X32.499 Y138.134 F3554.948
G1 X33.104 Y137.622 F3554.948
G1 X33.710 Y137.111 F3554.948
G1 X34.316 Y136.599 F3554.948
G1 X34.850 Y136.227 F3554.948
G1 X35.384 Y135.856 F3554.948
G1 X35.917 Y135.484 F3554.948
G1 X36.451 Y135.112 F3554.948
G1 X37.040 Y134.749 F3554.948
G1 X37.628 Y134.386 F3554.948
G1 X38.217 Y134.023 F3554.948
G1 X38.806 Y133.660 F3554.948
G1 X39.441 Y133.300 F3554.948
G1 X40.077 Y132.940 F3554.948
G1 X40.713 Y132.580 F3554.948
G1 X41.348 Y132.220 F3554.948
G1 X42.017 Y131.860 F3554.948
G1 X42.685 Y131.501 F3554.948
G1 X43.354 Y131.141 F3554.948
G1 X44.022 Y130.781 F3554.948
G1 X44.704 Y130.420 F3554.948
G1 X45.386 Y130.059 F3554.948
G1 X46.069 Y129.697 F3554.948
G1 X46.751 Y129.336 F3554.948
G1 X47.424 Y128.975 F3554.948
G1 X48.098 Y128.614 F3554.948
G1 X48.771 Y128.253 F3554.948
G1 X49.445 Y127.892 F3554.948
G1 X50.094 Y127.536 F3554.948
G1 X50.743 Y127.180 F3554.948
G1 X51.392 Y126.824 F3554.948
G1 X52.041 Y126.468 F3554.948
G1 X52.667 Y126.122 F3554.948
G1 X53.293 Y125.776 F3554.948
G1 X53.919 Y125.430 F3554.948
G1 X54.545 Y125.084 F3554.948
G1 X55.140 Y124.768 F3554.948
G1 X55.735 Y124.452 F3554.948
G1 X56.330 Y124.136 F3554.948
G1 X56.925 Y123.820 F3554.948
G1 X57.496 Y123.541 F3554.948
G1 X58.067 Y123.261 F3554.948
G1 X58.638 Y122.982 F3554.948
G1 X59.209 Y122.703 F3554.948
G1 X59.944 Y122.389 F3554.948
G1 X60.680 Y122.075 F3554.948
G1 X61.416 Y121.761 F3554.948
G1 X62.135 Y121.512 F3554.948
G1 X62.855 Y121.262 F3554.948
G1 X63.574 Y121.012 F3554.948
G1 X64.282 Y120.828 F3554.948
G1 X64.990 Y120.644 F3554.948
G1 X65.698 Y120.459 F3554.948
G1 X66.401 Y120.340 F3554.948
G1 X67.104 Y120.220 F3554.948
G1 X67.807 Y120.100 F3554.948
G1 X68.508 Y120.039 F3554.948
G1 X69.209 Y119.978 F3554.948
G1 X69.910 Y119.917 F3554.948
G1 X70.614 Y119.908 F3554.948
G1 X71.318 Y119.899 F3554.948
G1 X72.022 Y119.891 F3554.948
G1 X72.733 Y119.929 F3554.948
G1 X73.443 Y119.966 F3554.948
G1 X74.153 Y120.004 F3554.948
G1 X74.873 Y120.085 F3554.948
G1 X75.593 Y120.165 F3554.948
G1 X76.313 Y120.245 F3554.948
G1 X77.044 Y120.362 F3554.948
G1 X77.775 Y120.478 F3554.948
G1 X78.506 Y120.594 F3554.948
G1 X79.249 Y120.743 F3554.948
G1 X79.993 Y120.893 F3554.948
G1 X80.736 Y121.042 F3554.948
G1 X81.491 Y121.219 F3554.948
G1 X82.247 Y121.396 F3554.948
G1 X83.002 Y121.573 F3554.948
G1 X83.767 Y121.774 F3554.948
G1 X84.532 Y121.976 F3554.948
G1 X85.297 Y122.177 F3554.948
G1 X85.877 Y122.343 F3554.948
G1 X86.457 Y122.510 F3554.948
G1 X87.038 Y122.677 F3554.948
G1 X87.618 Y122.843 F3554.948
G1 X88.203 Y123.024 F3554.948
G1 X88.788 Y123.205 F3554.948
G1 X89.373 Y123.385 F3554.948
G1 X89.958 Y123.566 F3554.948
G1 X90.548 Y123.760 F3554.948
G1 X91.137 Y123.953 F3554.948
G1 X91.727 Y124.147 F3554.948
G1 X92.316 Y124.341 F3554.948
G1 X92.910 Y124.546 F3554.948
G1 X93.504 Y124.751 F3554.948
G1 X94.099 Y124.956 F3554.948
G1 X94.693 Y125.161 F3554.948
G1 X95.292 Y125.375 F3554.948
G1 X95.890 Y125.588 F3554.948
G1 X96.489 Y125.802 F3554.948
G1 X97.088 Y126.016 F3554.948
G1 X97.694 Y126.238 F3554.948
G1 X98.299 Y126.460 F3554.948
G1 X98.905 Y126.683 F3554.948
G1 X99.510 Y126.905 F3554.948
G1 X100.123 Y127.134 F3554.948
G1 X100.736 Y127.362 F3554.948
G1 X101.349 Y127.591 F3554.948
G1 X101.961 Y127.820 F3554.948
G1 X102.583 Y128.056 F3554.948
G1 X103.204 Y128.291 F3554.948
G1 X103.825 Y128.527 F3554.948
G1 X104.446 Y128.762 F3554.948
G1 X105.076 Y129.000 F3554.948
G1 X105.706 Y129.238 F3554.948
G1 X106.336 Y129.477 F3554.948
G1 X106.965 Y129.715 F3554.948
G1 X107.603 Y129.957 F3554.948
G1 X108.240 Y130.199 F3554.948
G1 X108.877 Y130.441 F3554.948
G1 X109.514 Y130.683 F3554.948
G1 X110.157 Y130.927 F3554.948
G1 X110.801 Y131.171 F3554.948
G1 X111.444 Y131.415 F3554.948
G1 X112.088 Y131.659 F3554.948
G1 X112.738 Y131.905 F3554.948
G1 X113.387 Y132.150 F3554.948
G1 X114.037 Y132.396 F3554.948
G1 X114.687 Y132.641 F3554.948
G1 X115.340 Y132.884 F3554.948
G1 X115.994 Y133.128 F3554.948
G1 X116.648 Y133.371 F3554.948
G1 X117.301 Y133.615 F3554.948
G1 X117.957 Y133.853 F3554.948
G1 X118.612 Y134.092 F3554.948
G1 X119.267 Y134.331 F3554.948
G1 X119.923 Y134.570 F3554.948
G1 X120.580 Y134.801 F3554.948
G1 X121.237 Y135.033 F3554.948
G1 X121.893 Y135.264 F3554.948
G1 X122.550 Y135.496 F3554.948
G1 X123.208 Y135.719 F3554.948
G1 X123.865 Y135.942 F3554.948
G1 X124.522 Y136.165 F3554.948
G1 X125.180 Y136.387 F3554.948
G1 X125.838 Y136.600 F3554.948
G1 X126.496 Y136.812 F3554.948
G1 X127.154 Y137.024 F3554.948
G1 X127.812 Y137.237 F3554.948
G1 X128.472 Y137.437 F3554.948
G1 X129.132 Y137.638 F3554.948
G1 X129.792 Y137.838 F3554.948
G1 X130.453 Y138.038 F3554.948
G1 X131.115 Y138.228 F3554.948
G1 X131.777 Y138.417 F3554.948
G1 X132.439 Y138.606 F3554.948
G1 X133.101 Y138.795 F3554.948
G1 X133.767 Y138.974 F3554.948
G1 X134.433 Y139.152 F3554.948
G1 X135.099 Y139.331 F3554.948
G1 X135.765 Y139.510 F3554.948
G1 X136.438 Y139.678 F3554.948
G1 X137.110 Y139.846 F3554.948
G1 X137.783 Y140.014 F3554.948
G1 X138.455 Y140.182 F3554.948
G1 X139.137 Y140.340 F3554.948
G1 X139.819 Y140.498 F3554.948
G1 X140.501 Y140.656 F3554.948
G1 X141.184 Y140.814 F3554.948
G1 X141.879 Y140.965 F3554.948
G1 X142.574 Y141.116 F3554.948
G1 X143.270 Y141.266 F3554.948
G1 X143.965 Y141.417 F3554.948
G1 X144.679 Y141.563 F3554.948
G1 X145.393 Y141.708 F3554.948
G1 X146.106 Y141.854 F3554.948
G1 X146.820 Y141.999 F3554.948
G1 X147.554 Y142.142 F3554.948
G1 X148.288 Y142.285 F3554.948
G1 X149.022 Y142.428 F3554.948
G1 X149.756 Y142.571 F3554.948
G1 X150.509 Y142.714 F3554.948
G1 X151.262 Y142.858 F3554.948
G1 X152.015 Y143.001 F3554.948
G1 X152.768 Y143.145 F3554.948
G1 X153.538 Y143.291 F3554.948
G1 X154.307 Y143.437 F3554.948
G1 X155.077 Y143.583 F3554.948
G1 X155.847 Y143.730 F3554.948
G1 X156.630 Y143.881 F3554.948
G1 X157.414 Y144.033 F3554.948
G1 X158.197 Y144.184 F3554.948
G1 X158.981 Y144.335 F3554.948
G1 X159.613 Y144.461 F3554.948
G1 X160.246 Y144.586 F3554.948
G1 X160.879 Y144.712 F3554.948
G1 X161.511 Y144.837 F3554.948
G1 X162.144 Y144.963 F3554.948
G1 X162.777 Y145.092 F3554.948
G1 X163.411 Y145.222 F3554.948
G1 X164.044 Y145.351 F3554.948
G1 X164.678 Y145.481 F3554.948
G1 X165.311 Y145.611 F3554.948
G1 X165.942 Y145.745 F3554.948
G1 X166.573 Y145.879 F3554.948
G1 X167.205 Y146.012 F3554.948
G1 X167.836 Y146.146 F3554.948
G1 X168.467 Y146.280 F3554.948
G1 X169.094 Y146.415 F3554.948
G1 X169.721 Y146.549 F3554.948
G1 X170.348 Y146.683 F3554.948
G1 X170.975 Y146.818 F3554.948
G1 X171.603 Y146.952 F3554.948
G1 X172.377 Y147.115 F3554.948
G1 X173.151 Y147.278 F3554.948
G1 X173.925 Y147.440 F3554.948
G1 X174.699 Y147.603 F3554.948
G1 X175.452 Y147.751 F3554.948
G1 X176.206 Y147.898 F3554.948
G1 X176.959 Y148.046 F3554.948
G1 X177.712 Y148.193 F3554.948
G1 X178.426 Y148.313 F3554.948
G1 X179.141 Y148.433 F3554.948
G1 X179.855 Y148.552 F3554.948
G1 X180.569 Y148.672 F3554.948
G1 X181.228 Y148.755 F3554.948
G1 X181.888 Y148.837 F3554.948
G1 X182.547 Y148.920 F3554.948
G1 X183.206 Y149.003 F3554.948
G1 X183.996 Y149.058 F3554.948
G1 X184.786 Y149.114 F3554.948
G1 X185.576 Y149.169 F3554.948
G1 X186.267 Y149.165 F3554.948
G1 X186.959 Y149.161 F3554.948
G1 X187.651 Y149.156 F3554.948
G1 X188.246 Y149.095 F3554.948
G1 X188.841 Y149.035 F3554.948
G1 X189.437 Y148.974 F3554.948
G1 X190.194 Y148.799 F3554.948
G1 X190.952 Y148.624 F3554.948
G1 X191.592 Y148.373 F3554.948
G1 X192.231 Y148.122 F3554.948
G1 X192.773 Y147.796 F3554.948
G1 X193.314 Y147.471 F3554.948
G1 X193.774 Y147.070 F3554.948
G1 X194.234 Y146.669 F3554.948
G1 X194.626 Y146.198 F3554.948
G1 X195.019 Y145.727 F3554.948
G1 X195.357 Y145.183 F3554.948
G1 X195.695 Y144.640 F3554.948
G1 X195.984 Y144.022 F3554.948
G1 X196.273 Y143.404 F3554.948
G1 X196.517 Y142.703 F3554.948
G1 X196.761 Y142.002 F3554.948
G1 X196.896 Y141.479 F3554.948
G1 X197.031 Y140.956 F3554.948
G1 X197.166 Y140.433 F3554.948
G1 X197.273 Y139.851 F3554.948
G1 X197.380 Y139.269 F3554.948
G1 X197.486 Y138.687 F3554.948
G1 X197.565 Y138.045 F3554.948
G1 X197.644 Y137.403 F3554.948
G1 X197.722 Y136.760 F3554.948
G1 X197.775 Y136.065 F3554.948
G1 X197.827 Y135.369 F3554.948
G1 X197.880 Y134.673 F3554.948
G1 X197.912 Y133.934 F3554.948
G1 X197.944 Y133.195 F3554.948
G1 X197.975 Y132.456 F3554.948
G1 X197.995 Y131.694 F3554.948
G1 X198.016 Y130.932 F3554.948
G1 X198.036 Y130.170 F3554.948
G1 X198.055 Y129.416 F3554.948
G1 X198.074 Y128.662 F3554.948
G1 X198.093 Y127.908 F3554.948
G1 X198.127 Y127.187 F3554.948
G1 X198.161 Y126.466 F3554.948
G1 X198.195 Y125.746 F3554.948
G1 X198.249 Y125.082 F3554.948
G1 X198.302 Y124.418 F3554.948
G1 X198.356 Y123.754 F3554.948
G1 X198.440 Y123.160 F3554.948
G1 X198.523 Y122.566 F3554.948
G1 X198.607 Y121.973 F3554.948
G1 X198.730 Y121.450 F3554.948
G1 X198.853 Y120.927 F3554.948
G1 X198.976 Y120.404 F3554.948
G1 X199.237 Y119.721 F3554.948
G1 X199.498 Y119.039 F3554.948
G1 X199.851 Y118.443 F3554.948
G1 X200.205 Y117.848 F3554.948
G1 X200.676 Y117.329 F3554.948
G1 X201.146 Y116.811 F3554.948
G1 X201.765 Y116.357 F3554.948
G1 X202.385 Y115.903 F3554.948
G1 X202.914 Y115.634 F3554.948
G1 X203.443 Y115.365 F3554.948
G1 X203.972 Y115.096 F3554.948
G1 X204.631 Y114.857 F3554.948
G1 X205.290 Y114.618 F3554.948
G1 X205.949 Y114.379 F3554.948
G1 X206.552 Y114.221 F3554.948
G1 X207.155 Y114.063 F3554.948
G1 X207.758 Y113.905 F3554.948
G1 X208.361 Y113.747 F3554.948
G1 X209.075 Y113.614 F3554.948
G1 X209.788 Y113.481 F3554.948
G1 X210.501 Y113.348 F3554.948
G1 X211.215 Y113.215 F3554.948
G1 X211.868 Y113.132 F3554.948
G1 X212.522 Y113.049 F3554.948
G1 X213.176 Y112.966 F3554.948
G1 X213.829 Y112.883 F3554.948
G1 X214.483 Y112.800 F3554.948
G1 X215.208 Y112.743 F3554.948
G1 X215.932 Y112.687 F3554.948
G1 X216.657 Y112.630 F3554.948
G1 X217.381 Y112.573 F3554.948
G1 X218.106 Y112.517 F3554.948
G1 X218.882 Y112.486 F3554.948
G1 X219.658 Y112.455 F3554.948
G1 X220.434 Y112.425 F3554.948
G1 X221.211 Y112.394 F3554.948
G1 X221.987 Y112.363 F3554.948
G1 X222.656 Y112.356 F3554.948
G1 X223.326 Y112.348 F3554.948
G1 X223.996 Y112.341 F3554.948
G1 X224.666 Y112.333 F3554.948
G1 X225.335 Y112.326 F3554.948
G1 X226.005 Y112.318 F3554.948
G1 X226.682 Y112.324 F3554.948
G1 X227.360 Y112.329 F3554.948
G1 X228.037 Y112.334 F3554.948
G1 X228.714 Y112.339 F3554.948
G1 X229.392 Y112.345 F3554.948
G1 X230.069 Y112.350 F3554.948
G1 X230.745 Y112.361 F3554.948
G1 X231.421 Y112.372 F3554.948
G1 X232.097 Y112.383 F3554.948
G1 X232.773 Y112.394 F3554.948
G1 X233.449 Y112.405 F3554.948
G1 X234.125 Y112.416 F3554.948
G1 X234.923 Y112.425 F3554.948
G1 X235.722 Y112.434 F3554.948
G1 X236.520 Y112.443 F3554.948
G1 X237.318 Y112.452 F3554.948
G1 X238.117 Y112.461 F3554.948
G1 X238.891 Y112.458 F3554.948
G1 X239.665 Y112.455 F3554.948
G1 X240.440 Y112.452 F3554.948
G1 X241.214 Y112.448 F3554.948
G1 X241.988 Y112.445 F3554.948
G1 X242.731 Y112.422 F3554.948
G1 X243.473 Y112.399 F3554.948
G1 X244.215 Y112.375 F3554.948
G1 X244.957 Y112.352 F3554.948
G1 X245.699 Y112.329 F3554.948
G1 X246.404 Y112.279 F3554.948
G1 X247.109 Y112.229 F3554.948
G1 X247.814 Y112.180 F3554.948
G1 X248.519 Y112.130 F3554.948
G1 X249.224 Y112.080 F3554.948
G1 X249.893 Y111.999 F3554.948
G1 X250.561 Y111.918 F3554.948
G1 X251.229 Y111.837 F3554.948
G1 X251.898 Y111.756 F3554.948
G1 X252.566 Y111.675 F3554.948
G1 X253.205 Y111.561 F3554.948
G1 X253.843 Y111.447 F3554.948
G1 X254.481 Y111.332 F3554.948
G1 X255.119 Y111.218 F3554.948
G1 X255.758 Y111.104 F3554.948
G1 X256.530 Y110.930 F3554.948
G1 X257.303 Y110.756 F3554.948
G1 X258.075 Y110.582 F3554.948
G1 X258.847 Y110.408 F3554.948
G1 X259.599 Y110.227 F3554.948
G1 X260.351 Y110.045 F3554.948
G1 X261.103 Y109.864 F3554.948
G1 X261.854 Y109.683 F3554.948
G1 X262.581 Y109.514 F3554.948
G1 X263.308 Y109.344 F3554.948
G1 X264.034 Y109.175 F3554.948
G1 X264.761 Y109.006 F3554.948
G1 X265.456 Y108.856 F3554.948
G1 X266.151 Y108.705 F3554.948
G1 X266.846 Y108.555 F3554.948
G1 X267.541 Y108.405 F3554.948
G1 X268.203 Y108.274 F3554.948
G1 X268.864 Y108.143 F3554.948
G1 X269.526 Y108.012 F3554.948
G1 X270.187 Y107.881 F3554.948
G1 X270.803 Y107.762 F3554.948
G1 X271.419 Y107.643 F3554.948
G1 X272.035 Y107.524 F3554.948
G1 X272.650 Y107.405 F3554.948
G1 X273.400 Y107.260 F3554.948
G1 X274.150 Y107.116 F3554.948
G1 X274.899 Y106.971 F3554.948
G1 X275.573 Y106.838 F3554.948
G1 X276.247 Y106.705 F3554.948
G1 X276.921 Y106.572 F3554.948
G1 X277.516 Y106.455 F3554.948
G1 X278.111 Y106.339 F3554.948
G1 X278.707 Y106.222 F3554.948
G1 X279.482 Y106.078 F3554.948
G1 X280.257 Y105.934 F3554.948
G1 X280.915 Y105.823 F3554.948
G1 X281.572 Y105.712 F3554.948
G1 X282.117 Y105.634 F3554.948
G1 X282.662 Y105.556 F3554.948
G1 X283.099 Y105.511 F3554.948
G1 X283.535 Y105.466 F3554.948
G1 X284.218 Y105.436 F3554.948
G1 X284.737 Y105.460 F3554.948
G1 X285.115 Y105.534 F3554.948
M400 ; Wait for drawing to complete
G1 U0.800 F200.0 ; Flow ramp-down (viewer mode)
M5 ; Viewer hint: stop cutting
; STOP BRUSH A
G1 U0.000 F200.0 ; Close Brush A flow
M106 P2 S0 ; Brush A air off
; === PATH END ===

; Width clamped from 31.00mm to 25.00mm within [2.00,25.00] mm
; ===== STROKE PARAMETERS =====
; Color: black
; Width: 25.00mm
; Opacity: 0.25
; Brush: A
; Z-height: 83.00mm
; Paint flow: 0.56 -> U2.586mm
; Feedrate: 3554.9mm/min
; Modes: viewer_compat=true, viewer_emit_m3m5=true
; START BRUSH A
T0 ; Select Tool 0 (Brush A)
G0 X485.899 Y396.297 F12000.000
M400 ; Wait for XY movement to complete
G1 F3554.948
M106 P2 S1 ; Air on before paint
G1 U2.586 F200.0 ; Set paint flow to target (viewer mode)
G1 F3554.948
G4 P50 ; Short paint lead time
M3 S1 ; Viewer hint: start cutting
G1 X485.966 Y396.382 F3554.948
G1 X486.066 Y396.510 F3554.948
G1 X486.201 Y396.678 F3554.948
G1 X486.368 Y396.885 F3554.948
G1 X486.563 Y397.127 F3554.948
G1 X486.786 Y397.409 F3554.948
G1 X487.034 Y397.730 F3554.948
G1 X487.315 Y398.098 F3554.948
G1 X487.624 Y398.517 F3554.948
G1 X487.971 Y398.997 F3554.948
G1 X488.357 Y399.548 F3554.948
G1 X488.791 Y400.183 F3554.948
G1 X489.032 Y400.550 F3554.948
G1 X489.273 Y400.918 F3554.948
G1 X489.537 Y401.346 F3554.948
G1 X489.802 Y401.775 F3554.948
G1 X490.093 Y402.277 F3554.948
G1 X490.384 Y402.779 F3554.948
G1 X490.700 Y403.373 F3554.948
G1 X491.016 Y403.967 F3554.948
G1 X491.363 Y404.667 F3554.948
G1 X491.710 Y405.367 F3554.948
G1 X491.959 Y405.914 F3554.948
G1 X492.209 Y406.462 F3554.948
G1 X492.458 Y407.009 F3554.948
G1 X492.712 Y407.648 F3554.948
G1 X492.966 Y408.287 F3554.948
G1 X493.220 Y408.927 F3554.948
G1 X493.435 Y409.658 F3554.948
G1 X493.649 Y410.388 F3554.948
G1 X493.863 Y411.119 F3554.948
G1 X493.966 Y411.736 F3554.948
G1 X494.068 Y412.354 F3554.948
G1 X494.171 Y412.971 F3554.948
G1 X494.273 Y413.588 F3554.948
G1 X494.297 Y414.267 F3554.948
G1 X494.320 Y414.946 F3554.948
G1 X494.343 Y415.625 F3554.948
G1 X494.366 Y416.304 F3554.948
G1 X494.299 Y417.035 F3554.948
G1 X494.232 Y417.767 F3554.948
G1 X494.166 Y418.498 F3554.948
G1 X494.099 Y419.229 F3554.948
G1 X493.947 Y420.002 F3554.948
G1 X493.795 Y420.775 F3554.948
G1 X493.642 Y421.547 F3554.948
G1 X493.490 Y422.320 F3554.948
G1 X493.316 Y422.961 F3554.948
G1 X493.142 Y423.603 F3554.948
G1 X492.968 Y424.244 F3554.948
G1 X492.794 Y424.885 F3554.948
G1 X492.620 Y425.527 F3554.948
G1 X492.418 Y426.182 F3554.948
G1 X492.217 Y426.837 F3554.948
G1 X492.015 Y427.492 F3554.948
G1 X491.813 Y428.147 F3554.948
G1 X491.612 Y428.802 F3554.948
G1 X491.399 Y429.462 F3554.948
G1 X491.186 Y430.121 F3554.948
G1 X490.974 Y430.781 F3554.948
G1 X490.761 Y431.440 F3554.948
G1 X490.548 Y432.100 F3554.948
G1 X490.331 Y432.754 F3554.948
G1 X490.114 Y433.409 F3554.948
G1 X489.897 Y434.064 F3554.948
G1 X489.680 Y434.719 F3554.948
G1 X489.463 Y435.374 F3554.948
G1 X489.251 Y436.016 F3554.948
G1 X489.039 Y436.659 F3554.948
G1 X488.827 Y437.301 F3554.948
G1 X488.615 Y437.943 F3554.948
G1 X488.402 Y438.586 F3554.948
G1 X488.204 Y439.208 F3554.948
G1 X488.005 Y439.831 F3554.948
G1 X487.807 Y440.454 F3554.948
G1 X487.609 Y441.076 F3554.948
G1 X487.410 Y441.699 F3554.948
G1 X487.187 Y442.445 F3554.948
G1 X486.963 Y443.190 F3554.948
G1 X486.739 Y443.936 F3554.948
G1 X486.516 Y444.682 F3554.948
G1 X486.317 Y445.388 F3554.948
G1 X486.119 Y446.094 F3554.948
G1 X485.921 Y446.801 F3554.948
G1 X485.722 Y447.507 F3554.948
G1 X485.549 Y448.172 F3554.948
G1 X485.377 Y448.837 F3554.948
G1 X485.204 Y449.502 F3554.948
G1 X485.032 Y450.167 F3554.948
G1 X484.881 Y450.793 F3554.948
G1 X484.731 Y451.418 F3554.948
G1 X484.581 Y452.043 F3554.948
G1 X484.431 Y452.669 F3554.948
G1 X484.300 Y453.260 F3554.948
G1 X484.169 Y453.851 F3554.948
G1 X484.038 Y454.442 F3554.948
G1 X483.907 Y455.033 F3554.948
G1 X483.751 Y455.795 F3554.948
G1 X483.595 Y456.556 F3554.948
G1 X483.439 Y457.317 F3554.948
G1 X483.284 Y458.058 F3554.948
G1 X483.130 Y458.799 F3554.948
G1 X482.976 Y459.539 F3554.948
G1 X482.812 Y460.271 F3554.948
G1 X482.648 Y461.002 F3554.948
G1 X482.484 Y461.733 F3554.948
G1 X482.295 Y462.466 F3554.948
G1 X482.106 Y463.199 F3554.948
G1 X481.917 Y463.932 F3554.948
G1 X481.693 Y464.675 F3554.948
G1 X481.469 Y465.419 F3554.948
G1 X481.245 Y466.163 F3554.948
G1 X481.042 Y466.733 F3554.948
G1 X480.838 Y467.304 F3554.948
G1 X480.634 Y467.874 F3554.948
G1 X480.430 Y468.445 F3554.948
G1 X480.186 Y469.031 F3554.948
G1 X479.941 Y469.618 F3554.948
G1 X479.696 Y470.204 F3554.948
G1 X479.451 Y470.791 F3554.948
G1 X479.166 Y471.390 F3554.948
G1 X478.880 Y471.989 F3554.948
G1 X478.594 Y472.588 F3554.948
G1 X478.308 Y473.187 F3554.948
G1 X477.981 Y473.793 F3554.948
G1 X477.654 Y474.398 F3554.948
G1 X477.326 Y475.004 F3554.948
G1 X476.999 Y475.610 F3554.948
G1 X476.635 Y476.213 F3554.948
G1 X476.271 Y476.817 F3554.948
G1 X475.907 Y477.420 F3554.948
G1 X475.544 Y478.023 F3554.948
G1 X475.151 Y478.614 F3554.948
G1 X474.758 Y479.205 F3554.948
G1 X474.365 Y479.795 F3554.948
G1 X473.972 Y480.386 F3554.948
G1 X473.557 Y480.956 F3554.948
G1 X473.141 Y481.526 F3554.948
G1 X472.726 Y482.095 F3554.948
G1 X472.310 Y482.665 F3554.948
G1 X471.882 Y483.210 F3554.948
G1 X471.453 Y483.755 F3554.948
G1 X471.024 Y484.299 F3554.948
G1 X470.596 Y484.844 F3554.948
G1 X470.162 Y485.362 F3554.948
G1 X469.728 Y485.881 F3554.948
G1 X469.294 Y486.399 F3554.948
G1 X468.860 Y486.918 F3554.948
G1 X468.426 Y487.413 F3554.948
G1 X467.992 Y487.909 F3554.948
G1 X467.558 Y488.405 F3554.948
G1 X467.125 Y488.901 F3554.948
G1 X466.696 Y489.378 F3554.948
G1 X466.267 Y489.855 F3554.948
G1 X465.839 Y490.332 F3554.948
G1 X465.410 Y490.809 F3554.948
G1 X464.986 Y491.266 F3554.948
G1 X464.562 Y491.723 F3554.948
G1 X464.138 Y492.180 F3554.948
G1 X463.714 Y492.638 F3554.948
G1 X463.153 Y493.206 F3554.948
G1 X462.592 Y493.775 F3554.948
G1 X462.031 Y494.343 F3554.948
G1 X461.469 Y494.806 F3554.948
G1 X460.908 Y495.268 F3554.948
G1 X460.346 Y495.731 F3554.948
G1 X459.775 Y496.042 F3554.948
G1 X459.205 Y496.353 F3554.948
G1 X458.634 Y496.665 F3554.948
G1 X458.046 Y496.783 F3554.948
G1 X457.458 Y496.901 F3554.948
G1 X456.869 Y497.019 F3554.948
G1 X456.255 Y496.932 F3554.948
G1 X455.642 Y496.844 F3554.948
G1 X455.028 Y496.757 F3554.948
G1 X454.379 Y496.489 F3554.948
G1 X453.730 Y496.222 F3554.948
G1 X453.080 Y495.954 F3554.948
G1 X452.391 Y495.561 F3554.948
G1 X451.701 Y495.168 F3554.948
G1 X451.011 Y494.776 F3554.948
G1 X450.460 Y494.424 F3554.948
G1 X449.909 Y494.073 F3554.948
G1 X449.358 Y493.722 F3554.948
G1 X448.807 Y493.371 F3554.948
G1 X448.220 Y493.006 F3554.948
G1 X447.633 Y492.641 F3554.948
G1 X447.045 Y492.276 F3554.948
G1 X446.458 Y491.911 F3554.948
G1 X445.831 Y491.567 F3554.948
G1 X445.204 Y491.223 F3554.948
G1 X444.577 Y490.879 F3554.948
G1 X443.950 Y490.535 F3554.948
G1 X443.287 Y490.211 F3554.948
G1 X442.624 Y489.888 F3554.948
G1 X441.961 Y489.564 F3554.948
G1 X441.299 Y489.241 F3554.948
G1 X440.609 Y488.942 F3554.948
G1 X439.919 Y488.644 F3554.948
G1 X439.229 Y488.346 F3554.948
G1 X438.539 Y488.048 F3554.948
G1 X437.831 Y487.785 F3554.948
G1 X437.122 Y487.523 F3554.948
G1 X436.414 Y487.260 F3554.948
G1 X435.705 Y486.998 F3554.948
G1 X434.990 Y486.777 F3554.948
G1 X434.275 Y486.556 F3554.948
G1 X433.560 Y486.335 F3554.948
G1 X432.845 Y486.114 F3554.948
G1 X432.132 Y485.942 F3554.948
G1 X431.419 Y485.769 F3554.948
G1 X430.706 Y485.597 F3554.948
G1 X429.993 Y485.424 F3554.948
G1 X429.285 Y485.307 F3554.948
G1 X428.577 Y485.189 F3554.948
G1 X427.870 Y485.071 F3554.948
G1 X427.162 Y484.954 F3554.948
G1 X426.463 Y484.899 F3554.948
G1 X425.765 Y484.844 F3554.948
G1 X425.066 Y484.789 F3554.948
G1 X424.368 Y484.734 F3554.948
G1 X423.681 Y484.751 F3554.948
G1 X422.993 Y484.767 F3554.948
G1 X422.306 Y484.783 F3554.948
G1 X421.619 Y484.799 F3554.948
G1 X420.941 Y484.891 F3554.948
G1 X420.263 Y484.982 F3554.948
G1 X419.585 Y485.073 F3554.948
G1 X418.907 Y485.165 F3554.948
G1 X418.226 Y485.327 F3554.948
G1 X417.546 Y485.489 F3554.948
G1 X416.865 Y485.651 F3554.948
G1 X416.184 Y485.814 F3554.948
G1 X415.486 Y486.031 F3554.948
G1 X414.789 Y486.248 F3554.948
G1 X414.091 Y486.466 F3554.948
G1 X413.393 Y486.683 F3554.948
G1 X412.669 Y486.939 F3554.948
G1 X411.944 Y487.196 F3554.948
G1 X411.220 Y487.452 F3554.948
G1 X410.496 Y487.708 F3554.948
G1 X409.890 Y487.931 F3554.948
G1 X409.285 Y488.154 F3554.948
G1 X408.680 Y488.377 F3554.948
G1 X408.074 Y488.599 F3554.948
G1 X407.469 Y488.822 F3554.948
G1 X406.845 Y489.052 F3554.948
G1 X406.221 Y489.282 F3554.948
G1 X405.597 Y489.512 F3554.948
G1 X404.973 Y489.742 F3554.948
G1 X404.349 Y489.972 F3554.948
G1 X403.726 Y490.205 F3554.948
G1 X403.102 Y490.437 F3554.948
G1 X402.478 Y490.670 F3554.948
G1 X401.854 Y490.903 F3554.948
G1 X401.230 Y491.135 F3554.948
G1 X400.623 Y491.370 F3554.948
G1 X400.016 Y491.605 F3554.948
G1 X399.409 Y491.840 F3554.948
G1 X398.802 Y492.075 F3554.948
G1 X398.195 Y492.310 F3554.948
G1 X397.478 Y492.605 F3554.948
G1 X396.761 Y492.899 F3554.948
G1 X396.044 Y493.194 F3554.948
G1 X395.327 Y493.488 F3554.948
G1 X394.662 Y493.752 F3554.948
G1 X393.996 Y494.016 F3554.948
G1 X393.331 Y494.280 F3554.948
G1 X392.665 Y494.544 F3554.948
G1 X392.048 Y494.751 F3554.948
G1 X391.431 Y494.958 F3554.948
G1 X390.814 Y495.165 F3554.948
G1 X390.197 Y495.372 F3554.948
G1 X389.435 Y495.547 F3554.948
G1 X388.673 Y495.723 F3554.948
G1 X387.911 Y495.898 F3554.948
G1 X387.207 Y495.958 F3554.948
G1 X386.503 Y496.018 F3554.948
G1 X385.800 Y496.078 F3554.948
G1 X385.158 Y496.019 F3554.948
G1 X384.517 Y495.959 F3554.948
G1 X383.876 Y495.900 F3554.948
G1 X383.301 Y495.730 F3554.948
G1 X382.726 Y495.561 F3554.948
G1 X382.151 Y495.391 F3554.948
G1 X381.646 Y495.129 F3554.948
G1 X381.140 Y494.867 F3554.948
G1 X380.635 Y494.605 F3554.948
G1 X380.197 Y494.273 F3554.948
G1 X379.760 Y493.941 F3554.948
G1 X379.323 Y493.609 F3554.948
G1 X378.767 Y493.045 F3554.948
G1 X378.211 Y492.481 F3554.948
G1 X377.752 Y491.892 F3554.948
G1 X377.293 Y491.303 F3554.948
G1 X376.929 Y490.694 F3554.948
G1 X376.566 Y490.086 F3554.948
G1 X376.297 Y489.448 F3554.948
G1 X376.028 Y488.810 F3554.948
G1 X375.853 Y488.131 F3554.948
G1 X375.677 Y487.452 F3554.948
G1 X375.596 Y486.724 F3554.948
G1 X375.515 Y485.995 F3554.948
G1 X375.528 Y485.205 F3554.948
G1 X375.542 Y484.414 F3554.948
G1 X375.614 Y483.836 F3554.948
G1 X375.686 Y483.258 F3554.948
G1 X375.759 Y482.680 F3554.948
G1 X375.896 Y482.050 F3554.948
G1 X376.034 Y481.420 F3554.948
G1 X376.171 Y480.790 F3554.948
G1 X376.379 Y480.103 F3554.948
G1 X376.586 Y479.417 F3554.948
G1 X376.793 Y478.731 F3554.948
G1 X377.069 Y477.984 F3554.948
G1 X377.345 Y477.237 F3554.948
G1 X377.621 Y476.491 F3554.948
G1 X377.881 Y475.884 F3554.948
G1 X378.141 Y475.277 F3554.948
G1 X378.401 Y474.670 F3554.948
G1 X378.661 Y474.063 F3554.948
G1 X378.973 Y473.420 F3554.948
G1 X379.286 Y472.777 F3554.948
G1 X379.598 Y472.134 F3554.948
G1 X379.910 Y471.491 F3554.948
G1 X380.276 Y470.828 F3554.948
G1 X380.641 Y470.164 F3554.948
G1 X381.007 Y469.501 F3554.948
G1 X381.373 Y468.838 F3554.948
G1 X381.788 Y468.175 F3554.948
G1 X382.204 Y467.513 F3554.948
G1 X382.619 Y466.850 F3554.948
G1 X383.035 Y466.188 F3554.948
G1 X383.487 Y465.534 F3554.948
G1 X383.940 Y464.881 F3554.948
G1 X384.392 Y464.227 F3554.948
G1 X384.844 Y463.574 F3554.948
G1 X385.313 Y462.939 F3554.948
G1 X385.781 Y462.304 F3554.948
G1 X386.249 Y461.669 F3554.948
G1 X386.718 Y461.034 F3554.948
G1 X387.176 Y460.425 F3554.948
G1 X387.634 Y459.815 F3554.948
G1 X388.093 Y459.205 F3554.948
G1 X388.551 Y458.596 F3554.948
G1 X388.981 Y458.031 F3554.948
G1 X389.411 Y457.467 F3554.948
G1 X389.841 Y456.902 F3554.948
G1 X390.271 Y456.337 F3554.948
G1 X390.663 Y455.832 F3554.948
G1 X391.055 Y455.327 F3554.948
G1 X391.448 Y454.821 F3554.948
G1 X391.840 Y454.316 F3554.948
G1 X392.311 Y453.732 F3554.948
G1 X392.782 Y453.148 F3554.948
G1 X393.253 Y452.564 F3554.948
G1 X393.677 Y452.064 F3554.948
G1 X394.101 Y451.565 F3554.948
G1 X394.525 Y451.065 F3554.948
G1 X394.914 Y450.637 F3554.948
G1 X395.303 Y450.209 F3554.948
G1 X395.692 Y449.780 F3554.948
G1 X396.244 Y449.222 F3554.948
G1 X396.796 Y448.665 F3554.948
G1 X397.343 Y448.173 F3554.948
G1 X397.891 Y447.682 F3554.948
G1 X398.462 Y447.242 F3554.948
G1 X399.034 Y446.802 F3554.948
G1 X399.668 Y446.397 F3554.948
G1 X400.301 Y445.993 F3554.948
G1 X400.788 Y445.735 F3554.948
G1 X401.275 Y445.477 F3554.948
G1 X401.762 Y445.219 F3554.948
G1 X402.341 Y444.961 F3554.948
G1 X402.921 Y444.703 F3554.948
G1 X403.500 Y444.445 F3554.948
G1 X404.201 Y444.178 F3554.948
G1 X404.902 Y443.910 F3554.948
G1 X405.604 Y443.643 F3554.948
G1 X406.235 Y443.429 F3554.948
G1 X406.867 Y443.215 F3554.948
G1 X407.499 Y443.000 F3554.948
G1 X408.130 Y442.786 F3554.948
G1 X408.881 Y442.556 F3554.948
G1 X409.632 Y442.325 F3554.948
G1 X410.383 Y442.095 F3554.948
G1 X411.133 Y441.864 F3554.948
G1 X411.836 Y441.671 F3554.948
G1 X412.539 Y441.478 F3554.948
G1 X413.242 Y441.285 F3554.948
G1 X413.944 Y441.091 F3554.948
G1 X414.647 Y440.898 F3554.948
G1 X415.319 Y440.744 F3554.948
G1 X415.990 Y440.589 F3554.948
G1 X416.662 Y440.434 F3554.948
G1 X417.333 Y440.280 F3554.948
G1 X418.005 Y440.125 F3554.948
G1 X418.677 Y439.971 F3554.948
G1 X419.420 Y439.838 F3554.948
G1 X420.163 Y439.706 F3554.948
G1 X420.906 Y439.574 F3554.948
G1 X421.649 Y439.442 F3554.948
G1 X422.392 Y439.309 F3554.948
G1 X423.135 Y439.177 F3554.948
G1 X423.912 Y439.077 F3554.948
G1 X424.690 Y438.976 F3554.948
G1 X425.467 Y438.876 F3554.948
G1 X426.245 Y438.775 F3554.948
G1 X427.022 Y438.675 F3554.948
G1 X427.800 Y438.574 F3554.948
G1 X428.565 Y438.506 F3554.948
G1 X429.331 Y438.438 F3554.948
G1 X430.096 Y438.370 F3554.948
G1 X430.862 Y438.302 F3554.948
G1 X431.627 Y438.234 F3554.948
G1 X432.393 Y438.165 F3554.948
G1 X433.102 Y438.124 F3554.948
G1 X433.812 Y438.082 F3554.948
G1 X434.521 Y438.040 F3554.948
G1 X435.231 Y437.998 F3554.948
G1 X435.940 Y437.957 F3554.948
G1 X436.650 Y437.915 F3554.948
G1 X437.396 Y437.887 F3554.948
G1 X438.143 Y437.860 F3554.948
G1 X438.890 Y437.832 F3554.948
G1 X439.636 Y437.805 F3554.948
G1 X440.383 Y437.777 F3554.948
G1 X441.029 Y437.768 F3554.948
G1 X441.675 Y437.760 F3554.948
G1 X442.321 Y437.751 F3554.948
G1 X442.968 Y437.742 F3554.948
G1 X443.614 Y437.734 F3554.948
G1 X444.337 Y437.744 F3554.948
G1 X445.060 Y437.755 F3554.948
G1 X445.783 Y437.765 F3554.948
G1 X446.506 Y437.776 F3554.948
G1 X447.187 Y437.803 F3554.948
G1 X447.868 Y437.831 F3554.948
G1 X448.549 Y437.859 F3554.948
G1 X449.231 Y437.886 F3554.948
G1 X449.905 Y437.923 F3554.948
G1 X450.579 Y437.961 F3554.948
G1 X451.253 Y437.998 F3554.948
G1 X451.927 Y438.035 F3554.948
G1 X452.610 Y438.071 F3554.948
G1 X453.293 Y438.108 F3554.948
G1 X453.977 Y438.144 F3554.948
G1 X454.660 Y438.181 F3554.948
G1 X455.362 Y438.208 F3554.948
G1 X456.064 Y438.234 F3554.948
G1 X456.765 Y438.261 F3554.948
G1 X457.467 Y438.287 F3554.948
G1 X458.195 Y438.295 F3554.948
G1 X458.922 Y438.303 F3554.948
G1 X459.650 Y438.311 F3554.948
G1 X460.378 Y438.319 F3554.948
G1 X461.176 Y438.306 F3554.948
G1 X461.974 Y438.293 F3554.948
G1 X462.773 Y438.281 F3554.948
G1 X463.571 Y438.268 F3554.948
G1 X464.298 Y438.239 F3554.948
G1 X465.024 Y438.211 F3554.948
G1 X465.751 Y438.182 F3554.948
G1 X466.477 Y438.154 F3554.948
G1 X467.204 Y438.126 F3554.948
G1 X467.872 Y438.082 F3554.948
G1 X468.539 Y438.038 F3554.948
G1 X469.207 Y437.995 F3554.948
G1 X469.874 Y437.951 F3554.948
G1 X470.542 Y437.907 F3554.948
G1 X471.210 Y437.863 F3554.948
G1 X471.892 Y437.793 F3554.948
G1 X472.575 Y437.722 F3554.948
G1 X473.258 Y437.652 F3554.948
G1 X473.940 Y437.581 F3554.948
G1 X474.623 Y437.510 F3554.948
G1 X475.305 Y437.440 F3554.948
G1 X475.967 Y437.339 F3554.948
G1 X476.628 Y437.239 F3554.948
G1 X477.290 Y437.138 F3554.948
G1 X477.951 Y437.038 F3554.948
G1 X478.613 Y436.938 F3554.948
G1 X479.274 Y436.837 F3554.948
G1 X480.032 Y436.685 F3554.948
G1 X480.790 Y436.532 F3554.948
G1 X481.547 Y436.380 F3554.948
G1 X482.305 Y436.228 F3554.948
G1 X483.063 Y436.075 F3554.948
G1 X483.789 Y435.900 F3554.948
G1 X484.515 Y435.725 F3554.948
G1 X485.241 Y435.549 F3554.948
G1 X485.967 Y435.374 F3554.948
G1 X486.693 Y435.198 F3554.948
G1 X487.400 Y435.012 F3554.948
G1 X488.107 Y434.825 F3554.948
G1 X488.814 Y434.638 F3554.948
G1 X489.521 Y434.452 F3554.948
G1 X490.228 Y434.265 F3554.948
G1 X490.920 Y434.078 F3554.948
G1 X491.611 Y433.892 F3554.948
G1 X492.303 Y433.705 F3554.948
G1 X492.994 Y433.518 F3554.948
G1 X493.686 Y433.332 F3554.948
G1 X494.316 Y433.154 F3554.948
G1 X494.947 Y432.977 F3554.948
G1 X495.577 Y432.800 F3554.948
G1 X496.207 Y432.622 F3554.948
G1 X496.837 Y432.445 F3554.948
G1 X497.430 Y432.240 F3554.948
G1 X498.023 Y432.036 F3554.948
G1 X498.615 Y431.831 F3554.948
G1 X499.208 Y431.626 F3554.948
G1 X499.701 Y431.374 F3554.948
G1 X500.194 Y431.122 F3554.948
G1 X500.687 Y430.870 F3554.948
G1 X501.002 Y430.520 F3554.948
G1 X501.317 Y430.170 F3554.948
G1 X501.139 Y429.518 F3554.948
G1 X500.667 Y429.213 F3554.948
G1 X500.195 Y428.907 F3554.948
G1 X499.637 Y428.714 F3554.948
G1 X499.080 Y428.521 F3554.948
G1 X498.523 Y428.328 F3554.948
G1 X497.932 Y428.187 F3554.948
G1 X497.341 Y428.046 F3554.948
G1 X496.751 Y427.906 F3554.948
G1 X496.160 Y427.765 F3554.948
G1 X495.444 Y427.623 F3554.948
G1 X494.729 Y427.480 F3554.948
G1 X494.013 Y427.337 F3554.948
G1 X493.297 Y427.195 F3554.948
G1 X492.546 Y427.043 F3554.948
G1 X491.794 Y426.891 F3554.948
G1 X491.043 Y426.739 F3554.948
G1 X490.291 Y426.586 F3554.948
G1 X489.527 Y426.416 F3554.948
G1 X488.763 Y426.246 F3554.948
G1 X487.999 Y426.075 F3554.948
G1 X487.236 Y425.905 F3554.948
G1 X486.599 Y425.749 F3554.948
G1 X485.963 Y425.592 F3554.948
G1 X485.327 Y425.436 F3554.948
G1 X484.691 Y425.280 F3554.948
G1 X484.055 Y425.123 F3554.948
G1 X483.376 Y424.944 F3554.948
G1 X482.697 Y424.764 F3554.948
G1 X482.018 Y424.585 F3554.948
G1 X481.340 Y424.406 F3554.948
G1 X480.661 Y424.226 F3554.948
G1 X479.943 Y424.022 F3554.948
G1 X479.224 Y423.818 F3554.948
G1 X478.506 Y423.613 F3554.948
G1 X477.788 Y423.409 F3554.948
G1 X477.070 Y423.204 F3554.948
G1 X476.333 Y422.977 F3554.948
G1 X475.595 Y422.750 F3554.948
G1 X474.857 Y422.522 F3554.948
G1 X474.120 Y422.295 F3554.948
G1 X473.382 Y422.068 F3554.948
G1 X472.673 Y421.825 F3554.948
G1 X471.964 Y421.583 F3554.948
G1 X471.255 Y421.340 F3554.948
G1 X470.546 Y421.097 F3554.948
G1 X469.837 Y420.855 F3554.948
G1 X469.203 Y420.604 F3554.948
G1 X468.570 Y420.353 F3554.948
G1 X467.936 Y420.102 F3554.948
G1 X467.303 Y419.850 F3554.948
G1 X466.669 Y419.599 F3554.948
G1 X465.974 Y419.271 F3554.948
G1 X465.278 Y418.942 F3554.948
G1 X464.582 Y418.614 F3554.948
G1 X463.886 Y418.285 F3554.948
G1 X463.258 Y417.935 F3554.948
G1 X462.631 Y417.586 F3554.948
G1 X462.003 Y417.236 F3554.948
G1 X461.375 Y416.886 F3554.948
G1 X460.783 Y416.513 F3554.948
G1 X460.191 Y416.140 F3554.948
G1 X459.599 Y415.766 F3554.948
G1 X459.007 Y415.393 F3554.948
G1 X458.436 Y414.995 F3554.948
G1 X457.865 Y414.598 F3554.948
G1 X457.295 Y414.200 F3554.948
G1 X456.724 Y413.803 F3554.948
G1 X456.152 Y413.378 F3554.948
G1 X455.581 Y412.954 F3554.948
G1 X455.009 Y412.530 F3554.948
G1 X454.438 Y412.106 F3554.948
G1 X453.844 Y411.648 F3554.948
G1 X453.250 Y411.190 F3554.948
G1 X452.656 Y410.732 F3554.948
G1 X452.062 Y410.274 F3554.948
G1 X451.439 Y409.779 F3554.948
G1 X450.816 Y409.285 F3554.948
G1 X450.193 Y408.790 F3554.948
G1 X449.569 Y408.295 F3554.948
G1 X449.058 Y407.875 F3554.948
G1 X448.546 Y407.456 F3554.948
G1 X448.034 Y407.036 F3554.948
G1 X447.523 Y406.616 F3554.948
G1 X447.011 Y406.196 F3554.948
G1 X446.503 Y405.765 F3554.948
G1 X445.995 Y405.334 F3554.948
G1 X445.487 Y404.903 F3554.948
G1 X444.979 Y404.472 F3554.948
G1 X444.471 Y404.041 F3554.948
G1 X443.979 Y403.607 F3554.948
G1 X443.487 Y403.172 F3554.948
G1 X442.995 Y402.738 F3554.948
G1 X442.502 Y402.304 F3554.948
G1 X442.010 Y401.869 F3554.948
G1 X441.539 Y401.430 F3554.948
G1 X441.068 Y400.990 F3554.948
G1 X440.597 Y400.551 F3554.948
G1 X440.126 Y400.111 F3554.948
G1 X439.655 Y399.671 F3554.948
G1 X439.090 Y399.111 F3554.948
G1 X438.524 Y398.551 F3554.948
G1 X437.959 Y397.990 F3554.948
G1 X437.393 Y397.430 F3554.948
G1 X436.849 Y396.874 F3554.948
G1 X436.305 Y396.317 F3554.948
G1 X435.760 Y395.761 F3554.948
G1 X435.216 Y395.204 F3554.948
G1 X434.694 Y394.664 F3554.948
G1 X434.172 Y394.124 F3554.948
G1 X433.650 Y393.584 F3554.948
G1 X433.128 Y393.044 F3554.948
G1 X432.619 Y392.498 F3554.948
G1 X432.110 Y391.953 F3554.948
G1 X431.600 Y391.407 F3554.948
G1 X431.091 Y390.862 F3554.948
G1 X430.587 Y390.291 F3554.948
G1 X430.083 Y389.720 F3554.948
G1 X429.579 Y389.149 F3554.948
G1 X429.075 Y388.578 F3554.948
G1 X428.583 Y388.005 F3554.948
G1 X428.091 Y387.433 F3554.948
G1 X427.598 Y386.860 F3554.948
G1 X427.106 Y386.287 F3554.948
G1 X426.644 Y385.754 F3554.948
G1 X426.182 Y385.221 F3554.948
G1 X425.719 Y384.688 F3554.948
G1 X425.257 Y384.155 F3554.948
G1 X424.833 Y383.693 F3554.948
G1 X424.409 Y383.231 F3554.948
G1 X423.985 Y382.769 F3554.948
G1 X423.561 Y382.307 F3554.948
G1 X423.055 Y381.819 F3554.948
G1 X422.548 Y381.332 F3554.948
G1 X422.042 Y380.844 F3554.948
G1 X421.597 Y380.501 F3554.948
G1 X421.151 Y380.159 F3554.948
G1 X420.706 Y379.816 F3554.948
G1 X420.135 Y379.522 F3554.948
G1 X419.563 Y379.227 F3554.948
G1 X419.080 Y379.115 F3554.948
G1 X418.597 Y379.003 F3554.948
G1 X418.195 Y379.050 F3554.948
G1 X417.793 Y379.096 F3554.948
G1 X417.142 Y379.477 F3554.948
G1 X416.891 Y379.811 F3554.948
G1 X416.639 Y380.146 F3554.948
G1 X416.463 Y380.629 F3554.948
G1 X416.287 Y381.113 F3554.948
G1 X416.183 Y381.748 F3554.948
G1 X416.078 Y382.382 F3554.948
G1 X416.045 Y383.181 F3554.948
G1 X416.012 Y383.979 F3554.948
G1 X416.033 Y384.630 F3554.948
G1 X416.055 Y385.280 F3554.948
G1 X416.076 Y385.931 F3554.948
G1 X416.121 Y386.683 F3554.948
G1 X416.166 Y387.434 F3554.948
G1 X416.211 Y388.186 F3554.948
G1 X416.245 Y388.811 F3554.948
G1 X416.280 Y389.436 F3554.948
G1 X416.314 Y390.062 F3554.948
G1 X416.348 Y390.687 F3554.948
G1 X416.365 Y391.360 F3554.948
G1 X416.381 Y392.034 F3554.948
G1 X416.398 Y392.708 F3554.948
G1 X416.414 Y393.381 F3554.948
G1 X416.409 Y394.098 F3554.948
G1 X416.403 Y394.814 F3554.948
G1 X416.397 Y395.530 F3554.948
G1 X416.391 Y396.247 F3554.948
G1 X416.369 Y397.002 F3554.948
G1 X416.347 Y397.757 F3554.948
G1 X416.325 Y398.512 F3554.948
G1 X416.303 Y399.267 F3554.948
G1 X416.283 Y400.048 F3554.948
G1 X416.262 Y400.829 F3554.948
G1 X416.242 Y401.610 F3554.948
G1 X416.221 Y402.392 F3554.948
G1 X416.213 Y403.169 F3554.948
G1 X416.205 Y403.947 F3554.948
G1 X416.198 Y404.725 F3554.948
G1 X416.190 Y405.503 F3554.948
G1 X416.192 Y406.236 F3554.948
G1 X416.195 Y406.969 F3554.948
G1 X416.198 Y407.702 F3554.948
G1 X416.200 Y408.435 F3554.948
G1 X416.198 Y409.079 F3554.948
G1 X416.196 Y409.723 F3554.948
G1 X416.194 Y410.367 F3554.948
G1 X416.192 Y411.011 F3554.948
G1 X416.165 Y411.700 F3554.948
G1 X416.138 Y412.389 F3554.948
G1 X416.110 Y413.079 F3554.948
G1 X416.031 Y413.865 F3554.948
G1 X415.951 Y414.652 F3554.948
G1 X415.830 Y415.199 F3554.948
G1 X415.708 Y415.746 F3554.948
G1 X415.409 Y416.483 F3554.948
G1 X415.062 Y416.947 F3554.948
G1 X414.666 Y417.182 F3554.948
G1 X414.189 Y417.208 F3554.948
M400 ; Wait for drawing to complete
G1 U0.800 F200.0 ; Flow ramp-down (viewer mode)
M5 ; Viewer hint: stop cutting
; STOP BRUSH A
G1 U0.000 F200.0 ; Close Brush A flow
M106 P2 S0 ; Brush A air off
; === PATH END ===

; Width clamped from 31.00mm to 25.00mm within [2.00,25.00] mm
; ===== STROKE PARAMETERS =====
; Color: black
; Width: 25.00mm
; Opacity: 0.25
; Brush: A
; Z-height: 83.00mm
; Paint flow: 0.56 -> U2.586mm
; Feedrate: 3554.9mm/min
; Modes: viewer_compat=true, viewer_emit_m3m5=true
; START BRUSH A
T0 ; Select Tool 0 (Brush A)
G0 X252.110 Y259.662 F12000.000
M400 ; Wait for XY movement to complete
G1 F3554.948
M106 P2 S1 ; Air on before paint
G1 U2.586 F200.0 ; Set paint flow to target (viewer mode)
G1 F3554.948
G4 P50 ; Short paint lead time
M3 S1 ; Viewer hint: start cutting
G1 X252.509 Y259.691 F3554.948
G1 X253.068 Y259.734 F3554.948
G1 X253.754 Y259.797 F3554.948
G1 X254.532 Y259.882 F3554.948
G1 X254.948 Y259.937 F3554.948
G1 X255.364 Y259.993 F3554.948
G1 X255.791 Y260.066 F3554.948
G1 X256.219 Y260.138 F3554.948
G1 X256.652 Y260.234 F3554.948
G1 X257.085 Y260.329 F3554.948
G1 X257.527 Y260.447 F3554.948
G1 X257.968 Y260.564 F3554.948
G1 X258.423 Y260.714 F3554.948
G1 X258.878 Y260.863 F3554.948
G1 X259.352 Y261.048 F3554.948
G1 X259.826 Y261.234 F3554.948
G1 X260.326 Y261.460 F3554.948
G1 X260.827 Y261.686 F3554.948
G1 X261.356 Y261.963 F3554.948
G1 X261.886 Y262.239 F3554.948
G1 X262.447 Y262.571 F3554.948
G1 X263.007 Y262.902 F3554.948
G1 X263.601 Y263.301 F3554.948
G1 X264.195 Y263.700 F3554.948
G1 X264.806 Y264.166 F3554.948
G1 X265.417 Y264.631 F3554.948
G1 X266.011 Y265.146 F3554.948
G1 X266.605 Y265.661 F3554.948
G1 X267.139 Y266.209 F3554.948
G1 X267.674 Y266.756 F3554.948
G1 X268.109 Y267.323 F3554.948
G1 X268.544 Y267.889 F3554.948
G1 X268.851 Y268.459 F3554.948
G1 X269.158 Y269.029 F3554.948
G1 X269.330 Y269.591 F3554.948
G1 X269.502 Y270.154 F3554.948
G1 X269.539 Y270.705 F3554.948
G1 X269.576 Y271.257 F3554.948
G1 X269.486 Y271.798 F3554.948
G1 X269.396 Y272.340 F3554.948
G1 X269.199 Y272.882 F3554.948
G1 X269.002 Y273.424 F3554.948
G1 X268.716 Y273.979 F3554.948
G1 X268.430 Y274.534 F3554.948
G1 X268.075 Y275.110 F3554.948
G1 X267.719 Y275.686 F3554.948
G1 X267.305 Y276.297 F3554.948
G1 X266.891 Y276.908 F3554.948
G1 X266.588 Y277.357 F3554.948
G1 X266.285 Y277.806 F3554.948
G1 X265.983 Y278.255 F3554.948
G1 X265.666 Y278.772 F3554.948
G1 X265.350 Y279.290 F3554.948
G1 X265.033 Y279.807 F3554.948
G1 X264.707 Y280.421 F3554.948
G1 X264.380 Y281.034 F3554.948
G1 X264.054 Y281.647 F3554.948
G1 X263.796 Y282.194 F3554.948
G1 X263.537 Y282.741 F3554.948
G1 X263.279 Y283.288 F3554.948
G1 X263.021 Y283.835 F3554.948
G1 X262.737 Y284.481 F3554.948
G1 X262.453 Y285.127 F3554.948
G1 X262.169 Y285.773 F3554.948
G1 X261.885 Y286.419 F3554.948
G1 X261.624 Y287.009 F3554.948
G1 X261.362 Y287.600 F3554.948
G1 X261.100 Y288.190 F3554.948
G1 X260.838 Y288.781 F3554.948
G1 X260.576 Y289.372 F3554.948
G1 X260.273 Y290.023 F3554.948
G1 X259.970 Y290.674 F3554.948
G1 X259.666 Y291.325 F3554.948
G1 X259.363 Y291.976 F3554.948
G1 X259.059 Y292.628 F3554.948
G1 X258.717 Y293.314 F3554.948
G1 X258.375 Y294.001 F3554.948
G1 X258.033 Y294.688 F3554.948
G1 X257.690 Y295.375 F3554.948
G1 X257.348 Y296.062 F3554.948
G1 X256.978 Y296.752 F3554.948
G1 X256.608 Y297.443 F3554.948
G1 X256.238 Y298.134 F3554.948
G1 X255.868 Y298.825 F3554.948
G1 X255.498 Y299.516 F3554.948
G1 X255.111 Y300.186 F3554.948
G1 X254.724 Y300.857 F3554.948
G1 X254.337 Y301.527 F3554.948
G1 X253.951 Y302.198 F3554.948
G1 X253.564 Y302.869 F3554.948
G1 X253.166 Y303.504 F3554.948
G1 X252.769 Y304.139 F3554.948
G1 X252.372 Y304.775 F3554.948
G1 X251.974 Y305.410 F3554.948
G1 X251.577 Y306.045 F3554.948
G1 X251.172 Y306.637 F3554.948
G1 X250.767 Y307.230 F3554.948
G1 X250.361 Y307.822 F3554.948
G1 X249.956 Y308.414 F3554.948
G1 X249.551 Y309.006 F3554.948
G1 X249.140 Y309.550 F3554.948
G1 X248.728 Y310.095 F3554.948
G1 X248.317 Y310.639 F3554.948
G1 X247.906 Y311.183 F3554.948
G1 X247.494 Y311.728 F3554.948
G1 X247.079 Y312.222 F3554.948
G1 X246.664 Y312.716 F3554.948
G1 X246.250 Y313.210 F3554.948
G1 X245.835 Y313.704 F3554.948
G1 X245.420 Y314.198 F3554.948
G1 X244.902 Y314.749 F3554.948
G1 X244.384 Y315.300 F3554.948
G1 X243.866 Y315.851 F3554.948
G1 X243.348 Y316.403 F3554.948
G1 X242.839 Y316.885 F3554.948
G1 X242.329 Y317.367 F3554.948
G1 X241.819 Y317.850 F3554.948
G1 X241.309 Y318.332 F3554.948
G1 X240.814 Y318.745 F3554.948
G1 X240.319 Y319.157 F3554.948
G1 X239.824 Y319.570 F3554.948
G1 X239.329 Y319.983 F3554.948
G1 X238.697 Y320.440 F3554.948
G1 X238.064 Y320.898 F3554.948
G1 X237.431 Y321.356 F3554.948
G1 X236.829 Y321.721 F3554.948
G1 X236.227 Y322.087 F3554.948
G1 X235.625 Y322.453 F3554.948
G1 X235.054 Y322.732 F3554.948
G1 X234.482 Y323.011 F3554.948
G1 X233.911 Y323.290 F3554.948
G1 X233.368 Y323.489 F3554.948
G1 X232.826 Y323.688 F3554.948
G1 X232.283 Y323.887 F3554.948
G1 X231.762 Y324.011 F3554.948
G1 X231.241 Y324.135 F3554.948
G1 X230.719 Y324.260 F3554.948
G1 X229.958 Y324.345 F3554.948
G1 X229.197 Y324.430 F3554.948
G1 X228.443 Y324.421 F3554.948
G1 X227.689 Y324.412 F3554.948
G1 X226.930 Y324.313 F3554.948
G1 X226.171 Y324.215 F3554.948
G1 X225.396 Y324.031 F3554.948
G1 X224.621 Y323.847 F3554.948
G1 X224.086 Y323.668 F3554.948
G1 X223.551 Y323.489 F3554.948
G1 X223.016 Y323.310 F3554.948
G1 X222.460 Y323.076 F3554.948
G1 X221.904 Y322.842 F3554.948
G1 X221.348 Y322.609 F3554.948
G1 X220.769 Y322.323 F3554.948
G1 X220.191 Y322.036 F3554.948
G1 X219.612 Y321.750 F3554.948
G1 X219.015 Y321.417 F3554.948
G1 X218.418 Y321.083 F3554.948
G1 X217.821 Y320.749 F3554.948
G1 X217.214 Y320.378 F3554.948
G1 X216.608 Y320.007 F3554.948
G1 X216.002 Y319.636 F3554.948
G1 X215.397 Y319.239 F3554.948
G1 X214.792 Y318.843 F3554.948
G1 X214.187 Y318.446 F3554.948
G1 X213.595 Y318.036 F3554.948
G1 X213.002 Y317.626 F3554.948
G1 X212.409 Y317.216 F3554.948
G1 X211.837 Y316.803 F3554.948
G1 X211.265 Y316.390 F3554.948
G1 X210.692 Y315.977 F3554.948
G1 X210.142 Y315.568 F3554.948
G1 X209.592 Y315.158 F3554.948
G1 X209.043 Y314.749 F3554.948
G1 X208.514 Y314.344 F3554.948
G1 X207.985 Y313.940 F3554.948
G1 X207.456 Y313.535 F3554.948
G1 X206.936 Y313.131 F3554.948
G1 X206.416 Y312.727 F3554.948
G1 X205.896 Y312.323 F3554.948
G1 X205.369 Y311.911 F3554.948
G1 X204.843 Y311.499 F3554.948
G1 X204.317 Y311.086 F3554.948
G1 X203.764 Y310.650 F3554.948
G1 X203.212 Y310.214 F3554.948
G1 X202.659 Y309.777 F3554.948
G1 X202.055 Y309.300 F3554.948
G1 X201.450 Y308.822 F3554.948
G1 X200.846 Y308.345 F3554.948
G1 X200.334 Y307.943 F3554.948
G1 X199.823 Y307.540 F3554.948
G1 X199.312 Y307.138 F3554.948
G1 X198.801 Y306.736 F3554.948
G1 X198.215 Y306.274 F3554.948
G1 X197.629 Y305.813 F3554.948
G1 X197.043 Y305.351 F3554.948
G1 X196.457 Y304.890 F3554.948
G1 X195.925 Y304.471 F3554.948
G1 X195.394 Y304.053 F3554.948
G1 X194.862 Y303.635 F3554.948
G1 X194.330 Y303.217 F3554.948
G1 X193.799 Y302.799 F3554.948
G1 X193.213 Y302.339 F3554.948
G1 X192.628 Y301.879 F3554.948
G1 X192.043 Y301.420 F3554.948
G1 X191.458 Y300.960 F3554.948
G1 X190.873 Y300.500 F3554.948
G1 X190.262 Y300.020 F3554.948
G1 X189.651 Y299.540 F3554.948
G1 X189.040 Y299.060 F3554.948
G1 X188.429 Y298.580 F3554.948
G1 X187.818 Y298.100 F3554.948
G1 X187.208 Y297.624 F3554.948
G1 X186.598 Y297.148 F3554.948
G1 X185.989 Y296.672 F3554.948
G1 X185.379 Y296.195 F3554.948
G1 X184.769 Y295.719 F3554.948
G1 X184.183 Y295.273 F3554.948
G1 X183.597 Y294.828 F3554.948
G1 X183.010 Y294.382 F3554.948
G1 X182.424 Y293.936 F3554.948
G1 X181.838 Y293.490 F3554.948
G1 X181.288 Y293.090 F3554.948
G1 X180.739 Y292.689 F3554.948
G1 X180.189 Y292.289 F3554.948
G1 X179.639 Y291.889 F3554.948
G1 X179.090 Y291.489 F3554.948
G1 X178.453 Y291.051 F3554.948
G1 X177.815 Y290.614 F3554.948
G1 X177.178 Y290.177 F3554.948
G1 X176.541 Y289.740 F3554.948
G1 X175.945 Y289.368 F3554.948
G1 X175.349 Y288.995 F3554.948
G1 X174.754 Y288.623 F3554.948
G1 X174.158 Y288.250 F3554.948
G1 X173.588 Y287.942 F3554.948
G1 X173.018 Y287.634 F3554.948
G1 X172.448 Y287.325 F3554.948
G1 X171.878 Y287.017 F3554.948
G1 X171.317 Y286.767 F3554.948
G1 X170.755 Y286.518 F3554.948
G1 X170.193 Y286.268 F3554.948
G1 X169.631 Y286.018 F3554.948
G1 X169.060 Y285.821 F3554.948
G1 X168.488 Y285.623 F3554.948
G1 X167.916 Y285.426 F3554.948
G1 X167.344 Y285.228 F3554.948
G1 X166.746 Y285.076 F3554.948
G1 X166.148 Y284.925 F3554.948
G1 X165.550 Y284.773 F3554.948
G1 X164.952 Y284.622 F3554.948
G1 X164.320 Y284.512 F3554.948
G1 X163.687 Y284.402 F3554.948
G1 X163.055 Y284.292 F3554.948
G1 X162.423 Y284.182 F3554.948
G1 X161.754 Y284.112 F3554.948
G1 X161.084 Y284.042 F3554.948
G1 X160.415 Y283.973 F3554.948
G1 X159.746 Y283.903 F3554.948
G1 X159.057 Y283.874 F3554.948
G1 X158.368 Y283.844 F3554.948
G1 X157.678 Y283.815 F3554.948
G1 X156.989 Y283.786 F3554.948
G1 X156.302 Y283.801 F3554.948
G1 X155.614 Y283.815 F3554.948
G1 X154.927 Y283.830 F3554.948
G1 X154.240 Y283.844 F3554.948
G1 X153.575 Y283.907 F3554.948
G1 X152.910 Y283.969 F3554.948
G1 X152.245 Y284.032 F3554.948
G1 X151.581 Y284.094 F3554.948
G1 X150.954 Y284.210 F3554.948
G1 X150.327 Y284.327 F3554.948
G1 X149.701 Y284.443 F3554.948
G1 X149.074 Y284.559 F3554.948
G1 X148.495 Y284.735 F3554.948
G1 X147.917 Y284.911 F3554.948
G1 X147.338 Y285.086 F3554.948
G1 X146.759 Y285.262 F3554.948
G1 X146.059 Y285.583 F3554.948
G1 X145.360 Y285.903 F3554.948
G1 X144.660 Y286.224 F3554.948
G1 X144.036 Y286.635 F3554.948
G1 X143.413 Y287.047 F3554.948
G1 X142.789 Y287.458 F3554.948
G1 X142.244 Y287.963 F3554.948
G1 X141.699 Y288.468 F3554.948
G1 X141.153 Y288.973 F3554.948
G1 X140.687 Y289.569 F3554.948
G1 X140.221 Y290.166 F3554.948
G1 X139.755 Y290.762 F3554.948
G1 X139.371 Y291.453 F3554.948
G1 X138.988 Y292.143 F3554.948
G1 X138.604 Y292.833 F3554.948
G1 X138.379 Y293.421 F3554.948
G1 X138.153 Y294.009 F3554.948
G1 X137.927 Y294.597 F3554.948
G1 X137.702 Y295.185 F3554.948
G1 X137.538 Y295.847 F3554.948
G1 X137.374 Y296.508 F3554.948
G1 X137.210 Y297.170 F3554.948
G1 X137.046 Y297.832 F3554.948
G1 X136.943 Y298.574 F3554.948
G1 X136.840 Y299.316 F3554.948
G1 X136.738 Y300.059 F3554.948
G1 X136.635 Y300.801 F3554.948
G1 X136.602 Y301.458 F3554.948
G1 X136.568 Y302.115 F3554.948
G1 X136.535 Y302.772 F3554.948
G1 X136.502 Y303.428 F3554.948
G1 X136.469 Y304.085 F3554.948
G1 X136.483 Y304.796 F3554.948
G1 X136.498 Y305.507 F3554.948
G1 X136.513 Y306.218 F3554.948
G1 X136.527 Y306.929 F3554.948
G1 X136.542 Y307.640 F3554.948
G1 X136.598 Y308.389 F3554.948
G1 X136.654 Y309.139 F3554.948
G1 X136.711 Y309.888 F3554.948
G1 X136.767 Y310.638 F3554.948
G1 X136.824 Y311.387 F3554.948
G1 X136.912 Y312.162 F3554.948
G1 X137.000 Y312.937 F3554.948
G1 X137.088 Y313.712 F3554.948
G1 X137.176 Y314.487 F3554.948
G1 X137.264 Y315.262 F3554.948
G1 X137.374 Y316.051 F3554.948
G1 X137.483 Y316.840 F3554.948
G1 X137.592 Y317.629 F3554.948
G1 X137.701 Y318.418 F3554.948
G1 X137.811 Y319.208 F3554.948
G1 X137.911 Y319.867 F3554.948
G1 X138.012 Y320.527 F3554.948
G1 X138.113 Y321.187 F3554.948
G1 X138.214 Y321.846 F3554.948
G1 X138.314 Y322.506 F3554.948
G1 X138.415 Y323.166 F3554.948
G1 X138.537 Y323.946 F3554.948
G1 X138.660 Y324.726 F3554.948
G1 X138.782 Y325.505 F3554.948
G1 X138.904 Y326.285 F3554.948
G1 X139.027 Y327.065 F3554.948
G1 X139.139 Y327.819 F3554.948
G1 X139.252 Y328.572 F3554.948
G1 X139.364 Y329.325 F3554.948
G1 X139.477 Y330.079 F3554.948
G1 X139.589 Y330.832 F3554.948
G1 X139.685 Y331.547 F3554.948
G1 X139.781 Y332.261 F3554.948
G1 X139.877 Y332.975 F3554.948
G1 X139.973 Y333.690 F3554.948
G1 X140.069 Y334.404 F3554.948
G1 X140.147 Y335.072 F3554.948
G1 X140.225 Y335.739 F3554.948
G1 X140.303 Y336.407 F3554.948
G1 X140.381 Y337.075 F3554.948
G1 X140.459 Y337.742 F3554.948
G1 X140.534 Y338.515 F3554.948
G1 X140.609 Y339.288 F3554.948
G1 X140.684 Y340.061 F3554.948
G1 X140.760 Y340.834 F3554.948
G1 X140.812 Y341.545 F3554.948
G1 X140.864 Y342.257 F3554.948
G1 X140.916 Y342.968 F3554.948
G1 X140.968 Y343.679 F3554.948
G1 X140.995 Y344.332 F3554.948
G1 X141.023 Y344.985 F3554.948
G1 X141.050 Y345.639 F3554.948
G1 X141.077 Y346.292 F3554.948
G1 X141.077 Y346.894 F3554.948
G1 X141.077 Y347.497 F3554.948
G1 X141.077 Y348.100 F3554.948
G1 X141.077 Y348.702 F3554.948
G1 X141.036 Y349.452 F3554.948
G1 X140.996 Y350.202 F3554.948
G1 X140.955 Y350.952 F3554.948
G1 X140.868 Y351.667 F3554.948
G1 X140.780 Y352.382 F3554.948
G1 X140.693 Y353.098 F3554.948
G1 X140.551 Y353.800 F3554.948
G1 X140.409 Y354.503 F3554.948
G1 X140.267 Y355.206 F3554.948
G1 X140.062 Y355.921 F3554.948
G1 X139.857 Y356.636 F3554.948
G1 X139.652 Y357.351 F3554.948
G1 X139.443 Y357.915 F3554.948
G1 X139.234 Y358.479 F3554.948
G1 X139.026 Y359.043 F3554.948
G1 X138.817 Y359.607 F3554.948
G1 X138.551 Y360.216 F3554.948
G1 X138.284 Y360.824 F3554.948
G1 X138.017 Y361.433 F3554.948
G1 X137.751 Y362.041 F3554.948
G1 X137.426 Y362.705 F3554.948
G1 X137.101 Y363.370 F3554.948
G1 X136.776 Y364.034 F3554.948
G1 X136.451 Y364.698 F3554.948
G1 X136.147 Y365.278 F3554.948
G1 X135.842 Y365.858 F3554.948
G1 X135.538 Y366.438 F3554.948
G1 X135.233 Y367.018 F3554.948
G1 X134.928 Y367.598 F3554.948
G1 X134.586 Y368.221 F3554.948
G1 X134.243 Y368.844 F3554.948
G1 X133.901 Y369.467 F3554.948
G1 X133.558 Y370.090 F3554.948
G1 X133.216 Y370.713 F3554.948
G1 X132.846 Y371.366 F3554.948
G1 X132.477 Y372.020 F3554.948
G1 X132.107 Y372.673 F3554.948
G1 X131.738 Y373.327 F3554.948
G1 X131.368 Y373.980 F3554.948
G1 X130.983 Y374.650 F3554.948
G1 X130.598 Y375.320 F3554.948
G1 X130.213 Y375.990 F3554.948
G1 X129.828 Y376.660 F3554.948
G1 X129.443 Y377.330 F3554.948
G1 X129.055 Y378.002 F3554.948
G1 X128.667 Y378.675 F3554.948
G1 X128.279 Y379.347 F3554.948
G1 X127.890 Y380.019 F3554.948
G1 X127.502 Y380.691 F3554.948
G1 X127.121 Y381.355 F3554.948
G1 X126.739 Y382.018 F3554.948
G1 X126.357 Y382.681 F3554.948
G1 X125.975 Y383.344 F3554.948
G1 X125.593 Y384.007 F3554.948
G1 X125.223 Y384.652 F3554.948
G1 X124.853 Y385.298 F3554.948
G1 X124.483 Y385.943 F3554.948
G1 X124.113 Y386.588 F3554.948
G1 X123.743 Y387.233 F3554.948
G1 X123.388 Y387.855 F3554.948
G1 X123.032 Y388.477 F3554.948
G1 X122.677 Y389.099 F3554.948
G1 X122.322 Y389.720 F3554.948
G1 X121.966 Y390.342 F3554.948
G1 X121.619 Y390.935 F3554.948
G1 X121.272 Y391.528 F3554.948
G1 X120.925 Y392.121 F3554.948
G1 X120.578 Y392.714 F3554.948
G1 X120.231 Y393.307 F3554.948
G1 X119.896 Y393.862 F3554.948
G1 X119.561 Y394.417 F3554.948
G1 X119.226 Y394.972 F3554.948
G1 X118.890 Y395.528 F3554.948
G1 X118.555 Y396.083 F3554.948
G1 X118.148 Y396.727 F3554.948
G1 X117.740 Y397.371 F3554.948
G1 X117.333 Y398.015 F3554.948
G1 X116.925 Y398.659 F3554.948
G1 X116.523 Y399.248 F3554.948
G1 X116.122 Y399.837 F3554.948
G1 X115.720 Y400.426 F3554.948
G1 X115.318 Y401.015 F3554.948
G1 X114.918 Y401.547 F3554.948
G1 X114.519 Y402.079 F3554.948
G1 X114.119 Y402.611 F3554.948
G1 X113.719 Y403.143 F3554.948
G1 X113.318 Y403.617 F3554.948
G1 X112.916 Y404.092 F3554.948
G1 X112.514 Y404.567 F3554.948
G1 X112.113 Y405.041 F3554.948
G1 X111.568 Y405.606 F3554.948
G1 X111.024 Y406.170 F3554.948
G1 X110.479 Y406.734 F3554.948
G1 X109.918 Y407.238 F3554.948
G1 X109.357 Y407.741 F3554.948
G1 X108.796 Y408.244 F3554.948
G1 X108.209 Y408.698 F3554.948
G1 X107.622 Y409.151 F3554.948
G1 X107.035 Y409.604 F3554.948
G1 X106.413 Y410.017 F3554.948
G1 X105.791 Y410.429 F3554.948
G1 X105.168 Y410.841 F3554.948
G1 X104.500 Y411.220 F3554.948
G1 X103.831 Y411.598 F3554.948
G1 X103.162 Y411.976 F3554.948
G1 X102.622 Y412.241 F3554.948
G1 X102.083 Y412.505 F3554.948
G1 X101.543 Y412.769 F3554.948
G1 X101.003 Y413.033 F3554.948
G1 X100.420 Y413.282 F3554.948
G1 X99.838 Y413.531 F3554.948
G1 X99.256 Y413.780 F3554.948
G1 X98.673 Y414.029 F3554.948
G1 X98.049 Y414.266 F3554.948
G1 X97.425 Y414.502 F3554.948
G1 X96.801 Y414.739 F3554.948
G1 X96.177 Y414.975 F3554.948
G1 X95.513 Y415.201 F3554.948
G1 X94.848 Y415.427 F3554.948
G1 X94.184 Y415.653 F3554.948
G1 X93.519 Y415.878 F3554.948
G1 X92.819 Y416.096 F3554.948
G1 X92.119 Y416.314 F3554.948
G1 X91.419 Y416.532 F3554.948
G1 X90.719 Y416.750 F3554.948
G1 X89.993 Y416.966 F3554.948
G1 X89.266 Y417.182 F3554.948
G1 X88.540 Y417.398 F3554.948
G1 X87.814 Y417.613 F3554.948
G1 X87.073 Y417.834 F3554.948
G1 X86.332 Y418.055 F3554.948
G1 X85.591 Y418.275 F3554.948
G1 X84.850 Y418.496 F3554.948
G1 X84.108 Y418.730 F3554.948
G1 X83.366 Y418.964 F3554.948
G1 X82.623 Y419.198 F3554.948
G1 X81.881 Y419.432 F3554.948
G1 X81.155 Y419.687 F3554.948
G1 X80.428 Y419.942 F3554.948
G1 X79.701 Y420.197 F3554.948
G1 X78.975 Y420.452 F3554.948
G1 X78.279 Y420.737 F3554.948
G1 X77.584 Y421.022 F3554.948
G1 X76.888 Y421.306 F3554.948
G1 X76.193 Y421.591 F3554.948
G1 X75.541 Y421.916 F3554.948
G1 X74.890 Y422.240 F3554.948
G1 X74.238 Y422.565 F3554.948
G1 X73.587 Y422.889 F3554.948
G1 X72.990 Y423.263 F3554.948
G1 X72.394 Y423.638 F3554.948
G1 X71.797 Y424.012 F3554.948
G1 X71.201 Y424.386 F3554.948
G1 X70.666 Y424.814 F3554.948
G1 X70.132 Y425.243 F3554.948
G1 X69.597 Y425.671 F3554.948
G1 X69.063 Y426.099 F3554.948
G1 X68.597 Y426.590 F3554.948
G1 X68.132 Y427.080 F3554.948
G1 X67.666 Y427.571 F3554.948
G1 X67.201 Y428.061 F3554.948
G1 X66.810 Y428.612 F3554.948
G1 X66.419 Y429.162 F3554.948
G1 X66.028 Y429.712 F3554.948
G1 X65.637 Y430.263 F3554.948
G1 X65.326 Y430.873 F3554.948
G1 X65.015 Y431.484 F3554.948
G1 X64.704 Y432.094 F3554.948
G1 X64.393 Y432.705 F3554.948
G1 X64.165 Y433.366 F3554.948
G1 X63.937 Y434.026 F3554.948
G1 X63.709 Y434.687 F3554.948
G1 X63.481 Y435.348 F3554.948
G1 X63.339 Y436.049 F3554.948
G1 X63.196 Y436.750 F3554.948
G1 X63.053 Y437.451 F3554.948
G1 X62.910 Y438.151 F3554.948
G1 X62.852 Y438.879 F3554.948
G1 X62.794 Y439.606 F3554.948
G1 X62.736 Y440.333 F3554.948
G1 X62.678 Y441.061 F3554.948
G1 X62.700 Y441.801 F3554.948
G1 X62.721 Y442.541 F3554.948
G1 X62.743 Y443.281 F3554.948
G1 X62.765 Y444.021 F3554.948
G1 X62.856 Y444.763 F3554.948
G1 X62.948 Y445.504 F3554.948
G1 X63.039 Y446.246 F3554.948
G1 X63.131 Y446.988 F3554.948
G1 X63.276 Y447.721 F3554.948
G1 X63.421 Y448.454 F3554.948
G1 X63.567 Y449.187 F3554.948
G1 X63.712 Y449.921 F3554.948
G1 X63.893 Y450.636 F3554.948
G1 X64.074 Y451.352 F3554.948
G1 X64.255 Y452.068 F3554.948
G1 X64.436 Y452.784 F3554.948
G1 X64.632 Y453.476 F3554.948
G1 X64.827 Y454.168 F3554.948
G1 X65.023 Y454.859 F3554.948
G1 X65.218 Y455.551 F3554.948
G1 X65.412 Y456.217 F3554.948
G1 X65.606 Y456.883 F3554.948
G1 X65.800 Y457.549 F3554.948
G1 X65.994 Y458.215 F3554.948
G1 X66.167 Y458.853 F3554.948
G1 X66.341 Y459.491 F3554.948
G1 X66.514 Y460.130 F3554.948
G1 X66.688 Y460.768 F3554.948
G1 X66.832 Y461.383 F3554.948
G1 X66.975 Y461.997 F3554.948
G1 X67.119 Y462.612 F3554.948
G1 X67.263 Y463.227 F3554.948
G1 X67.372 Y463.823 F3554.948
G1 X67.481 Y464.420 F3554.948
G1 X67.590 Y465.017 F3554.948
G1 X67.699 Y465.614 F3554.948
G1 X67.793 Y466.396 F3554.948
G1 X67.888 Y467.178 F3554.948
G1 X67.982 Y467.960 F3554.948
G1 X68.024 Y468.737 F3554.948
G1 X68.065 Y469.515 F3554.948
G1 X68.107 Y470.293 F3554.948
G1 X68.097 Y471.075 F3554.948
G1 X68.087 Y471.857 F3554.948
G1 X68.076 Y472.639 F3554.948
G1 X68.015 Y473.432 F3554.948
G1 X67.954 Y474.225 F3554.948
G1 X67.892 Y475.019 F3554.948
G1 X67.811 Y475.622 F3554.948
G1 X67.730 Y476.226 F3554.948
G1 X67.649 Y476.829 F3554.948
G1 X67.568 Y477.433 F3554.948
G1 X67.458 Y478.044 F3554.948
G1 X67.347 Y478.655 F3554.948
G1 X67.236 Y479.267 F3554.948
G1 X67.125 Y479.878 F3554.948
G1 X66.992 Y480.494 F3554.948
G1 X66.858 Y481.110 F3554.948
G1 X66.725 Y481.726 F3554.948
G1 X66.592 Y482.343 F3554.948
G1 X66.445 Y482.963 F3554.948
G1 X66.298 Y483.584 F3554.948
G1 X66.152 Y484.205 F3554.948
G1 X66.005 Y484.825 F3554.948
G1 X65.855 Y485.453 F3554.948
G1 X65.705 Y486.081 F3554.948
G1 X65.555 Y486.709 F3554.948
G1 X65.404 Y487.337 F3554.948
G1 X65.261 Y487.979 F3554.948
G1 X65.118 Y488.622 F3554.948
G1 X64.974 Y489.264 F3554.948
G1 X64.831 Y489.907 F3554.948
G1 X64.703 Y490.567 F3554.948
G1 X64.575 Y491.227 F3554.948
G1 X64.447 Y491.887 F3554.948
G1 X64.318 Y492.547 F3554.948
G1 X64.212 Y493.215 F3554.948
G1 X64.105 Y493.883 F3554.948
G1 X63.999 Y494.551 F3554.948
G1 X63.893 Y495.218 F3554.948
G1 X63.812 Y495.816 F3554.948
G1 X63.730 Y496.415 F3554.948
G1 X63.649 Y497.013 F3554.948
G1 X63.568 Y497.611 F3554.948
G1 X63.495 Y498.195 F3554.948
G1 X63.422 Y498.780 F3554.948
G1 X63.348 Y499.364 F3554.948
G1 X63.286 Y499.811 F3554.948
G1 X63.224 Y500.258 F3554.948
G1 X63.180 Y500.336 F3554.948
G1 X63.209 Y499.639 F3554.948
G1 X63.261 Y498.922 F3554.948
G1 X63.313 Y498.205 F3554.948
G1 X63.374 Y497.534 F3554.948
G1 X63.436 Y496.863 F3554.948
G1 X63.498 Y496.192 F3554.948
G1 X63.584 Y495.446 F3554.948
G1 X63.670 Y494.700 F3554.948
G1 X63.757 Y493.954 F3554.948
G1 X63.863 Y493.209 F3554.948
G1 X63.969 Y492.464 F3554.948
G1 X64.075 Y491.719 F3554.948
G1 X64.195 Y491.023 F3554.948
G1 X64.315 Y490.328 F3554.948
G1 X64.435 Y489.632 F3554.948
G1 X64.564 Y488.967 F3554.948
G1 X64.694 Y488.301 F3554.948
G1 X64.824 Y487.636 F3554.948
G1 X64.955 Y486.982 F3554.948
G1 X65.086 Y486.327 F3554.948
G1 X65.217 Y485.673 F3554.948
G1 X65.342 Y485.009 F3554.948
G1 X65.466 Y484.345 F3554.948
G1 X65.591 Y483.681 F3554.948
G1 X65.701 Y482.991 F3554.948
G1 X65.810 Y482.301 F3554.948
G1 X65.920 Y481.610 F3554.948
G1 X66.004 Y480.888 F3554.948
G1 X66.088 Y480.165 F3554.948
G1 X66.172 Y479.442 F3554.948
G1 X66.220 Y478.684 F3554.948
G1 X66.267 Y477.925 F3554.948
G1 X66.315 Y477.167 F3554.948
G1 X66.314 Y476.373 F3554.948
G1 X66.313 Y475.579 F3554.948
G1 X66.312 Y474.784 F3554.948
G1 X66.267 Y474.163 F3554.948
G1 X66.221 Y473.542 F3554.948
G1 X66.176 Y472.920 F3554.948
G1 X66.130 Y472.299 F3554.948
G1 X66.031 Y471.652 F3554.948
G1 X65.931 Y471.005 F3554.948
G1 X65.832 Y470.357 F3554.948
G1 X65.732 Y469.710 F3554.948
G1 X65.571 Y469.036 F3554.948
G1 X65.411 Y468.362 F3554.948
G1 X65.250 Y467.688 F3554.948
G1 X65.089 Y467.013 F3554.948
G1 X64.865 Y466.312 F3554.948
G1 X64.641 Y465.611 F3554.948
G1 X64.417 Y464.910 F3554.948
G1 X64.193 Y464.208 F3554.948
G1 X63.908 Y463.483 F3554.948
G1 X63.622 Y462.757 F3554.948
G1 X63.336 Y462.031 F3554.948
G1 X63.050 Y461.306 F3554.948
G1 X62.777 Y460.711 F3554.948
G1 X62.504 Y460.117 F3554.948
G1 X62.230 Y459.522 F3554.948
G1 X61.957 Y458.927 F3554.948
G1 X61.683 Y458.333 F3554.948
G1 X61.376 Y457.733 F3554.948
G1 X61.069 Y457.133 F3554.948
G1 X60.762 Y456.532 F3554.948
G1 X60.455 Y455.932 F3554.948
G1 X60.148 Y455.332 F3554.948
G1 X59.825 Y454.738 F3554.948
G1 X59.503 Y454.145 F3554.948
G1 X59.180 Y453.551 F3554.948
G1 X58.857 Y452.957 F3554.948
G1 X58.534 Y452.363 F3554.948
G1 X58.210 Y451.787 F3554.948
G1 X57.886 Y451.211 F3554.948
G1 X57.562 Y450.635 F3554.948
G1 X57.238 Y450.058 F3554.948
G1 X56.913 Y449.482 F3554.948
G1 X56.519 Y448.791 F3554.948
G1 X56.124 Y448.099 F3554.948
G1 X55.730 Y447.407 F3554.948
G1 X55.335 Y446.716 F3554.948
G1 X54.948 Y446.056 F3554.948
G1 X54.562 Y445.396 F3554.948
G1 X54.175 Y444.736 F3554.948
G1 X53.789 Y444.076 F3554.948
G1 X53.410 Y443.452 F3554.948
G1 X53.031 Y442.828 F3554.948
G1 X52.652 Y442.204 F3554.948
G1 X52.273 Y441.581 F3554.948
G1 X51.901 Y440.989 F3554.948
G1 X51.529 Y440.398 F3554.948
G1 X51.157 Y439.807 F3554.948
G1 X50.785 Y439.215 F3554.948
G1 X50.414 Y438.657 F3554.948
G1 X50.042 Y438.099 F3554.948
G1 X49.671 Y437.541 F3554.948
G1 X49.299 Y436.983 F3554.948
G1 X48.920 Y436.459 F3554.948
G1 X48.541 Y435.935 F3554.948
G1 X48.162 Y435.411 F3554.948
G1 X47.783 Y434.887 F3554.948
G1 X47.387 Y434.398 F3554.948
G1 X46.992 Y433.910 F3554.948
G1 X46.597 Y433.422 F3554.948
G1 X46.202 Y432.933 F3554.948
G1 X45.781 Y432.482 F3554.948
G1 X45.360 Y432.031 F3554.948
G1 X44.939 Y431.580 F3554.948
G1 X44.517 Y431.129 F3554.948
G1 X44.059 Y430.715 F3554.948
G1 X43.601 Y430.302 F3554.948
G1 X43.143 Y429.889 F3554.948
G1 X42.684 Y429.476 F3554.948
G1 X42.173 Y429.100 F3554.948
G1 X41.661 Y428.725 F3554.948
G1 X41.150 Y428.350 F3554.948
G1 X40.638 Y427.974 F3554.948
G1 X40.054 Y427.635 F3554.948
G1 X39.470 Y427.296 F3554.948
G1 X38.886 Y426.956 F3554.948
G1 X38.302 Y426.617 F3554.948
G1 X37.624 Y426.313 F3554.948
G1 X36.945 Y426.008 F3554.948
G1 X36.267 Y425.704 F3554.948
G1 X35.589 Y425.399 F3554.948
G1 X34.964 Y425.180 F3554.948
G1 X34.339 Y424.961 F3554.948
G1 X33.715 Y424.742 F3554.948
G1 X33.090 Y424.523 F3554.948
G1 X32.466 Y424.304 F3554.948
G1 X31.818 Y424.106 F3554.948
G1 X31.170 Y423.907 F3554.948
G1 X30.522 Y423.709 F3554.948
G1 X29.874 Y423.511 F3554.948
G1 X29.226 Y423.312 F3554.948
G1 X28.522 Y423.085 F3554.948
G1 X27.818 Y422.857 F3554.948
G1 X27.114 Y422.629 F3554.948
G1 X26.410 Y422.402 F3554.948
G1 X25.755 Y422.119 F3554.948
G1 X25.099 Y421.836 F3554.948
G1 X24.444 Y421.553 F3554.948
G1 X23.896 Y421.150 F3554.948
G1 X23.347 Y420.747 F3554.948
M400 ; Wait for drawing to complete
G1 U0.800 F200.0 ; Flow ramp-down (viewer mode)
M5 ; Viewer hint: stop cutting
; STOP BRUSH A
G1 U0.000 F200.0 ; Close Brush A flow
M106 P2 S0 ; Brush A air off
; === PATH END ===

; Width clamped from 31.00mm to 25.00mm within [2.00,25.00] mm
; ===== STROKE PARAMETERS =====
; Color: black
; Width: 25.00mm
; Opacity: 0.25
; Brush: A
; Z-height: 83.00mm
; Paint flow: 0.56 -> U2.586mm
; Feedrate: 3554.9mm/min
; Modes: viewer_compat=true, viewer_emit_m3m5=true
; START BRUSH A
T0 ; Select Tool 0 (Brush A)
G0 X53.724 Y228.177 F12000.000
M400 ; Wait for XY movement to complete
G1 F3554.948
M106 P2 S1 ; Air on before paint
G1 U2.586 F200.0 ; Set paint flow to target (viewer mode)
G1 F3554.948
G4 P50 ; Short paint lead time
M3 S1 ; Viewer hint: start cutting
G1 X53.634 Y228.203 F3554.948
G1 X53.503 Y228.245 F3554.948
G1 X53.332 Y228.304 F3554.948
G1 X53.125 Y228.375 F3554.948
G1 X52.884 Y228.462 F3554.948
G1 X52.611 Y228.566 F3554.948
G1 X52.307 Y228.682 F3554.948
G1 X51.970 Y228.809 F3554.948
G1 X51.591 Y228.955 F3554.948
G1 X51.160 Y229.119 F3554.948
G1 X50.658 Y229.306 F3554.948
G1 X50.068 Y229.523 F3554.948
G1 X49.366 Y229.783 F3554.948
G1 X48.948 Y229.935 F3554.948
G1 X48.529 Y230.087 F3554.948
G1 X48.028 Y230.270 F3554.948
G1 X47.526 Y230.452 F3554.948
G1 X46.920 Y230.672 F3554.948
G1 X46.314 Y230.891 F3554.948
G1 X45.580 Y231.156 F3554.948
G1 X44.846 Y231.420 F3554.948
G1 X44.257 Y231.630 F3554.948
G1 X43.669 Y231.840 F3554.948
G1 X43.080 Y232.050 F3554.948
G1 X42.374 Y232.299 F3554.948
G1 X41.669 Y232.548 F3554.948
G1 X40.963 Y232.796 F3554.948
G1 X40.346 Y233.013 F3554.948
G1 X39.729 Y233.230 F3554.948
G1 X39.112 Y233.447 F3554.948
G1 X38.495 Y233.664 F3554.948
G1 X37.799 Y233.907 F3554.948
G1 X37.103 Y234.150 F3554.948
G1 X36.407 Y234.392 F3554.948
G1 X35.711 Y234.635 F3554.948
G1 X34.973 Y234.900 F3554.948
G1 X34.236 Y235.166 F3554.948
G1 X33.498 Y235.431 F3554.948
G1 X32.761 Y235.696 F3554.948
G1 X32.084 Y235.977 F3554.948
G1 X31.408 Y236.258 F3554.948
G1 X30.731 Y236.539 F3554.948
G1 X30.055 Y236.821 F3554.948
G1 X29.401 Y237.205 F3554.948
G1 X28.747 Y237.590 F3554.948
G1 X28.093 Y237.974 F3554.948
G1 X27.547 Y238.551 F3554.948
G1 X27.002 Y239.128 F3554.948
G1 X26.871 Y239.699 F3554.948
G1 X26.739 Y240.271 F3554.948
G1 X27.001 Y240.845 F3554.948
G1 X27.262 Y241.419 F3554.948
G1 X27.685 Y241.809 F3554.948
G1 X28.108 Y242.199 F3554.948
G1 X28.530 Y242.589 F3554.948
G1 X29.187 Y243.001 F3554.948
G1 X29.843 Y243.414 F3554.948
G1 X30.499 Y243.827 F3554.948
G1 X31.137 Y244.176 F3554.948
G1 X31.776 Y244.525 F3554.948
G1 X32.414 Y244.875 F3554.948
G1 X33.052 Y245.224 F3554.948
G1 X33.742 Y245.623 F3554.948
G1 X34.432 Y246.021 F3554.948
G1 X35.123 Y246.420 F3554.948
G1 X35.813 Y246.819 F3554.948
G1 X36.359 Y247.184 F3554.948
G1 X36.906 Y247.548 F3554.948
G1 X37.452 Y247.913 F3554.948
G1 X37.999 Y248.278 F3554.948
G1 X38.545 Y248.642 F3554.948
G1 X39.083 Y249.052 F3554.948
G1 X39.621 Y249.461 F3554.948
G1 X40.159 Y249.871 F3554.948
G1 X40.697 Y250.280 F3554.948
G1 X41.236 Y250.690 F3554.948
G1 X41.768 Y251.139 F3554.948
G1 X42.300 Y251.589 F3554.948
G1 X42.832 Y252.038 F3554.948
G1 X43.365 Y252.487 F3554.948
G1 X43.897 Y252.936 F3554.948
G1 X44.425 Y253.416 F3554.948
G1 X44.952 Y253.896 F3554.948
G1 X45.480 Y254.376 F3554.948
G1 X46.008 Y254.856 F3554.948
G1 X46.536 Y255.336 F3554.948
G1 X47.056 Y255.836 F3554.948
G1 X47.576 Y256.336 F3554.948
G1 X48.096 Y256.836 F3554.948
G1 X48.616 Y257.336 F3554.948
G1 X49.136 Y257.836 F3554.948
G1 X49.646 Y258.346 F3554.948
G1 X50.156 Y258.855 F3554.948
G1 X50.665 Y259.364 F3554.948
G1 X51.175 Y259.873 F3554.948
G1 X51.685 Y260.382 F3554.948
G1 X52.184 Y260.892 F3554.948
G1 X52.683 Y261.402 F3554.948
G1 X53.182 Y261.912 F3554.948
G1 X53.680 Y262.422 F3554.948
G1 X54.179 Y262.932 F3554.948
G1 X54.666 Y263.437 F3554.948
G1 X55.153 Y263.942 F3554.948
G1 X55.641 Y264.447 F3554.948
G1 X56.128 Y264.952 F3554.948
G1 X56.615 Y265.458 F3554.948
G1 X57.090 Y265.954 F3554.948
G1 X57.565 Y266.450 F3554.948
G1 X58.040 Y266.946 F3554.948
G1 X58.515 Y267.442 F3554.948
G1 X58.990 Y267.938 F3554.948
G1 X59.452 Y268.423 F3554.948
G1 X59.914 Y268.908 F3554.948
G1 X60.376 Y269.393 F3554.948
G1 X60.838 Y269.878 F3554.948
G1 X61.300 Y270.363 F3554.948
G1 X61.746 Y270.834 F3554.948
G1 X62.192 Y271.305 F3554.948
G1 X62.638 Y271.776 F3554.948
G1 X63.084 Y272.247 F3554.948
G1 X63.530 Y272.718 F3554.948
G1 X64.064 Y273.288 F3554.948
G1 X64.598 Y273.859 F3554.948
G1 X65.133 Y274.429 F3554.948
G1 X65.667 Y275.000 F3554.948
G1 X66.163 Y275.537 F3554.948
G1 X66.659 Y276.075 F3554.948
G1 X67.155 Y276.612 F3554.948
G1 X67.652 Y277.150 F3554.948
G1 X68.109 Y277.647 F3554.948
G1 X68.567 Y278.145 F3554.948
G1 X69.024 Y278.643 F3554.948
G1 X69.481 Y279.141 F3554.948
G1 X69.895 Y279.593 F3554.948
G1 X70.309 Y280.045 F3554.948
G1 X70.723 Y280.498 F3554.948
G1 X71.136 Y280.950 F3554.948
G1 X71.627 Y281.487 F3554.948
G1 X72.118 Y282.024 F3554.948
G1 X72.608 Y282.561 F3554.948
G1 X73.038 Y283.030 F3554.948
G1 X73.468 Y283.499 F3554.948
G1 X73.898 Y283.969 F3554.948
G1 X74.272 Y284.373 F3554.948
G1 X74.646 Y284.778 F3554.948
G1 X75.020 Y285.183 F3554.948
G1 X75.507 Y285.703 F3554.948
G1 X75.994 Y286.223 F3554.948
G1 X76.419 Y286.667 F3554.948
G1 X76.843 Y287.111 F3554.948
G1 X77.220 Y287.491 F3554.948
G1 X77.596 Y287.871 F3554.948
G1 X77.937 Y288.201 F3554.948
G1 X78.279 Y288.530 F3554.948
G1 X78.598 Y288.819 F3554.948
G1 X78.917 Y289.108 F3554.948
G1 X79.232 Y289.361 F3554.948
G1 X79.546 Y289.615 F3554.948
G1 X79.869 Y289.856 F3554.948
G1 X80.192 Y290.097 F3554.948
G1 X80.529 Y290.339 F3554.948
G1 X80.867 Y290.581 F3554.948
G1 X81.233 Y290.835 F3554.948
G1 X81.599 Y291.090 F3554.948
G1 X82.009 Y291.370 F3554.948
G1 X82.419 Y291.650 F3554.948
G1 X82.885 Y291.969 F3554.948
G1 X83.351 Y292.289 F3554.948
G1 X83.888 Y292.663 F3554.948
G1 X84.426 Y293.038 F3554.948
G1 X85.053 Y293.488 F3554.948
G1 X85.679 Y293.939 F3554.948
G1 X86.168 Y294.304 F3554.948
G1 X86.657 Y294.669 F3554.948
G1 X87.146 Y295.034 F3554.948
G1 X87.710 Y295.478 F3554.948
G1 X88.274 Y295.922 F3554.948
G1 X88.838 Y296.365 F3554.948
G1 X89.319 Y296.765 F3554.948
G1 X89.801 Y297.165 F3554.948
G1 X90.283 Y297.565 F3554.948
G1 X90.765 Y297.965 F3554.948
G1 X91.298 Y298.440 F3554.948
G1 X91.831 Y298.914 F3554.948
G1 X92.364 Y299.389 F3554.948
G1 X92.897 Y299.864 F3554.948
G1 X93.468 Y300.412 F3554.948
G1 X94.039 Y300.961 F3554.948
G1 X94.610 Y301.509 F3554.948
G1 X95.181 Y302.058 F3554.948
G1 X95.649 Y302.552 F3554.948
G1 X96.116 Y303.046 F3554.948
G1 X96.584 Y303.540 F3554.948
G1 X97.052 Y304.034 F3554.948
G1 X97.520 Y304.528 F3554.948
G1 X97.978 Y305.063 F3554.948
G1 X98.436 Y305.597 F3554.948
G1 X98.894 Y306.132 F3554.948
G1 X99.352 Y306.667 F3554.948
G1 X99.810 Y307.202 F3554.948
G1 X100.239 Y307.761 F3554.948
G1 X100.668 Y308.320 F3554.948
G1 X101.098 Y308.878 F3554.948
G1 X101.527 Y309.437 F3554.948
G1 X101.956 Y309.996 F3554.948
G1 X102.343 Y310.564 F3554.948
G1 X102.730 Y311.132 F3554.948
G1 X103.117 Y311.699 F3554.948
G1 X103.504 Y312.267 F3554.948
G1 X103.891 Y312.834 F3554.948
G1 X104.233 Y313.398 F3554.948
G1 X104.574 Y313.962 F3554.948
G1 X104.915 Y314.525 F3554.948
G1 X105.256 Y315.089 F3554.948
G1 X105.598 Y315.652 F3554.948
G1 X105.971 Y316.343 F3554.948
G1 X106.344 Y317.034 F3554.948
G1 X106.717 Y317.724 F3554.948
G1 X107.090 Y318.415 F3554.948
G1 X107.418 Y319.087 F3554.948
G1 X107.746 Y319.759 F3554.948
G1 X108.074 Y320.431 F3554.948
G1 X108.402 Y321.103 F3554.948
G1 X108.698 Y321.754 F3554.948
G1 X108.993 Y322.405 F3554.948
G1 X109.288 Y323.057 F3554.948
G1 X109.584 Y323.708 F3554.948
G1 X109.856 Y324.336 F3554.948
G1 X110.129 Y324.964 F3554.948
G1 X110.402 Y325.592 F3554.948
G1 X110.674 Y326.220 F3554.948
G1 X110.945 Y326.812 F3554.948
G1 X111.215 Y327.405 F3554.948
G1 X111.486 Y327.998 F3554.948
G1 X111.756 Y328.590 F3554.948
G1 X112.030 Y329.140 F3554.948
G1 X112.304 Y329.690 F3554.948
G1 X112.578 Y330.239 F3554.948
G1 X112.852 Y330.789 F3554.948
G1 X113.234 Y331.454 F3554.948
G1 X113.616 Y332.119 F3554.948
G1 X113.999 Y332.785 F3554.948
G1 X114.408 Y333.374 F3554.948
G1 X114.817 Y333.964 F3554.948
G1 X115.227 Y334.554 F3554.948
G1 X115.673 Y335.067 F3554.948
G1 X116.119 Y335.581 F3554.948
G1 X116.566 Y336.094 F3554.948
G1 X117.057 Y336.535 F3554.948
G1 X117.548 Y336.975 F3554.948
G1 X118.039 Y337.416 F3554.948
G1 X118.577 Y337.788 F3554.948
G1 X119.115 Y338.160 F3554.948
G1 X119.653 Y338.532 F3554.948
G1 X120.240 Y338.844 F3554.948
G1 X120.827 Y339.156 F3554.948
G1 X121.415 Y339.468 F3554.948
G1 X122.049 Y339.727 F3554.948
G1 X122.684 Y339.985 F3554.948
G1 X123.318 Y340.244 F3554.948
G1 X123.996 Y340.454 F3554.948
G1 X124.673 Y340.663 F3554.948
G1 X125.350 Y340.873 F3554.948
G1 X126.062 Y341.035 F3554.948
G1 X126.773 Y341.197 F3554.948
G1 X127.484 Y341.359 F3554.948
G1 X128.220 Y341.473 F3554.948
G1 X128.956 Y341.586 F3554.948
G1 X129.692 Y341.700 F3554.948
G1 X130.439 Y341.762 F3554.948
G1 X131.186 Y341.824 F3554.948
G1 X131.933 Y341.885 F3554.948
G1 X132.679 Y341.890 F3554.948
G1 X133.426 Y341.895 F3554.948
G1 X134.173 Y341.900 F3554.948
G1 X134.912 Y341.841 F3554.948
G1 X135.651 Y341.782 F3554.948
G1 X136.391 Y341.723 F3554.948
G1 X137.122 Y341.594 F3554.948
G1 X137.853 Y341.464 F3554.948
G1 X138.585 Y341.334 F3554.948
G1 X139.313 Y341.127 F3554.948
G1 X140.042 Y340.920 F3554.948
G1 X140.771 Y340.713 F3554.948
G1 X141.508 Y340.425 F3554.948
G1 X142.245 Y340.137 F3554.948
G1 X142.982 Y339.848 F3554.948
G1 X143.549 Y339.571 F3554.948
G1 X144.116 Y339.293 F3554.948
G1 X144.682 Y339.016 F3554.948
G1 X145.249 Y338.738 F3554.948
G1 X145.841 Y338.402 F3554.948
G1 X146.433 Y338.066 F3554.948
G1 X147.024 Y337.730 F3554.948
G1 X147.616 Y337.394 F3554.948
G1 X148.243 Y337.004 F3554.948
G1 X148.871 Y336.614 F3554.948
G1 X149.498 Y336.225 F3554.948
G1 X150.125 Y335.835 F3554.948
G1 X150.664 Y335.487 F3554.948
G1 X151.202 Y335.139 F3554.948
G1 X151.740 Y334.790 F3554.948
G1 X152.278 Y334.442 F3554.948
G1 X152.817 Y334.094 F3554.948
G1 X153.396 Y333.715 F3554.948
G1 X153.975 Y333.337 F3554.948
G1 X154.553 Y332.958 F3554.948
G1 X155.132 Y332.579 F3554.948
G1 X155.711 Y332.201 F3554.948
G1 X156.332 Y331.801 F3554.948
G1 X156.953 Y331.401 F3554.948
G1 X157.573 Y331.001 F3554.948
G1 X158.194 Y330.601 F3554.948
G1 X158.815 Y330.202 F3554.948
G1 X159.477 Y329.792 F3554.948
G1 X160.140 Y329.383 F3554.948
G1 X160.803 Y328.974 F3554.948
G1 X161.465 Y328.565 F3554.948
G1 X162.128 Y328.155 F3554.948
G1 X162.714 Y327.813 F3554.948
G1 X163.300 Y327.471 F3554.948
G1 X163.886 Y327.129 F3554.948
G1 X164.472 Y326.787 F3554.948
G1 X165.059 Y326.445 F3554.948
G1 X165.645 Y326.103 F3554.948
G1 X166.262 Y325.767 F3554.948
G1 X166.879 Y325.430 F3554.948
G1 X167.496 Y325.094 F3554.948
G1 X168.113 Y324.758 F3554.948
G1 X168.730 Y324.422 F3554.948
G1 X169.348 Y324.086 F3554.948
G1 X169.989 Y323.763 F3554.948
G1 X170.630 Y323.439 F3554.948
G1 X171.271 Y323.116 F3554.948
G1 X171.912 Y322.793 F3554.948
G1 X172.553 Y322.469 F3554.948
G1 X173.195 Y322.146 F3554.948
G1 X173.849 Y321.842 F3554.948
G1 X174.504 Y321.538 F3554.948
G1 X175.159 Y321.234 F3554.948
G1 X175.813 Y320.930 F3554.948
G1 X176.468 Y320.626 F3554.948
G1 X177.122 Y320.323 F3554.948
G1 X177.772 Y320.047 F3554.948
G1 X178.422 Y319.772 F3554.948
G1 X179.073 Y319.497 F3554.948
G1 X179.723 Y319.222 F3554.948
G1 X180.373 Y318.946 F3554.948
G1 X181.023 Y318.671 F3554.948
G1 X181.766 Y318.388 F3554.948
G1 X182.510 Y318.106 F3554.948
G1 X183.254 Y317.823 F3554.948
G1 X183.998 Y317.541 F3554.948
G1 X184.741 Y317.258 F3554.948
G1 X185.414 Y317.037 F3554.948
G1 X186.086 Y316.815 F3554.948
G1 X186.759 Y316.593 F3554.948
G1 X187.432 Y316.372 F3554.948
G1 X188.104 Y316.150 F3554.948
G1 X188.820 Y315.961 F3554.948
G1 X189.535 Y315.771 F3554.948
G1 X190.250 Y315.582 F3554.948
G1 X190.966 Y315.393 F3554.948
G1 X191.725 Y315.263 F3554.948
G1 X192.484 Y315.133 F3554.948
G1 X193.243 Y315.004 F3554.948
G1 X193.801 Y314.997 F3554.948
G1 X194.359 Y314.991 F3554.948
G1 X194.917 Y314.984 F3554.948
G1 X195.473 Y315.158 F3554.948
G1 X196.028 Y315.331 F3554.948
G1 X196.329 Y315.690 F3554.948
G1 X196.630 Y316.050 F3554.948
G1 X196.696 Y316.609 F3554.948
G1 X196.763 Y317.169 F3554.948
G1 X196.661 Y317.694 F3554.948
G1 X196.560 Y318.219 F3554.948
G1 X196.459 Y318.744 F3554.948
G1 X196.223 Y319.434 F3554.948
G1 X195.986 Y320.124 F3554.948
G1 X195.750 Y320.813 F3554.948
G1 X195.482 Y321.460 F3554.948
G1 X195.214 Y322.106 F3554.948
G1 X194.946 Y322.753 F3554.948
G1 X194.678 Y323.399 F3554.948
G1 X194.403 Y324.012 F3554.948
G1 X194.127 Y324.624 F3554.948
G1 X193.852 Y325.237 F3554.948
G1 X193.576 Y325.850 F3554.948
G1 X193.301 Y326.462 F3554.948
G1 X192.982 Y327.148 F3554.948
G1 X192.663 Y327.834 F3554.948
G1 X192.344 Y328.520 F3554.948
G1 X192.025 Y329.206 F3554.948
G1 X191.706 Y329.892 F3554.948
G1 X191.422 Y330.495 F3554.948
G1 X191.137 Y331.099 F3554.948
G1 X190.852 Y331.702 F3554.948
G1 X190.568 Y332.305 F3554.948
G1 X190.283 Y332.908 F3554.948
G1 X189.998 Y333.512 F3554.948
G1 X189.707 Y334.121 F3554.948
G1 X189.416 Y334.730 F3554.948
G1 X189.126 Y335.338 F3554.948
G1 X188.835 Y335.947 F3554.948
G1 X188.544 Y336.556 F3554.948
G1 X188.253 Y337.165 F3554.948
G1 X187.908 Y337.882 F3554.948
G1 X187.563 Y338.599 F3554.948
G1 X187.218 Y339.317 F3554.948
G1 X186.872 Y340.034 F3554.948
G1 X186.527 Y340.751 F3554.948
G1 X186.193 Y341.439 F3554.948
G1 X185.859 Y342.128 F3554.948
G1 X185.525 Y342.817 F3554.948
G1 X185.191 Y343.505 F3554.948
G1 X184.856 Y344.194 F3554.948
G1 X184.545 Y344.841 F3554.948
G1 X184.234 Y345.488 F3554.948
G1 X183.923 Y346.135 F3554.948
G1 X183.612 Y346.782 F3554.948
G1 X183.301 Y347.429 F3554.948
G1 X183.014 Y348.032 F3554.948
G1 X182.727 Y348.636 F3554.948
G1 X182.440 Y349.239 F3554.948
G1 X182.152 Y349.842 F3554.948
G1 X181.865 Y350.445 F3554.948
G1 X181.545 Y351.135 F3554.948
G1 X181.225 Y351.825 F3554.948
G1 X180.906 Y352.515 F3554.948
G1 X180.586 Y353.204 F3554.948
G1 X180.315 Y353.828 F3554.948
G1 X180.044 Y354.451 F3554.948
G1 X179.773 Y355.074 F3554.948
G1 X179.503 Y355.697 F3554.948
G1 X179.287 Y356.265 F3554.948
G1 X179.072 Y356.833 F3554.948
G1 X178.857 Y357.400 F3554.948
G1 X178.641 Y357.968 F3554.948
G1 X178.434 Y358.668 F3554.948
G1 X178.226 Y359.367 F3554.948
G1 X178.018 Y360.067 F3554.948
G1 X177.894 Y360.728 F3554.948
G1 X177.770 Y361.390 F3554.948
G1 X177.646 Y362.051 F3554.948
G1 X177.608 Y362.698 F3554.948
G1 X177.571 Y363.344 F3554.948
G1 X177.533 Y363.991 F3554.948
G1 X177.585 Y364.649 F3554.948
G1 X177.636 Y365.308 F3554.948
G1 X177.688 Y365.966 F3554.948
G1 X177.831 Y366.664 F3554.948
G1 X177.975 Y367.363 F3554.948
G1 X178.118 Y368.061 F3554.948
G1 X178.298 Y368.638 F3554.948
G1 X178.478 Y369.215 F3554.948
G1 X178.657 Y369.792 F3554.948
G1 X178.837 Y370.370 F3554.948
G1 X179.090 Y371.003 F3554.948
G1 X179.342 Y371.636 F3554.948
G1 X179.595 Y372.269 F3554.948
G1 X179.848 Y372.902 F3554.948
G1 X180.175 Y373.583 F3554.948
G1 X180.501 Y374.264 F3554.948
G1 X180.828 Y374.945 F3554.948
G1 X181.155 Y375.626 F3554.948
G1 X181.475 Y376.187 F3554.948
G1 X181.795 Y376.748 F3554.948
G1 X182.115 Y377.309 F3554.948
G1 X182.435 Y377.870 F3554.948
G1 X182.755 Y378.431 F3554.948
G1 X183.127 Y378.988 F3554.948
G1 X183.498 Y379.545 F3554.948
G1 X183.869 Y380.102 F3554.948
G1 X184.241 Y380.658 F3554.948
G1 X184.612 Y381.215 F3554.948
G1 X185.016 Y381.755 F3554.948
G1 X185.420 Y382.295 F3554.948
G1 X185.823 Y382.835 F3554.948
G1 X186.227 Y383.374 F3554.948
G1 X186.630 Y383.914 F3554.948
G1 X187.049 Y384.435 F3554.948
G1 X187.468 Y384.956 F3554.948
G1 X187.886 Y385.476 F3554.948
G1 X188.305 Y385.997 F3554.948
G1 X188.723 Y386.518 F3554.948
G1 X189.156 Y387.015 F3554.948
G1 X189.588 Y387.513 F3554.948
G1 X190.021 Y388.010 F3554.948
G1 X190.453 Y388.508 F3554.948
G1 X190.885 Y389.005 F3554.948
G1 X191.437 Y389.579 F3554.948
G1 X191.989 Y390.154 F3554.948
G1 X192.541 Y390.728 F3554.948
G1 X193.092 Y391.302 F3554.948
G1 X193.652 Y391.799 F3554.948
G1 X194.211 Y392.296 F3554.948
G1 X194.770 Y392.793 F3554.948
G1 X195.329 Y393.290 F3554.948
G1 X195.875 Y393.695 F3554.948
G1 X196.421 Y394.099 F3554.948
G1 X196.967 Y394.504 F3554.948
G1 X197.513 Y394.909 F3554.948
G1 X198.207 Y395.302 F3554.948
G1 X198.900 Y395.696 F3554.948
G1 X199.593 Y396.089 F3554.948
G1 X200.237 Y396.352 F3554.948
G1 X200.882 Y396.614 F3554.948
G1 X201.526 Y396.877 F3554.948
G1 X202.120 Y397.025 F3554.948
G1 X202.713 Y397.174 F3554.948
G1 X203.307 Y397.323 F3554.948
G1 X203.861 Y397.380 F3554.948
G1 X204.416 Y397.436 F3554.948
G1 X204.970 Y397.493 F3554.948
G1 X205.762 Y397.461 F3554.948
G1 X206.554 Y397.428 F3554.948
G1 X207.328 Y397.287 F3554.948
G1 X208.102 Y397.146 F3554.948
G1 X208.621 Y396.982 F3554.948
G1 X209.140 Y396.819 F3554.948
G1 X209.659 Y396.655 F3554.948
G1 X210.192 Y396.418 F3554.948
G1 X210.726 Y396.180 F3554.948
G1 X211.259 Y395.943 F3554.948
G1 X211.811 Y395.622 F3554.948
G1 X212.362 Y395.302 F3554.948
G1 X212.914 Y394.981 F3554.948
G1 X213.489 Y394.567 F3554.948
G1 X214.064 Y394.153 F3554.948
G1 X214.640 Y393.738 F3554.948
G1 X215.220 Y393.220 F3554.948
G1 X215.800 Y392.701 F3554.948
G1 X216.380 Y392.182 F3554.948
G1 X216.796 Y391.699 F3554.948
G1 X217.213 Y391.216 F3554.948
G1 X217.630 Y390.733 F3554.948
G1 X218.047 Y390.250 F3554.948
G1 X218.433 Y389.658 F3554.948
G1 X218.818 Y389.066 F3554.948
G1 X219.204 Y388.474 F3554.948
G1 X219.590 Y387.882 F3554.948
G1 X219.865 Y387.301 F3554.948
G1 X220.140 Y386.720 F3554.948
G1 X220.415 Y386.139 F3554.948
G1 X220.690 Y385.558 F3554.948
G1 X220.965 Y384.977 F3554.948
G1 X221.205 Y384.286 F3554.948
G1 X221.445 Y383.595 F3554.948
G1 X221.686 Y382.904 F3554.948
G1 X221.926 Y382.212 F3554.948
G1 X222.166 Y381.521 F3554.948
G1 X222.357 Y380.866 F3554.948
G1 X222.548 Y380.210 F3554.948
G1 X222.739 Y379.555 F3554.948
G1 X222.930 Y378.900 F3554.948
G1 X223.120 Y378.245 F3554.948
G1 X223.311 Y377.589 F3554.948
G1 X223.507 Y376.878 F3554.948
G1 X223.703 Y376.166 F3554.948
G1 X223.899 Y375.455 F3554.948
G1 X224.095 Y374.743 F3554.948
G1 X224.291 Y374.032 F3554.948
G1 X224.487 Y373.320 F3554.948
G1 X224.691 Y372.578 F3554.948
G1 X224.895 Y371.835 F3554.948
G1 X225.099 Y371.093 F3554.948
G1 X225.302 Y370.350 F3554.948
G1 X225.506 Y369.607 F3554.948
G1 X225.710 Y368.865 F3554.948
G1 X225.914 Y368.113 F3554.948
G1 X226.118 Y367.362 F3554.948
G1 X226.322 Y366.610 F3554.948
G1 X226.526 Y365.859 F3554.948
G1 X226.730 Y365.107 F3554.948
G1 X226.934 Y364.355 F3554.948
G1 X227.131 Y363.617 F3554.948
G1 X227.327 Y362.879 F3554.948
G1 X227.524 Y362.141 F3554.948
G1 X227.720 Y361.403 F3554.948
G1 X227.917 Y360.665 F3554.948
G1 X228.113 Y359.926 F3554.948
G1 X228.296 Y359.218 F3554.948
G1 X228.479 Y358.510 F3554.948
G1 X228.662 Y357.802 F3554.948
G1 X228.845 Y357.093 F3554.948
G1 X229.028 Y356.385 F3554.948
G1 X229.210 Y355.677 F3554.948
G1 X229.379 Y355.020 F3554.948
G1 X229.548 Y354.363 F3554.948
G1 X229.717 Y353.706 F3554.948
G1 X229.885 Y353.049 F3554.948
G1 X230.054 Y352.392 F3554.948
G1 X230.223 Y351.735 F3554.948
G1 X230.407 Y351.025 F3554.948
G1 X230.591 Y350.315 F3554.948
G1 X230.775 Y349.606 F3554.948
G1 X230.960 Y348.896 F3554.948
G1 X231.144 Y348.186 F3554.948
G1 X231.355 Y347.415 F3554.948
G1 X231.566 Y346.643 F3554.948
G1 X231.777 Y345.872 F3554.948
G1 X231.989 Y345.101 F3554.948
G1 X232.190 Y344.456 F3554.948
G1 X232.391 Y343.812 F3554.948
G1 X232.592 Y343.168 F3554.948
G1 X232.793 Y342.523 F3554.948
G1 X233.065 Y341.837 F3554.948
G1 X233.337 Y341.151 F3554.948
G1 X233.609 Y340.464 F3554.948
G1 X233.901 Y339.943 F3554.948
G1 X234.192 Y339.423 F3554.948
G1 X234.484 Y338.902 F3554.948
G1 X234.978 Y338.347 F3554.948
G1 X235.471 Y337.791 F3554.948
G1 X236.045 Y337.438 F3554.948
G1 X236.618 Y337.086 F3554.948
G1 X237.297 Y336.912 F3554.948
G1 X237.976 Y336.738 F3554.948
G1 X238.511 Y336.723 F3554.948
G1 X239.046 Y336.709 F3554.948
G1 X239.581 Y336.695 F3554.948
G1 X240.213 Y336.767 F3554.948
G1 X240.846 Y336.840 F3554.948
G1 X241.478 Y336.912 F3554.948
G1 X242.219 Y337.058 F3554.948
G1 X242.959 Y337.203 F3554.948
G1 X243.700 Y337.348 F3554.948
G1 X244.343 Y337.501 F3554.948
G1 X244.987 Y337.654 F3554.948
G1 X245.630 Y337.807 F3554.948
G1 X246.274 Y337.959 F3554.948
G1 X247.004 Y338.144 F3554.948
G1 X247.734 Y338.328 F3554.948
G1 X248.465 Y338.513 F3554.948
G1 X249.195 Y338.697 F3554.948
G1 X249.843 Y338.858 F3554.948
G1 X250.491 Y339.020 F3554.948
G1 X251.140 Y339.181 F3554.948
G1 X251.788 Y339.342 F3554.948
G1 X252.436 Y339.503 F3554.948
G1 X253.136 Y339.664 F3554.948
G1 X253.836 Y339.826 F3554.948
G1 X254.535 Y339.988 F3554.948
G1 X255.235 Y340.149 F3554.948
G1 X255.935 Y340.311 F3554.948
G1 X256.667 Y340.459 F3554.948
G1 X257.400 Y340.607 F3554.948
G1 X258.132 Y340.754 F3554.948
G1 X258.865 Y340.902 F3554.948
G1 X259.597 Y341.050 F3554.948
G1 X260.342 Y341.171 F3554.948
G1 X261.086 Y341.293 F3554.948
G1 X261.831 Y341.414 F3554.948
G1 X262.576 Y341.535 F3554.948
G1 X263.320 Y341.656 F3554.948
G1 X264.057 Y341.742 F3554.948
G1 X264.794 Y341.828 F3554.948
G1 X265.531 Y341.914 F3554.948
G1 X266.268 Y342.001 F3554.948
G1 X267.004 Y342.087 F3554.948
G1 X267.717 Y342.136 F3554.948
G1 X268.430 Y342.184 F3554.948
G1 X269.143 Y342.233 F3554.948
G1 X269.855 Y342.282 F3554.948
G1 X270.568 Y342.331 F3554.948
G1 X271.247 Y342.346 F3554.948
G1 X271.925 Y342.362 F3554.948
G1 X272.603 Y342.377 F3554.948
G1 X273.282 Y342.393 F3554.948
G1 X273.960 Y342.408 F3554.948
G1 X274.756 Y342.397 F3554.948
G1 X275.552 Y342.385 F3554.948
G1 X276.347 Y342.373 F3554.948
G1 X277.143 Y342.362 F3554.948
G1 X277.881 Y342.333 F3554.948
G1 X278.618 Y342.304 F3554.948
G1 X279.356 Y342.275 F3554.948
G1 X280.093 Y342.245 F3554.948
G1 X280.770 Y342.213 F3554.948
G1 X281.447 Y342.180 F3554.948
G1 X282.123 Y342.147 F3554.948
G1 X282.800 Y342.115 F3554.948
G1 X283.418 Y342.091 F3554.948
G1 X284.036 Y342.067 F3554.948
G1 X284.653 Y342.044 F3554.948
G1 X285.271 Y342.020 F3554.948
G1 X286.020 Y342.015 F3554.948
G1 X286.769 Y342.011 F3554.948
G1 X287.517 Y342.006 F3554.948
G1 X288.202 Y342.039 F3554.948
G1 X288.886 Y342.072 F3554.948
G1 X289.571 Y342.105 F3554.948
G1 X290.202 Y342.184 F3554.948
G1 X290.834 Y342.263 F3554.948
G1 X291.465 Y342.342 F3554.948
G1 X292.057 Y342.473 F3554.948
G1 X292.649 Y342.603 F3554.948
G1 X293.240 Y342.734 F3554.948
G1 X293.808 Y342.918 F3554.948
G1 X294.376 Y343.102 F3554.948
G1 X294.944 Y343.287 F3554.948
G1 X295.505 Y343.526 F3554.948
G1 X296.066 Y343.765 F3554.948
G1 X296.627 Y344.004 F3554.948
G1 X297.194 Y344.295 F3554.948
G1 X297.761 Y344.586 F3554.948
G1 X298.328 Y344.878 F3554.948
G1 X298.919 Y345.219 F3554.948
G1 X299.510 Y345.560 F3554.948
G1 X300.101 Y345.901 F3554.948
G1 X300.718 Y346.285 F3554.948
G1 X301.336 Y346.669 F3554.948
G1 X301.953 Y347.053 F3554.948
G1 X302.601 Y347.472 F3554.948
G1 X303.250 Y347.891 F3554.948
G1 X303.898 Y348.311 F3554.948
G1 X304.404 Y348.647 F3554.948
G1 X304.910 Y348.983 F3554.948
G1 X305.416 Y349.319 F3554.948
G1 X305.922 Y349.655 F3554.948
G1 X306.446 Y350.007 F3554.948
G1 X306.970 Y350.359 F3554.948
G1 X307.493 Y350.711 F3554.948
G1 X308.017 Y351.063 F3554.948
G1 X308.553 Y351.427 F3554.948
G1 X309.089 Y351.791 F3554.948
G1 X309.625 Y352.155 F3554.948
G1 X310.160 Y352.519 F3554.948
G1 X310.707 Y352.893 F3554.948
G1 X311.253 Y353.268 F3554.948
G1 X311.800 Y353.642 F3554.948
G1 X312.346 Y354.016 F3554.948
G1 X312.899 Y354.393 F3554.948
G1 X313.452 Y354.771 F3554.948
G1 X314.005 Y355.148 F3554.948
G1 X314.558 Y355.525 F3554.948
G1 X315.114 Y355.899 F3554.948
G1 X315.670 Y356.274 F3554.948
G1 X316.227 Y356.648 F3554.948
G1 X316.783 Y357.023 F3554.948
G1 X317.339 Y357.392 F3554.948
G1 X317.894 Y357.761 F3554.948
G1 X318.450 Y358.129 F3554.948
G1 X319.005 Y358.498 F3554.948
G1 X319.556 Y358.856 F3554.948
G1 X320.107 Y359.214 F3554.948
G1 X320.658 Y359.572 F3554.948
G1 X321.209 Y359.930 F3554.948
G1 X321.748 Y360.272 F3554.948
G1 X322.286 Y360.615 F3554.948
G1 X322.825 Y360.957 F3554.948
G1 X323.363 Y361.300 F3554.948
G1 X323.886 Y361.621 F3554.948
G1 X324.408 Y361.942 F3554.948
G1 X324.931 Y362.264 F3554.948
G1 X325.453 Y362.585 F3554.948
G1 X326.123 Y362.978 F3554.948
G1 X326.792 Y363.371 F3554.948
G1 X327.462 Y363.764 F3554.948
G1 X328.112 Y364.129 F3554.948
G1 X328.762 Y364.493 F3554.948
G1 X329.412 Y364.858 F3554.948
G1 X330.045 Y365.200 F3554.948
G1 X330.678 Y365.543 F3554.948
G1 X331.311 Y365.885 F3554.948
G1 X331.942 Y366.207 F3554.948
G1 X332.572 Y366.529 F3554.948
G1 X333.203 Y366.852 F3554.948
G1 X333.849 Y367.157 F3554.948
G1 X334.496 Y367.461 F3554.948
G1 X335.142 Y367.766 F3554.948
G1 X335.809 Y368.054 F3554.948
G1 X336.476 Y368.341 F3554.948
G1 X337.143 Y368.628 F3554.948
G1 X337.831 Y368.891 F3554.948
G1 X338.519 Y369.154 F3554.948
G1 X339.206 Y369.418 F3554.948
G1 X339.916 Y369.651 F3554.948
G1 X340.625 Y369.883 F3554.948
G1 X341.334 Y370.116 F3554.948
G1 X342.071 Y370.314 F3554.948
G1 X342.808 Y370.512 F3554.948
G1 X343.546 Y370.709 F3554.948
G1 X344.322 Y370.875 F3554.948
G1 X345.098 Y371.040 F3554.948
G1 X345.874 Y371.205 F3554.948
G1 X346.492 Y371.308 F3554.948
G1 X347.110 Y371.411 F3554.948
G1 X347.727 Y371.513 F3554.948
G1 X348.345 Y371.616 F3554.948
G1 X348.998 Y371.700 F3554.948
G1 X349.651 Y371.784 F3554.948
G1 X350.304 Y371.869 F3554.948
G1 X350.957 Y371.953 F3554.948
G1 X351.640 Y372.020 F3554.948
G1 X352.323 Y372.088 F3554.948
G1 X353.006 Y372.155 F3554.948
G1 X353.690 Y372.223 F3554.948
G1 X354.399 Y372.272 F3554.948
G1 X355.109 Y372.321 F3554.948
G1 X355.819 Y372.370 F3554.948
G1 X356.529 Y372.419 F3554.948
G1 X357.263 Y372.444 F3554.948
G1 X357.997 Y372.470 F3554.948
G1 X358.731 Y372.495 F3554.948
G1 X359.466 Y372.521 F3554.948
G1 X360.226 Y372.512 F3554.948
G1 X360.986 Y372.504 F3554.948
G1 X361.746 Y372.495 F3554.948
G1 X362.506 Y372.487 F3554.948
G1 X363.293 Y372.433 F3554.948
G1 X364.080 Y372.380 F3554.948
G1 X364.867 Y372.327 F3554.948
G1 X365.654 Y372.274 F3554.948
G1 X366.308 Y372.190 F3554.948
G1 X366.961 Y372.106 F3554.948
G1 X367.615 Y372.022 F3554.948
G1 X368.268 Y371.937 F3554.948
G1 X368.922 Y371.853 F3554.948
G1 X369.599 Y371.725 F3554.948
G1 X370.276 Y371.596 F3554.948
G1 X370.954 Y371.468 F3554.948
G1 X371.631 Y371.339 F3554.948
G1 X372.308 Y371.211 F3554.948
G1 X373.001 Y371.037 F3554.948
G1 X373.694 Y370.863 F3554.948
G1 X374.386 Y370.689 F3554.948
G1 X375.079 Y370.515 F3554.948
G1 X375.772 Y370.341 F3554.948
G1 X376.466 Y370.118 F3554.948
G1 X377.160 Y369.896 F3554.948
G1 X377.855 Y369.673 F3554.948
G1 X378.549 Y369.450 F3554.948
G1 X379.243 Y369.227 F3554.948
G1 X379.933 Y368.953 F3554.948
G1 X380.623 Y368.678 F3554.948
G1 X381.313 Y368.403 F3554.948
G1 X382.003 Y368.128 F3554.948
G1 X382.693 Y367.853 F3554.948
G1 X383.366 Y367.531 F3554.948
G1 X384.040 Y367.208 F3554.948
G1 X384.713 Y366.886 F3554.948
G1 X385.386 Y366.563 F3554.948
G1 X386.059 Y366.240 F3554.948
G1 X386.695 Y365.875 F3554.948
G1 X387.331 Y365.509 F3554.948
G1 X387.967 Y365.143 F3554.948
G1 X388.603 Y364.777 F3554.948
G1 X389.239 Y364.412 F3554.948
G1 X389.827 Y364.000 F3554.948
G1 X390.414 Y363.588 F3554.948
G1 X391.001 Y363.176 F3554.948
G1 X391.589 Y362.764 F3554.948
G1 X392.176 Y362.353 F3554.948
G1 X392.706 Y361.896 F3554.948
G1 X393.236 Y361.440 F3554.948
G1 X393.767 Y360.984 F3554.948
G1 X394.297 Y360.527 F3554.948
G1 X394.827 Y360.071 F3554.948
G1 X395.292 Y359.562 F3554.948
G1 X395.757 Y359.052 F3554.948
G1 X396.223 Y358.542 F3554.948
G1 X396.688 Y358.033 F3554.948
G1 X397.153 Y357.523 F3554.948
G1 X397.560 Y356.940 F3554.948
G1 X397.968 Y356.357 F3554.948
G1 X398.375 Y355.774 F3554.948
G1 X398.783 Y355.191 F3554.948
G1 X399.190 Y354.608 F3554.948
G1 X399.552 Y353.935 F3554.948
G1 X399.913 Y353.263 F3554.948
G1 X400.274 Y352.590 F3554.948
G1 X400.636 Y351.917 F3554.948
G1 X400.997 Y351.245 F3554.948
G1 X401.266 Y350.614 F3554.948
G1 X401.535 Y349.984 F3554.948
G1 X401.804 Y349.353 F3554.948
G1 X402.073 Y348.723 F3554.948
G1 X402.342 Y348.092 F3554.948
G1 X402.611 Y347.462 F3554.948
G1 X402.849 Y346.786 F3554.948
G1 X403.087 Y346.110 F3554.948
G1 X403.324 Y345.434 F3554.948
G1 X403.562 Y344.758 F3554.948
G1 X403.800 Y344.082 F3554.948
G1 X404.037 Y343.406 F3554.948
G1 X404.246 Y342.736 F3554.948
G1 X404.455 Y342.066 F3554.948
G1 X404.664 Y341.396 F3554.948
G1 X404.873 Y340.726 F3554.948
G1 X405.082 Y340.056 F3554.948
G1 X405.291 Y339.386 F3554.948
G1 X405.510 Y338.626 F3554.948
G1 X405.728 Y337.866 F3554.948
G1 X405.947 Y337.106 F3554.948
G1 X406.166 Y336.346 F3554.948
G1 X406.384 Y335.586 F3554.948
G1 X406.576 Y334.877 F3554.948
G1 X406.767 Y334.168 F3554.948
G1 X406.959 Y333.459 F3554.948
G1 X407.150 Y332.750 F3554.948
G1 X407.342 Y332.041 F3554.948
G1 X407.510 Y331.373 F3554.948
G1 X407.677 Y330.705 F3554.948
G1 X407.845 Y330.037 F3554.948
G1 X408.013 Y329.369 F3554.948
G1 X408.181 Y328.701 F3554.948
G1 X408.321 Y328.059 F3554.948
G1 X408.462 Y327.417 F3554.948
G1 X408.603 Y326.775 F3554.948
G1 X408.744 Y326.133 F3554.948
G1 X408.884 Y325.491 F3554.948
G1 X409.002 Y324.725 F3554.948
G1 X409.120 Y323.960 F3554.948
G1 X409.238 Y323.194 F3554.948
G1 X409.355 Y322.429 F3554.948
G1 X409.363 Y321.700 F3554.948
G1 X409.371 Y320.971 F3554.948
G1 X409.379 Y320.242 F3554.948
G1 X409.387 Y319.513 F3554.948
G1 X409.242 Y318.787 F3554.948
G1 X409.097 Y318.062 F3554.948
G1 X408.953 Y317.336 F3554.948
G1 X408.808 Y316.610 F3554.948
G1 X408.567 Y316.011 F3554.948
G1 X408.327 Y315.411 F3554.948
G1 X408.087 Y314.811 F3554.948
G1 X407.847 Y314.211 F3554.948
G1 X407.606 Y313.612 F3554.948
G1 X407.276 Y312.996 F3554.948
G1 X406.946 Y312.380 F3554.948
G1 X406.616 Y311.764 F3554.948
G1 X406.286 Y311.148 F3554.948
G1 X405.955 Y310.532 F3554.948
G1 X405.571 Y309.935 F3554.948
G1 X405.187 Y309.338 F3554.948
G1 X404.803 Y308.741 F3554.948
G1 X404.419 Y308.144 F3554.948
G1 X404.035 Y307.547 F3554.948
G1 X403.654 Y307.004 F3554.948
G1 X403.273 Y306.461 F3554.948
G1 X402.892 Y305.919 F3554.948
G1 X402.511 Y305.376 F3554.948
G1 X402.130 Y304.833 F3554.948
G1 X401.711 Y304.230 F3554.948
G1 X401.292 Y303.626 F3554.948
G1 X400.874 Y303.023 F3554.948
G1 X400.455 Y302.420 F3554.948
G1 X400.085 Y301.832 F3554.948
G1 X399.715 Y301.243 F3554.948
G1 X399.346 Y300.655 F3554.948
G1 X398.976 Y300.067 F3554.948
G1 X398.627 Y299.415 F3554.948
G1 X398.279 Y298.764 F3554.948
G1 X397.930 Y298.113 F3554.948
G1 X397.581 Y297.461 F3554.948
G1 X397.285 Y296.891 F3554.948
G1 X396.989 Y296.320 F3554.948
G1 X396.692 Y295.750 F3554.948
G1 X396.396 Y295.180 F3554.948
G1 X396.100 Y294.609 F3554.948
G1 X395.731 Y293.931 F3554.948
G1 X395.363 Y293.254 F3554.948
G1 X394.994 Y292.576 F3554.948
G1 X394.626 Y291.898 F3554.948
G1 X394.267 Y291.329 F3554.948
G1 X393.908 Y290.760 F3554.948
G1 X393.549 Y290.191 F3554.948
G1 X393.189 Y289.621 F3554.948
G1 X392.699 Y289.008 F3554.948
G1 X392.209 Y288.394 F3554.948
G1 X391.718 Y287.780 F3554.948
G1 X391.181 Y287.280 F3554.948
G1 X390.644 Y286.779 F3554.948
G1 X390.107 Y286.279 F3554.948
G1 X389.515 Y285.874 F3554.948
G1 X388.923 Y285.469 F3554.948
G1 X388.332 Y285.063 F3554.948
G1 X387.682 Y284.738 F3554.948
G1 X387.032 Y284.413 F3554.948
G1 X386.382 Y284.088 F3554.948
G1 X385.672 Y283.829 F3554.948
G1 X384.962 Y283.571 F3554.948
G1 X384.252 Y283.313 F3554.948
G1 X383.482 Y283.110 F3554.948
G1 X382.712 Y282.907 F3554.948
G1 X381.942 Y282.705 F3554.948
G1 X381.335 Y282.596 F3554.948
G1 X380.729 Y282.487 F3554.948
G1 X380.122 Y282.378 F3554.948
G1 X379.516 Y282.269 F3554.948
G1 X378.900 Y282.208 F3554.948
G1 X378.284 Y282.148 F3554.948
G1 X377.668 Y282.088 F3554.948
G1 X377.052 Y282.027 F3554.948
G1 X376.434 Y282.021 F3554.948
G1 X375.815 Y282.015 F3554.948
G1 X375.197 Y282.009 F3554.948
G1 X374.579 Y282.003 F3554.948
G1 X373.961 Y282.051 F3554.948
G1 X373.344 Y282.100 F3554.948
G1 X372.727 Y282.149 F3554.948
G1 X372.110 Y282.197 F3554.948
G1 X371.496 Y282.298 F3554.948
G1 X370.881 Y282.398 F3554.948
G1 X370.267 Y282.499 F3554.948
G1 X369.652 Y282.599 F3554.948
G1 X369.049 Y282.745 F3554.948
G1 X368.447 Y282.890 F3554.948
G1 X367.844 Y283.036 F3554.948
G1 X367.242 Y283.182 F3554.948
G1 X366.659 Y283.368 F3554.948
G1 X366.076 Y283.555 F3554.948
G1 X365.493 Y283.741 F3554.948
G1 X364.911 Y283.928 F3554.948
G1 X364.354 Y284.155 F3554.948
G1 X363.798 Y284.383 F3554.948
G1 X363.242 Y284.610 F3554.948
G1 X362.686 Y284.837 F3554.948
G1 X361.975 Y285.199 F3554.948
G1 X361.264 Y285.561 F3554.948
G1 X360.553 Y285.923 F3554.948
G1 X360.040 Y286.243 F3554.948
G1 X359.526 Y286.562 F3554.948
G1 X359.013 Y286.882 F3554.948
G1 X358.500 Y287.202 F3554.948
G1 X358.004 Y287.568 F3554.948
G1 X357.508 Y287.934 F3554.948
G1 X357.012 Y288.299 F3554.948
G1 X356.515 Y288.665 F3554.948
G1 X356.042 Y289.068 F3554.948
G1 X355.568 Y289.471 F3554.948
G1 X355.095 Y289.875 F3554.948
G1 X354.621 Y290.278 F3554.948
G1 X354.177 Y290.710 F3554.948
G1 X353.732 Y291.142 F3554.948
G1 X353.288 Y291.574 F3554.948
G1 X352.843 Y292.006 F3554.948
G1 X352.434 Y292.454 F3554.948
G1 X352.024 Y292.902 F3554.948
G1 X351.615 Y293.349 F3554.948
G1 X351.205 Y293.797 F3554.948
G1 X350.712 Y294.397 F3554.948
G1 X350.219 Y294.998 F3554.948
G1 X349.726 Y295.598 F3554.948
G1 X349.293 Y296.187 F3554.948
G1 X348.860 Y296.776 F3554.948
G1 X348.427 Y297.364 F3554.948
G1 X348.059 Y297.928 F3554.948
G1 X347.692 Y298.492 F3554.948
G1 X347.324 Y299.056 F3554.948
G1 X347.026 Y299.586 F3554.948
G1 X346.728 Y300.115 F3554.948
G1 X346.430 Y300.644 F3554.948
G1 X346.201 Y301.132 F3554.948
G1 X345.973 Y301.620 F3554.948
G1 X345.744 Y302.108 F3554.948
G1 X345.498 Y302.773 F3554.948
G1 X345.252 Y303.439 F3554.948
G1 X345.097 Y304.056 F3554.948
G1 X344.943 Y304.672 F3554.948
G1 X344.869 Y305.262 F3554.948
G1 X344.794 Y305.851 F3554.948
G1 X344.796 Y306.435 F3554.948
G1 X344.797 Y307.019 F3554.948
G1 X344.884 Y307.642 F3554.948
G1 X344.972 Y308.265 F3554.948
G1 X345.160 Y308.983 F3554.948
G1 X345.347 Y309.701 F3554.948
G1 X345.559 Y310.292 F3554.948
G1 X345.771 Y310.882 F3554.948
G1 X345.982 Y311.473 F3554.948
G1 X346.230 Y312.023 F3554.948
G1 X346.477 Y312.573 F3554.948
G1 X346.725 Y313.123 F3554.948
G1 X346.972 Y313.673 F3554.948
G1 X347.332 Y314.342 F3554.948
G1 X347.693 Y315.012 F3554.948
G1 X348.053 Y315.681 F3554.948
G1 X348.414 Y316.351 F3554.948
G1 X348.798 Y316.938 F3554.948
G1 X349.181 Y317.525 F3554.948
G1 X349.565 Y318.112 F3554.948
G1 X349.948 Y318.700 F3554.948
G1 X350.332 Y319.287 F3554.948
G1 X350.769 Y319.872 F3554.948
G1 X351.205 Y320.456 F3554.948
G1 X351.642 Y321.041 F3554.948
G1 X352.078 Y321.626 F3554.948
G1 X352.515 Y322.211 F3554.948
G1 X352.959 Y322.777 F3554.948
G1 X353.404 Y323.344 F3554.948
G1 X353.848 Y323.911 F3554.948
G1 X354.293 Y324.477 F3554.948
G1 X354.737 Y325.044 F3554.948
G1 X355.178 Y325.647 F3554.948
G1 X355.619 Y326.249 F3554.948
G1 X356.060 Y326.852 F3554.948
G1 X356.501 Y327.455 F3554.948
G1 X356.941 Y328.058 F3554.948
G1 X357.309 Y328.619 F3554.948
G1 X357.677 Y329.180 F3554.948
G1 X358.045 Y329.741 F3554.948
G1 X358.413 Y330.302 F3554.948
G1 X358.780 Y330.862 F3554.948
G1 X359.148 Y331.423 F3554.948
G1 X359.526 Y332.034 F3554.948
G1 X359.905 Y332.644 F3554.948
G1 X360.283 Y333.254 F3554.948
G1 X360.661 Y333.864 F3554.948
G1 X361.040 Y334.474 F3554.948
G1 X361.418 Y335.084 F3554.948
G1 X361.819 Y335.706 F3554.948
G1 X362.219 Y336.328 F3554.948
G1 X362.619 Y336.951 F3554.948
G1 X363.020 Y337.573 F3554.948
G1 X363.420 Y338.195 F3554.948
G1 X363.821 Y338.817 F3554.948
G1 X364.248 Y339.422 F3554.948
G1 X364.676 Y340.027 F3554.948
G1 X365.104 Y340.632 F3554.948
G1 X365.532 Y341.237 F3554.948
G1 X365.959 Y341.842 F3554.948
G1 X366.387 Y342.447 F3554.948
G1 X366.835 Y343.017 F3554.948
G1 X367.283 Y343.587 F3554.948
G1 X367.731 Y344.157 F3554.948
G1 X368.179 Y344.727 F3554.948
G1 X368.627 Y345.298 F3554.948
G1 X369.075 Y345.868 F3554.948
G1 X369.526 Y346.384 F3554.948
G1 X369.977 Y346.900 F3554.948
G1 X370.429 Y347.415 F3554.948
G1 X370.880 Y347.931 F3554.948
G1 X371.331 Y348.447 F3554.948
G1 X371.782 Y348.963 F3554.948
G1 X372.313 Y349.506 F3554.948
G1 X372.844 Y350.049 F3554.948
G1 X373.376 Y350.592 F3554.948
G1 X373.907 Y351.135 F3554.948
G1 X374.438 Y351.678 F3554.948
G1 X374.959 Y352.145 F3554.948
G1 X375.479 Y352.613 F3554.948
G1 X375.999 Y353.080 F3554.948
G1 X376.519 Y353.547 F3554.948
G1 X377.039 Y354.014 F3554.948
G1 X377.668 Y354.501 F3554.948
G1 X378.297 Y354.987 F3554.948
G1 X378.926 Y355.474 F3554.948
G1 X379.555 Y355.960 F3554.948
G1 X380.153 Y356.352 F3554.948
G1 X380.751 Y356.744 F3554.948
G1 X381.349 Y357.137 F3554.948
G1 X381.947 Y357.529 F3554.948
G1 X382.506 Y357.831 F3554.948
G1 X383.065 Y358.133 F3554.948
G1 X383.624 Y358.436 F3554.948
G1 X384.183 Y358.738 F3554.948
G1 X384.868 Y359.025 F3554.948
G1 X385.553 Y359.312 F3554.948
G1 X386.239 Y359.599 F3554.948
G1 X386.863 Y359.771 F3554.948
G1 X387.488 Y359.943 F3554.948
G1 X388.112 Y360.115 F3554.948
G1 X388.674 Y360.177 F3554.948
G1 X389.236 Y360.239 F3554.948
G1 X389.797 Y360.301 F3554.948
G1 X390.541 Y360.240 F3554.948
G1 X391.284 Y360.180 F3554.948
G1 X391.929 Y359.975 F3554.948
G1 X392.573 Y359.771 F3554.948
G1 X393.130 Y359.427 F3554.948
G1 X393.687 Y359.084 F3554.948
G1 X394.170 Y358.594 F3554.948
G1 X394.652 Y358.105 F3554.948
G1 X395.075 Y357.449 F3554.948
G1 X395.497 Y356.793 F3554.948
G1 X395.745 Y356.217 F3554.948
G1 X395.994 Y355.641 F3554.948
G1 X396.243 Y355.065 F3554.948
G1 X396.470 Y354.329 F3554.948
G1 X396.698 Y353.593 F3554.948
G1 X396.925 Y352.857 F3554.948
G1 X397.088 Y352.167 F3554.948
G1 X397.251 Y351.478 F3554.948
G1 X397.413 Y350.788 F3554.948
G1 X397.576 Y350.099 F3554.948
G1 X397.699 Y349.440 F3554.948
G1 X397.823 Y348.781 F3554.948
G1 X397.946 Y348.122 F3554.948
G1 X398.069 Y347.463 F3554.948
G1 X398.193 Y346.804 F3554.948
G1 X398.305 Y346.074 F3554.948
G1 X398.418 Y345.343 F3554.948
G1 X398.531 Y344.613 F3554.948
G1 X398.643 Y343.883 F3554.948
G1 X398.756 Y343.152 F3554.948
G1 X398.850 Y342.404 F3554.948
G1 X398.945 Y341.656 F3554.948
G1 X399.039 Y340.908 F3554.948
G1 X399.133 Y340.159 F3554.948
G1 X399.227 Y339.411 F3554.948
G1 X399.293 Y338.682 F3554.948
G1 X399.359 Y337.952 F3554.948
G1 X399.426 Y337.223 F3554.948
G1 X399.492 Y336.493 F3554.948
G1 X399.558 Y335.764 F3554.948
G1 X399.587 Y335.071 F3554.948
G1 X399.616 Y334.379 F3554.948
G1 X399.645 Y333.686 F3554.948
G1 X399.674 Y332.994 F3554.948
G1 X399.703 Y332.301 F3554.948
G1 X399.692 Y331.647 F3554.948
G1 X399.680 Y330.992 F3554.948
G1 X399.668 Y330.338 F3554.948
G1 X399.657 Y329.683 F3554.948
G1 X399.645 Y329.028 F3554.948
G1 X399.582 Y328.240 F3554.948
G1 X399.518 Y327.453 F3554.948
G1 X399.455 Y326.665 F3554.948
G1 X399.391 Y325.877 F3554.948
G1 X399.283 Y325.095 F3554.948
G1 X399.176 Y324.314 F3554.948
G1 X399.068 Y323.532 F3554.948
G1 X398.960 Y322.751 F3554.948
G1 X398.833 Y322.106 F3554.948
G1 X398.706 Y321.462 F3554.948
G1 X398.579 Y320.817 F3554.948
G1 X398.452 Y320.173 F3554.948
G1 X398.325 Y319.528 F3554.948
G1 X398.150 Y318.852 F3554.948
G1 X397.976 Y318.175 F3554.948
G1 X397.801 Y317.499 F3554.948
G1 X397.626 Y316.823 F3554.948
G1 X397.452 Y316.146 F3554.948
G1 X397.231 Y315.452 F3554.948
G1 X397.010 Y314.757 F3554.948
G1 X396.790 Y314.063 F3554.948
G1 X396.569 Y313.368 F3554.948
G1 X396.348 Y312.673 F3554.948
G1 X396.084 Y312.010 F3554.948
G1 X395.819 Y311.346 F3554.948
G1 X395.555 Y310.682 F3554.948
G1 X395.290 Y310.019 F3554.948
G1 X395.026 Y309.355 F3554.948
G1 X394.695 Y308.781 F3554.948
G1 X394.365 Y308.208 F3554.948
G1 X394.035 Y307.634 F3554.948
G1 X393.705 Y307.061 F3554.948
G1 X393.375 Y306.487 F3554.948
G1 X392.956 Y305.996 F3554.948
G1 X392.537 Y305.505 F3554.948
G1 X392.119 Y305.014 F3554.948
G1 X391.700 Y304.523 F3554.948
G1 X391.282 Y304.031 F3554.948
G1 X390.781 Y303.580 F3554.948
G1 X390.281 Y303.128 F3554.948
G1 X389.780 Y302.677 F3554.948
G1 X389.279 Y302.225 F3554.948
G1 X388.779 Y301.774 F3554.948
G1 X388.247 Y301.370 F3554.948
G1 X387.715 Y300.966 F3554.948
G1 X387.183 Y300.562 F3554.948
G1 X386.651 Y300.158 F3554.948
G1 X386.120 Y299.754 F3554.948
G1 X385.456 Y299.349 F3554.948
G1 X384.791 Y298.945 F3554.948
G1 X384.127 Y298.540 F3554.948
G1 X383.463 Y298.135 F3554.948
G1 X382.800 Y297.845 F3554.948
G1 X382.136 Y297.555 F3554.948
G1 X381.473 Y297.265 F3554.948
G1 X380.810 Y296.975 F3554.948
G1 X380.147 Y296.785 F3554.948
G1 X379.485 Y296.594 F3554.948
G1 X378.823 Y296.403 F3554.948
G1 X378.161 Y296.212 F3554.948
G1 X377.508 Y296.110 F3554.948
G1 X376.855 Y296.008 F3554.948
G1 X376.202 Y295.906 F3554.948
G1 X375.550 Y295.803 F3554.948
G1 X374.913 Y295.783 F3554.948
G1 X374.276 Y295.762 F3554.948
G1 X373.639 Y295.741 F3554.948
G1 X373.002 Y295.720 F3554.948
G1 X372.393 Y295.776 F3554.948
G1 X371.785 Y295.832 F3554.948
G1 X371.176 Y295.889 F3554.948
G1 X370.567 Y295.945 F3554.948
G1 X369.810 Y296.116 F3554.948
G1 X369.052 Y296.288 F3554.948
G1 X368.295 Y296.460 F3554.948
G1 X367.611 Y296.721 F3554.948
G1 X366.928 Y296.981 F3554.948
G1 X366.244 Y297.242 F3554.948
G1 X365.657 Y297.574 F3554.948
G1 X365.069 Y297.905 F3554.948
G1 X364.482 Y298.237 F3554.948
G1 X364.015 Y298.623 F3554.948
G1 X363.547 Y299.009 F3554.948
G1 X363.080 Y299.395 F3554.948
G1 X362.745 Y299.818 F3554.948
G1 X362.409 Y300.241 F3554.948
G1 X362.074 Y300.664 F3554.948
G1 X361.783 Y301.343 F3554.948
G1 X361.492 Y302.021 F3554.948
G1 X361.420 Y302.740 F3554.948
G1 X361.347 Y303.460 F3554.948
G1 X361.445 Y303.987 F3554.948
G1 X361.543 Y304.514 F3554.948
G1 X361.640 Y305.040 F3554.948
G1 X361.880 Y305.641 F3554.948
G1 X362.120 Y306.241 F3554.948
G1 X362.360 Y306.842 F3554.948
G1 X362.731 Y307.535 F3554.948
G1 X363.101 Y308.228 F3554.948
G1 X363.471 Y308.921 F3554.948
G1 X363.826 Y309.507 F3554.948
G1 X364.180 Y310.093 F3554.948
G1 X364.535 Y310.679 F3554.948
G1 X364.890 Y311.265 F3554.948
G1 X365.290 Y311.885 F3554.948
G1 X365.690 Y312.505 F3554.948
G1 X366.090 Y313.124 F3554.948
G1 X366.490 Y313.744 F3554.948
G1 X366.908 Y314.351 F3554.948
G1 X367.326 Y314.958 F3554.948
G1 X367.744 Y315.565 F3554.948
G1 X368.162 Y316.172 F3554.948
G1 X368.590 Y316.757 F3554.948
G1 X369.017 Y317.343 F3554.948
G1 X369.444 Y317.929 F3554.948
G1 X369.872 Y318.515 F3554.948
G1 X370.327 Y319.089 F3554.948
G1 X370.782 Y319.663 F3554.948
G1 X371.237 Y320.237 F3554.948
G1 X371.692 Y320.812 F3554.948
G1 X372.193 Y321.387 F3554.948
G1 X372.693 Y321.962 F3554.948
G1 X373.194 Y322.538 F3554.948
G1 X373.695 Y323.113 F3554.948
G1 X374.136 Y323.586 F3554.948
G1 X374.576 Y324.059 F3554.948
G1 X375.017 Y324.532 F3554.948
G1 X375.458 Y325.005 F3554.948
G1 X375.899 Y325.478 F3554.948
G1 X376.387 Y325.975 F3554.948
G1 X376.876 Y326.472 F3554.948
G1 X377.364 Y326.969 F3554.948
G1 X377.853 Y327.465 F3554.948
G1 X378.341 Y327.962 F3554.948
G1 X378.849 Y328.497 F3554.948
G1 X379.358 Y329.031 F3554.948
G1 X379.867 Y329.566 F3554.948
G1 X380.375 Y330.100 F3554.948
G1 X380.884 Y330.635 F3554.948
G1 X381.384 Y331.202 F3554.948
G1 X381.885 Y331.769 F3554.948
G1 X382.385 Y332.336 F3554.948
G1 X382.886 Y332.903 F3554.948
G1 X383.387 Y333.470 F3554.948
G1 X383.852 Y334.051 F3554.948
G1 X384.317 Y334.633 F3554.948
G1 X384.782 Y335.214 F3554.948
G1 X385.247 Y335.795 F3554.948
G1 X385.712 Y336.377 F3554.948
G1 X386.123 Y336.947 F3554.948
G1 X386.533 Y337.518 F3554.948
G1 X386.944 Y338.088 F3554.948
G1 X387.355 Y338.659 F3554.948
G1 X387.765 Y339.229 F3554.948
G1 X388.115 Y339.768 F3554.948
G1 X388.464 Y340.307 F3554.948
G1 X388.813 Y340.846 F3554.948
G1 X389.162 Y341.384 F3554.948
G1 X389.512 Y341.923 F3554.948
G1 X389.877 Y342.535 F3554.948
G1 X390.243 Y343.148 F3554.948
G1 X390.609 Y343.760 F3554.948
G1 X390.975 Y344.372 F3554.948
G1 X391.281 Y344.901 F3554.948
G1 X391.587 Y345.430 F3554.948
G1 X391.894 Y345.959 F3554.948
G1 X392.200 Y346.488 F3554.948
G1 X392.546 Y347.045 F3554.948
G1 X392.891 Y347.601 F3554.948
G1 X393.237 Y348.158 F3554.948
G1 X393.685 Y348.725 F3554.948
G1 X394.134 Y349.293 F3554.948
G1 X394.533 Y349.590 F3554.948
G1 X394.933 Y349.887 F3554.948
G1 X395.671 Y349.979 F3554.948
G1 X396.031 Y349.788 F3554.948
G1 X396.391 Y349.597 F3554.948
G1 X396.756 Y349.178 F3554.948
G1 X397.121 Y348.758 F3554.948
G1 X397.514 Y348.113 F3554.948
G1 X397.907 Y347.467 F3554.948
G1 X398.197 Y346.918 F3554.948
G1 X398.487 Y346.368 F3554.948
G1 X398.777 Y345.818 F3554.948
G1 X399.107 Y345.185 F3554.948
G1 X399.437 Y344.551 F3554.948
G1 X399.767 Y343.918 F3554.948
G1 X400.143 Y343.231 F3554.948
G1 X400.520 Y342.545 F3554.948
G1 X400.897 Y341.859 F3554.948
G1 X401.217 Y341.325 F3554.948
G1 X401.537 Y340.792 F3554.948
G1 X401.857 Y340.259 F3554.948
G1 X402.177 Y339.726 F3554.948
G1 X402.538 Y339.192 F3554.948
G1 X402.898 Y338.659 F3554.948
G1 X403.259 Y338.125 F3554.948
G1 X403.619 Y337.591 F3554.948
G1 X404.021 Y337.070 F3554.948
G1 X404.422 Y336.548 F3554.948
G1 X404.824 Y336.026 F3554.948
G1 X405.225 Y335.505 F3554.948
G1 X405.672 Y335.002 F3554.948
G1 X406.120 Y334.499 F3554.948
G1 X406.567 Y333.996 F3554.948
G1 X407.014 Y333.493 F3554.948
G1 X407.516 Y333.011 F3554.948
G1 X408.018 Y332.530 F3554.948
G1 X408.520 Y332.048 F3554.948
G1 X409.022 Y331.567 F3554.948
G1 X409.583 Y331.101 F3554.948
G1 X410.144 Y330.636 F3554.948
G1 X410.705 Y330.170 F3554.948
G1 X411.266 Y329.704 F3554.948
G1 X411.891 Y329.253 F3554.948
G1 X412.517 Y328.801 F3554.948
G1 X413.143 Y328.350 F3554.948
G1 X413.769 Y327.898 F3554.948
G1 X414.318 Y327.565 F3554.948
G1 X414.868 Y327.232 F3554.948
G1 X415.418 Y326.898 F3554.948
G1 X415.968 Y326.565 F3554.948
G1 X416.518 Y326.232 F3554.948
G1 X417.120 Y325.939 F3554.948
G1 X417.723 Y325.646 F3554.948
G1 X418.326 Y325.354 F3554.948
G1 X418.929 Y325.061 F3554.948
G1 X419.531 Y324.768 F3554.948
G1 X420.186 Y324.515 F3554.948
G1 X420.841 Y324.263 F3554.948
G1 X421.497 Y324.010 F3554.948
G1 X422.152 Y323.757 F3554.948
G1 X422.807 Y323.505 F3554.948
G1 X423.499 Y323.275 F3554.948
G1 X424.192 Y323.045 F3554.948
G1 X424.885 Y322.816 F3554.948
G1 X425.578 Y322.586 F3554.948
G1 X426.270 Y322.356 F3554.948
G1 X426.972 Y322.110 F3554.948
G1 X427.674 Y321.863 F3554.948
G1 X428.375 Y321.616 F3554.948
G1 X429.077 Y321.370 F3554.948
G1 X429.779 Y321.123 F3554.948
G1 X430.472 Y320.836 F3554.948
G1 X431.165 Y320.549 F3554.948
G1 X431.858 Y320.263 F3554.948
G1 X432.551 Y319.976 F3554.948
G1 X433.245 Y319.689 F3554.948
G1 X433.919 Y319.357 F3554.948
G1 X434.593 Y319.024 F3554.948
G1 X435.267 Y318.692 F3554.948
G1 X435.941 Y318.360 F3554.948
G1 X436.615 Y318.027 F3554.948
G1 X437.263 Y317.646 F3554.948
G1 X437.910 Y317.264 F3554.948
G1 X438.557 Y316.883 F3554.948
G1 X439.204 Y316.501 F3554.948
G1 X439.851 Y316.119 F3554.948
G1 X440.473 Y315.691 F3554.948
G1 X441.095 Y315.263 F3554.948
G1 X441.717 Y314.835 F3554.948
G1 X442.338 Y314.407 F3554.948
G1 X442.960 Y313.979 F3554.948
G1 X443.552 Y313.508 F3554.948
G1 X444.144 Y313.036 F3554.948
G1 X444.737 Y312.565 F3554.948
G1 X445.329 Y312.093 F3554.948
G1 X445.921 Y311.621 F3554.948
G1 X446.472 Y311.126 F3554.948
G1 X447.024 Y310.630 F3554.948
G1 X447.575 Y310.135 F3554.948
G1 X448.126 Y309.640 F3554.948
G1 X448.678 Y309.144 F3554.948
G1 X449.182 Y308.641 F3554.948
G1 X449.685 Y308.137 F3554.948
G1 X450.189 Y307.634 F3554.948
G1 X450.693 Y307.130 F3554.948
G1 X451.197 Y306.626 F3554.948
G1 X451.653 Y306.124 F3554.948
G1 X452.110 Y305.622 F3554.948
G1 X452.567 Y305.120 F3554.948
G1 X453.023 Y304.617 F3554.948
G1 X453.480 Y304.115 F3554.948
G1 X453.985 Y303.498 F3554.948
G1 X454.489 Y302.880 F3554.948
G1 X454.994 Y302.262 F3554.948
G1 X455.499 Y301.645 F3554.948
G1 X455.935 Y301.062 F3554.948
G1 X456.372 Y300.479 F3554.948
G1 X456.808 Y299.897 F3554.948
G1 X457.245 Y299.314 F3554.948
G1 X457.618 Y298.805 F3554.948
G1 X457.991 Y298.295 F3554.948
G1 X458.364 Y297.785 F3554.948
G1 X458.737 Y297.276 F3554.948
G1 X459.210 Y296.690 F3554.948
G1 X459.683 Y296.104 F3554.948
G1 X460.155 Y295.519 F3554.948
G1 X460.678 Y295.001 F3554.948
G1 X461.200 Y294.483 F3554.948
G1 X461.722 Y293.966 F3554.948
G1 X462.210 Y293.607 F3554.948
G1 X462.698 Y293.249 F3554.948
G1 X463.186 Y292.890 F3554.948
G1 X463.674 Y292.532 F3554.948
G1 X464.313 Y292.189 F3554.948
G1 X464.952 Y291.847 F3554.948
G1 X465.591 Y291.504 F3554.948
G1 X466.230 Y291.162 F3554.948
G1 X466.870 Y290.901 F3554.948
G1 X467.510 Y290.641 F3554.948
G1 X468.150 Y290.380 F3554.948
G1 X468.789 Y290.120 F3554.948
G1 X469.429 Y289.859 F3554.948
G1 X470.146 Y289.621 F3554.948
G1 X470.862 Y289.384 F3554.948
G1 X471.579 Y289.146 F3554.948
G1 X472.295 Y288.908 F3554.948
G1 X473.012 Y288.670 F3554.948
G1 X473.751 Y288.462 F3554.948
G1 X474.490 Y288.253 F3554.948
G1 X475.229 Y288.045 F3554.948
G1 X475.968 Y287.836 F3554.948
G1 X476.708 Y287.628 F3554.948
G1 X477.468 Y287.443 F3554.948
G1 X478.229 Y287.257 F3554.948
G1 X478.989 Y287.072 F3554.948
G1 X479.749 Y286.887 F3554.948
G1 X480.510 Y286.702 F3554.948
G1 X481.165 Y286.561 F3554.948
G1 X481.819 Y286.420 F3554.948
G1 X482.474 Y286.279 F3554.948
G1 X483.129 Y286.139 F3554.948
G1 X483.784 Y285.998 F3554.948
G1 X484.439 Y285.857 F3554.948
G1 X485.117 Y285.727 F3554.948
G1 X485.794 Y285.597 F3554.948
G1 X486.472 Y285.466 F3554.948
G1 X487.150 Y285.336 F3554.948
G1 X487.828 Y285.206 F3554.948
G1 X488.505 Y285.076 F3554.948
G1 X489.203 Y284.957 F3554.948
G1 X489.900 Y284.837 F3554.948
G1 X490.597 Y284.718 F3554.948
G1 X491.294 Y284.599 F3554.948
G1 X491.991 Y284.479 F3554.948
G1 X492.689 Y284.360 F3554.948
G1 X493.361 Y284.254 F3554.948
G1 X494.034 Y284.148 F3554.948
G1 X494.706 Y284.041 F3554.948
G1 X495.378 Y283.935 F3554.948
G1 X496.051 Y283.829 F3554.948
G1 X496.723 Y283.722 F3554.948
G1 X497.357 Y283.612 F3554.948
G1 X497.991 Y283.502 F3554.948
G1 X498.625 Y283.392 F3554.948
G1 X499.259 Y283.282 F3554.948
G1 X499.893 Y283.172 F3554.948
G1 X500.639 Y283.010 F3554.948
G1 X501.385 Y282.847 F3554.948
G1 X502.132 Y282.685 F3554.948
G1 X502.809 Y282.469 F3554.948
G1 X503.486 Y282.253 F3554.948
G1 X503.994 Y281.874 F3554.948
G1 X503.706 Y281.543 F3554.948
G1 X503.181 Y281.399 F3554.948
G1 X502.655 Y281.256 F3554.948
G1 X502.065 Y281.173 F3554.948
G1 X501.474 Y281.090 F3554.948
G1 X500.883 Y281.008 F3554.948
G1 X500.268 Y280.955 F3554.948
G1 X499.654 Y280.902 F3554.948
G1 X499.039 Y280.849 F3554.948
G1 X498.425 Y280.795 F3554.948
G1 X497.648 Y280.752 F3554.948
G1 X496.870 Y280.708 F3554.948
G1 X496.093 Y280.664 F3554.948
G1 X495.316 Y280.621 F3554.948
G1 X494.613 Y280.594 F3554.948
G1 X493.910 Y280.567 F3554.948
G1 X493.208 Y280.540 F3554.948
G1 X492.505 Y280.513 F3554.948
G1 X491.802 Y280.486 F3554.948
G1 X491.123 Y280.465 F3554.948
G1 X490.443 Y280.444 F3554.948
G1 X489.764 Y280.423 F3554.948
G1 X489.084 Y280.402 F3554.948
G1 X488.405 Y280.381 F3554.948
G1 X487.613 Y280.358 F3554.948
G1 X486.820 Y280.335 F3554.948
G1 X486.028 Y280.312 F3554.948
G1 X485.235 Y280.289 F3554.948
G1 X484.500 Y280.264 F3554.948
G1 X483.764 Y280.239 F3554.948
G1 X483.029 Y280.214 F3554.948
G1 X482.293 Y280.189 F3554.948
G1 X481.607 Y280.156 F3554.948
G1 X480.921 Y280.124 F3554.948
G1 X480.235 Y280.091 F3554.948
G1 X479.549 Y280.059 F3554.948
G1 X478.906 Y280.014 F3554.948
G1 X478.262 Y279.968 F3554.948
G1 X477.619 Y279.923 F3554.948
G1 X476.975 Y279.878 F3554.948
G1 X476.369 Y279.813 F3554.948
G1 X475.763 Y279.749 F3554.948
G1 X475.157 Y279.685 F3554.948
G1 X474.551 Y279.621 F3554.948
G1 X473.782 Y279.501 F3554.948
G1 X473.013 Y279.381 F3554.948
G1 X472.244 Y279.261 F3554.948
G1 X471.508 Y279.096 F3554.948
G1 X470.771 Y278.931 F3554.948
G1 X470.035 Y278.766 F3554.948
G1 X469.337 Y278.541 F3554.948
G1 X468.640 Y278.316 F3554.948
G1 X467.942 Y278.090 F3554.948
G1 X467.305 Y277.788 F3554.948
G1 X466.669 Y277.486 F3554.948
G1 X466.032 Y277.184 F3554.948
G1 X465.492 Y276.784 F3554.948
G1 X464.952 Y276.385 F3554.948
G1 X464.413 Y275.986 F3554.948
G1 X463.980 Y275.473 F3554.948
G1 X463.546 Y274.960 F3554.948
G1 X463.113 Y274.447 F3554.948
G1 X462.780 Y273.808 F3554.948
G1 X462.447 Y273.170 F3554.948
G1 X462.113 Y272.531 F3554.948
G1 X461.937 Y271.954 F3554.948
G1 X461.760 Y271.377 F3554.948
G1 X461.583 Y270.799 F3554.948
G1 X461.407 Y270.222 F3554.948
G1 X461.307 Y269.546 F3554.948
G1 X461.207 Y268.870 F3554.948
G1 X461.107 Y268.194 F3554.948
G1 X461.007 Y267.518 F3554.948
G1 X460.987 Y266.751 F3554.948
G1 X460.966 Y265.984 F3554.948
G1 X460.946 Y265.218 F3554.948
G1 X460.925 Y264.451 F3554.948
G1 X460.975 Y263.782 F3554.948
G1 X461.024 Y263.114 F3554.948
G1 X461.073 Y262.446 F3554.948
G1 X461.122 Y261.778 F3554.948
G1 X461.171 Y261.109 F3554.948
G1 X461.288 Y260.411 F3554.948
G1 X461.405 Y259.712 F3554.948
G1 X461.522 Y259.014 F3554.948
G1 X461.639 Y258.315 F3554.948
G1 X461.756 Y257.617 F3554.948
G1 X461.923 Y256.920 F3554.948
G1 X462.091 Y256.223 F3554.948
G1 X462.258 Y255.526 F3554.948
G1 X462.425 Y254.829 F3554.948
G1 X462.592 Y254.132 F3554.948
G1 X462.783 Y253.471 F3554.948
G1 X462.973 Y252.810 F3554.948
G1 X463.164 Y252.150 F3554.948
G1 X463.354 Y251.489 F3554.948
G1 X463.545 Y250.828 F3554.948
G1 X463.773 Y250.087 F3554.948
G1 X464.001 Y249.346 F3554.948
G1 X464.229 Y248.605 F3554.948
G1 X464.458 Y247.864 F3554.948
G1 X464.643 Y247.237 F3554.948
G1 X464.829 Y246.610 F3554.948
G1 X465.015 Y245.983 F3554.948
G1 X465.201 Y245.356 F3554.948
G1 X465.367 Y244.687 F3554.948
G1 X465.533 Y244.017 F3554.948
G1 X465.698 Y243.348 F3554.948
G1 X465.825 Y242.590 F3554.948
G1 X465.952 Y241.832 F3554.948
G1 X465.960 Y241.303 F3554.948
G1 X465.968 Y240.773 F3554.948
G1 X465.751 Y240.133 F3554.948
G1 X465.304 Y239.879 F3554.948
G1 X464.627 Y239.980 F3554.948
G1 X464.176 Y240.199 F3554.948
G1 X463.725 Y240.419 F3554.948
G1 X463.176 Y240.804 F3554.948
G1 X462.627 Y241.189 F3554.948
G1 X462.209 Y241.554 F3554.948
G1 X461.791 Y241.919 F3554.948
G1 X461.372 Y242.284 F3554.948
G1 X460.918 Y242.753 F3554.948
G1 X460.464 Y243.223 F3554.948
G1 X460.010 Y243.692 F3554.948
G1 X459.556 Y244.263 F3554.948
G1 X459.101 Y244.835 F3554.948
G1 X458.647 Y245.406 F3554.948
G1 X458.225 Y246.070 F3554.948
G1 X457.802 Y246.733 F3554.948
G1 X457.380 Y247.396 F3554.948
G1 X457.106 Y247.952 F3554.948
G1 X456.832 Y248.509 F3554.948
G1 X456.558 Y249.065 F3554.948
G1 X456.285 Y249.621 F3554.948
G1 X456.033 Y250.226 F3554.948
G1 X455.782 Y250.830 F3554.948
G1 X455.530 Y251.435 F3554.948
G1 X455.279 Y252.039 F3554.948
G1 X455.028 Y252.680 F3554.948
G1 X454.776 Y253.321 F3554.948
G1 X454.525 Y253.962 F3554.948
G1 X454.274 Y254.603 F3554.948
G1 X453.997 Y255.264 F3554.948
G1 X453.719 Y255.925 F3554.948
G1 X453.442 Y256.586 F3554.948
G1 X453.165 Y257.246 F3554.948
G1 X452.838 Y257.912 F3554.948
G1 X452.510 Y258.577 F3554.948
G1 X452.183 Y259.243 F3554.948
G1 X451.855 Y259.908 F3554.948
G1 X451.472 Y260.559 F3554.948
G1 X451.088 Y261.210 F3554.948
G1 X450.704 Y261.861 F3554.948
G1 X450.321 Y262.512 F3554.948
G1 X449.875 Y263.129 F3554.948
G1 X449.429 Y263.746 F3554.948
G1 X448.983 Y264.364 F3554.948
G1 X448.538 Y264.981 F3554.948
G1 X448.020 Y265.557 F3554.948
G1 X447.503 Y266.133 F3554.948
G1 X446.986 Y266.710 F3554.948
G1 X446.469 Y267.286 F3554.948
G1 X445.975 Y267.722 F3554.948
G1 X445.481 Y268.158 F3554.948
G1 X444.987 Y268.594 F3554.948
G1 X444.494 Y269.030 F3554.948
G1 X444.000 Y269.466 F3554.948
G1 X443.404 Y269.901 F3554.948
G1 X442.807 Y270.336 F3554.948
G1 X442.211 Y270.771 F3554.948
G1 X441.614 Y271.206 F3554.948
G1 X441.018 Y271.641 F3554.948
G1 X440.438 Y272.029 F3554.948
G1 X439.858 Y272.417 F3554.948
G1 X439.278 Y272.806 F3554.948
G1 X438.699 Y273.194 F3554.948
G1 X438.119 Y273.582 F3554.948
G1 X437.539 Y273.970 F3554.948
G1 X436.925 Y274.406 F3554.948
G1 X436.312 Y274.841 F3554.948
G1 X435.699 Y275.277 F3554.948
G1 X435.085 Y275.712 F3554.948
G1 X434.472 Y276.148 F3554.948
G1 X433.858 Y276.583 F3554.948
G1 X433.249 Y277.071 F3554.948
G1 X432.639 Y277.558 F3554.948
G1 X432.029 Y278.046 F3554.948
G1 X431.419 Y278.533 F3554.948
G1 X430.809 Y279.020 F3554.948
G1 X430.199 Y279.508 F3554.948
G1 X429.606 Y280.023 F3554.948
G1 X429.013 Y280.538 F3554.948
G1 X428.420 Y281.052 F3554.948
G1 X427.827 Y281.567 F3554.948
G1 X427.234 Y282.082 F3554.948
G1 X426.641 Y282.597 F3554.948
G1 X426.063 Y283.063 F3554.948
G1 X425.485 Y283.530 F3554.948
G1 X424.908 Y283.997 F3554.948
G1 X424.330 Y284.464 F3554.948
G1 X423.752 Y284.931 F3554.948
G1 X423.175 Y285.397 F3554.948
G1 X422.597 Y285.743 F3554.948
G1 X422.019 Y286.090 F3554.948
G1 X421.442 Y286.436 F3554.948
G1 X420.864 Y286.782 F3554.948
G1 X420.286 Y287.128 F3554.948
G1 X419.709 Y287.474 F3554.948
G1 X419.011 Y287.718 F3554.948
G1 X418.314 Y287.963 F3554.948
G1 X417.616 Y288.207 F3554.948
G1 X416.919 Y288.451 F3554.948
G1 X416.221 Y288.696 F3554.948
G1 X415.531 Y288.775 F3554.948
G1 X414.841 Y288.855 F3554.948
G1 X414.151 Y288.934 F3554.948
G1 X413.461 Y289.014 F3554.948
G1 X412.771 Y289.094 F3554.948
G1 X412.107 Y289.029 F3554.948
G1 X411.442 Y288.965 F3554.948
G1 X410.777 Y288.900 F3554.948
G1 X410.113 Y288.836 F3554.948
G1 X409.448 Y288.772 F3554.948
G1 X408.691 Y288.623 F3554.948
G1 X407.933 Y288.474 F3554.948
G1 X407.176 Y288.325 F3554.948
G1 X406.419 Y288.176 F3554.948
G1 X405.766 Y288.070 F3554.948
G1 X405.113 Y287.964 F3554.948
G1 X404.460 Y287.859 F3554.948
G1 X403.807 Y287.753 F3554.948
G1 X403.068 Y287.734 F3554.948
G1 X402.329 Y287.716 F3554.948
G1 X401.590 Y287.697 F3554.948
G1 X400.965 Y287.804 F3554.948
G1 X400.339 Y287.912 F3554.948
G1 X399.714 Y288.019 F3554.948
G1 X399.190 Y288.241 F3554.948
G1 X398.666 Y288.462 F3554.948
G1 X398.142 Y288.684 F3554.948
G1 X397.705 Y289.012 F3554.948
G1 X397.267 Y289.340 F3554.948
G1 X396.830 Y289.668 F3554.948
G1 X396.467 Y290.105 F3554.948
G1 X396.103 Y290.542 F3554.948
G1 X395.740 Y290.979 F3554.948
G1 X395.441 Y291.527 F3554.948
G1 X395.142 Y292.076 F3554.948
G1 X394.843 Y292.624 F3554.948
G1 X394.588 Y293.243 F3554.948
G1 X394.333 Y293.862 F3554.948
G1 X394.078 Y294.480 F3554.948
G1 X393.850 Y295.145 F3554.948
G1 X393.622 Y295.810 F3554.948
G1 X393.393 Y296.475 F3554.948
G1 X393.132 Y297.160 F3554.948
G1 X392.871 Y297.845 F3554.948
G1 X392.610 Y298.530 F3554.948
G1 X392.268 Y299.234 F3554.948
G1 X391.926 Y299.939 F3554.948
G1 X391.583 Y300.643 F3554.948
G1 X391.239 Y301.212 F3554.948
G1 X390.894 Y301.780 F3554.948
G1 X390.549 Y302.349 F3554.948
G1 X390.205 Y302.917 F3554.948
G1 X389.787 Y303.531 F3554.948
G1 X389.370 Y304.144 F3554.948
G1 X388.953 Y304.758 F3554.948
G1 X388.535 Y305.371 F3554.948
G1 X388.093 Y306.020 F3554.948
G1 X387.652 Y306.669 F3554.948
G1 X387.210 Y307.317 F3554.948
G1 X386.768 Y307.966 F3554.948
G1 X386.336 Y308.628 F3554.948
G1 X385.904 Y309.289 F3554.948
G1 X385.472 Y309.951 F3554.948
G1 X385.040 Y310.613 F3554.948
G1 X384.625 Y311.267 F3554.948
G1 X384.209 Y311.921 F3554.948
G1 X383.794 Y312.575 F3554.948
G1 X383.379 Y313.229 F3554.948
G1 X382.989 Y313.861 F3554.948
G1 X382.599 Y314.493 F3554.948
G1 X382.210 Y315.125 F3554.948
G1 X381.820 Y315.758 F3554.948
G1 X381.454 Y316.347 F3554.948
G1 X381.089 Y316.936 F3554.948
G1 X380.723 Y317.525 F3554.948
G1 X380.357 Y318.114 F3554.948
G1 X380.006 Y318.685 F3554.948
G1 X379.655 Y319.257 F3554.948
G1 X379.303 Y319.828 F3554.948
G1 X378.952 Y320.399 F3554.948
G1 X378.635 Y320.960 F3554.948
G1 X378.317 Y321.522 F3554.948
G1 X378.000 Y322.084 F3554.948
G1 X377.682 Y322.645 F3554.948
G1 X377.416 Y323.213 F3554.948
G1 X377.149 Y323.780 F3554.948
G1 X376.882 Y324.347 F3554.948
G1 X376.616 Y324.914 F3554.948
G1 X376.402 Y325.510 F3554.948
G1 X376.187 Y326.105 F3554.948
G1 X375.973 Y326.700 F3554.948
G1 X375.759 Y327.296 F3554.948
G1 X375.581 Y327.954 F3554.948
G1 X375.404 Y328.612 F3554.948
G1 X375.227 Y329.270 F3554.948
G1 X375.050 Y329.928 F3554.948
G1 X374.883 Y330.682 F3554.948
G1 X374.716 Y331.435 F3554.948
G1 X374.549 Y332.189 F3554.948
G1 X374.383 Y332.943 F3554.948
G1 X374.240 Y333.626 F3554.948
G1 X374.098 Y334.309 F3554.948
G1 X373.956 Y334.992 F3554.948
G1 X373.813 Y335.675 F3554.948
G1 X373.671 Y336.358 F3554.948
G1 X373.506 Y337.086 F3554.948
G1 X373.341 Y337.815 F3554.948
G1 X373.176 Y338.543 F3554.948
G1 X373.011 Y339.272 F3554.948
G1 X372.846 Y340.000 F3554.948
G1 X372.652 Y340.728 F3554.948
G1 X372.458 Y341.455 F3554.948
G1 X372.265 Y342.182 F3554.948
G1 X372.071 Y342.909 F3554.948
G1 X371.877 Y343.637 F3554.948
G1 X371.654 Y344.320 F3554.948
G1 X371.432 Y345.004 F3554.948
G1 X371.209 Y345.688 F3554.948
G1 X370.986 Y346.371 F3554.948
G1 X370.763 Y347.055 F3554.948
G1 X370.508 Y347.685 F3554.948
G1 X370.253 Y348.316 F3554.948
G1 X369.998 Y348.946 F3554.948
G1 X369.743 Y349.576 F3554.948
G1 X369.488 Y350.207 F3554.948
G1 X369.200 Y350.785 F3554.948
G1 X368.911 Y351.364 F3554.948
G1 X368.623 Y351.943 F3554.948
G1 X368.334 Y352.521 F3554.948
G1 X368.046 Y353.100 F3554.948
G1 X367.659 Y353.749 F3554.948
G1 X367.272 Y354.399 F3554.948
G1 X366.885 Y355.048 F3554.948
G1 X366.498 Y355.697 F3554.948
G1 X366.113 Y356.252 F3554.948
G1 X365.727 Y356.807 F3554.948
G1 X365.341 Y357.362 F3554.948
G1 X364.956 Y357.917 F3554.948
G1 X364.462 Y358.525 F3554.948
G1 X363.968 Y359.133 F3554.948
G1 X363.474 Y359.741 F3554.948
G1 X363.011 Y360.221 F3554.948
G1 X362.548 Y360.701 F3554.948
G1 X362.085 Y361.181 F3554.948
G1 X361.662 Y361.549 F3554.948
G1 X361.240 Y361.917 F3554.948
G1 X360.818 Y362.285 F3554.948
G1 X360.254 Y362.693 F3554.948
G1 X359.690 Y363.102 F3554.948
G1 X359.196 Y363.390 F3554.948
G1 X358.701 Y363.679 F3554.948
G1 X358.270 Y363.868 F3554.948
G1 X357.838 Y364.057 F3554.948
G1 X357.087 Y364.271 F3554.948
G1 X356.436 Y364.344 F3554.948
G1 X355.862 Y364.291 F3554.948
G1 X355.341 Y364.120 F3554.948
G1 X354.843 Y363.831 F3554.948
M400 ; Wait for drawing to complete
G1 U0.800 F200.0 ; Flow ramp-down (viewer mode)
M5 ; Viewer hint: stop cutting
; STOP BRUSH A
G1 U0.000 F200.0 ; Close Brush A flow
M106 P2 S0 ; Brush A air off
; === PATH END ===

; Width clamped from 31.00mm to 25.00mm within [2.00,25.00] mm
; ===== STROKE PARAMETERS =====
; Color: black
; Width: 25.00mm
; Opacity: 0.25
; Brush: A
; Z-height: 83.00mm
; Paint flow: 0.56 -> U2.586mm
; Feedrate: 3554.9mm/min
; Modes: viewer_compat=true, viewer_emit_m3m5=true
; START BRUSH A
T0 ; Select Tool 0 (Brush A)
G0 X227.145 Y232.524 F12000.000
M400 ; Wait for XY movement to complete
G1 F3554.948
M106 P2 S1 ; Air on before paint
G1 U2.586 F200.0 ; Set paint flow to target (viewer mode)
G1 F3554.948
G4 P50 ; Short paint lead time
M3 S1 ; Viewer hint: start cutting
G1 X227.051 Y232.518 F3554.948
G1 X226.913 Y232.511 F3554.948
G1 X226.734 Y232.500 F3554.948
G1 X226.515 Y232.487 F3554.948
G1 X226.259 Y232.471 F3554.948
G1 X225.968 Y232.452 F3554.948
G1 X225.643 Y232.431 F3554.948
G1 X225.285 Y232.410 F3554.948
G1 X224.895 Y232.386 F3554.948
G1 X224.460 Y232.357 F3554.948
G1 X223.970 Y232.325 F3554.948
G1 X223.413 Y232.288 F3554.948
G1 X222.773 Y232.243 F3554.948
G1 X222.028 Y232.185 F3554.948
G1 X221.589 Y232.152 F3554.948
G1 X221.150 Y232.119 F3554.948
G1 X220.627 Y232.081 F3554.948
G1 X220.104 Y232.042 F3554.948
G1 X219.484 Y231.997 F3554.948
G1 X218.863 Y231.952 F3554.948
G1 X218.129 Y231.901 F3554.948
G1 X217.395 Y231.849 F3554.948
G1 X216.817 Y231.808 F3554.948
G1 X216.238 Y231.766 F3554.948
G1 X215.660 Y231.725 F3554.948
G1 X214.989 Y231.675 F3554.948
G1 X214.318 Y231.626 F3554.948
G1 X213.647 Y231.577 F3554.948
G1 X212.881 Y231.518 F3554.948
G1 X212.116 Y231.460 F3554.948
G1 X211.351 Y231.402 F3554.948
G1 X210.716 Y231.352 F3554.948
G1 X210.082 Y231.303 F3554.948
G1 X209.447 Y231.253 F3554.948
G1 X208.813 Y231.203 F3554.948
G1 X208.133 Y231.147 F3554.948
G1 X207.454 Y231.091 F3554.948
G1 X206.775 Y231.035 F3554.948
G1 X206.095 Y230.979 F3554.948
G1 X205.396 Y230.918 F3554.948
G1 X204.697 Y230.857 F3554.948
G1 X203.998 Y230.796 F3554.948
G1 X203.299 Y230.735 F3554.948
G1 X202.608 Y230.671 F3554.948
G1 X201.917 Y230.607 F3554.948
G1 X201.226 Y230.543 F3554.948
G1 X200.535 Y230.479 F3554.948
G1 X199.872 Y230.408 F3554.948
G1 X199.209 Y230.338 F3554.948
G1 X198.546 Y230.268 F3554.948
G1 X197.883 Y230.198 F3554.948
G1 X197.270 Y230.128 F3554.948
G1 X196.657 Y230.058 F3554.948
G1 X196.043 Y229.988 F3554.948
G1 X195.430 Y229.918 F3554.948
G1 X194.688 Y229.826 F3554.948
G1 X193.947 Y229.734 F3554.948
G1 X193.205 Y229.642 F3554.948
G1 X192.540 Y229.550 F3554.948
G1 X191.875 Y229.457 F3554.948
G1 X191.210 Y229.365 F3554.948
G1 X190.611 Y229.271 F3554.948
G1 X190.013 Y229.178 F3554.948
G1 X189.415 Y229.084 F3554.948
G1 X188.870 Y228.990 F3554.948
G1 X188.325 Y228.895 F3554.948
G1 X187.780 Y228.801 F3554.948
G1 X187.023 Y228.652 F3554.948
G1 X186.266 Y228.502 F3554.948
G1 X185.529 Y228.343 F3554.948
G1 X184.793 Y228.185 F3554.948
G1 X184.059 Y228.025 F3554.948
G1 X183.326 Y227.864 F3554.948
G1 X182.570 Y227.702 F3554.948
G1 X181.815 Y227.539 F3554.948
G1 X181.280 Y227.431 F3554.948
G1 X180.746 Y227.322 F3554.948
G1 X180.211 Y227.214 F3554.948
G1 X179.631 Y227.106 F3554.948
G1 X179.051 Y226.998 F3554.948
G1 X178.472 Y226.891 F3554.948
G1 X177.830 Y226.785 F3554.948
G1 X177.188 Y226.679 F3554.948
G1 X176.546 Y226.573 F3554.948
G1 X175.834 Y226.470 F3554.948
G1 X175.121 Y226.367 F3554.948
G1 X174.409 Y226.264 F3554.948
G1 X173.813 Y226.190 F3554.948
G1 X173.218 Y226.117 F3554.948
G1 X172.622 Y226.043 F3554.948
G1 X172.026 Y225.970 F3554.948
G1 X171.370 Y225.899 F3554.948
G1 X170.714 Y225.827 F3554.948
G1 X170.057 Y225.756 F3554.948
G1 X169.401 Y225.684 F3554.948
G1 X168.686 Y225.614 F3554.948
G1 X167.971 Y225.544 F3554.948
G1 X167.257 Y225.474 F3554.948
G1 X166.542 Y225.404 F3554.948
G1 X165.775 Y225.330 F3554.948
G1 X165.009 Y225.256 F3554.948
G1 X164.242 Y225.182 F3554.948
G1 X163.476 Y225.107 F3554.948
G1 X162.832 Y225.041 F3554.948
G1 X162.188 Y224.974 F3554.948
G1 X161.544 Y224.907 F3554.948
G1 X160.901 Y224.841 F3554.948
G1 X160.257 Y224.774 F3554.948
G1 X159.597 Y224.694 F3554.948
G1 X158.936 Y224.613 F3554.948
G1 X158.276 Y224.533 F3554.948
G1 X157.616 Y224.452 F3554.948
G1 X156.956 Y224.372 F3554.948
G1 X156.294 Y224.276 F3554.948
G1 X155.631 Y224.180 F3554.948
G1 X154.969 Y224.085 F3554.948
G1 X154.307 Y223.989 F3554.948
G1 X153.645 Y223.893 F3554.948
G1 X152.994 Y223.783 F3554.948
G1 X152.344 Y223.673 F3554.948
G1 X151.693 Y223.563 F3554.948
G1 X151.042 Y223.453 F3554.948
G1 X150.392 Y223.343 F3554.948
G1 X149.606 Y223.195 F3554.948
G1 X148.820 Y223.048 F3554.948
G1 X148.034 Y222.900 F3554.948
G1 X147.248 Y222.753 F3554.948
G1 X146.498 Y222.601 F3554.948
G1 X145.749 Y222.448 F3554.948
G1 X144.999 Y222.296 F3554.948
G1 X144.250 Y222.144 F3554.948
G1 X143.535 Y221.988 F3554.948
G1 X142.820 Y221.832 F3554.948
G1 X142.105 Y221.676 F3554.948
G1 X141.390 Y221.520 F3554.948
G1 X140.700 Y221.364 F3554.948
G1 X140.011 Y221.209 F3554.948
G1 X139.322 Y221.053 F3554.948
G1 X138.633 Y220.898 F3554.948
G1 X137.957 Y220.741 F3554.948
G1 X137.282 Y220.584 F3554.948
G1 X136.606 Y220.428 F3554.948
G1 X135.930 Y220.271 F3554.948
G1 X135.252 Y220.106 F3554.948
G1 X134.573 Y219.942 F3554.948
G1 X133.895 Y219.777 F3554.948
G1 X133.216 Y219.612 F3554.948
G1 X132.520 Y219.429 F3554.948
G1 X131.824 Y219.246 F3554.948
G1 X131.127 Y219.062 F3554.948
G1 X130.431 Y218.879 F3554.948
G1 X129.704 Y218.669 F3554.948
G1 X128.976 Y218.459 F3554.948
G1 X128.248 Y218.248 F3554.948
G1 X127.521 Y218.038 F3554.948
G1 X126.906 Y217.843 F3554.948
G1 X126.291 Y217.647 F3554.948
G1 X125.677 Y217.452 F3554.948
G1 X125.062 Y217.257 F3554.948
G1 X124.448 Y217.062 F3554.948
G1 X123.800 Y216.837 F3554.948
G1 X123.152 Y216.613 F3554.948
G1 X122.504 Y216.388 F3554.948
G1 X121.856 Y216.164 F3554.948
G1 X121.209 Y215.940 F3554.948
G1 X120.535 Y215.687 F3554.948
G1 X119.862 Y215.434 F3554.948
G1 X119.189 Y215.181 F3554.948
G1 X118.515 Y214.928 F3554.948
G1 X117.842 Y214.675 F3554.948
G1 X117.155 Y214.398 F3554.948
G1 X116.469 Y214.120 F3554.948
G1 X115.783 Y213.843 F3554.948
G1 X115.096 Y213.566 F3554.948
G1 X114.410 Y213.289 F3554.948
G1 X113.724 Y212.992 F3554.948
G1 X113.039 Y212.696 F3554.948
G1 X112.354 Y212.400 F3554.948
G1 X111.668 Y212.103 F3554.948
G1 X110.983 Y211.807 F3554.948
G1 X110.312 Y211.496 F3554.948
G1 X109.641 Y211.185 F3554.948
G1 X108.971 Y210.873 F3554.948
G1 X108.300 Y210.562 F3554.948
G1 X107.629 Y210.251 F3554.948
G1 X106.982 Y209.928 F3554.948
G1 X106.334 Y209.606 F3554.948
G1 X105.687 Y209.283 F3554.948
G1 X105.040 Y208.960 F3554.948
G1 X104.392 Y208.637 F3554.948
G1 X103.772 Y208.303 F3554.948
G1 X103.152 Y207.969 F3554.948
G1 X102.532 Y207.635 F3554.948
G1 X101.912 Y207.302 F3554.948
G1 X101.291 Y206.968 F3554.948
G1 X100.699 Y206.622 F3554.948
G1 X100.107 Y206.276 F3554.948
G1 X99.514 Y205.929 F3554.948
G1 X98.922 Y205.583 F3554.948
G1 X98.329 Y205.237 F3554.948
G1 X97.764 Y204.879 F3554.948
G1 X97.199 Y204.521 F3554.948
G1 X96.634 Y204.163 F3554.948
G1 X96.069 Y203.804 F3554.948
G1 X95.504 Y203.446 F3554.948
G1 X94.966 Y203.075 F3554.948
G1 X94.428 Y202.703 F3554.948
G1 X93.889 Y202.332 F3554.948
G1 X93.351 Y201.960 F3554.948
G1 X92.813 Y201.589 F3554.948
G1 X92.302 Y201.203 F3554.948
G1 X91.790 Y200.817 F3554.948
G1 X91.279 Y200.431 F3554.948
G1 X90.768 Y200.046 F3554.948
G1 X90.257 Y199.660 F3554.948
G1 X89.650 Y199.162 F3554.948
G1 X89.044 Y198.664 F3554.948
G1 X88.437 Y198.166 F3554.948
G1 X87.831 Y197.668 F3554.948
G1 X87.257 Y197.153 F3554.948
G1 X86.683 Y196.638 F3554.948
G1 X86.110 Y196.124 F3554.948
G1 X85.536 Y195.609 F3554.948
G1 X84.996 Y195.080 F3554.948
G1 X84.456 Y194.551 F3554.948
G1 X83.917 Y194.022 F3554.948
G1 X83.377 Y193.492 F3554.948
G1 X82.869 Y192.947 F3554.948
G1 X82.361 Y192.402 F3554.948
G1 X81.854 Y191.857 F3554.948
G1 X81.346 Y191.312 F3554.948
G1 X80.870 Y190.750 F3554.948
G1 X80.394 Y190.188 F3554.948
G1 X79.917 Y189.626 F3554.948
G1 X79.441 Y189.063 F3554.948
G1 X78.995 Y188.484 F3554.948
G1 X78.549 Y187.904 F3554.948
G1 X78.102 Y187.325 F3554.948
G1 X77.656 Y186.746 F3554.948
G1 X77.241 Y186.145 F3554.948
G1 X76.825 Y185.544 F3554.948
G1 X76.410 Y184.944 F3554.948
G1 X75.994 Y184.343 F3554.948
G1 X75.610 Y183.723 F3554.948
G1 X75.225 Y183.104 F3554.948
G1 X74.840 Y182.484 F3554.948
G1 X74.455 Y181.864 F3554.948
G1 X74.101 Y181.221 F3554.948
G1 X73.748 Y180.578 F3554.948
G1 X73.394 Y179.935 F3554.948
G1 X73.040 Y179.292 F3554.948
G1 X72.718 Y178.627 F3554.948
G1 X72.396 Y177.961 F3554.948
G1 X72.074 Y177.296 F3554.948
G1 X71.752 Y176.631 F3554.948
G1 X71.461 Y175.942 F3554.948
G1 X71.171 Y175.253 F3554.948
G1 X70.881 Y174.565 F3554.948
G1 X70.590 Y173.876 F3554.948
G1 X70.333 Y173.162 F3554.948
G1 X70.075 Y172.447 F3554.948
G1 X69.817 Y171.733 F3554.948
G1 X69.559 Y171.019 F3554.948
G1 X69.335 Y170.278 F3554.948
G1 X69.110 Y169.537 F3554.948
G1 X68.885 Y168.796 F3554.948
G1 X68.660 Y168.055 F3554.948
G1 X68.468 Y167.289 F3554.948
G1 X68.275 Y166.522 F3554.948
G1 X68.082 Y165.756 F3554.948
G1 X67.890 Y164.989 F3554.948
G1 X67.761 Y164.357 F3554.948
G1 X67.632 Y163.724 F3554.948
G1 X67.503 Y163.092 F3554.948
G1 X67.373 Y162.459 F3554.948
G1 X67.244 Y161.827 F3554.948
G1 X67.139 Y161.177 F3554.948
G1 X67.034 Y160.527 F3554.948
G1 X66.929 Y159.878 F3554.948
G1 X66.824 Y159.228 F3554.948
G1 X66.719 Y158.578 F3554.948
G1 X66.636 Y157.914 F3554.948
G1 X66.553 Y157.250 F3554.948
G1 X66.469 Y156.586 F3554.948
G1 X66.386 Y155.922 F3554.948
G1 X66.303 Y155.257 F3554.948
G1 X66.239 Y154.586 F3554.948
G1 X66.176 Y153.914 F3554.948
G1 X66.112 Y153.243 F3554.948
G1 X66.048 Y152.571 F3554.948
G1 X65.985 Y151.900 F3554.948
G1 X65.938 Y151.229 F3554.948
G1 X65.891 Y150.559 F3554.948
G1 X65.844 Y149.889 F3554.948
G1 X65.798 Y149.218 F3554.948
G1 X65.751 Y148.548 F3554.948
G1 X65.719 Y147.890 F3554.948
G1 X65.686 Y147.233 F3554.948
G1 X65.654 Y146.576 F3554.948
G1 X65.622 Y145.919 F3554.948
G1 X65.589 Y145.262 F3554.948
G1 X65.564 Y144.472 F3554.948
G1 X65.538 Y143.683 F3554.948
G1 X65.512 Y142.894 F3554.948
G1 X65.486 Y142.105 F3554.948
G1 X65.473 Y141.366 F3554.948
G1 X65.459 Y140.627 F3554.948
G1 X65.446 Y139.889 F3554.948
G1 X65.432 Y139.150 F3554.948
G1 X65.428 Y138.476 F3554.948
G1 X65.424 Y137.803 F3554.948
G1 X65.420 Y137.130 F3554.948
G1 X65.416 Y136.456 F3554.948
G1 X65.418 Y135.663 F3554.948
G1 X65.421 Y134.870 F3554.948
G1 X65.423 Y134.078 F3554.948
G1 X65.429 Y133.398 F3554.948
G1 X65.434 Y132.718 F3554.948
G1 X65.439 Y132.038 F3554.948
G1 X65.442 Y131.473 F3554.948
G1 X65.445 Y130.909 F3554.948
G1 X65.449 Y130.344 F3554.948
G1 X65.443 Y129.662 F3554.948
G1 X65.436 Y128.979 F3554.948
G1 X65.414 Y128.447 F3554.948
G1 X65.391 Y127.915 F3554.948
G1 X65.302 Y127.127 F3554.948
G1 X65.163 Y126.577 F3554.948
G1 X64.967 Y126.243 F3554.948
G1 X64.705 Y126.095 F3554.948
G1 X64.373 Y126.119 F3554.948
G1 X63.960 Y126.304 F3554.948
G1 X63.455 Y126.645 F3554.948
G1 X62.845 Y127.148 F3554.948
G1 X62.479 Y127.487 F3554.948
G1 X62.112 Y127.825 F3554.948
G1 X61.671 Y128.261 F3554.948
G1 X61.230 Y128.696 F3554.948
G1 X60.704 Y129.238 F3554.948
G1 X60.178 Y129.781 F3554.948
G1 X59.763 Y130.220 F3554.948
G1 X59.348 Y130.659 F3554.948
G1 X58.933 Y131.098 F3554.948
G1 X58.445 Y131.628 F3554.948
G1 X57.956 Y132.158 F3554.948
G1 X57.468 Y132.689 F3554.948
G1 X57.041 Y133.158 F3554.948
G1 X56.615 Y133.626 F3554.948
G1 X56.189 Y134.095 F3554.948
G1 X55.763 Y134.564 F3554.948
G1 X55.280 Y135.105 F3554.948
G1 X54.797 Y135.645 F3554.948
G1 X54.314 Y136.186 F3554.948
G1 X53.831 Y136.726 F3554.948
G1 X53.405 Y137.211 F3554.948
G1 X52.979 Y137.697 F3554.948
G1 X52.554 Y138.182 F3554.948
G1 X52.128 Y138.667 F3554.948
G1 X51.702 Y139.152 F3554.948
G1 X51.251 Y139.679 F3554.948
G1 X50.799 Y140.206 F3554.948
G1 X50.348 Y140.733 F3554.948
G1 X49.897 Y141.261 F3554.948
G1 X49.446 Y141.788 F3554.948
G1 X48.983 Y142.340 F3554.948
G1 X48.521 Y142.892 F3554.948
G1 X48.058 Y143.445 F3554.948
G1 X47.596 Y143.997 F3554.948
G1 X47.133 Y144.550 F3554.948
G1 X46.670 Y145.114 F3554.948
G1 X46.207 Y145.679 F3554.948
G1 X45.744 Y146.244 F3554.948
G1 X45.280 Y146.808 F3554.948
G1 X44.817 Y147.373 F3554.948
G1 X44.355 Y147.942 F3554.948
G1 X43.893 Y148.512 F3554.948
G1 X43.431 Y149.081 F3554.948
G1 X42.969 Y149.650 F3554.948
G1 X42.507 Y150.220 F3554.948
G1 X42.036 Y150.795 F3554.948
G1 X41.564 Y151.370 F3554.948
G1 X41.092 Y151.945 F3554.948
G1 X40.620 Y152.521 F3554.948
G1 X40.149 Y153.096 F3554.948
G1 X39.656 Y153.683 F3554.948
G1 X39.163 Y154.271 F3554.948
G1 X38.671 Y154.858 F3554.948
G1 X38.178 Y155.445 F3554.948
G1 X37.685 Y156.033 F3554.948
G1 X37.166 Y156.640 F3554.948
G1 X36.648 Y157.247 F3554.948
G1 X36.129 Y157.854 F3554.948
G1 X35.611 Y158.461 F3554.948
G1 X35.092 Y159.068 F3554.948
G1 X34.647 Y159.594 F3554.948
G1 X34.202 Y160.121 F3554.948
G1 X33.757 Y160.647 F3554.948
G1 X33.312 Y161.174 F3554.948
G1 X32.867 Y161.700 F3554.948
G1 X32.422 Y162.227 F3554.948
G1 X32.032 Y162.771 F3554.948
G1 X31.641 Y163.316 F3554.948
G1 X31.251 Y163.860 F3554.948
G1 X30.861 Y164.405 F3554.948
G1 X30.470 Y164.950 F3554.948
G1 X30.080 Y165.494 F3554.948
G1 X29.764 Y166.162 F3554.948
G1 X29.448 Y166.829 F3554.948
G1 X29.131 Y167.496 F3554.948
G1 X28.815 Y168.163 F3554.948
G1 X28.499 Y168.831 F3554.948
G1 X28.351 Y169.494 F3554.948
G1 X28.203 Y170.158 F3554.948
G1 X28.055 Y170.821 F3554.948
G1 X27.907 Y171.485 F3554.948
G1 X27.758 Y172.149 F3554.948
G1 X27.771 Y172.801 F3554.948
G1 X27.784 Y173.453 F3554.948
G1 X27.797 Y174.106 F3554.948
G1 X27.809 Y174.758 F3554.948
G1 X27.822 Y175.411 F3554.948
G1 X27.988 Y176.050 F3554.948
G1 X28.154 Y176.689 F3554.948
G1 X28.320 Y177.329 F3554.948
G1 X28.485 Y177.968 F3554.948
G1 X28.651 Y178.607 F3554.948
G1 X28.962 Y179.236 F3554.948
G1 X29.273 Y179.864 F3554.948
G1 X29.584 Y180.493 F3554.948
G1 X29.896 Y181.122 F3554.948
G1 X30.207 Y181.750 F3554.948
G1 X30.655 Y182.376 F3554.948
G1 X31.102 Y183.002 F3554.948
G1 X31.550 Y183.628 F3554.948
G1 X31.998 Y184.254 F3554.948
G1 X32.446 Y184.880 F3554.948
G1 X32.870 Y185.400 F3554.948
G1 X33.293 Y185.919 F3554.948
G1 X33.717 Y186.439 F3554.948
G1 X34.141 Y186.958 F3554.948
G1 X34.564 Y187.478 F3554.948
G1 X34.988 Y187.997 F3554.948
G1 X35.479 Y188.617 F3554.948
G1 X35.970 Y189.237 F3554.948
G1 X36.462 Y189.858 F3554.948
G1 X36.953 Y190.478 F3554.948
G1 X37.444 Y191.098 F3554.948
G1 X37.909 Y191.714 F3554.948
G1 X38.375 Y192.330 F3554.948
G1 X38.840 Y192.946 F3554.948
G1 X39.305 Y193.562 F3554.948
G1 X39.771 Y194.178 F3554.948
G1 X40.208 Y194.788 F3554.948
G1 X40.645 Y195.398 F3554.948
G1 X41.082 Y196.008 F3554.948
G1 X41.520 Y196.618 F3554.948
G1 X41.957 Y197.228 F3554.948
G1 X42.371 Y197.829 F3554.948
G1 X42.785 Y198.431 F3554.948
G1 X43.199 Y199.032 F3554.948
G1 X43.613 Y199.633 F3554.948
G1 X44.027 Y200.234 F3554.948
G1 X44.418 Y200.818 F3554.948
G1 X44.810 Y201.402 F3554.948
G1 X45.201 Y201.987 F3554.948
G1 X45.593 Y202.571 F3554.948
G1 X45.985 Y203.155 F3554.948
G1 X46.353 Y203.719 F3554.948
G1 X46.722 Y204.283 F3554.948
G1 X47.090 Y204.847 F3554.948
G1 X47.458 Y205.411 F3554.948
G1 X47.827 Y205.975 F3554.948
G1 X48.263 Y206.633 F3554.948
G1 X48.699 Y207.290 F3554.948
G1 X49.135 Y207.948 F3554.948
G1 X49.571 Y208.605 F3554.948
G1 X49.987 Y209.199 F3554.948
G1 X50.403 Y209.793 F3554.948
G1 X50.819 Y210.387 F3554.948
G1 X51.235 Y210.981 F3554.948
G1 X51.639 Y211.495 F3554.948
G1 X52.043 Y212.009 F3554.948
G1 X52.447 Y212.523 F3554.948
G1 X52.851 Y213.037 F3554.948
G1 X53.389 Y213.603 F3554.948
G1 X53.927 Y214.168 F3554.948
G1 X54.465 Y214.733 F3554.948
G1 X55.024 Y215.175 F3554.948
G1 X55.583 Y215.617 F3554.948
G1 X56.142 Y216.059 F3554.948
G1 X56.742 Y216.386 F3554.948
G1 X57.342 Y216.713 F3554.948
G1 X57.942 Y217.040 F3554.948
G1 X58.605 Y217.264 F3554.948
G1 X59.269 Y217.488 F3554.948
G1 X59.932 Y217.712 F3554.948
G1 X60.669 Y217.855 F3554.948
G1 X61.407 Y217.998 F3554.948
G1 X62.144 Y218.141 F3554.948
G1 X62.759 Y218.205 F3554.948
G1 X63.374 Y218.269 F3554.948
G1 X63.990 Y218.334 F3554.948
G1 X64.605 Y218.398 F3554.948
G1 X65.277 Y218.436 F3554.948
G1 X65.949 Y218.474 F3554.948
G1 X66.620 Y218.513 F3554.948
G1 X67.292 Y218.551 F3554.948
G1 X68.008 Y218.582 F3554.948
G1 X68.724 Y218.612 F3554.948
G1 X69.440 Y218.642 F3554.948
G1 X70.157 Y218.673 F3554.948
G1 X70.899 Y218.713 F3554.948
G1 X71.641 Y218.752 F3554.948
G1 X72.383 Y218.792 F3554.948
G1 X73.125 Y218.832 F3554.948
G1 X73.870 Y218.893 F3554.948
G1 X74.615 Y218.955 F3554.948
G1 X75.360 Y219.016 F3554.948
G1 X76.106 Y219.078 F3554.948
G1 X76.834 Y219.171 F3554.948
G1 X77.562 Y219.264 F3554.948
G1 X78.291 Y219.357 F3554.948
G1 X79.019 Y219.451 F3554.948
G1 X79.717 Y219.582 F3554.948
G1 X80.415 Y219.714 F3554.948
G1 X81.112 Y219.846 F3554.948
G1 X81.810 Y219.977 F3554.948
G1 X82.469 Y220.151 F3554.948
G1 X83.129 Y220.325 F3554.948
G1 X83.788 Y220.499 F3554.948
G1 X84.447 Y220.673 F3554.948
G1 X85.066 Y220.889 F3554.948
G1 X85.685 Y221.106 F3554.948
G1 X86.304 Y221.322 F3554.948
G1 X86.923 Y221.538 F3554.948
G1 X87.503 Y221.794 F3554.948
G1 X88.083 Y222.049 F3554.948
G1 X88.663 Y222.304 F3554.948
G1 X89.243 Y222.560 F3554.948
G1 X89.786 Y222.852 F3554.948
G1 X90.329 Y223.144 F3554.948
G1 X90.873 Y223.437 F3554.948
G1 X91.416 Y223.729 F3554.948
G1 X91.926 Y224.055 F3554.948
G1 X92.435 Y224.381 F3554.948
G1 X92.945 Y224.707 F3554.948
G1 X93.455 Y225.033 F3554.948
G1 X94.093 Y225.507 F3554.948
G1 X94.731 Y225.981 F3554.948
G1 X95.370 Y226.454 F3554.948
G1 X95.970 Y226.960 F3554.948
G1 X96.571 Y227.467 F3554.948
G1 X97.171 Y227.973 F3554.948
G1 X97.736 Y228.508 F3554.948
G1 X98.301 Y229.044 F3554.948
G1 X98.866 Y229.579 F3554.948
G1 X99.395 Y230.135 F3554.948
G1 X99.924 Y230.692 F3554.948
G1 X100.453 Y231.248 F3554.948
G1 X100.945 Y231.815 F3554.948
G1 X101.436 Y232.381 F3554.948
G1 X101.928 Y232.947 F3554.948
G1 X102.378 Y233.514 F3554.948
G1 X102.828 Y234.081 F3554.948
G1 X103.279 Y234.648 F3554.948
G1 X103.682 Y235.204 F3554.948
G1 X104.085 Y235.760 F3554.948
G1 X104.488 Y236.315 F3554.948
G1 X104.840 Y236.852 F3554.948
G1 X105.192 Y237.389 F3554.948
G1 X105.543 Y237.927 F3554.948
G1 X105.838 Y238.439 F3554.948
G1 X106.134 Y238.951 F3554.948
G1 X106.429 Y239.464 F3554.948
G1 X106.665 Y239.949 F3554.948
G1 X106.902 Y240.434 F3554.948
G1 X107.138 Y240.919 F3554.948
G1 X107.402 Y241.606 F3554.948
G1 X107.666 Y242.292 F3554.948
G1 X107.839 Y242.940 F3554.948
G1 X108.012 Y243.589 F3554.948
G1 X108.091 Y244.202 F3554.948
G1 X108.170 Y244.816 F3554.948
G1 X108.151 Y245.405 F3554.948
G1 X108.133 Y245.994 F3554.948
G1 X108.010 Y246.569 F3554.948
G1 X107.887 Y247.145 F3554.948
G1 X107.650 Y247.719 F3554.948
G1 X107.413 Y248.293 F3554.948
G1 X107.044 Y248.883 F3554.948
G1 X106.674 Y249.473 F3554.948
G1 X106.327 Y249.885 F3554.948
G1 X105.979 Y250.297 F3554.948
G1 X105.631 Y250.709 F3554.948
G1 X105.163 Y251.149 F3554.948
G1 X104.694 Y251.589 F3554.948
G1 X104.225 Y252.029 F3554.948
G1 X103.613 Y252.506 F3554.948
G1 X103.002 Y252.983 F3554.948
G1 X102.390 Y253.460 F3554.948
G1 X101.815 Y253.844 F3554.948
G1 X101.241 Y254.228 F3554.948
G1 X100.666 Y254.611 F3554.948
G1 X100.091 Y254.995 F3554.948
G1 X99.533 Y255.318 F3554.948
G1 X98.975 Y255.640 F3554.948
G1 X98.418 Y255.963 F3554.948
G1 X97.860 Y256.286 F3554.948
G1 X97.302 Y256.609 F3554.948
G1 X96.651 Y256.938 F3554.948
G1 X96.000 Y257.267 F3554.948
G1 X95.350 Y257.596 F3554.948
G1 X94.699 Y257.925 F3554.948
G1 X94.048 Y258.255 F3554.948
G1 X93.321 Y258.574 F3554.948
G1 X92.593 Y258.894 F3554.948
G1 X91.866 Y259.213 F3554.948
G1 X91.138 Y259.533 F3554.948
G1 X90.411 Y259.853 F3554.948
G1 X89.760 Y260.100 F3554.948
G1 X89.108 Y260.346 F3554.948
G1 X88.457 Y260.593 F3554.948
G1 X87.805 Y260.840 F3554.948
G1 X87.154 Y261.087 F3554.948
G1 X86.502 Y261.334 F3554.948
G1 X85.826 Y261.550 F3554.948
G1 X85.150 Y261.765 F3554.948
G1 X84.474 Y261.981 F3554.948
G1 X83.797 Y262.196 F3554.948
G1 X83.121 Y262.412 F3554.948
G1 X82.445 Y262.627 F3554.948
G1 X81.763 Y262.801 F3554.948
G1 X81.082 Y262.976 F3554.948
G1 X80.401 Y263.150 F3554.948
G1 X79.719 Y263.324 F3554.948
G1 X79.038 Y263.498 F3554.948
G1 X78.356 Y263.673 F3554.948
G1 X77.687 Y263.800 F3554.948
G1 X77.018 Y263.927 F3554.948
G1 X76.349 Y264.054 F3554.948
G1 X75.680 Y264.182 F3554.948
G1 X75.011 Y264.309 F3554.948
G1 X74.342 Y264.436 F3554.948
G1 X73.566 Y264.530 F3554.948
G1 X72.790 Y264.624 F3554.948
G1 X72.014 Y264.719 F3554.948
G1 X71.238 Y264.813 F3554.948
G1 X70.462 Y264.907 F3554.948
G1 X69.717 Y264.947 F3554.948
G1 X68.971 Y264.988 F3554.948
G1 X68.226 Y265.028 F3554.948
G1 X67.480 Y265.069 F3554.948
G1 X66.735 Y265.109 F3554.948
G1 X66.017 Y265.107 F3554.948
G1 X65.299 Y265.104 F3554.948
G1 X64.581 Y265.101 F3554.948
G1 X63.863 Y265.099 F3554.948
G1 X63.145 Y265.096 F3554.948
G1 X62.448 Y265.063 F3554.948
G1 X61.750 Y265.031 F3554.948
G1 X61.053 Y264.999 F3554.948
G1 X60.355 Y264.966 F3554.948
G1 X59.658 Y264.934 F3554.948
G1 X58.973 Y264.885 F3554.948
G1 X58.288 Y264.837 F3554.948
G1 X57.603 Y264.788 F3554.948
G1 X56.918 Y264.740 F3554.948
G1 X56.233 Y264.691 F3554.948
G1 X55.552 Y264.639 F3554.948
G1 X54.871 Y264.587 F3554.948
G1 X54.190 Y264.534 F3554.948
G1 X53.509 Y264.482 F3554.948
G1 X52.829 Y264.430 F3554.948
G1 X52.144 Y264.384 F3554.948
G1 X51.460 Y264.339 F3554.948
G1 X50.776 Y264.294 F3554.948
G1 X50.092 Y264.248 F3554.948
G1 X49.408 Y264.203 F3554.948
G1 X48.717 Y264.172 F3554.948
G1 X48.026 Y264.141 F3554.948
G1 X47.334 Y264.110 F3554.948
G1 X46.643 Y264.079 F3554.948
G1 X45.952 Y264.049 F3554.948
G1 X45.253 Y264.039 F3554.948
G1 X44.555 Y264.030 F3554.948
G1 X43.856 Y264.020 F3554.948
G1 X43.157 Y264.011 F3554.948
G1 X42.459 Y264.001 F3554.948
G1 X41.750 Y264.020 F3554.948
G1 X41.041 Y264.038 F3554.948
G1 X40.332 Y264.057 F3554.948
G1 X39.624 Y264.076 F3554.948
G1 X38.915 Y264.095 F3554.948
G1 X38.190 Y264.148 F3554.948
G1 X37.466 Y264.202 F3554.948
G1 X36.742 Y264.255 F3554.948
G1 X36.017 Y264.309 F3554.948
G1 X35.293 Y264.362 F3554.948
G1 X34.569 Y264.453 F3554.948
G1 X33.845 Y264.544 F3554.948
G1 X33.121 Y264.634 F3554.948
G1 X32.397 Y264.725 F3554.948
G1 X31.672 Y264.815 F3554.948
G1 X30.891 Y264.969 F3554.948
G1 X30.110 Y265.122 F3554.948
G1 X29.328 Y265.276 F3554.948
G1 X28.547 Y265.429 F3554.948
G1 X27.812 Y265.665 F3554.948
G1 X27.077 Y265.901 F3554.948
G1 X26.343 Y266.137 F3554.948
G1 X25.681 Y266.513 F3554.948
G1 X25.020 Y266.888 F3554.948
G1 X24.777 Y267.281 F3554.948
G1 X24.534 Y267.674 F3554.948
G1 X24.690 Y268.084 F3554.948
G1 X24.845 Y268.493 F3554.948
G1 X25.379 Y268.920 F3554.948
G1 X25.912 Y269.347 F3554.948
G1 X26.506 Y269.647 F3554.948
G1 X27.100 Y269.948 F3554.948
G1 X27.695 Y270.249 F3554.948
G1 X28.310 Y270.493 F3554.948
G1 X28.925 Y270.737 F3554.948
G1 X29.539 Y270.981 F3554.948
G1 X30.154 Y271.226 F3554.948
G1 X30.770 Y271.458 F3554.948
G1 X31.385 Y271.690 F3554.948
G1 X32.000 Y271.922 F3554.948
G1 X32.615 Y272.154 F3554.948
G1 X33.231 Y272.386 F3554.948
G1 X33.874 Y272.662 F3554.948
G1 X34.518 Y272.938 F3554.948
G1 X35.162 Y273.215 F3554.948
G1 X35.805 Y273.491 F3554.948
G1 X36.449 Y273.767 F3554.948
G1 X37.067 Y274.092 F3554.948
G1 X37.685 Y274.417 F3554.948
G1 X38.303 Y274.742 F3554.948
G1 X38.921 Y275.067 F3554.948
G1 X39.539 Y275.392 F3554.948
G1 X40.122 Y275.768 F3554.948
G1 X40.705 Y276.143 F3554.948
G1 X41.288 Y276.519 F3554.948
G1 X41.871 Y276.895 F3554.948
G1 X42.455 Y277.270 F3554.948
G1 X43.006 Y277.694 F3554.948
G1 X43.557 Y278.118 F3554.948
G1 X44.109 Y278.541 F3554.948
G1 X44.660 Y278.965 F3554.948
G1 X45.211 Y279.389 F3554.948
G1 X45.733 Y279.856 F3554.948
G1 X46.256 Y280.324 F3554.948
G1 X46.778 Y280.791 F3554.948
G1 X47.300 Y281.259 F3554.948
G1 X47.822 Y281.726 F3554.948
G1 X48.312 Y282.226 F3554.948
G1 X48.801 Y282.726 F3554.948
G1 X49.290 Y283.226 F3554.948
G1 X49.779 Y283.726 F3554.948
G1 X50.268 Y284.226 F3554.948
G1 X50.715 Y284.744 F3554.948
G1 X51.161 Y285.262 F3554.948
G1 X51.607 Y285.780 F3554.948
G1 X52.054 Y286.298 F3554.948
G1 X52.500 Y286.816 F3554.948
G1 X52.888 Y287.338 F3554.948
G1 X53.276 Y287.860 F3554.948
G1 X53.665 Y288.382 F3554.948
G1 X54.053 Y288.904 F3554.948
G1 X54.441 Y289.426 F3554.948
G1 X54.841 Y290.067 F3554.948
G1 X55.241 Y290.709 F3554.948
G1 X55.640 Y291.351 F3554.948
G1 X56.040 Y291.992 F3554.948
G1 X56.346 Y292.612 F3554.948
G1 X56.651 Y293.233 F3554.948
G1 X56.956 Y293.853 F3554.948
G1 X57.261 Y294.473 F3554.948
G1 X57.469 Y295.065 F3554.948
G1 X57.677 Y295.658 F3554.948
G1 X57.884 Y296.250 F3554.948
G1 X58.092 Y296.842 F3554.948
G1 X58.247 Y297.590 F3554.948
G1 X58.401 Y298.337 F3554.948
G1 X58.555 Y299.084 F3554.948
G1 X58.599 Y299.789 F3554.948
G1 X58.642 Y300.493 F3554.948
G1 X58.685 Y301.198 F3554.948
G1 X58.633 Y301.861 F3554.948
G1 X58.581 Y302.524 F3554.948
G1 X58.529 Y303.188 F3554.948
G1 X58.397 Y303.810 F3554.948
G1 X58.266 Y304.433 F3554.948
G1 X58.135 Y305.056 F3554.948
G1 X57.938 Y305.638 F3554.948
G1 X57.742 Y306.220 F3554.948
G1 X57.546 Y306.802 F3554.948
G1 X57.296 Y307.344 F3554.948
G1 X57.046 Y307.885 F3554.948
G1 X56.795 Y308.427 F3554.948
G1 X56.498 Y308.929 F3554.948
G1 X56.200 Y309.430 F3554.948
G1 X55.902 Y309.932 F3554.948
G1 X55.560 Y310.393 F3554.948
G1 X55.218 Y310.853 F3554.948
G1 X54.875 Y311.314 F3554.948
G1 X54.488 Y311.730 F3554.948
G1 X54.100 Y312.147 F3554.948
G1 X53.713 Y312.563 F3554.948
G1 X53.277 Y312.931 F3554.948
G1 X52.841 Y313.299 F3554.948
G1 X52.406 Y313.667 F3554.948
G1 X51.917 Y313.983 F3554.948
G1 X51.428 Y314.299 F3554.948
G1 X50.939 Y314.614 F3554.948
G1 X50.388 Y314.871 F3554.948
G1 X49.836 Y315.128 F3554.948
G1 X49.284 Y315.385 F3554.948
G1 X48.663 Y315.576 F3554.948
G1 X48.042 Y315.768 F3554.948
G1 X47.421 Y315.959 F3554.948
G1 X46.721 Y316.077 F3554.948
G1 X46.021 Y316.195 F3554.948
G1 X45.321 Y316.312 F3554.948
G1 X44.535 Y316.347 F3554.948
G1 X43.749 Y316.382 F3554.948
G1 X42.962 Y316.417 F3554.948
G1 X42.302 Y316.372 F3554.948
G1 X41.641 Y316.328 F3554.948
G1 X40.980 Y316.284 F3554.948
G1 X40.320 Y316.240 F3554.948
G1 X39.586 Y316.120 F3554.948
G1 X38.852 Y316.000 F3554.948
G1 X38.118 Y315.880 F3554.948
G1 X37.384 Y315.760 F3554.948
G1 X36.744 Y315.599 F3554.948
G1 X36.105 Y315.439 F3554.948
G1 X35.466 Y315.278 F3554.948
G1 X34.827 Y315.118 F3554.948
G1 X34.188 Y314.957 F3554.948
G1 X33.533 Y314.731 F3554.948
G1 X32.878 Y314.505 F3554.948
G1 X32.223 Y314.279 F3554.948
G1 X31.567 Y314.053 F3554.948
G1 X30.912 Y313.828 F3554.948
G1 X30.201 Y313.468 F3554.948
G1 X29.490 Y313.108 F3554.948
G1 X28.779 Y312.748 F3554.948
G1 X28.068 Y312.388 F3554.948
G1 X27.575 Y311.980 F3554.948
G1 X27.082 Y311.572 F3554.948
G1 X26.588 Y311.165 F3554.948
G1 X26.095 Y310.757 F3554.948
G1 X25.721 Y310.177 F3554.948
G1 X25.346 Y309.596 F3554.948
G1 X24.972 Y309.015 F3554.948
G1 X24.868 Y308.406 F3554.948
G1 X24.764 Y307.798 F3554.948
G1 X24.660 Y307.189 F3554.948
G1 X24.814 Y306.557 F3554.948
G1 X24.968 Y305.924 F3554.948
G1 X25.122 Y305.292 F3554.948
G1 X25.522 Y304.639 F3554.948
G1 X25.921 Y303.986 F3554.948
G1 X26.320 Y303.333 F3554.948
G1 X26.794 Y302.828 F3554.948
G1 X27.269 Y302.323 F3554.948
G1 X27.743 Y301.818 F3554.948
G1 X28.217 Y301.313 F3554.948
G1 X28.727 Y300.891 F3554.948
G1 X29.238 Y300.469 F3554.948
G1 X29.749 Y300.047 F3554.948
G1 X30.259 Y299.625 F3554.948
G1 X30.770 Y299.203 F3554.948
G1 X31.377 Y298.748 F3554.948
G1 X31.985 Y298.293 F3554.948
G1 X32.592 Y297.838 F3554.948
G1 X33.199 Y297.383 F3554.948
G1 X33.806 Y296.928 F3554.948
G1 X34.411 Y296.452 F3554.948
G1 X35.016 Y295.975 F3554.948
G1 X35.621 Y295.498 F3554.948
G1 X36.226 Y295.022 F3554.948
G1 X36.831 Y294.545 F3554.948
G1 X37.385 Y294.064 F3554.948
G1 X37.940 Y293.582 F3554.948
G1 X38.495 Y293.101 F3554.948
G1 X39.050 Y292.619 F3554.948
G1 X39.605 Y292.138 F3554.948
G1 X40.098 Y291.667 F3554.948
G1 X40.591 Y291.196 F3554.948
G1 X41.084 Y290.725 F3554.948
G1 X41.577 Y290.254 F3554.948
G1 X42.070 Y289.783 F3554.948
G1 X42.612 Y289.220 F3554.948
G1 X43.155 Y288.658 F3554.948
G1 X43.697 Y288.095 F3554.948
G1 X44.239 Y287.532 F3554.948
G1 X44.718 Y286.999 F3554.948
G1 X45.197 Y286.465 F3554.948
G1 X45.676 Y285.932 F3554.948
G1 X46.155 Y285.399 F3554.948
G1 X46.585 Y284.895 F3554.948
G1 X47.014 Y284.391 F3554.948
G1 X47.444 Y283.887 F3554.948
G1 X47.874 Y283.384 F3554.948
G1 X48.266 Y282.908 F3554.948
G1 X48.658 Y282.432 F3554.948
G1 X49.050 Y281.957 F3554.948
G1 X49.442 Y281.481 F3554.948
G1 X49.923 Y280.885 F3554.948
G1 X50.405 Y280.289 F3554.948
G1 X50.887 Y279.692 F3554.948
G1 X51.332 Y279.137 F3554.948
G1 X51.778 Y278.582 F3554.948
G1 X52.224 Y278.027 F3554.948
G1 X52.636 Y277.510 F3554.948
G1 X53.048 Y276.994 F3554.948
G1 X53.460 Y276.478 F3554.948
G1 X53.838 Y275.997 F3554.948
G1 X54.216 Y275.516 F3554.948
G1 X54.594 Y275.035 F3554.948
G1 X54.960 Y274.563 F3554.948
G1 X55.326 Y274.091 F3554.948
G1 X55.692 Y273.619 F3554.948
G1 X56.048 Y273.154 F3554.948
G1 X56.405 Y272.690 F3554.948
G1 X56.761 Y272.225 F3554.948
G1 X57.119 Y271.754 F3554.948
G1 X57.476 Y271.283 F3554.948
G1 X57.833 Y270.812 F3554.948
G1 X58.204 Y270.320 F3554.948
G1 X58.574 Y269.828 F3554.948
G1 X58.944 Y269.337 F3554.948
G1 X59.336 Y268.807 F3554.948
G1 X59.729 Y268.277 F3554.948
G1 X60.122 Y267.748 F3554.948
G1 X60.547 Y267.162 F3554.948
G1 X60.972 Y266.576 F3554.948
G1 X61.397 Y265.990 F3554.948
G1 X61.748 Y265.495 F3554.948
G1 X62.100 Y265.000 F3554.948
G1 X62.451 Y264.504 F3554.948
G1 X62.803 Y264.009 F3554.948
G1 X63.194 Y263.443 F3554.948
G1 X63.585 Y262.877 F3554.948
G1 X63.976 Y262.310 F3554.948
G1 X64.367 Y261.744 F3554.948
G1 X64.800 Y261.099 F3554.948
G1 X65.234 Y260.455 F3554.948
G1 X65.668 Y259.810 F3554.948
G1 X66.102 Y259.165 F3554.948
G1 X66.483 Y258.583 F3554.948
G1 X66.864 Y258.000 F3554.948
G1 X67.245 Y257.418 F3554.948
G1 X67.626 Y256.836 F3554.948
G1 X68.008 Y256.254 F3554.948
G1 X68.415 Y255.614 F3554.948
G1 X68.823 Y254.974 F3554.948
G1 X69.230 Y254.333 F3554.948
G1 X69.637 Y253.693 F3554.948
G1 X70.045 Y253.053 F3554.948
G1 X70.397 Y252.484 F3554.948
G1 X70.750 Y251.915 F3554.948
G1 X71.103 Y251.346 F3554.948
G1 X71.455 Y250.777 F3554.948
G1 X71.808 Y250.209 F3554.948
G1 X72.161 Y249.640 F3554.948
G1 X72.515 Y249.054 F3554.948
G1 X72.870 Y248.469 F3554.948
G1 X73.224 Y247.884 F3554.948
G1 X73.578 Y247.299 F3554.948
G1 X73.933 Y246.714 F3554.948
G1 X74.287 Y246.129 F3554.948
G1 X74.633 Y245.547 F3554.948
G1 X74.979 Y244.964 F3554.948
G1 X75.325 Y244.382 F3554.948
G1 X75.671 Y243.800 F3554.948
G1 X76.017 Y243.218 F3554.948
G1 X76.364 Y242.636 F3554.948
G1 X76.757 Y241.963 F3554.948
G1 X77.150 Y241.290 F3554.948
G1 X77.544 Y240.617 F3554.948
G1 X77.937 Y239.944 F3554.948
G1 X78.330 Y239.271 F3554.948
G1 X78.689 Y238.640 F3554.948
G1 X79.048 Y238.009 F3554.948
G1 X79.407 Y237.378 F3554.948
G1 X79.766 Y236.748 F3554.948
G1 X80.125 Y236.117 F3554.948
G1 X80.439 Y235.542 F3554.948
G1 X80.753 Y234.967 F3554.948
G1 X81.066 Y234.393 F3554.948
G1 X81.380 Y233.818 F3554.948
G1 X81.693 Y233.243 F3554.948
G1 X82.018 Y232.604 F3554.948
G1 X82.344 Y231.966 F3554.948
G1 X82.669 Y231.327 F3554.948
G1 X82.994 Y230.688 F3554.948
G1 X83.248 Y230.124 F3554.948
G1 X83.502 Y229.560 F3554.948
G1 X83.756 Y228.997 F3554.948
G1 X84.010 Y228.433 F3554.948
G1 X84.256 Y227.772 F3554.948
G1 X84.503 Y227.110 F3554.948
G1 X84.749 Y226.449 F3554.948
G1 X84.911 Y225.858 F3554.948
G1 X85.073 Y225.267 F3554.948
G1 X85.236 Y224.676 F3554.948
G1 X85.323 Y224.136 F3554.948
G1 X85.411 Y223.597 F3554.948
G1 X85.499 Y223.057 F3554.948
G1 X85.535 Y222.298 F3554.948
G1 X85.571 Y221.538 F3554.948
G1 X85.526 Y220.801 F3554.948
G1 X85.481 Y220.065 F3554.948
G1 X85.364 Y219.328 F3554.948
G1 X85.247 Y218.591 F3554.948
G1 X85.065 Y217.833 F3554.948
G1 X84.884 Y217.075 F3554.948
G1 X84.723 Y216.540 F3554.948
G1 X84.563 Y216.006 F3554.948
G1 X84.402 Y215.471 F3554.948
G1 X84.203 Y214.898 F3554.948
G1 X84.003 Y214.325 F3554.948
G1 X83.804 Y213.752 F3554.948
G1 X83.566 Y213.132 F3554.948
G1 X83.327 Y212.513 F3554.948
G1 X83.088 Y211.894 F3554.948
G1 X82.808 Y211.224 F3554.948
G1 X82.528 Y210.554 F3554.948
G1 X82.247 Y209.883 F3554.948
G1 X81.920 Y209.162 F3554.948
G1 X81.593 Y208.441 F3554.948
G1 X81.267 Y207.719 F3554.948
G1 X80.984 Y207.144 F3554.948
G1 X80.701 Y206.569 F3554.948
G1 X80.418 Y205.995 F3554.948
G1 X80.135 Y205.420 F3554.948
G1 X79.814 Y204.815 F3554.948
G1 X79.493 Y204.211 F3554.948
G1 X79.172 Y203.606 F3554.948
G1 X78.851 Y203.002 F3554.948
G1 X78.492 Y202.378 F3554.948
G1 X78.134 Y201.755 F3554.948
G1 X77.775 Y201.132 F3554.948
G1 X77.416 Y200.509 F3554.948
G1 X77.018 Y199.878 F3554.948
G1 X76.621 Y199.247 F3554.948
G1 X76.223 Y198.616 F3554.948
G1 X75.825 Y197.985 F3554.948
G1 X75.390 Y197.357 F3554.948
G1 X74.955 Y196.728 F3554.948
G1 X74.520 Y196.100 F3554.948
G1 X74.085 Y195.472 F3554.948
G1 X73.611 Y194.855 F3554.948
G1 X73.137 Y194.239 F3554.948
G1 X72.664 Y193.622 F3554.948
G1 X72.190 Y193.006 F3554.948
G1 X71.678 Y192.406 F3554.948
G1 X71.167 Y191.806 F3554.948
G1 X70.655 Y191.206 F3554.948
G1 X70.143 Y190.606 F3554.948
G1 X69.590 Y190.029 F3554.948
G1 X69.037 Y189.452 F3554.948
G1 X68.484 Y188.875 F3554.948
G1 X67.931 Y188.299 F3554.948
G1 X67.455 Y187.858 F3554.948
G1 X66.979 Y187.417 F3554.948
G1 X66.503 Y186.976 F3554.948
G1 X66.027 Y186.535 F3554.948
G1 X65.551 Y186.095 F3554.948
G1 X65.038 Y185.677 F3554.948
G1 X64.525 Y185.260 F3554.948
G1 X64.012 Y184.842 F3554.948
G1 X63.499 Y184.425 F3554.948
G1 X62.986 Y184.007 F3554.948
G1 X62.437 Y183.614 F3554.948
G1 X61.887 Y183.222 F3554.948
G1 X61.338 Y182.829 F3554.948
G1 X60.788 Y182.437 F3554.948
G1 X60.238 Y182.044 F3554.948
G1 X59.653 Y181.677 F3554.948
G1 X59.068 Y181.309 F3554.948
G1 X58.483 Y180.942 F3554.948
G1 X57.897 Y180.575 F3554.948
G1 X57.312 Y180.208 F3554.948
G1 X56.695 Y179.867 F3554.948
G1 X56.078 Y179.527 F3554.948
G1 X55.460 Y179.187 F3554.948
G1 X54.843 Y178.847 F3554.948
G1 X54.226 Y178.506 F3554.948
G1 X53.582 Y178.194 F3554.948
G1 X52.939 Y177.881 F3554.948
G1 X52.295 Y177.568 F3554.948
G1 X51.652 Y177.255 F3554.948
G1 X51.008 Y176.943 F3554.948
G1 X50.348 Y176.660 F3554.948
G1 X49.687 Y176.378 F3554.948
G1 X49.027 Y176.095 F3554.948
G1 X48.367 Y175.812 F3554.948
G1 X47.706 Y175.530 F3554.948
G1 X47.039 Y175.279 F3554.948
G1 X46.371 Y175.027 F3554.948
G1 X45.703 Y174.776 F3554.948
G1 X45.035 Y174.524 F3554.948
G1 X44.368 Y174.273 F3554.948
G1 X43.699 Y174.055 F3554.948
G1 X43.029 Y173.836 F3554.948
G1 X42.360 Y173.617 F3554.948
G1 X41.691 Y173.399 F3554.948
G1 X41.022 Y173.180 F3554.948
G1 X40.349 Y172.994 F3554.948
G1 X39.677 Y172.808 F3554.948
G1 X39.005 Y172.622 F3554.948
G1 X38.332 Y172.435 F3554.948
G1 X37.660 Y172.249 F3554.948
G1 X36.981 Y172.091 F3554.948
G1 X36.303 Y171.934 F3554.948
G1 X35.624 Y171.776 F3554.948
G1 X34.945 Y171.618 F3554.948
G1 X34.267 Y171.461 F3554.948
G1 X33.608 Y171.327 F3554.948
G1 X32.949 Y171.194 F3554.948
G1 X32.290 Y171.061 F3554.948
G1 X31.631 Y170.927 F3554.948
G1 X30.973 Y170.794 F3554.948
G1 X30.294 Y170.650 F3554.948
G1 X29.616 Y170.507 F3554.948
G1 X28.938 Y170.363 F3554.948
G1 X28.259 Y170.220 F3554.948
G1 X27.658 Y170.049 F3554.948
G1 X27.057 Y169.879 F3554.948
G1 X26.456 Y169.709 F3554.948
G1 X25.987 Y169.475 F3554.948
G1 X25.518 Y169.241 F3554.948
G1 X25.402 Y168.807 F3554.948
G1 X26.067 Y168.399 F3554.948
G1 X26.770 Y168.206 F3554.948
G1 X27.474 Y168.013 F3554.948
G1 X28.177 Y167.891 F3554.948
G1 X28.881 Y167.770 F3554.948
G1 X29.585 Y167.648 F3554.948
G1 X30.270 Y167.562 F3554.948
G1 X30.956 Y167.476 F3554.948
G1 X31.642 Y167.390 F3554.948
G1 X32.327 Y167.304 F3554.948
G1 X33.058 Y167.223 F3554.948
G1 X33.788 Y167.143 F3554.948
G1 X34.519 Y167.062 F3554.948
G1 X35.250 Y166.981 F3554.948
G1 X35.938 Y166.915 F3554.948
G1 X36.627 Y166.849 F3554.948
G1 X37.316 Y166.783 F3554.948
G1 X38.004 Y166.717 F3554.948
G1 X38.656 Y166.666 F3554.948
G1 X39.308 Y166.615 F3554.948
G1 X39.960 Y166.564 F3554.948
G1 X40.612 Y166.513 F3554.948
G1 X41.246 Y166.471 F3554.948
G1 X41.880 Y166.430 F3554.948
G1 X42.514 Y166.388 F3554.948
G1 X43.148 Y166.346 F3554.948
G1 X43.784 Y166.311 F3554.948
G1 X44.420 Y166.276 F3554.948
G1 X45.057 Y166.241 F3554.948
G1 X45.693 Y166.206 F3554.948
G1 X46.341 Y166.174 F3554.948
G1 X46.989 Y166.142 F3554.948
G1 X47.638 Y166.111 F3554.948
G1 X48.286 Y166.079 F3554.948
G1 X48.952 Y166.043 F3554.948
G1 X49.618 Y166.006 F3554.948
G1 X50.283 Y165.970 F3554.948
G1 X50.949 Y165.933 F3554.948
G1 X51.634 Y165.883 F3554.948
G1 X52.319 Y165.833 F3554.948
G1 X53.003 Y165.783 F3554.948
G1 X53.688 Y165.732 F3554.948
G1 X54.392 Y165.658 F3554.948
G1 X55.096 Y165.583 F3554.948
G1 X55.799 Y165.508 F3554.948
G1 X56.503 Y165.433 F3554.948
G1 X57.225 Y165.326 F3554.948
G1 X57.947 Y165.219 F3554.948
G1 X58.669 Y165.112 F3554.948
G1 X59.391 Y165.005 F3554.948
G1 X60.132 Y164.858 F3554.948
G1 X60.874 Y164.711 F3554.948
G1 X61.616 Y164.564 F3554.948
G1 X62.358 Y164.417 F3554.948
G1 X63.124 Y164.227 F3554.948
G1 X63.890 Y164.036 F3554.948
G1 X64.657 Y163.846 F3554.948
G1 X65.423 Y163.655 F3554.948
G1 X66.064 Y163.469 F3554.948
G1 X66.704 Y163.282 F3554.948
G1 X67.345 Y163.095 F3554.948
G1 X67.985 Y162.908 F3554.948
G1 X68.626 Y162.721 F3554.948
G1 X69.302 Y162.503 F3554.948
G1 X69.979 Y162.284 F3554.948
G1 X70.656 Y162.066 F3554.948
G1 X71.332 Y161.847 F3554.948
G1 X72.009 Y161.629 F3554.948
G1 X72.727 Y161.385 F3554.948
G1 X73.446 Y161.142 F3554.948
G1 X74.164 Y160.898 F3554.948
G1 X74.883 Y160.655 F3554.948
G1 X75.601 Y160.412 F3554.948
G1 X76.234 Y160.193 F3554.948
G1 X76.867 Y159.975 F3554.948
G1 X77.500 Y159.757 F3554.948
G1 X78.133 Y159.538 F3554.948
G1 X78.766 Y159.320 F3554.948
G1 X79.399 Y159.102 F3554.948
G1 X80.058 Y158.876 F3554.948
G1 X80.716 Y158.650 F3554.948
G1 X81.375 Y158.425 F3554.948
G1 X82.034 Y158.199 F3554.948
G1 X82.693 Y157.973 F3554.948
G1 X83.351 Y157.747 F3554.948
G1 X84.022 Y157.521 F3554.948
G1 X84.692 Y157.296 F3554.948
G1 X85.362 Y157.070 F3554.948
G1 X86.032 Y156.844 F3554.948
G1 X86.702 Y156.618 F3554.948
G1 X87.372 Y156.393 F3554.948
G1 X88.039 Y156.174 F3554.948
G1 X88.706 Y155.956 F3554.948
G1 X89.373 Y155.738 F3554.948
G1 X90.040 Y155.519 F3554.948
G1 X90.708 Y155.301 F3554.948
G1 X91.375 Y155.083 F3554.948
G1 X92.028 Y154.876 F3554.948
G1 X92.681 Y154.669 F3554.948
G1 X93.334 Y154.462 F3554.948
G1 X93.987 Y154.256 F3554.948
G1 X94.640 Y154.049 F3554.948
G1 X95.293 Y153.842 F3554.948
G1 X96.050 Y153.615 F3554.948
G1 X96.807 Y153.389 F3554.948
G1 X97.564 Y153.163 F3554.948
G1 X98.321 Y152.936 F3554.948
G1 X99.078 Y152.710 F3554.948
G1 X99.802 Y152.513 F3554.948
G1 X100.526 Y152.316 F3554.948
G1 X101.250 Y152.119 F3554.948
G1 X101.974 Y151.922 F3554.948
G1 X102.697 Y151.725 F3554.948
G1 X103.385 Y151.564 F3554.948
G1 X104.073 Y151.404 F3554.948
G1 X104.761 Y151.243 F3554.948
G1 X105.449 Y151.082 F3554.948
G1 X106.137 Y150.921 F3554.948
G1 X106.789 Y150.802 F3554.948
G1 X107.442 Y150.684 F3554.948
G1 X108.094 Y150.565 F3554.948
G1 X108.747 Y150.447 F3554.948
G1 X109.399 Y150.328 F3554.948
G1 X110.169 Y150.241 F3554.948
G1 X110.940 Y150.154 F3554.948
G1 X111.710 Y150.066 F3554.948
G1 X112.480 Y149.979 F3554.948
G1 X113.201 Y149.958 F3554.948
G1 X113.922 Y149.937 F3554.948
G1 X114.643 Y149.916 F3554.948
G1 X115.364 Y149.894 F3554.948
G1 X116.033 Y149.941 F3554.948
G1 X116.701 Y149.987 F3554.948
G1 X117.370 Y150.033 F3554.948
G1 X118.038 Y150.080 F3554.948
G1 X118.654 Y150.191 F3554.948
G1 X119.270 Y150.303 F3554.948
G1 X119.885 Y150.415 F3554.948
G1 X120.501 Y150.527 F3554.948
G1 X121.255 Y150.758 F3554.948
G1 X122.010 Y150.989 F3554.948
G1 X122.764 Y151.220 F3554.948
G1 X123.461 Y151.529 F3554.948
G1 X124.157 Y151.837 F3554.948
G1 X124.854 Y152.146 F3554.948
G1 X125.505 Y152.525 F3554.948
G1 X126.156 Y152.904 F3554.948
G1 X126.807 Y153.284 F3554.948
G1 X127.426 Y153.727 F3554.948
G1 X128.044 Y154.171 F3554.948
G1 X128.663 Y154.615 F3554.948
G1 X129.262 Y155.114 F3554.948
G1 X129.861 Y155.613 F3554.948
G1 X130.460 Y156.112 F3554.948
G1 X130.901 Y156.521 F3554.948
G1 X131.343 Y156.930 F3554.948
G1 X131.784 Y157.338 F3554.948
G1 X132.226 Y157.747 F3554.948
G1 X132.668 Y158.179 F3554.948
G1 X133.111 Y158.611 F3554.948
G1 X133.554 Y159.043 F3554.948
G1 X133.997 Y159.475 F3554.948
G1 X134.449 Y159.917 F3554.948
G1 X134.902 Y160.360 F3554.948
G1 X135.354 Y160.803 F3554.948
G1 X135.806 Y161.245 F3554.948
G1 X136.277 Y161.683 F3554.948
G1 X136.747 Y162.121 F3554.948
G1 X137.217 Y162.559 F3554.948
G1 X137.688 Y162.997 F3554.948
G1 X138.189 Y163.413 F3554.948
G1 X138.690 Y163.830 F3554.948
G1 X139.192 Y164.247 F3554.948
G1 X139.693 Y164.663 F3554.948
G1 X140.240 Y165.043 F3554.948
G1 X140.787 Y165.423 F3554.948
G1 X141.334 Y165.802 F3554.948
G1 X141.880 Y166.182 F3554.948
G1 X142.495 Y166.510 F3554.948
G1 X143.109 Y166.838 F3554.948
G1 X143.723 Y167.166 F3554.948
G1 X144.338 Y167.494 F3554.948
G1 X145.039 Y167.760 F3554.948
G1 X145.741 Y168.025 F3554.948
G1 X146.442 Y168.290 F3554.948
G1 X147.144 Y168.555 F3554.948
G1 X147.788 Y168.709 F3554.948
G1 X148.432 Y168.862 F3554.948
G1 X149.076 Y169.016 F3554.948
G1 X149.720 Y169.169 F3554.948
G1 X150.364 Y169.323 F3554.948
G1 X151.072 Y169.421 F3554.948
G1 X151.780 Y169.519 F3554.948
G1 X152.488 Y169.616 F3554.948
G1 X153.196 Y169.714 F3554.948
G1 X153.904 Y169.812 F3554.948
G1 X154.636 Y169.867 F3554.948
G1 X155.368 Y169.921 F3554.948
G1 X156.100 Y169.976 F3554.948
G1 X156.832 Y170.030 F3554.948
G1 X157.564 Y170.085 F3554.948
G1 X158.283 Y170.111 F3554.948
G1 X159.001 Y170.137 F3554.948
G1 X159.719 Y170.163 F3554.948
G1 X160.437 Y170.188 F3554.948
G1 X161.155 Y170.214 F3554.948
G1 X161.839 Y170.220 F3554.948
G1 X162.523 Y170.226 F3554.948
G1 X163.207 Y170.232 F3554.948
G1 X163.891 Y170.238 F3554.948
G1 X164.575 Y170.244 F3554.948
G1 X165.373 Y170.230 F3554.948
G1 X166.171 Y170.216 F3554.948
G1 X166.968 Y170.202 F3554.948
G1 X167.766 Y170.188 F3554.948
G1 X168.497 Y170.156 F3554.948
G1 X169.227 Y170.123 F3554.948
G1 X169.957 Y170.091 F3554.948
G1 X170.688 Y170.058 F3554.948
G1 X171.344 Y170.010 F3554.948
G1 X172.000 Y169.962 F3554.948
G1 X172.655 Y169.913 F3554.948
G1 X173.311 Y169.865 F3554.948
G1 X174.081 Y169.784 F3554.948
G1 X174.850 Y169.703 F3554.948
G1 X175.620 Y169.622 F3554.948
G1 X176.283 Y169.529 F3554.948
G1 X176.946 Y169.437 F3554.948
G1 X177.610 Y169.344 F3554.948
G1 X178.169 Y169.247 F3554.948
G1 X178.728 Y169.150 F3554.948
G1 X179.288 Y169.053 F3554.948
G1 X179.980 Y168.909 F3554.948
G1 X180.673 Y168.764 F3554.948
G1 X181.232 Y168.632 F3554.948
G1 X181.791 Y168.500 F3554.948
G1 X182.229 Y168.390 F3554.948
G1 X182.668 Y168.280 F3554.948
G1 X183.333 Y168.116 F3554.948
G1 X183.814 Y168.021 F3554.948
G1 X184.136 Y167.995 F3554.948
G1 X184.319 Y168.042 F3554.948
G1 X184.378 Y168.161 F3554.948
G1 X184.325 Y168.341 F3554.948
G1 X184.163 Y168.579 F3554.948
G1 X183.892 Y168.865 F3554.948
G1 X183.504 Y169.190 F3554.948
G1 X182.987 Y169.550 F3554.948
G1 X182.317 Y169.934 F3554.948
G1 X181.890 Y170.139 F3554.948
G1 X181.463 Y170.344 F3554.948
G1 X180.925 Y170.556 F3554.948
G1 X180.387 Y170.767 F3554.948
G1 X179.714 Y170.980 F3554.948
G1 X179.041 Y171.193 F3554.948
G1 X178.479 Y171.327 F3554.948
G1 X177.918 Y171.460 F3554.948
G1 X177.356 Y171.593 F3554.948
G1 X176.659 Y171.711 F3554.948
G1 X175.963 Y171.829 F3554.948
G1 X175.266 Y171.947 F3554.948
G1 X174.627 Y172.020 F3554.948
G1 X173.987 Y172.092 F3554.948
G1 X173.348 Y172.164 F3554.948
G1 X172.709 Y172.236 F3554.948
G1 X171.947 Y172.287 F3554.948
G1 X171.184 Y172.338 F3554.948
G1 X170.422 Y172.389 F3554.948
G1 X169.659 Y172.440 F3554.948
G1 X168.954 Y172.457 F3554.948
G1 X168.248 Y172.474 F3554.948
G1 X167.543 Y172.492 F3554.948
G1 X166.837 Y172.509 F3554.948
G1 X166.132 Y172.527 F3554.948
G1 X165.349 Y172.516 F3554.948
G1 X164.566 Y172.505 F3554.948
G1 X163.784 Y172.494 F3554.948
G1 X163.001 Y172.482 F3554.948
G1 X162.218 Y172.471 F3554.948
G1 X161.527 Y172.432 F3554.948
G1 X160.835 Y172.393 F3554.948
G1 X160.143 Y172.354 F3554.948
G1 X159.452 Y172.314 F3554.948
G1 X158.760 Y172.275 F3554.948
G1 X158.068 Y172.236 F3554.948
G1 X157.372 Y172.160 F3554.948
G1 X156.675 Y172.083 F3554.948
G1 X155.978 Y172.007 F3554.948
G1 X155.281 Y171.931 F3554.948
G1 X154.584 Y171.854 F3554.948
G1 X153.887 Y171.778 F3554.948
G1 X153.231 Y171.655 F3554.948
G1 X152.574 Y171.533 F3554.948
G1 X151.918 Y171.410 F3554.948
G1 X151.262 Y171.288 F3554.948
G1 X150.605 Y171.165 F3554.948
G1 X149.949 Y171.043 F3554.948
G1 X149.250 Y170.836 F3554.948
G1 X148.551 Y170.630 F3554.948
G1 X147.852 Y170.423 F3554.948
G1 X147.154 Y170.217 F3554.948
G1 X146.455 Y170.011 F3554.948
G1 X145.847 Y169.754 F3554.948
G1 X145.240 Y169.497 F3554.948
G1 X144.632 Y169.241 F3554.948
G1 X144.025 Y168.984 F3554.948
G1 X143.417 Y168.727 F3554.948
G1 X142.742 Y168.364 F3554.948
G1 X142.066 Y168.001 F3554.948
G1 X141.390 Y167.638 F3554.948
G1 X140.714 Y167.275 F3554.948
G1 X140.085 Y166.886 F3554.948
G1 X139.457 Y166.497 F3554.948
G1 X138.828 Y166.108 F3554.948
G1 X138.200 Y165.719 F3554.948
G1 X137.590 Y165.320 F3554.948
G1 X136.980 Y164.920 F3554.948
G1 X136.370 Y164.521 F3554.948
G1 X135.761 Y164.121 F3554.948
G1 X135.146 Y163.725 F3554.948
G1 X134.532 Y163.329 F3554.948
G1 X133.918 Y162.932 F3554.948
G1 X133.304 Y162.536 F3554.948
G1 X132.672 Y162.157 F3554.948
G1 X132.039 Y161.777 F3554.948
G1 X131.407 Y161.397 F3554.948
G1 X130.774 Y161.017 F3554.948
G1 X130.109 Y160.668 F3554.948
G1 X129.443 Y160.319 F3554.948
G1 X128.778 Y159.970 F3554.948
G1 X128.113 Y159.620 F3554.948
G1 X127.400 Y159.314 F3554.948
G1 X126.687 Y159.007 F3554.948
G1 X125.974 Y158.700 F3554.948
G1 X125.261 Y158.393 F3554.948
G1 X124.644 Y158.189 F3554.948
G1 X124.027 Y157.985 F3554.948
G1 X123.410 Y157.782 F3554.948
G1 X122.793 Y157.578 F3554.948
G1 X122.176 Y157.374 F3554.948
G1 X121.508 Y157.219 F3554.948
G1 X120.839 Y157.063 F3554.948
G1 X120.170 Y156.907 F3554.948
G1 X119.502 Y156.752 F3554.948
G1 X118.833 Y156.596 F3554.948
G1 X118.116 Y156.492 F3554.948
G1 X117.399 Y156.388 F3554.948
G1 X116.682 Y156.284 F3554.948
G1 X115.965 Y156.179 F3554.948
G1 X115.247 Y156.075 F3554.948
G1 X114.493 Y156.023 F3554.948
G1 X113.738 Y155.970 F3554.948
G1 X112.983 Y155.918 F3554.948
G1 X112.228 Y155.866 F3554.948
G1 X111.473 Y155.813 F3554.948
G1 X110.694 Y155.809 F3554.948
G1 X109.915 Y155.805 F3554.948
G1 X109.135 Y155.800 F3554.948
G1 X108.356 Y155.796 F3554.948
G1 X107.577 Y155.792 F3554.948
G1 X106.783 Y155.830 F3554.948
G1 X105.990 Y155.868 F3554.948
G1 X105.196 Y155.906 F3554.948
G1 X104.403 Y155.944 F3554.948
G1 X103.610 Y155.982 F3554.948
G1 X102.942 Y156.044 F3554.948
G1 X102.274 Y156.105 F3554.948
G1 X101.606 Y156.166 F3554.948
G1 X100.938 Y156.228 F3554.948
G1 X100.270 Y156.289 F3554.948
G1 X99.602 Y156.350 F3554.948
G1 X98.934 Y156.435 F3554.948
G1 X98.267 Y156.520 F3554.948
G1 X97.600 Y156.606 F3554.948
G1 X96.933 Y156.691 F3554.948
G1 X96.265 Y156.776 F3554.948
G1 X95.598 Y156.861 F3554.948
G1 X94.809 Y156.982 F3554.948
G1 X94.019 Y157.103 F3554.948
G1 X93.229 Y157.224 F3554.948
G1 X92.440 Y157.346 F3554.948
G1 X91.650 Y157.467 F3554.948
G1 X90.883 Y157.599 F3554.948
G1 X90.116 Y157.731 F3554.948
G1 X89.348 Y157.864 F3554.948
G1 X88.581 Y157.996 F3554.948
G1 X87.814 Y158.128 F3554.948
G1 X87.082 Y158.263 F3554.948
G1 X86.350 Y158.398 F3554.948
G1 X85.619 Y158.533 F3554.948
G1 X84.887 Y158.668 F3554.948
G1 X84.155 Y158.803 F3554.948
G1 X83.472 Y158.932 F3554.948
G1 X82.789 Y159.060 F3554.948
G1 X82.106 Y159.189 F3554.948
G1 X81.423 Y159.317 F3554.948
G1 X80.739 Y159.446 F3554.948
G1 X79.960 Y159.590 F3554.948
G1 X79.181 Y159.734 F3554.948
G1 X78.402 Y159.878 F3554.948
G1 X77.623 Y160.023 F3554.948
G1 X76.926 Y160.140 F3554.948
G1 X76.229 Y160.258 F3554.948
G1 X75.532 Y160.376 F3554.948
G1 X74.835 Y160.494 F3554.948
G1 X74.218 Y160.579 F3554.948
G1 X73.601 Y160.664 F3554.948
G1 X72.983 Y160.750 F3554.948
G1 X72.366 Y160.835 F3554.948
G1 X71.638 Y160.900 F3554.948
G1 X70.911 Y160.965 F3554.948
G1 X70.183 Y161.031 F3554.948
G1 X69.535 Y161.042 F3554.948
G1 X68.887 Y161.054 F3554.948
G1 X68.239 Y161.065 F3554.948
G1 X67.655 Y161.021 F3554.948
G1 X67.070 Y160.977 F3554.948
G1 X66.485 Y160.933 F3554.948
G1 X65.946 Y160.829 F3554.948
G1 X65.407 Y160.725 F3554.948
G1 X64.868 Y160.621 F3554.948
G1 X64.361 Y160.454 F3554.948
G1 X63.854 Y160.287 F3554.948
G1 X63.347 Y160.121 F3554.948
G1 X62.860 Y159.887 F3554.948
G1 X62.373 Y159.653 F3554.948
G1 X61.887 Y159.419 F3554.948
G1 X61.407 Y159.113 F3554.948
G1 X60.927 Y158.807 F3554.948
G1 X60.448 Y158.501 F3554.948
G1 X59.971 Y158.118 F3554.948
G1 X59.494 Y157.734 F3554.948
G1 X59.017 Y157.350 F3554.948
G1 X58.539 Y156.892 F3554.948
G1 X58.060 Y156.433 F3554.948
G1 X57.582 Y155.975 F3554.948
G1 X57.100 Y155.441 F3554.948
G1 X56.618 Y154.907 F3554.948
G1 X56.136 Y154.374 F3554.948
G1 X55.653 Y153.769 F3554.948
G1 X55.170 Y153.164 F3554.948
G1 X54.687 Y152.559 F3554.948
G1 X54.325 Y152.063 F3554.948
G1 X53.963 Y151.568 F3554.948
G1 X53.601 Y151.072 F3554.948
G1 X53.239 Y150.577 F3554.948
G1 X52.879 Y150.050 F3554.948
G1 X52.519 Y149.523 F3554.948
G1 X52.158 Y148.995 F3554.948
G1 X51.798 Y148.468 F3554.948
G1 X51.437 Y147.925 F3554.948
G1 X51.077 Y147.382 F3554.948
G1 X50.716 Y146.839 F3554.948
G1 X50.356 Y146.296 F3554.948
G1 X49.989 Y145.746 F3554.948
G1 X49.622 Y145.197 F3554.948
G1 X49.255 Y144.647 F3554.948
G1 X48.887 Y144.097 F3554.948
G1 X48.498 Y143.547 F3554.948
G1 X48.109 Y142.997 F3554.948
G1 X47.719 Y142.446 F3554.948
G1 X47.330 Y141.896 F3554.948
G1 X46.897 Y141.339 F3554.948
G1 X46.464 Y140.782 F3554.948
G1 X46.032 Y140.225 F3554.948
G1 X45.599 Y139.668 F3554.948
G1 X45.104 Y139.096 F3554.948
G1 X44.610 Y138.524 F3554.948
G1 X44.115 Y137.952 F3554.948
G1 X43.621 Y137.380 F3554.948
G1 X43.175 Y136.902 F3554.948
G1 X42.729 Y136.425 F3554.948
G1 X42.283 Y135.948 F3554.948
G1 X41.837 Y135.470 F3554.948
G1 X41.391 Y134.993 F3554.948
G1 X40.911 Y134.494 F3554.948
G1 X40.431 Y133.995 F3554.948
G1 X39.952 Y133.496 F3554.948
G1 X39.472 Y132.997 F3554.948
G1 X38.992 Y132.498 F3554.948
G1 X38.504 Y131.978 F3554.948
G1 X38.015 Y131.459 F3554.948
G1 X37.527 Y130.939 F3554.948
G1 X37.038 Y130.419 F3554.948
G1 X36.550 Y129.900 F3554.948
G1 X36.072 Y129.358 F3554.948
G1 X35.593 Y128.817 F3554.948
G1 X35.115 Y128.276 F3554.948
G1 X34.636 Y127.734 F3554.948
G1 X34.158 Y127.193 F3554.948
G1 X33.717 Y126.623 F3554.948
G1 X33.276 Y126.053 F3554.948
G1 X32.834 Y125.483 F3554.948
G1 X32.393 Y124.913 F3554.948
G1 X31.952 Y124.344 F3554.948
G1 X31.592 Y123.745 F3554.948
G1 X31.232 Y123.146 F3554.948
G1 X30.871 Y122.547 F3554.948
G1 X30.511 Y121.948 F3554.948
G1 X30.151 Y121.349 F3554.948
G1 X29.911 Y120.738 F3554.948
G1 X29.670 Y120.128 F3554.948
G1 X29.430 Y119.518 F3554.948
G1 X29.189 Y118.908 F3554.948
G1 X28.949 Y118.298 F3554.948
G1 X28.832 Y117.538 F3554.948
G1 X28.715 Y116.778 F3554.948
G1 X28.599 Y116.018 F3554.948
G1 X28.482 Y115.258 F3554.948
G1 X28.556 Y114.510 F3554.948
G1 X28.630 Y113.762 F3554.948
G1 X28.704 Y113.013 F3554.948
G1 X28.778 Y112.265 F3554.948
G1 X29.020 Y111.535 F3554.948
G1 X29.262 Y110.805 F3554.948
G1 X29.504 Y110.075 F3554.948
G1 X29.746 Y109.344 F3554.948
G1 X30.103 Y108.651 F3554.948
G1 X30.460 Y107.958 F3554.948
G1 X30.817 Y107.265 F3554.948
G1 X31.174 Y106.572 F3554.948
G1 X31.580 Y105.933 F3554.948
G1 X31.986 Y105.294 F3554.948
G1 X32.393 Y104.655 F3554.948
G1 X32.799 Y104.016 F3554.948
G1 X33.218 Y103.439 F3554.948
G1 X33.636 Y102.862 F3554.948
G1 X34.055 Y102.285 F3554.948
G1 X34.473 Y101.708 F3554.948
G1 X34.871 Y101.183 F3554.948
G1 X35.269 Y100.658 F3554.948
G1 X35.667 Y100.133 F3554.948
G1 X36.065 Y99.608 F3554.948
G1 X36.441 Y99.131 F3554.948
G1 X36.817 Y98.655 F3554.948
G1 X37.192 Y98.179 F3554.948
G1 X37.568 Y97.703 F3554.948
G1 X38.056 Y97.128 F3554.948
G1 X38.543 Y96.553 F3554.948
G1 X39.031 Y95.978 F3554.948
G1 X39.530 Y95.452 F3554.948
G1 X40.030 Y94.926 F3554.948
G1 X40.530 Y94.401 F3554.948
G1 X41.077 Y93.913 F3554.948
G1 X41.624 Y93.425 F3554.948
G1 X42.172 Y92.938 F3554.948
G1 X42.805 Y92.474 F3554.948
G1 X43.438 Y92.010 F3554.948
G1 X44.071 Y91.546 F3554.948
G1 X44.625 Y91.212 F3554.948
G1 X45.179 Y90.878 F3554.948
G1 X45.732 Y90.544 F3554.948
G1 X46.286 Y90.210 F3554.948
G1 X46.930 Y89.886 F3554.948
G1 X47.574 Y89.563 F3554.948
G1 X48.218 Y89.239 F3554.948
G1 X48.862 Y88.916 F3554.948
G1 X49.597 Y88.601 F3554.948
G1 X50.332 Y88.286 F3554.948
G1 X51.067 Y87.971 F3554.948
G1 X51.802 Y87.656 F3554.948
G1 X52.460 Y87.414 F3554.948
G1 X53.117 Y87.171 F3554.948
G1 X53.775 Y86.928 F3554.948
G1 X54.433 Y86.685 F3554.948
G1 X55.090 Y86.442 F3554.948
G1 X55.807 Y86.211 F3554.948
G1 X56.523 Y85.981 F3554.948
G1 X57.239 Y85.750 F3554.948
G1 X57.956 Y85.519 F3554.948
G1 X58.672 Y85.288 F3554.948
G1 X59.428 Y85.074 F3554.948
G1 X60.183 Y84.860 F3554.948
G1 X60.939 Y84.645 F3554.948
G1 X61.695 Y84.431 F3554.948
G1 X62.450 Y84.217 F3554.948
G1 X63.106 Y84.056 F3554.948
G1 X63.762 Y83.896 F3554.948
G1 X64.418 Y83.735 F3554.948
G1 X65.074 Y83.575 F3554.948
G1 X65.729 Y83.414 F3554.948
G1 X66.385 Y83.254 F3554.948
G1 X67.061 Y83.114 F3554.948
G1 X67.736 Y82.973 F3554.948
G1 X68.412 Y82.833 F3554.948
G1 X69.088 Y82.693 F3554.948
G1 X69.763 Y82.553 F3554.948
G1 X70.439 Y82.412 F3554.948
G1 X71.122 Y82.289 F3554.948
G1 X71.804 Y82.166 F3554.948
G1 X72.487 Y82.043 F3554.948
G1 X73.170 Y81.920 F3554.948
G1 X73.853 Y81.797 F3554.948
G1 X74.536 Y81.674 F3554.948
G1 X75.211 Y81.560 F3554.948
G1 X75.886 Y81.445 F3554.948
G1 X76.560 Y81.330 F3554.948
G1 X77.235 Y81.216 F3554.948
G1 X77.910 Y81.101 F3554.948
G1 X78.585 Y80.986 F3554.948
G1 X79.369 Y80.840 F3554.948
G1 X80.153 Y80.694 F3554.948
G1 X80.936 Y80.548 F3554.948
G1 X81.720 Y80.402 F3554.948
G1 X82.503 Y80.256 F3554.948
G1 X83.254 Y80.091 F3554.948
G1 X84.005 Y79.926 F3554.948
G1 X84.756 Y79.761 F3554.948
G1 X85.507 Y79.596 F3554.948
G1 X86.258 Y79.431 F3554.948
G1 X86.979 Y79.242 F3554.948
G1 X87.699 Y79.054 F3554.948
G1 X88.419 Y78.865 F3554.948
G1 X89.140 Y78.677 F3554.948
G1 X89.860 Y78.489 F3554.948
G1 X90.557 Y78.279 F3554.948
G1 X91.253 Y78.068 F3554.948
G1 X91.949 Y77.858 F3554.948
G1 X92.646 Y77.648 F3554.948
G1 X93.342 Y77.438 F3554.948
G1 X94.023 Y77.206 F3554.948
G1 X94.704 Y76.975 F3554.948
G1 X95.385 Y76.743 F3554.948
G1 X96.066 Y76.511 F3554.948
G1 X96.747 Y76.279 F3554.948
G1 X97.416 Y76.027 F3554.948
G1 X98.086 Y75.775 F3554.948
G1 X98.755 Y75.522 F3554.948
G1 X99.424 Y75.270 F3554.948
G1 X100.093 Y75.017 F3554.948
G1 X100.752 Y74.741 F3554.948
G1 X101.410 Y74.465 F3554.948
G1 X102.069 Y74.189 F3554.948
G1 X102.727 Y73.912 F3554.948
G1 X103.385 Y73.636 F3554.948
G1 X104.033 Y73.333 F3554.948
G1 X104.681 Y73.030 F3554.948
G1 X105.329 Y72.727 F3554.948
G1 X105.977 Y72.423 F3554.948
G1 X106.625 Y72.120 F3554.948
G1 X107.262 Y71.793 F3554.948
G1 X107.898 Y71.466 F3554.948
G1 X108.535 Y71.139 F3554.948
G1 X109.171 Y70.812 F3554.948
G1 X109.807 Y70.485 F3554.948
G1 X110.431 Y70.137 F3554.948
G1 X111.054 Y69.789 F3554.948
G1 X111.677 Y69.440 F3554.948
G1 X112.300 Y69.092 F3554.948
G1 X112.923 Y68.744 F3554.948
G1 X113.530 Y68.381 F3554.948
G1 X114.136 Y68.018 F3554.948
G1 X114.742 Y67.655 F3554.948
G1 X115.349 Y67.292 F3554.948
G1 X115.955 Y66.929 F3554.948
G1 X116.540 Y66.560 F3554.948
G1 X117.125 Y66.191 F3554.948
G1 X117.710 Y65.823 F3554.948
G1 X118.295 Y65.454 F3554.948
G1 X118.880 Y65.085 F3554.948
G1 X119.437 Y64.723 F3554.948
G1 X119.995 Y64.362 F3554.948
G1 X120.553 Y64.001 F3554.948
G1 X121.110 Y63.639 F3554.948
G1 X121.668 Y63.278 F3554.948
G1 X122.321 Y62.856 F3554.948
G1 X122.974 Y62.435 F3554.948
G1 X123.627 Y62.014 F3554.948
G1 X124.280 Y61.592 F3554.948
G1 X124.888 Y61.215 F3554.948
G1 X125.496 Y60.838 F3554.948
G1 X126.104 Y60.461 F3554.948
G1 X126.712 Y60.084 F3554.948
G1 X127.272 Y59.766 F3554.948
G1 X127.832 Y59.448 F3554.948
G1 X128.392 Y59.130 F3554.948
G1 X128.952 Y58.812 F3554.948
G1 X129.632 Y58.481 F3554.948
G1 X130.313 Y58.150 F3554.948
G1 X130.994 Y57.819 F3554.948
G1 X131.609 Y57.591 F3554.948
G1 X132.225 Y57.363 F3554.948
G1 X132.841 Y57.134 F3554.948
G1 X133.395 Y57.010 F3554.948
G1 X133.949 Y56.885 F3554.948
G1 X134.503 Y56.761 F3554.948
G1 X135.250 Y56.731 F3554.948
G1 X135.996 Y56.700 F3554.948
G1 X136.668 Y56.823 F3554.948
G1 X137.339 Y56.946 F3554.948
G1 X137.945 Y57.224 F3554.948
G1 X138.550 Y57.502 F3554.948
G1 X139.101 Y57.933 F3554.948
G1 X139.652 Y58.364 F3554.948
G1 X140.159 Y58.949 F3554.948
G1 X140.667 Y59.534 F3554.948
G1 X140.981 Y60.022 F3554.948
G1 X141.296 Y60.511 F3554.948
G1 X141.610 Y61.000 F3554.948
G1 X141.905 Y61.579 F3554.948
G1 X142.200 Y62.159 F3554.948
G1 X142.495 Y62.738 F3554.948
G1 X142.774 Y63.398 F3554.948
G1 X143.053 Y64.057 F3554.948
G1 X143.332 Y64.717 F3554.948
G1 X143.594 Y65.437 F3554.948
G1 X143.856 Y66.156 F3554.948
G1 X144.118 Y66.876 F3554.948
G1 X144.356 Y67.631 F3554.948
G1 X144.594 Y68.386 F3554.948
G1 X144.833 Y69.141 F3554.948
G1 X145.040 Y69.909 F3554.948
G1 X145.248 Y70.677 F3554.948
G1 X145.455 Y71.445 F3554.948
G1 X145.626 Y72.209 F3554.948
G1 X145.797 Y72.973 F3554.948
G1 X145.968 Y73.737 F3554.948
G1 X146.098 Y74.481 F3554.948
G1 X146.228 Y75.225 F3554.948
G1 X146.358 Y75.970 F3554.948
G1 X146.441 Y76.694 F3554.948
G1 X146.524 Y77.418 F3554.948
G1 X146.607 Y78.142 F3554.948
G1 X146.638 Y78.851 F3554.948
G1 X146.669 Y79.560 F3554.948
G1 X146.699 Y80.269 F3554.948
G1 X146.672 Y80.982 F3554.948
G1 X146.645 Y81.695 F3554.948
G1 X146.618 Y82.407 F3554.948
G1 X146.532 Y83.144 F3554.948
G1 X146.446 Y83.882 F3554.948
G1 X146.360 Y84.619 F3554.948
G1 X146.216 Y85.402 F3554.948
G1 X146.072 Y86.185 F3554.948
G1 X145.928 Y86.969 F3554.948
G1 X145.779 Y87.602 F3554.948
G1 X145.630 Y88.235 F3554.948
G1 X145.481 Y88.868 F3554.948
G1 X145.333 Y89.501 F3554.948
G1 X145.145 Y90.189 F3554.948
G1 X144.957 Y90.878 F3554.948
G1 X144.769 Y91.566 F3554.948
G1 X144.582 Y92.255 F3554.948
G1 X144.354 Y93.011 F3554.948
G1 X144.126 Y93.767 F3554.948
G1 X143.899 Y94.523 F3554.948
G1 X143.671 Y95.279 F3554.948
G1 X143.458 Y95.944 F3554.948
G1 X143.245 Y96.609 F3554.948
G1 X143.031 Y97.275 F3554.948
G1 X142.818 Y97.940 F3554.948
G1 X142.604 Y98.605 F3554.948
G1 X142.363 Y99.325 F3554.948
G1 X142.122 Y100.044 F3554.948
G1 X141.881 Y100.764 F3554.948
G1 X141.640 Y101.484 F3554.948
G1 X141.399 Y102.203 F3554.948
G1 X141.137 Y102.955 F3554.948
G1 X140.876 Y103.707 F3554.948
G1 X140.615 Y104.459 F3554.948
G1 X140.354 Y105.211 F3554.948
G1 X140.093 Y105.963 F3554.948
G1 X139.864 Y106.596 F3554.948
G1 X139.635 Y107.229 F3554.948
G1 X139.406 Y107.863 F3554.948
G1 X139.177 Y108.496 F3554.948
G1 X138.947 Y109.129 F3554.948
G1 X138.718 Y109.762 F3554.948
G1 X138.480 Y110.391 F3554.948
G1 X138.242 Y111.019 F3554.948
G1 X138.004 Y111.648 F3554.948
G1 X137.766 Y112.276 F3554.948
G1 X137.528 Y112.904 F3554.948
G1 X137.290 Y113.533 F3554.948
G1 X136.998 Y114.267 F3554.948
G1 X136.706 Y115.002 F3554.948
G1 X136.413 Y115.736 F3554.948
G1 X136.121 Y116.471 F3554.948
G1 X135.828 Y117.205 F3554.948
G1 X135.535 Y117.902 F3554.948
G1 X135.242 Y118.598 F3554.948
G1 X134.949 Y119.294 F3554.948
G1 X134.655 Y119.991 F3554.948
G1 X134.362 Y120.687 F3554.948
G1 X134.077 Y121.323 F3554.948
G1 X133.792 Y121.958 F3554.948
G1 X133.507 Y122.594 F3554.948
G1 X133.222 Y123.229 F3554.948
G1 X132.938 Y123.865 F3554.948
G1 X132.604 Y124.555 F3554.948
G1 X132.270 Y125.246 F3554.948
G1 X131.937 Y125.936 F3554.948
G1 X131.603 Y126.627 F3554.948
G1 X131.301 Y127.198 F3554.948
G1 X130.998 Y127.770 F3554.948
G1 X130.695 Y128.341 F3554.948
G1 X130.392 Y128.913 F3554.948
G1 X130.034 Y129.513 F3554.948
G1 X129.675 Y130.112 F3554.948
G1 X129.316 Y130.712 F3554.948
G1 X128.999 Y131.160 F3554.948
G1 X128.682 Y131.608 F3554.948
G1 X128.364 Y132.056 F3554.948
G1 X127.941 Y132.523 F3554.948
G1 X127.518 Y132.990 F3554.948
G1 X127.134 Y133.276 F3554.948
G1 X126.750 Y133.562 F3554.948
G1 X126.040 Y133.813 F3554.948
G1 X125.363 Y133.771 F3554.948
G1 X124.698 Y133.453 F3554.948
G1 X124.359 Y133.157 F3554.948
G1 X124.021 Y132.861 F3554.948
G1 X123.668 Y132.420 F3554.948
G1 X123.315 Y131.979 F3554.948
G1 X122.939 Y131.381 F3554.948
G1 X122.563 Y130.784 F3554.948
G1 X122.293 Y130.268 F3554.948
G1 X122.022 Y129.752 F3554.948
G1 X121.752 Y129.236 F3554.948
G1 X121.458 Y128.585 F3554.948
G1 X121.165 Y127.934 F3554.948
G1 X120.871 Y127.283 F3554.948
G1 X120.632 Y126.675 F3554.948
G1 X120.393 Y126.066 F3554.948
G1 X120.154 Y125.457 F3554.948
G1 X119.915 Y124.849 F3554.948
G1 X119.658 Y124.109 F3554.948
G1 X119.401 Y123.369 F3554.948
G1 X119.144 Y122.628 F3554.948
G1 X118.887 Y121.888 F3554.948
G1 X118.670 Y121.191 F3554.948
G1 X118.453 Y120.494 F3554.948
G1 X118.236 Y119.798 F3554.948
G1 X118.019 Y119.101 F3554.948
G1 X117.803 Y118.404 F3554.948
G1 X117.616 Y117.749 F3554.948
G1 X117.429 Y117.094 F3554.948
G1 X117.242 Y116.439 F3554.948
G1 X117.055 Y115.784 F3554.948
G1 X116.868 Y115.129 F3554.948
G1 X116.682 Y114.475 F3554.948
G1 X116.491 Y113.772 F3554.948
G1 X116.300 Y113.069 F3554.948
G1 X116.110 Y112.366 F3554.948
G1 X115.919 Y111.663 F3554.948
G1 X115.728 Y110.960 F3554.948
G1 X115.538 Y110.257 F3554.948
G1 X115.344 Y109.539 F3554.948
G1 X115.150 Y108.821 F3554.948
G1 X114.957 Y108.103 F3554.948
G1 X114.763 Y107.386 F3554.948
G1 X114.570 Y106.668 F3554.948
G1 X114.376 Y105.950 F3554.948
G1 X114.178 Y105.246 F3554.948
G1 X113.980 Y104.541 F3554.948
G1 X113.782 Y103.837 F3554.948
G1 X113.585 Y103.133 F3554.948
G1 X113.387 Y102.429 F3554.948
G1 X113.189 Y101.724 F3554.948
G1 X112.986 Y101.055 F3554.948
G1 X112.783 Y100.386 F3554.948
G1 X112.580 Y99.717 F3554.948
G1 X112.377 Y99.049 F3554.948
G1 X112.174 Y98.380 F3554.948
G1 X111.971 Y97.711 F3554.948
G1 X111.721 Y96.966 F3554.948
G1 X111.472 Y96.220 F3554.948
G1 X111.222 Y95.475 F3554.948
G1 X110.973 Y94.730 F3554.948
G1 X110.723 Y93.985 F3554.948
G1 X110.470 Y93.305 F3554.948
G1 X110.217 Y92.624 F3554.948
G1 X109.963 Y91.944 F3554.948
G1 X109.710 Y91.263 F3554.948
G1 X109.457 Y90.583 F3554.948
G1 X109.202 Y89.965 F3554.948
G1 X108.947 Y89.348 F3554.948
G1 X108.692 Y88.730 F3554.948
G1 X108.437 Y88.113 F3554.948
G1 X108.182 Y87.495 F3554.948
G1 X107.865 Y86.789 F3554.948
G1 X107.548 Y86.084 F3554.948
G1 X107.231 Y85.378 F3554.948
G1 X106.914 Y84.672 F3554.948
G1 X106.602 Y84.014 F3554.948
G1 X106.290 Y83.356 F3554.948
G1 X105.978 Y82.698 F3554.948
G1 X105.666 Y82.039 F3554.948
G1 X105.360 Y81.407 F3554.948
G1 X105.053 Y80.775 F3554.948
G1 X104.747 Y80.142 F3554.948
G1 X104.440 Y79.510 F3554.948
G1 X104.140 Y78.886 F3554.948
G1 X103.840 Y78.261 F3554.948
G1 X103.540 Y77.637 F3554.948
G1 X103.240 Y77.012 F3554.948
G1 X102.946 Y76.375 F3554.948
G1 X102.651 Y75.738 F3554.948
G1 X102.357 Y75.101 F3554.948
G1 X102.062 Y74.464 F3554.948
G1 X101.770 Y73.797 F3554.948
G1 X101.477 Y73.130 F3554.948
G1 X101.184 Y72.462 F3554.948
G1 X100.892 Y71.795 F3554.948
G1 X100.593 Y71.082 F3554.948
G1 X100.294 Y70.370 F3554.948
G1 X99.995 Y69.658 F3554.948
G1 X99.697 Y68.945 F3554.948
G1 X99.442 Y68.329 F3554.948
G1 X99.187 Y67.712 F3554.948
G1 X98.933 Y67.096 F3554.948
G1 X98.678 Y66.479 F3554.948
G1 X98.424 Y65.863 F3554.948
G1 X98.141 Y65.197 F3554.948
G1 X97.858 Y64.531 F3554.948
G1 X97.575 Y63.866 F3554.948
G1 X97.293 Y63.200 F3554.948
G1 X97.010 Y62.534 F3554.948
G1 X96.702 Y61.844 F3554.948
G1 X96.394 Y61.153 F3554.948
G1 X96.086 Y60.463 F3554.948
G1 X95.777 Y59.772 F3554.948
G1 X95.469 Y59.081 F3554.948
G1 X95.157 Y58.412 F3554.948
G1 X94.845 Y57.742 F3554.948
G1 X94.533 Y57.072 F3554.948
G1 X94.221 Y56.402 F3554.948
G1 X93.908 Y55.732 F3554.948
G1 X93.607 Y55.119 F3554.948
G1 X93.306 Y54.506 F3554.948
G1 X93.004 Y53.894 F3554.948
G1 X92.703 Y53.281 F3554.948
G1 X92.402 Y52.668 F3554.948
G1 X92.045 Y51.999 F3554.948
G1 X91.689 Y51.329 F3554.948
G1 X91.333 Y50.660 F3554.948
G1 X90.976 Y49.990 F3554.948
G1 X90.641 Y49.420 F3554.948
G1 X90.305 Y48.850 F3554.948
G1 X89.970 Y48.280 F3554.948
G1 X89.634 Y47.710 F3554.948
G1 X89.211 Y47.061 F3554.948
G1 X88.787 Y46.413 F3554.948
G1 X88.363 Y45.765 F3554.948
G1 X87.958 Y45.204 F3554.948
G1 X87.553 Y44.643 F3554.948
G1 X87.148 Y44.082 F3554.948
G1 X86.754 Y43.577 F3554.948
G1 X86.361 Y43.072 F3554.948
G1 X85.967 Y42.566 F3554.948
G1 X85.577 Y42.086 F3554.948
G1 X85.187 Y41.605 F3554.948
G1 X84.797 Y41.124 F3554.948
G1 X84.406 Y40.636 F3554.948
G1 X84.014 Y40.147 F3554.948
G1 X83.623 Y39.658 F3554.948
G1 X83.225 Y39.131 F3554.948
G1 X82.827 Y38.604 F3554.948
G1 X82.429 Y38.076 F3554.948
G1 X82.019 Y37.486 F3554.948
G1 X81.609 Y36.896 F3554.948
G1 X81.199 Y36.306 F3554.948
G1 X80.772 Y35.642 F3554.948
G1 X80.346 Y34.978 F3554.948
G1 X79.920 Y34.314 F3554.948
G1 X79.587 Y33.777 F3554.948
G1 X79.255 Y33.241 F3554.948
G1 X78.922 Y32.704 F3554.948
G1 X78.590 Y32.168 F3554.948
G1 X78.251 Y31.667 F3554.948
G1 X77.913 Y31.165 F3554.948
G1 X77.574 Y30.664 F3554.948
G1 X77.235 Y30.163 F3554.948
G1 X76.790 Y29.648 F3554.948
G1 X76.345 Y29.134 F3554.948
G1 X75.900 Y28.620 F3554.948
G1 X75.273 Y28.206 F3554.948
G1 X74.645 Y27.792 F3554.948
G1 X74.074 Y27.785 F3554.948
G1 X73.503 Y27.779 F3554.948
G1 X72.991 Y28.160 F3554.948
G1 X72.479 Y28.541 F3554.948
G1 X72.169 Y29.014 F3554.948
G1 X71.860 Y29.488 F3554.948
G1 X71.550 Y29.961 F3554.948
G1 X71.264 Y30.595 F3554.948
G1 X70.978 Y31.228 F3554.948
G1 X70.692 Y31.861 F3554.948
G1 X70.415 Y32.590 F3554.948
G1 X70.137 Y33.318 F3554.948
G1 X69.860 Y34.047 F3554.948
G1 X69.641 Y34.617 F3554.948
G1 X69.421 Y35.188 F3554.948
G1 X69.202 Y35.759 F3554.948
G1 X68.982 Y36.330 F3554.948
G1 X68.734 Y36.905 F3554.948
G1 X68.485 Y37.480 F3554.948
G1 X68.236 Y38.054 F3554.948
G1 X67.988 Y38.629 F3554.948
G1 X67.698 Y39.208 F3554.948
G1 X67.408 Y39.787 F3554.948
G1 X67.118 Y40.365 F3554.948
G1 X66.828 Y40.944 F3554.948
G1 X66.496 Y41.538 F3554.948
G1 X66.164 Y42.131 F3554.948
G1 X65.833 Y42.724 F3554.948
G1 X65.501 Y43.318 F3554.948
G1 X65.129 Y43.935 F3554.948
G1 X64.757 Y44.553 F3554.948
G1 X64.384 Y45.171 F3554.948
G1 X64.012 Y45.789 F3554.948
G1 X63.608 Y46.440 F3554.948
G1 X63.204 Y47.091 F3554.948
G1 X62.800 Y47.741 F3554.948
G1 X62.396 Y48.392 F3554.948
G1 X62.057 Y48.941 F3554.948
G1 X61.719 Y49.489 F3554.948
G1 X61.380 Y50.037 F3554.948
G1 X61.042 Y50.585 F3554.948
G1 X60.703 Y51.133 F3554.948
G1 X60.363 Y51.706 F3554.948
G1 X60.023 Y52.280 F3554.948
G1 X59.683 Y52.853 F3554.948
G1 X59.343 Y53.426 F3554.948
G1 X59.003 Y53.999 F3554.948
G1 X58.678 Y54.591 F3554.948
G1 X58.352 Y55.184 F3554.948
G1 X58.027 Y55.777 F3554.948
G1 X57.701 Y56.369 F3554.948
G1 X57.376 Y56.962 F3554.948
G1 X57.080 Y57.564 F3554.948
G1 X56.785 Y58.165 F3554.948
G1 X56.489 Y58.767 F3554.948
G1 X56.193 Y59.369 F3554.948
G1 X55.898 Y59.970 F3554.948
G1 X55.643 Y60.571 F3554.948
G1 X55.389 Y61.172 F3554.948
G1 X55.135 Y61.772 F3554.948
G1 X54.881 Y62.373 F3554.948
G1 X54.626 Y62.973 F3554.948
G1 X54.373 Y63.711 F3554.948
G1 X54.119 Y64.449 F3554.948
G1 X53.866 Y65.186 F3554.948
G1 X53.613 Y65.924 F3554.948
G1 X53.434 Y66.638 F3554.948
G1 X53.255 Y67.352 F3554.948
G1 X53.076 Y68.067 F3554.948
G1 X52.898 Y68.781 F3554.948
G1 X52.796 Y69.466 F3554.948
G1 X52.695 Y70.150 F3554.948
G1 X52.594 Y70.835 F3554.948
G1 X52.493 Y71.520 F3554.948
G1 X52.470 Y72.170 F3554.948
G1 X52.448 Y72.820 F3554.948
G1 X52.425 Y73.470 F3554.948
G1 X52.403 Y74.120 F3554.948
G1 X52.459 Y74.733 F3554.948
G1 X52.515 Y75.345 F3554.948
G1 X52.571 Y75.958 F3554.948
G1 X52.627 Y76.570 F3554.948
G1 X52.804 Y77.339 F3554.948
G1 X52.981 Y78.109 F3554.948
G1 X53.158 Y78.878 F3554.948
G1 X53.436 Y79.609 F3554.948
G1 X53.713 Y80.340 F3554.948
G1 X53.991 Y81.071 F3554.948
G1 X54.274 Y81.605 F3554.948
G1 X54.556 Y82.139 F3554.948
G1 X54.839 Y82.672 F3554.948
G1 X55.122 Y83.206 F3554.948
G1 X55.480 Y83.741 F3554.948
G1 X55.837 Y84.276 F3554.948
G1 X56.194 Y84.812 F3554.948
G1 X56.552 Y85.347 F3554.948
G1 X56.982 Y85.899 F3554.948
G1 X57.412 Y86.451 F3554.948
G1 X57.842 Y87.004 F3554.948
G1 X58.272 Y87.556 F3554.948
G1 X58.778 Y88.147 F3554.948
G1 X59.285 Y88.737 F3554.948
G1 X59.791 Y89.328 F3554.948
G1 X60.297 Y89.919 F3554.948
G1 X60.768 Y90.434 F3554.948
G1 X61.239 Y90.949 F3554.948
G1 X61.710 Y91.465 F3554.948
G1 X62.181 Y91.980 F3554.948
G1 X62.652 Y92.496 F3554.948
G1 X63.181 Y93.047 F3554.948
G1 X63.711 Y93.597 F3554.948
G1 X64.240 Y94.148 F3554.948
G1 X64.770 Y94.699 F3554.948
G1 X65.299 Y95.250 F3554.948
G1 X65.853 Y95.801 F3554.948
G1 X66.407 Y96.352 F3554.948
G1 X66.960 Y96.903 F3554.948
G1 X67.514 Y97.453 F3554.948
G1 X68.068 Y98.004 F3554.948
G1 X68.625 Y98.522 F3554.948
G1 X69.182 Y99.039 F3554.948
G1 X69.739 Y99.557 F3554.948
G1 X70.296 Y100.074 F3554.948
G1 X70.853 Y100.592 F3554.948
G1 X71.421 Y101.059 F3554.948
G1 X71.989 Y101.526 F3554.948
G1 X72.558 Y101.994 F3554.948
G1 X73.126 Y102.461 F3554.948
G1 X73.694 Y102.928 F3554.948
G1 X74.287 Y103.331 F3554.948
G1 X74.880 Y103.734 F3554.948
G1 X75.473 Y104.136 F3554.948
G1 X76.066 Y104.539 F3554.948
G1 X76.659 Y104.942 F3554.948
G1 X77.279 Y105.268 F3554.948
G1 X77.899 Y105.594 F3554.948
G1 X78.518 Y105.920 F3554.948
G1 X79.138 Y106.246 F3554.948
G1 X79.758 Y106.572 F3554.948
G1 X80.404 Y106.815 F3554.948
G1 X81.051 Y107.058 F3554.948
G1 X81.697 Y107.302 F3554.948
G1 X82.343 Y107.545 F3554.948
G1 X82.990 Y107.789 F3554.948
G1 X83.660 Y107.948 F3554.948
G1 X84.331 Y108.108 F3554.948
G1 X85.002 Y108.268 F3554.948
G1 X85.673 Y108.428 F3554.948
G1 X86.343 Y108.588 F3554.948
G1 X87.034 Y108.666 F3554.948
G1 X87.725 Y108.745 F3554.948
G1 X88.415 Y108.824 F3554.948
G1 X89.106 Y108.903 F3554.948
G1 X89.796 Y108.982 F3554.948
G1 X90.499 Y108.987 F3554.948
G1 X91.201 Y108.992 F3554.948
G1 X91.904 Y108.998 F3554.948
G1 X92.606 Y109.003 F3554.948
G1 X93.309 Y109.008 F3554.948
G1 X94.014 Y108.949 F3554.948
G1 X94.718 Y108.889 F3554.948
G1 X95.423 Y108.829 F3554.948
G1 X96.128 Y108.769 F3554.948
G1 X96.832 Y108.709 F3554.948
G1 X97.527 Y108.598 F3554.948
G1 X98.222 Y108.487 F3554.948
G1 X98.916 Y108.376 F3554.948
G1 X99.611 Y108.265 F3554.948
G1 X100.305 Y108.154 F3554.948
G1 X100.979 Y108.007 F3554.948
G1 X101.652 Y107.860 F3554.948
G1 X102.326 Y107.712 F3554.948
G1 X102.999 Y107.565 F3554.948
G1 X103.673 Y107.418 F3554.948
G1 X104.318 Y107.250 F3554.948
G1 X104.964 Y107.083 F3554.948
G1 X105.609 Y106.915 F3554.948
G1 X106.255 Y106.747 F3554.948
G1 X106.901 Y106.579 F3554.948
G1 X107.517 Y106.402 F3554.948
G1 X108.133 Y106.225 F3554.948
G1 X108.749 Y106.048 F3554.948
G1 X109.365 Y105.870 F3554.948
G1 X109.981 Y105.693 F3554.948
G1 X110.719 Y105.473 F3554.948
G1 X111.456 Y105.253 F3554.948
G1 X112.194 Y105.032 F3554.948
G1 X112.932 Y104.812 F3554.948
G1 X113.646 Y104.601 F3554.948
G1 X114.361 Y104.390 F3554.948
G1 X115.076 Y104.179 F3554.948
G1 X115.791 Y103.968 F3554.948
G1 X116.494 Y103.770 F3554.948
G1 X117.198 Y103.572 F3554.948
G1 X117.901 Y103.375 F3554.948
G1 X118.605 Y103.177 F3554.948
G1 X119.302 Y102.993 F3554.948
G1 X120.000 Y102.809 F3554.948
G1 X120.698 Y102.625 F3554.948
G1 X121.395 Y102.441 F3554.948
G1 X122.088 Y102.271 F3554.948
G1 X122.781 Y102.101 F3554.948
G1 X123.474 Y101.931 F3554.948
G1 X124.167 Y101.761 F3554.948
G1 X124.850 Y101.607 F3554.948
G1 X125.534 Y101.452 F3554.948
G1 X126.217 Y101.297 F3554.948
G1 X126.901 Y101.142 F3554.948
G1 X127.564 Y101.007 F3554.948
G1 X128.228 Y100.871 F3554.948
G1 X128.891 Y100.735 F3554.948
G1 X129.555 Y100.600 F3554.948
G1 X130.190 Y100.488 F3554.948
G1 X130.826 Y100.376 F3554.948
G1 X131.461 Y100.265 F3554.948
G1 X132.097 Y100.153 F3554.948
G1 X132.698 Y100.071 F3554.948
G1 X133.300 Y99.989 F3554.948
G1 X133.901 Y99.907 F3554.948
G1 X134.503 Y99.825 F3554.948
G1 X135.258 Y99.766 F3554.948
G1 X136.012 Y99.706 F3554.948
G1 X136.767 Y99.647 F3554.948
G1 X137.478 Y99.651 F3554.948
G1 X138.188 Y99.654 F3554.948
G1 X138.899 Y99.658 F3554.948
G1 X139.574 Y99.736 F3554.948
G1 X140.249 Y99.815 F3554.948
G1 X140.924 Y99.893 F3554.948
G1 X141.574 Y100.056 F3554.948
G1 X142.225 Y100.218 F3554.948
G1 X142.875 Y100.380 F3554.948
G1 X143.515 Y100.635 F3554.948
G1 X144.154 Y100.890 F3554.948
G1 X144.794 Y101.145 F3554.948
G1 X145.435 Y101.497 F3554.948
G1 X146.076 Y101.849 F3554.948
G1 X146.717 Y102.201 F3554.948
G1 X147.372 Y102.650 F3554.948
G1 X148.028 Y103.100 F3554.948
G1 X148.683 Y103.550 F3554.948
G1 X149.190 Y103.957 F3554.948
G1 X149.698 Y104.365 F3554.948
G1 X150.205 Y104.772 F3554.948
G1 X150.713 Y105.180 F3554.948
G1 X151.238 Y105.654 F3554.948
G1 X151.764 Y106.128 F3554.948
G1 X152.290 Y106.603 F3554.948
G1 X152.815 Y107.077 F3554.948
G1 X153.353 Y107.611 F3554.948
G1 X153.891 Y108.144 F3554.948
G1 X154.428 Y108.678 F3554.948
G1 X154.966 Y109.212 F3554.948
G1 X155.507 Y109.797 F3554.948
G1 X156.048 Y110.382 F3554.948
G1 X156.589 Y110.966 F3554.948
G1 X157.129 Y111.551 F3554.948
G1 X157.554 Y112.050 F3554.948
G1 X157.979 Y112.549 F3554.948
G1 X158.403 Y113.048 F3554.948
G1 X158.828 Y113.547 F3554.948
G1 X159.253 Y114.046 F3554.948
G1 X159.661 Y114.568 F3554.948
G1 X160.070 Y115.090 F3554.948
G1 X160.478 Y115.611 F3554.948
G1 X160.887 Y116.133 F3554.948
G1 X161.295 Y116.655 F3554.948
G1 X161.683 Y117.192 F3554.948
G1 X162.070 Y117.730 F3554.948
G1 X162.458 Y118.268 F3554.948
G1 X162.846 Y118.805 F3554.948
G1 X163.234 Y119.343 F3554.948
G1 X163.599 Y119.889 F3554.948
G1 X163.965 Y120.434 F3554.948
G1 X164.330 Y120.980 F3554.948
G1 X164.696 Y121.525 F3554.948
G1 X165.061 Y122.071 F3554.948
G1 X165.406 Y122.619 F3554.948
G1 X165.750 Y123.167 F3554.948
G1 X166.094 Y123.715 F3554.948
G1 X166.438 Y124.264 F3554.948
G1 X166.783 Y124.812 F3554.948
G1 X167.188 Y125.492 F3554.948
G1 X167.593 Y126.172 F3554.948
G1 X167.998 Y126.852 F3554.948
G1 X168.404 Y127.532 F3554.948
G1 X168.779 Y128.199 F3554.948
G1 X169.154 Y128.867 F3554.948
G1 X169.529 Y129.534 F3554.948
G1 X169.905 Y130.201 F3554.948
G1 X170.249 Y130.853 F3554.948
G1 X170.593 Y131.505 F3554.948
G1 X170.937 Y132.156 F3554.948
G1 X171.281 Y132.808 F3554.948
G1 X171.594 Y133.439 F3554.948
G1 X171.907 Y134.070 F3554.948
G1 X172.220 Y134.701 F3554.948
G1 X172.533 Y135.332 F3554.948
G1 X172.814 Y135.940 F3554.948
G1 X173.095 Y136.547 F3554.948
G1 X173.376 Y137.155 F3554.948
G1 X173.657 Y137.763 F3554.948
G1 X173.906 Y138.343 F3554.948
G1 X174.154 Y138.923 F3554.948
G1 X174.403 Y139.504 F3554.948
G1 X174.651 Y140.084 F3554.948
G1 X174.937 Y140.813 F3554.948
G1 X175.222 Y141.542 F3554.948
G1 X175.507 Y142.272 F3554.948
G1 X175.736 Y142.947 F3554.948
G1 X175.965 Y143.623 F3554.948
G1 X176.194 Y144.298 F3554.948
G1 X176.358 Y144.908 F3554.948
G1 X176.522 Y145.517 F3554.948
G1 X176.685 Y146.127 F3554.948
G1 X176.773 Y146.660 F3554.948
G1 X176.861 Y147.194 F3554.948
G1 X176.949 Y147.727 F3554.948
G1 X176.957 Y148.405 F3554.948
G1 X176.964 Y149.082 F3554.948
G1 X176.842 Y149.634 F3554.948
G1 X176.719 Y150.185 F3554.948
G1 X176.462 Y150.614 F3554.948
G1 X176.205 Y151.043 F3554.948
G1 X175.810 Y151.359 F3554.948
G1 X175.414 Y151.675 F3554.948
G1 X174.875 Y151.887 F3554.948
G1 X174.335 Y152.098 F3554.948
G1 X173.645 Y152.220 F3554.948
G1 X172.955 Y152.342 F3554.948
G1 X172.391 Y152.376 F3554.948
G1 X171.826 Y152.411 F3554.948
G1 X171.262 Y152.445 F3554.948
G1 X170.588 Y152.448 F3554.948
G1 X169.914 Y152.450 F3554.948
G1 X169.240 Y152.453 F3554.948
G1 X168.453 Y152.438 F3554.948
G1 X167.667 Y152.423 F3554.948
G1 X166.880 Y152.408 F3554.948
G1 X166.204 Y152.397 F3554.948
G1 X165.529 Y152.385 F3554.948
G1 X164.853 Y152.374 F3554.948
G1 X164.178 Y152.363 F3554.948
G1 X163.427 Y152.360 F3554.948
G1 X162.677 Y152.356 F3554.948
G1 X161.927 Y152.353 F3554.948
G1 X161.177 Y152.350 F3554.948
G1 X160.531 Y152.360 F3554.948
G1 X159.885 Y152.370 F3554.948
G1 X159.240 Y152.380 F3554.948
G1 X158.594 Y152.390 F3554.948
G1 X157.949 Y152.400 F3554.948
G1 X157.279 Y152.427 F3554.948
G1 X156.609 Y152.454 F3554.948
G1 X155.939 Y152.481 F3554.948
G1 X155.270 Y152.508 F3554.948
G1 X154.600 Y152.535 F3554.948
G1 X153.932 Y152.581 F3554.948
G1 X153.264 Y152.627 F3554.948
G1 X152.596 Y152.673 F3554.948
G1 X151.929 Y152.719 F3554.948
G1 X151.261 Y152.765 F3554.948
G1 X150.622 Y152.829 F3554.948
G1 X149.983 Y152.892 F3554.948
G1 X149.344 Y152.956 F3554.948
G1 X148.705 Y153.019 F3554.948
G1 X148.066 Y153.083 F3554.948
G1 X147.332 Y153.177 F3554.948
G1 X146.598 Y153.272 F3554.948
G1 X145.865 Y153.366 F3554.948
G1 X145.131 Y153.461 F3554.948
G1 X144.477 Y153.561 F3554.948
G1 X143.824 Y153.661 F3554.948
G1 X143.170 Y153.761 F3554.948
G1 X142.516 Y153.861 F3554.948
G1 X141.755 Y153.990 F3554.948
G1 X140.994 Y154.120 F3554.948
G1 X140.233 Y154.249 F3554.948
G1 X139.573 Y154.367 F3554.948
G1 X138.913 Y154.484 F3554.948
G1 X138.252 Y154.601 F3554.948
G1 X137.677 Y154.707 F3554.948
G1 X137.102 Y154.813 F3554.948
G1 X136.527 Y154.919 F3554.948
G1 X135.761 Y155.062 F3554.948
G1 X134.996 Y155.205 F3554.948
G1 X134.294 Y155.338 F3554.948
G1 X133.592 Y155.472 F3554.948
G1 X132.912 Y155.620 F3554.948
G1 X132.231 Y155.768 F3554.948
G1 X131.541 Y155.932 F3554.948
G1 X130.850 Y156.096 F3554.948
G1 X130.114 Y156.293 F3554.948
G1 X129.378 Y156.490 F3554.948
G1 X128.830 Y156.659 F3554.948
G1 X128.283 Y156.827 F3554.948
G1 X127.736 Y156.996 F3554.948
G1 X127.102 Y157.218 F3554.948
G1 X126.468 Y157.440 F3554.948
G1 X125.835 Y157.663 F3554.948
G1 X125.273 Y157.887 F3554.948
G1 X124.711 Y158.111 F3554.948
G1 X124.150 Y158.335 F3554.948
G1 X123.588 Y158.559 F3554.948
G1 X122.919 Y158.860 F3554.948
G1 X122.249 Y159.161 F3554.948
G1 X121.579 Y159.462 F3554.948
G1 X120.910 Y159.763 F3554.948
G1 X120.285 Y160.079 F3554.948
G1 X119.661 Y160.395 F3554.948
G1 X119.036 Y160.711 F3554.948
G1 X118.411 Y161.027 F3554.948
G1 X117.787 Y161.343 F3554.948
G1 X117.204 Y161.675 F3554.948
G1 X116.621 Y162.008 F3554.948
G1 X116.038 Y162.340 F3554.948
G1 X115.455 Y162.673 F3554.948
G1 X114.872 Y163.005 F3554.948
G1 X114.289 Y163.338 F3554.948
G1 X113.664 Y163.741 F3554.948
G1 X113.038 Y164.145 F3554.948
G1 X112.412 Y164.548 F3554.948
G1 X111.786 Y164.952 F3554.948
G1 X111.161 Y165.355 F3554.948
G1 X110.535 Y165.759 F3554.948
G1 X109.889 Y166.228 F3554.948
G1 X109.244 Y166.696 F3554.948
G1 X108.598 Y167.165 F3554.948
G1 X107.953 Y167.634 F3554.948
G1 X107.307 Y168.103 F3554.948
G1 X106.662 Y168.571 F3554.948
G1 X106.112 Y169.015 F3554.948
G1 X105.563 Y169.459 F3554.948
G1 X105.013 Y169.903 F3554.948
G1 X104.464 Y170.346 F3554.948
G1 X103.914 Y170.790 F3554.948
G1 X103.365 Y171.234 F3554.948
G1 X102.815 Y171.678 F3554.948
G1 X102.284 Y172.146 F3554.948
G1 X101.753 Y172.614 F3554.948
G1 X101.221 Y173.082 F3554.948
G1 X100.690 Y173.551 F3554.948
G1 X100.159 Y174.019 F3554.948
G1 X99.628 Y174.487 F3554.948
G1 X99.096 Y174.956 F3554.948
G1 X98.594 Y175.430 F3554.948
G1 X98.091 Y175.905 F3554.948
G1 X97.589 Y176.380 F3554.948
G1 X97.086 Y176.855 F3554.948
G1 X96.584 Y177.329 F3554.948
G1 X96.081 Y177.804 F3554.948
G1 X95.579 Y178.279 F3554.948
G1 X95.039 Y178.816 F3554.948
G1 X94.499 Y179.354 F3554.948
G1 X93.959 Y179.892 F3554.948
G1 X93.419 Y180.429 F3554.948
G1 X92.879 Y180.967 F3554.948
G1 X92.339 Y181.504 F3554.948
G1 X91.859 Y182.006 F3554.948
G1 X91.380 Y182.507 F3554.948
G1 X90.900 Y183.008 F3554.948
G1 X90.421 Y183.510 F3554.948
G1 X89.941 Y184.011 F3554.948
G1 X89.462 Y184.512 F3554.948
G1 X88.973 Y185.053 F3554.948
G1 X88.485 Y185.594 F3554.948
G1 X87.996 Y186.135 F3554.948
G1 X87.508 Y186.676 F3554.948
G1 X87.019 Y187.217 F3554.948
G1 X86.521 Y187.807 F3554.948
G1 X86.023 Y188.397 F3554.948
G1 X85.525 Y188.987 F3554.948
G1 X85.027 Y189.577 F3554.948
G1 X84.634 Y190.085 F3554.948
G1 X84.241 Y190.593 F3554.948
G1 X83.848 Y191.101 F3554.948
G1 X83.455 Y191.609 F3554.948
G1 X83.043 Y192.192 F3554.948
G1 X82.630 Y192.776 F3554.948
G1 X82.217 Y193.360 F3554.948
G1 X81.888 Y193.870 F3554.948
G1 X81.558 Y194.380 F3554.948
G1 X81.228 Y194.889 F3554.948
G1 X80.814 Y195.569 F3554.948
G1 X80.399 Y196.249 F3554.948
G1 X80.023 Y196.872 F3554.948
G1 X79.647 Y197.496 F3554.948
G1 X79.266 Y198.083 F3554.948
G1 X78.884 Y198.670 F3554.948
G1 X78.465 Y199.244 F3554.948
G1 X78.047 Y199.819 F3554.948
G1 X77.552 Y200.394 F3554.948
G1 X77.057 Y200.970 F3554.948
G1 X76.650 Y201.369 F3554.948
G1 X76.243 Y201.769 F3554.948
G1 X75.836 Y202.168 F3554.948
G1 X75.328 Y202.593 F3554.948
G1 X74.819 Y203.018 F3554.948
G1 X74.311 Y203.443 F3554.948
G1 X73.676 Y203.899 F3554.948
G1 X73.041 Y204.355 F3554.948
G1 X72.406 Y204.811 F3554.948
G1 X71.825 Y205.177 F3554.948
G1 X71.244 Y205.543 F3554.948
G1 X70.662 Y205.909 F3554.948
G1 X70.081 Y206.274 F3554.948
G1 X69.395 Y206.657 F3554.948
G1 X68.709 Y207.039 F3554.948
G1 X68.023 Y207.421 F3554.948
G1 X67.336 Y207.804 F3554.948
G1 X66.720 Y208.109 F3554.948
G1 X66.104 Y208.414 F3554.948
G1 X65.487 Y208.720 F3554.948
G1 X64.871 Y209.025 F3554.948
G1 X64.255 Y209.330 F3554.948
G1 X63.595 Y209.617 F3554.948
G1 X62.935 Y209.904 F3554.948
G1 X62.275 Y210.191 F3554.948
G1 X61.615 Y210.478 F3554.948
G1 X60.955 Y210.764 F3554.948
G1 X60.276 Y211.014 F3554.948
G1 X59.597 Y211.264 F3554.948
G1 X58.918 Y211.514 F3554.948
G1 X58.238 Y211.764 F3554.948
G1 X57.559 Y212.013 F3554.948
G1 X56.873 Y212.211 F3554.948
G1 X56.187 Y212.408 F3554.948
G1 X55.501 Y212.605 F3554.948
G1 X54.815 Y212.803 F3554.948
G1 X54.129 Y213.000 F3554.948
G1 X53.431 Y213.136 F3554.948
G1 X52.734 Y213.272 F3554.948
G1 X52.036 Y213.408 F3554.948
G1 X51.339 Y213.544 F3554.948
G1 X50.641 Y213.680 F3554.948
G1 X49.915 Y213.753 F3554.948
G1 X49.190 Y213.825 F3554.948
G1 X48.465 Y213.898 F3554.948
G1 X47.739 Y213.970 F3554.948
G1 X47.014 Y214.043 F3554.948
G1 X46.240 Y214.059 F3554.948
G1 X45.467 Y214.075 F3554.948
G1 X44.694 Y214.092 F3554.948
G1 X43.921 Y214.108 F3554.948
G1 X43.148 Y214.125 F3554.948
G1 X42.451 Y214.100 F3554.948
G1 X41.755 Y214.074 F3554.948
G1 X41.058 Y214.049 F3554.948
G1 X40.361 Y214.024 F3554.948
G1 X39.665 Y213.999 F3554.948
G1 X38.968 Y213.974 F3554.948
G1 X38.217 Y213.923 F3554.948
G1 X37.466 Y213.872 F3554.948
G1 X36.715 Y213.820 F3554.948
G1 X35.965 Y213.769 F3554.948
G1 X35.214 Y213.718 F3554.948
G1 X34.463 Y213.667 F3554.948
G1 X33.705 Y213.598 F3554.948
G1 X32.947 Y213.528 F3554.948
G1 X32.189 Y213.459 F3554.948
G1 X31.432 Y213.390 F3554.948
G1 X30.674 Y213.321 F3554.948
G1 X29.916 Y213.252 F3554.948
G1 X29.172 Y213.157 F3554.948
G1 X28.428 Y213.063 F3554.948
G1 X27.684 Y212.969 F3554.948
G1 X26.940 Y212.875 F3554.948
G1 X26.196 Y212.781 F3554.948
G1 X25.506 Y212.660 F3554.948
G1 X24.816 Y212.540 F3554.948
G1 X24.126 Y212.419 F3554.948
G1 X23.436 Y212.299 F3554.948
G1 X22.820 Y212.139 F3554.948
G1 X22.205 Y211.978 F3554.948
G1 X21.589 Y211.817 F3554.948
G1 X21.099 Y211.578 F3554.948
G1 X20.609 Y211.339 F3554.948
M400 ; Wait for drawing to complete
G1 U0.800 F200.0 ; Flow ramp-down (viewer mode)
M5 ; Viewer hint: stop cutting
; STOP BRUSH A
G1 U0.000 F200.0 ; Close Brush A flow
M106 P2 S0 ; Brush A air off
; === PATH END ===

; Width clamped from 31.00mm to 25.00mm within [2.00,25.00] mm
; ===== STROKE PARAMETERS =====
; Color: black
; Width: 25.00mm
; Opacity: 0.25
; Brush: A
; Z-height: 83.00mm
; Paint flow: 0.56 -> U2.586mm
; Feedrate: 3554.9mm/min
; Modes: viewer_compat=true, viewer_emit_m3m5=true
; START BRUSH A
T0 ; Select Tool 0 (Brush A)
G0 X232.450 Y281.987 F12000.000
M400 ; Wait for XY movement to complete
G1 F3554.948
M106 P2 S1 ; Air on before paint
G1 U2.586 F200.0 ; Set paint flow to target (viewer mode)
G1 F3554.948
G4 P50 ; Short paint lead time
M3 S1 ; Viewer hint: start cutting
G1 X232.297 Y282.083 F3554.948
G1 X232.070 Y282.219 F3554.948
G1 X231.772 Y282.391 F3554.948
G1 X231.408 Y282.594 F3554.948
G1 X230.984 Y282.823 F3554.948
G1 X230.501 Y283.077 F3554.948
G1 X229.956 Y283.354 F3554.948
G1 X229.346 Y283.655 F3554.948
G1 X228.661 Y283.980 F3554.948
G1 X228.278 Y284.155 F3554.948
G1 X227.895 Y284.329 F3554.948
G1 X227.466 Y284.517 F3554.948
G1 X227.037 Y284.706 F3554.948
G1 X226.558 Y284.910 F3554.948
G1 X226.078 Y285.113 F3554.948
G1 X225.538 Y285.335 F3554.948
G1 X224.998 Y285.557 F3554.948
G1 X224.387 Y285.798 F3554.948
G1 X223.776 Y286.039 F3554.948
G1 X223.087 Y286.301 F3554.948
G1 X222.399 Y286.564 F3554.948
G1 X221.885 Y286.753 F3554.948
G1 X221.371 Y286.942 F3554.948
G1 X220.856 Y287.131 F3554.948
G1 X220.282 Y287.330 F3554.948
G1 X219.708 Y287.529 F3554.948
G1 X219.134 Y287.727 F3554.948
G1 X218.507 Y287.924 F3554.948
G1 X217.880 Y288.121 F3554.948
G1 X217.253 Y288.318 F3554.948
G1 X216.580 Y288.499 F3554.948
G1 X215.906 Y288.680 F3554.948
G1 X215.232 Y288.861 F3554.948
G1 X214.527 Y289.008 F3554.948
G1 X213.821 Y289.155 F3554.948
G1 X213.116 Y289.302 F3554.948
G1 X212.390 Y289.395 F3554.948
G1 X211.664 Y289.487 F3554.948
G1 X210.938 Y289.580 F3554.948
G1 X210.208 Y289.598 F3554.948
G1 X209.477 Y289.616 F3554.948
G1 X208.747 Y289.635 F3554.948
G1 X208.023 Y289.561 F3554.948
G1 X207.300 Y289.488 F3554.948
G1 X206.576 Y289.415 F3554.948
G1 X205.869 Y289.244 F3554.948
G1 X205.162 Y289.072 F3554.948
G1 X204.455 Y288.900 F3554.948
G1 X203.776 Y288.633 F3554.948
G1 X203.097 Y288.366 F3554.948
G1 X202.418 Y288.099 F3554.948
G1 X201.782 Y287.752 F3554.948
G1 X201.146 Y287.404 F3554.948
G1 X200.510 Y287.057 F3554.948
G1 X199.932 Y286.650 F3554.948
G1 X199.355 Y286.244 F3554.948
G1 X198.778 Y285.838 F3554.948
G1 X198.275 Y285.392 F3554.948
G1 X197.772 Y284.947 F3554.948
G1 X197.269 Y284.502 F3554.948
G1 X196.850 Y284.034 F3554.948
G1 X196.432 Y283.566 F3554.948
G1 X196.013 Y283.097 F3554.948
G1 X195.683 Y282.616 F3554.948
G1 X195.353 Y282.134 F3554.948
G1 X195.023 Y281.653 F3554.948
G1 X194.780 Y281.161 F3554.948
G1 X194.536 Y280.668 F3554.948
G1 X194.293 Y280.176 F3554.948
G1 X194.053 Y279.418 F3554.948
G1 X193.813 Y278.661 F3554.948
G1 X193.693 Y277.881 F3554.948
G1 X193.573 Y277.101 F3554.948
G1 X193.572 Y276.303 F3554.948
G1 X193.570 Y275.506 F3554.948
G1 X193.647 Y274.963 F3554.948
G1 X193.724 Y274.421 F3554.948
G1 X193.800 Y273.878 F3554.948
G1 X193.954 Y273.324 F3554.948
G1 X194.108 Y272.769 F3554.948
G1 X194.263 Y272.215 F3554.948
G1 X194.500 Y271.647 F3554.948
G1 X194.737 Y271.079 F3554.948
G1 X194.974 Y270.511 F3554.948
G1 X195.301 Y269.922 F3554.948
G1 X195.628 Y269.332 F3554.948
G1 X195.955 Y268.743 F3554.948
G1 X196.381 Y268.121 F3554.948
G1 X196.807 Y267.499 F3554.948
G1 X197.233 Y266.878 F3554.948
G1 X197.632 Y266.380 F3554.948
G1 X198.031 Y265.883 F3554.948
G1 X198.430 Y265.385 F3554.948
G1 X198.829 Y264.888 F3554.948
G1 X199.313 Y264.359 F3554.948
G1 X199.797 Y263.830 F3554.948
G1 X200.281 Y263.301 F3554.948
G1 X200.765 Y262.772 F3554.948
G1 X201.225 Y262.323 F3554.948
G1 X201.686 Y261.875 F3554.948
G1 X202.146 Y261.427 F3554.948
G1 X202.606 Y260.978 F3554.948
G1 X203.066 Y260.530 F3554.948
G1 X203.597 Y260.062 F3554.948
G1 X204.127 Y259.593 F3554.948
G1 X204.658 Y259.125 F3554.948
G1 X205.188 Y258.657 F3554.948
G1 X205.719 Y258.188 F3554.948
G1 X206.308 Y257.709 F3554.948
G1 X206.897 Y257.231 F3554.948
G1 X207.487 Y256.752 F3554.948
G1 X208.076 Y256.273 F3554.948
G1 X208.665 Y255.794 F3554.948
G1 X209.292 Y255.322 F3554.948
G1 X209.919 Y254.851 F3554.948
G1 X210.546 Y254.379 F3554.948
G1 X211.173 Y253.908 F3554.948
G1 X211.800 Y253.436 F3554.948
G1 X212.442 Y252.998 F3554.948
G1 X213.084 Y252.560 F3554.948
G1 X213.726 Y252.122 F3554.948
G1 X214.368 Y251.684 F3554.948
G1 X215.010 Y251.246 F3554.948
G1 X215.649 Y250.865 F3554.948
G1 X216.288 Y250.485 F3554.948
G1 X216.927 Y250.104 F3554.948
G1 X217.565 Y249.724 F3554.948
G1 X218.204 Y249.343 F3554.948
G1 X218.826 Y249.038 F3554.948
G1 X219.448 Y248.733 F3554.948
G1 X220.069 Y248.427 F3554.948
G1 X220.691 Y248.122 F3554.948
G1 X221.313 Y247.817 F3554.948
G1 X222.060 Y247.544 F3554.948
G1 X222.808 Y247.270 F3554.948
G1 X223.555 Y246.997 F3554.948
G1 X224.303 Y246.724 F3554.948
G1 X225.022 Y246.551 F3554.948
G1 X225.741 Y246.379 F3554.948
G1 X226.460 Y246.206 F3554.948
G1 X227.179 Y246.033 F3554.948
G1 X227.877 Y245.939 F3554.948
G1 X228.576 Y245.846 F3554.948
G1 X229.274 Y245.752 F3554.948
G1 X229.972 Y245.658 F3554.948
G1 X230.660 Y245.614 F3554.948
G1 X231.347 Y245.570 F3554.948
G1 X232.035 Y245.527 F3554.948
G1 X232.722 Y245.483 F3554.948
G1 X233.408 Y245.456 F3554.948
G1 X234.095 Y245.429 F3554.948
G1 X234.781 Y245.402 F3554.948
G1 X235.467 Y245.375 F3554.948
G1 X236.168 Y245.330 F3554.948
G1 X236.868 Y245.286 F3554.948
G1 X237.569 Y245.242 F3554.948
G1 X238.269 Y245.197 F3554.948
G1 X238.999 Y245.110 F3554.948
G1 X239.729 Y245.023 F3554.948
G1 X240.459 Y244.935 F3554.948
G1 X241.189 Y244.848 F3554.948
G1 X241.958 Y244.707 F3554.948
G1 X242.727 Y244.565 F3554.948
G1 X243.495 Y244.423 F3554.948
G1 X244.264 Y244.282 F3554.948
G1 X244.904 Y244.127 F3554.948
G1 X245.544 Y243.973 F3554.948
G1 X246.183 Y243.818 F3554.948
G1 X246.823 Y243.664 F3554.948
G1 X247.463 Y243.509 F3554.948
G1 X248.107 Y243.321 F3554.948
G1 X248.750 Y243.133 F3554.948
G1 X249.394 Y242.944 F3554.948
G1 X250.038 Y242.756 F3554.948
G1 X250.682 Y242.567 F3554.948
G1 X251.310 Y242.355 F3554.948
G1 X251.938 Y242.143 F3554.948
G1 X252.566 Y241.931 F3554.948
G1 X253.194 Y241.719 F3554.948
G1 X253.822 Y241.506 F3554.948
G1 X254.569 Y241.229 F3554.948
G1 X255.316 Y240.952 F3554.948
G1 X256.063 Y240.675 F3554.948
G1 X256.810 Y240.398 F3554.948
G1 X257.504 Y240.134 F3554.948
G1 X258.197 Y239.870 F3554.948
G1 X258.891 Y239.606 F3554.948
G1 X259.585 Y239.342 F3554.948
G1 X260.208 Y239.121 F3554.948
G1 X260.832 Y238.900 F3554.948
G1 X261.456 Y238.679 F3554.948
G1 X262.080 Y238.458 F3554.948
G1 X262.806 Y238.255 F3554.948
G1 X263.532 Y238.051 F3554.948
G1 X264.258 Y237.847 F3554.948
G1 X264.876 Y237.756 F3554.948
G1 X265.494 Y237.666 F3554.948
G1 X266.113 Y237.575 F3554.948
G1 X266.890 Y237.617 F3554.948
G1 X267.668 Y237.659 F3554.948
G1 X268.311 Y237.882 F3554.948
G1 X268.954 Y238.104 F3554.948
G1 X269.468 Y238.487 F3554.948
G1 X269.981 Y238.871 F3554.948
G1 X270.370 Y239.398 F3554.948
G1 X270.759 Y239.924 F3554.948
G1 X271.021 Y240.583 F3554.948
G1 X271.283 Y241.242 F3554.948
G1 X271.412 Y242.016 F3554.948
G1 X271.542 Y242.790 F3554.948
G1 X271.540 Y243.371 F3554.948
G1 X271.538 Y243.952 F3554.948
G1 X271.537 Y244.533 F3554.948
G1 X271.443 Y245.171 F3554.948
G1 X271.350 Y245.809 F3554.948
G1 X271.256 Y246.446 F3554.948
G1 X271.077 Y247.131 F3554.948
G1 X270.898 Y247.815 F3554.948
G1 X270.719 Y248.499 F3554.948
G1 X270.467 Y249.215 F3554.948
G1 X270.215 Y249.932 F3554.948
G1 X269.962 Y250.648 F3554.948
G1 X269.664 Y251.375 F3554.948
G1 X269.366 Y252.103 F3554.948
G1 X269.068 Y252.831 F3554.948
G1 X268.752 Y253.549 F3554.948
G1 X268.437 Y254.268 F3554.948
G1 X268.121 Y254.987 F3554.948
G1 X267.810 Y255.682 F3554.948
G1 X267.500 Y256.377 F3554.948
G1 X267.189 Y257.072 F3554.948
G1 X266.912 Y257.733 F3554.948
G1 X266.634 Y258.395 F3554.948
G1 X266.356 Y259.056 F3554.948
G1 X266.104 Y259.696 F3554.948
G1 X265.852 Y260.337 F3554.948
G1 X265.599 Y260.977 F3554.948
G1 X265.351 Y261.600 F3554.948
G1 X265.102 Y262.222 F3554.948
G1 X264.853 Y262.845 F3554.948
G1 X264.596 Y263.470 F3554.948
G1 X264.338 Y264.094 F3554.948
G1 X264.081 Y264.719 F3554.948
G1 X263.804 Y265.358 F3554.948
G1 X263.527 Y265.997 F3554.948
G1 X263.250 Y266.636 F3554.948
G1 X262.942 Y267.297 F3554.948
G1 X262.634 Y267.958 F3554.948
G1 X262.326 Y268.619 F3554.948
G1 X261.983 Y269.278 F3554.948
G1 X261.639 Y269.937 F3554.948
G1 X261.295 Y270.596 F3554.948
G1 X260.921 Y271.208 F3554.948
G1 X260.546 Y271.820 F3554.948
G1 X260.172 Y272.432 F3554.948
G1 X259.779 Y272.985 F3554.948
G1 X259.387 Y273.538 F3554.948
G1 X258.994 Y274.091 F3554.948
G1 X258.589 Y274.602 F3554.948
G1 X258.183 Y275.112 F3554.948
G1 X257.777 Y275.622 F3554.948
G1 X257.344 Y276.136 F3554.948
G1 X256.910 Y276.651 F3554.948
G1 X256.476 Y277.165 F3554.948
G1 X255.976 Y277.765 F3554.948
G1 X255.477 Y278.366 F3554.948
G1 X254.977 Y278.967 F3554.948
G1 X254.518 Y279.553 F3554.948
G1 X254.059 Y280.139 F3554.948
G1 X253.600 Y280.724 F3554.948
G1 X253.141 Y281.310 F3554.948
G1 X252.700 Y281.880 F3554.948
G1 X252.258 Y282.450 F3554.948
G1 X251.817 Y283.019 F3554.948
G1 X251.376 Y283.589 F3554.948
G1 X250.934 Y284.159 F3554.948
G1 X250.513 Y284.700 F3554.948
G1 X250.091 Y285.242 F3554.948
G1 X249.670 Y285.784 F3554.948
G1 X249.249 Y286.326 F3554.948
G1 X248.827 Y286.868 F3554.948
G1 X248.406 Y287.409 F3554.948
G1 X247.967 Y287.982 F3554.948
G1 X247.528 Y288.554 F3554.948
G1 X247.089 Y289.126 F3554.948
G1 X246.650 Y289.698 F3554.948
G1 X246.211 Y290.270 F3554.948
G1 X245.773 Y290.842 F3554.948
G1 X245.343 Y291.426 F3554.948
G1 X244.914 Y292.010 F3554.948
G1 X244.485 Y292.595 F3554.948
G1 X244.055 Y293.179 F3554.948
G1 X243.626 Y293.763 F3554.948
G1 X243.197 Y294.347 F3554.948
G1 X242.786 Y294.934 F3554.948
G1 X242.375 Y295.521 F3554.948
G1 X241.964 Y296.108 F3554.948
G1 X241.553 Y296.694 F3554.948
G1 X241.142 Y297.281 F3554.948
G1 X240.732 Y297.868 F3554.948
G1 X240.339 Y298.449 F3554.948
G1 X239.945 Y299.030 F3554.948
G1 X239.552 Y299.610 F3554.948
G1 X239.159 Y300.191 F3554.948
G1 X238.766 Y300.772 F3554.948
G1 X238.373 Y301.352 F3554.948
G1 X237.994 Y301.911 F3554.948
G1 X237.616 Y302.469 F3554.948
G1 X237.237 Y303.027 F3554.948
G1 X236.859 Y303.585 F3554.948
G1 X236.481 Y304.143 F3554.948
G1 X236.102 Y304.701 F3554.948
G1 X235.666 Y305.315 F3554.948
G1 X235.231 Y305.929 F3554.948
G1 X234.795 Y306.543 F3554.948
G1 X234.359 Y307.157 F3554.948
G1 X233.923 Y307.771 F3554.948
G1 X233.511 Y308.300 F3554.948
G1 X233.100 Y308.830 F3554.948
G1 X232.688 Y309.360 F3554.948
G1 X232.276 Y309.889 F3554.948
G1 X231.864 Y310.419 F3554.948
G1 X231.389 Y310.947 F3554.948
G1 X230.913 Y311.476 F3554.948
G1 X230.437 Y312.005 F3554.948
G1 X229.961 Y312.534 F3554.948
G1 X229.388 Y313.045 F3554.948
G1 X228.815 Y313.557 F3554.948
G1 X228.243 Y314.069 F3554.948
G1 X227.736 Y314.385 F3554.948
G1 X227.229 Y314.701 F3554.948
G1 X226.721 Y315.017 F3554.948
G1 X226.060 Y315.222 F3554.948
G1 X225.399 Y315.428 F3554.948
G1 X224.833 Y315.387 F3554.948
G1 X224.268 Y315.347 F3554.948
G1 X223.797 Y315.081 F3554.948
G1 X223.327 Y314.815 F3554.948
G1 X222.957 Y314.336 F3554.948
G1 X222.588 Y313.857 F3554.948
G1 X222.329 Y313.166 F3554.948
G1 X222.070 Y312.474 F3554.948
G1 X221.975 Y311.873 F3554.948
G1 X221.880 Y311.272 F3554.948
G1 X221.785 Y310.671 F3554.948
G1 X221.774 Y309.926 F3554.948
G1 X221.763 Y309.181 F3554.948
G1 X221.752 Y308.436 F3554.948
G1 X221.806 Y307.776 F3554.948
G1 X221.860 Y307.117 F3554.948
G1 X221.914 Y306.457 F3554.948
G1 X221.968 Y305.797 F3554.948
G1 X222.078 Y305.051 F3554.948
G1 X222.188 Y304.304 F3554.948
G1 X222.298 Y303.558 F3554.948
G1 X222.409 Y302.812 F3554.948
G1 X222.532 Y302.174 F3554.948
G1 X222.655 Y301.537 F3554.948
G1 X222.778 Y300.899 F3554.948
G1 X222.901 Y300.262 F3554.948
G1 X223.024 Y299.624 F3554.948
G1 X223.170 Y298.981 F3554.948
G1 X223.315 Y298.338 F3554.948
G1 X223.461 Y297.695 F3554.948
G1 X223.606 Y297.051 F3554.948
G1 X223.752 Y296.408 F3554.948
G1 X223.908 Y295.787 F3554.948
G1 X224.065 Y295.166 F3554.948
G1 X224.221 Y294.544 F3554.948
G1 X224.377 Y293.923 F3554.948
G1 X224.534 Y293.301 F3554.948
G1 X224.732 Y292.569 F3554.948
G1 X224.930 Y291.836 F3554.948
G1 X225.128 Y291.103 F3554.948
G1 X225.326 Y290.370 F3554.948
G1 X225.525 Y289.680 F3554.948
G1 X225.724 Y288.990 F3554.948
G1 X225.923 Y288.299 F3554.948
G1 X226.122 Y287.609 F3554.948
G1 X226.317 Y286.934 F3554.948
G1 X226.512 Y286.258 F3554.948
G1 X226.707 Y285.583 F3554.948
G1 X226.901 Y284.908 F3554.948
G1 X227.092 Y284.216 F3554.948
G1 X227.283 Y283.524 F3554.948
G1 X227.474 Y282.832 F3554.948
G1 X227.665 Y282.141 F3554.948
G1 X227.853 Y281.399 F3554.948
G1 X228.040 Y280.658 F3554.948
G1 X228.227 Y279.917 F3554.948
G1 X228.414 Y279.175 F3554.948
G1 X228.557 Y278.522 F3554.948
G1 X228.700 Y277.868 F3554.948
G1 X228.844 Y277.215 F3554.948
G1 X228.987 Y276.561 F3554.948
G1 X229.130 Y275.907 F3554.948
G1 X229.256 Y275.193 F3554.948
G1 X229.382 Y274.479 F3554.948
G1 X229.509 Y273.765 F3554.948
G1 X229.635 Y273.051 F3554.948
G1 X229.761 Y272.336 F3554.948
G1 X229.849 Y271.585 F3554.948
G1 X229.936 Y270.834 F3554.948
G1 X230.024 Y270.083 F3554.948
G1 X230.112 Y269.332 F3554.948
G1 X230.199 Y268.581 F3554.948
G1 X230.217 Y267.833 F3554.948
G1 X230.235 Y267.085 F3554.948
G1 X230.252 Y266.337 F3554.948
G1 X230.270 Y265.589 F3554.948
G1 X230.288 Y264.842 F3554.948
G1 X230.210 Y264.129 F3554.948
G1 X230.132 Y263.416 F3554.948
G1 X230.054 Y262.704 F3554.948
G1 X229.976 Y261.991 F3554.948
G1 X229.898 Y261.279 F3554.948
G1 X229.719 Y260.611 F3554.948
G1 X229.539 Y259.943 F3554.948
G1 X229.360 Y259.275 F3554.948
G1 X229.180 Y258.607 F3554.948
G1 X229.001 Y257.940 F3554.948
G1 X228.732 Y257.318 F3554.948
G1 X228.464 Y256.696 F3554.948
G1 X228.195 Y256.074 F3554.948
G1 X227.927 Y255.453 F3554.948
G1 X227.659 Y254.831 F3554.948
G1 X227.326 Y254.260 F3554.948
G1 X226.994 Y253.689 F3554.948
G1 X226.661 Y253.118 F3554.948
G1 X226.329 Y252.547 F3554.948
G1 X225.996 Y251.976 F3554.948
G1 X225.534 Y251.340 F3554.948
G1 X225.071 Y250.705 F3554.948
G1 X224.609 Y250.069 F3554.948
G1 X224.146 Y249.433 F3554.948
G1 X223.657 Y248.890 F3554.948
G1 X223.168 Y248.347 F3554.948
G1 X222.678 Y247.804 F3554.948
G1 X222.189 Y247.261 F3554.948
G1 X221.679 Y246.813 F3554.948
G1 X221.169 Y246.365 F3554.948
G1 X220.659 Y245.918 F3554.948
G1 X220.149 Y245.470 F3554.948
G1 X219.613 Y245.114 F3554.948
G1 X219.076 Y244.758 F3554.948
G1 X218.540 Y244.402 F3554.948
G1 X218.004 Y244.046 F3554.948
G1 X217.430 Y243.771 F3554.948
G1 X216.856 Y243.496 F3554.948
G1 X216.283 Y243.221 F3554.948
G1 X215.709 Y242.946 F3554.948
G1 X215.088 Y242.738 F3554.948
G1 X214.467 Y242.530 F3554.948
G1 X213.846 Y242.323 F3554.948
G1 X213.225 Y242.115 F3554.948
G1 X212.549 Y241.959 F3554.948
G1 X211.873 Y241.804 F3554.948
G1 X211.197 Y241.649 F3554.948
G1 X210.522 Y241.493 F3554.948
G1 X209.798 Y241.381 F3554.948
G1 X209.074 Y241.268 F3554.948
G1 X208.351 Y241.156 F3554.948
G1 X207.627 Y241.043 F3554.948
G1 X206.872 Y240.965 F3554.948
G1 X206.116 Y240.887 F3554.948
G1 X205.361 Y240.809 F3554.948
G1 X204.605 Y240.731 F3554.948
G1 X203.843 Y240.684 F3554.948
G1 X203.081 Y240.637 F3554.948
G1 X202.318 Y240.590 F3554.948
G1 X201.556 Y240.543 F3554.948
G1 X200.817 Y240.525 F3554.948
G1 X200.078 Y240.508 F3554.948
G1 X199.338 Y240.490 F3554.948
G1 X198.599 Y240.472 F3554.948
G1 X197.908 Y240.484 F3554.948
G1 X197.216 Y240.496 F3554.948
G1 X196.525 Y240.508 F3554.948
G1 X195.834 Y240.519 F3554.948
G1 X195.204 Y240.562 F3554.948
G1 X194.575 Y240.605 F3554.948
G1 X193.946 Y240.648 F3554.948
G1 X193.316 Y240.691 F3554.948
G1 X192.567 Y240.789 F3554.948
G1 X191.818 Y240.887 F3554.948
G1 X191.069 Y240.985 F3554.948
G1 X190.400 Y241.120 F3554.948
G1 X189.732 Y241.255 F3554.948
G1 X189.064 Y241.390 F3554.948
G1 X188.461 Y241.560 F3554.948
G1 X187.859 Y241.730 F3554.948
G1 X187.256 Y241.901 F3554.948
G1 X186.700 Y242.101 F3554.948
G1 X186.143 Y242.301 F3554.948
G1 X185.586 Y242.501 F3554.948
G1 X185.053 Y242.728 F3554.948
G1 X184.521 Y242.955 F3554.948
G1 X183.989 Y243.181 F3554.948
G1 X183.459 Y243.426 F3554.948
G1 X182.930 Y243.672 F3554.948
G1 X182.401 Y243.917 F3554.948
G1 X181.854 Y244.172 F3554.948
G1 X181.307 Y244.428 F3554.948
G1 X180.760 Y244.684 F3554.948
G1 X180.176 Y244.941 F3554.948
G1 X179.593 Y245.197 F3554.948
G1 X179.010 Y245.454 F3554.948
G1 X178.371 Y245.702 F3554.948
G1 X177.732 Y245.950 F3554.948
G1 X177.093 Y246.197 F3554.948
G1 X176.381 Y246.429 F3554.948
G1 X175.669 Y246.661 F3554.948
G1 X174.958 Y246.893 F3554.948
G1 X174.357 Y247.050 F3554.948
G1 X173.756 Y247.207 F3554.948
G1 X173.156 Y247.364 F3554.948
G1 X172.555 Y247.520 F3554.948
G1 X171.884 Y247.657 F3554.948
G1 X171.212 Y247.793 F3554.948
G1 X170.541 Y247.929 F3554.948
G1 X169.870 Y248.065 F3554.948
G1 X169.130 Y248.179 F3554.948
G1 X168.389 Y248.293 F3554.948
G1 X167.649 Y248.407 F3554.948
G1 X166.909 Y248.520 F3554.948
G1 X166.272 Y248.589 F3554.948
G1 X165.636 Y248.657 F3554.948
G1 X164.999 Y248.725 F3554.948
G1 X164.362 Y248.794 F3554.948
G1 X163.726 Y248.862 F3554.948
G1 X163.063 Y248.906 F3554.948
G1 X162.400 Y248.950 F3554.948
G1 X161.738 Y248.994 F3554.948
G1 X161.075 Y249.037 F3554.948
G1 X160.412 Y249.081 F3554.948
G1 X159.741 Y249.099 F3554.948
G1 X159.071 Y249.116 F3554.948
G1 X158.400 Y249.134 F3554.948
G1 X157.729 Y249.151 F3554.948
G1 X157.058 Y249.169 F3554.948
G1 X156.391 Y249.160 F3554.948
G1 X155.724 Y249.151 F3554.948
G1 X155.056 Y249.142 F3554.948
G1 X154.389 Y249.133 F3554.948
G1 X153.722 Y249.124 F3554.948
G1 X153.061 Y249.087 F3554.948
G1 X152.399 Y249.051 F3554.948
G1 X151.738 Y249.014 F3554.948
G1 X151.076 Y248.978 F3554.948
G1 X150.415 Y248.941 F3554.948
G1 X149.756 Y248.878 F3554.948
G1 X149.096 Y248.814 F3554.948
G1 X148.437 Y248.751 F3554.948
G1 X147.778 Y248.687 F3554.948
G1 X147.118 Y248.624 F3554.948
G1 X146.453 Y248.535 F3554.948
G1 X145.788 Y248.446 F3554.948
G1 X145.123 Y248.357 F3554.948
G1 X144.458 Y248.268 F3554.948
G1 X143.793 Y248.179 F3554.948
G1 X143.116 Y248.068 F3554.948
G1 X142.440 Y247.957 F3554.948
G1 X141.764 Y247.846 F3554.948
G1 X141.087 Y247.735 F3554.948
G1 X140.411 Y247.624 F3554.948
G1 X139.729 Y247.496 F3554.948
G1 X139.047 Y247.368 F3554.948
G1 X138.365 Y247.241 F3554.948
G1 X137.684 Y247.113 F3554.948
G1 X137.002 Y246.986 F3554.948
G1 X136.333 Y246.848 F3554.948
G1 X135.664 Y246.711 F3554.948
G1 X134.994 Y246.573 F3554.948
G1 X134.325 Y246.436 F3554.948
G1 X133.656 Y246.298 F3554.948
G1 X133.023 Y246.158 F3554.948
G1 X132.390 Y246.018 F3554.948
G1 X131.757 Y245.877 F3554.948
G1 X131.124 Y245.737 F3554.948
G1 X130.491 Y245.597 F3554.948
G1 X129.770 Y245.421 F3554.948
G1 X129.049 Y245.245 F3554.948
G1 X128.328 Y245.069 F3554.948
G1 X127.607 Y244.893 F3554.948
G1 X126.973 Y244.713 F3554.948
G1 X126.340 Y244.533 F3554.948
G1 X125.706 Y244.353 F3554.948
G1 X125.073 Y244.173 F3554.948
G1 X124.357 Y243.917 F3554.948
G1 X123.641 Y243.660 F3554.948
G1 X122.925 Y243.403 F3554.948
G1 X122.337 Y243.118 F3554.948
G1 X121.749 Y242.832 F3554.948
G1 X121.160 Y242.546 F3554.948
G1 X120.691 Y242.214 F3554.948
G1 X120.221 Y241.881 F3554.948
G1 X119.751 Y241.549 F3554.948
G1 X119.388 Y241.154 F3554.948
G1 X119.024 Y240.760 F3554.948
G1 X118.661 Y240.366 F3554.948
G1 X118.387 Y239.892 F3554.948
G1 X118.113 Y239.419 F3554.948
G1 X117.840 Y238.945 F3554.948
G1 X117.639 Y238.379 F3554.948
G1 X117.439 Y237.813 F3554.948
G1 X117.239 Y237.247 F3554.948
G1 X117.098 Y236.574 F3554.948
G1 X116.956 Y235.901 F3554.948
G1 X116.815 Y235.228 F3554.948
G1 X116.718 Y234.437 F3554.948
G1 X116.621 Y233.646 F3554.948
G1 X116.524 Y232.854 F3554.948
G1 X116.474 Y232.171 F3554.948
G1 X116.424 Y231.487 F3554.948
G1 X116.375 Y230.803 F3554.948
G1 X116.325 Y230.119 F3554.948
G1 X116.287 Y229.351 F3554.948
G1 X116.250 Y228.584 F3554.948
G1 X116.212 Y227.817 F3554.948
G1 X116.175 Y227.050 F3554.948
G1 X116.148 Y226.381 F3554.948
G1 X116.121 Y225.712 F3554.948
G1 X116.094 Y225.043 F3554.948
G1 X116.067 Y224.374 F3554.948
G1 X116.040 Y223.705 F3554.948
G1 X116.010 Y222.995 F3554.948
G1 X115.980 Y222.285 F3554.948
G1 X115.951 Y221.575 F3554.948
G1 X115.921 Y220.865 F3554.948
G1 X115.892 Y220.154 F3554.948
G1 X115.857 Y219.413 F3554.948
G1 X115.822 Y218.671 F3554.948
G1 X115.788 Y217.929 F3554.948
G1 X115.753 Y217.187 F3554.948
G1 X115.718 Y216.445 F3554.948
G1 X115.681 Y215.674 F3554.948
G1 X115.643 Y214.902 F3554.948
G1 X115.605 Y214.130 F3554.948
G1 X115.568 Y213.359 F3554.948
G1 X115.530 Y212.587 F3554.948
G1 X115.501 Y211.920 F3554.948
G1 X115.471 Y211.252 F3554.948
G1 X115.442 Y210.585 F3554.948
G1 X115.413 Y209.917 F3554.948
G1 X115.384 Y209.249 F3554.948
G1 X115.354 Y208.582 F3554.948
G1 X115.334 Y207.887 F3554.948
G1 X115.314 Y207.193 F3554.948
G1 X115.294 Y206.498 F3554.948
G1 X115.274 Y205.803 F3554.948
G1 X115.253 Y205.109 F3554.948
G1 X115.233 Y204.414 F3554.948
G1 X115.227 Y203.694 F3554.948
G1 X115.222 Y202.973 F3554.948
G1 X115.216 Y202.253 F3554.948
G1 X115.210 Y201.532 F3554.948
G1 X115.204 Y200.812 F3554.948
G1 X115.198 Y200.091 F3554.948
G1 X115.209 Y199.353 F3554.948
G1 X115.221 Y198.614 F3554.948
G1 X115.232 Y197.875 F3554.948
G1 X115.243 Y197.137 F3554.948
G1 X115.254 Y196.398 F3554.948
G1 X115.265 Y195.659 F3554.948
G1 X115.293 Y194.916 F3554.948
G1 X115.321 Y194.172 F3554.948
G1 X115.349 Y193.429 F3554.948
G1 X115.377 Y192.685 F3554.948
G1 X115.405 Y191.942 F3554.948
G1 X115.433 Y191.199 F3554.948
G1 X115.475 Y190.467 F3554.948
G1 X115.517 Y189.735 F3554.948
G1 X115.558 Y189.004 F3554.948
G1 X115.600 Y188.272 F3554.948
G1 X115.642 Y187.541 F3554.948
G1 X115.684 Y186.809 F3554.948
G1 X115.734 Y186.108 F3554.948
G1 X115.784 Y185.408 F3554.948
G1 X115.834 Y184.707 F3554.948
G1 X115.884 Y184.006 F3554.948
G1 X115.934 Y183.306 F3554.948
G1 X115.985 Y182.605 F3554.948
G1 X116.043 Y181.829 F3554.948
G1 X116.102 Y181.053 F3554.948
G1 X116.161 Y180.278 F3554.948
G1 X116.220 Y179.502 F3554.948
G1 X116.279 Y178.726 F3554.948
G1 X116.322 Y178.041 F3554.948
G1 X116.364 Y177.357 F3554.948
G1 X116.407 Y176.672 F3554.948
G1 X116.450 Y175.987 F3554.948
G1 X116.492 Y175.302 F3554.948
G1 X116.505 Y174.587 F3554.948
G1 X116.518 Y173.872 F3554.948
G1 X116.531 Y173.157 F3554.948
G1 X116.543 Y172.442 F3554.948
G1 X116.486 Y171.691 F3554.948
G1 X116.428 Y170.939 F3554.948
G1 X116.371 Y170.188 F3554.948
G1 X116.224 Y169.638 F3554.948
G1 X116.078 Y169.087 F3554.948
G1 X115.931 Y168.537 F3554.948
G1 X115.571 Y167.991 F3554.948
G1 X115.210 Y167.444 F3554.948
G1 X114.706 Y167.152 F3554.948
G1 X114.203 Y166.859 F3554.948
G1 X113.559 Y166.796 F3554.948
G1 X112.914 Y166.732 F3554.948
G1 X112.133 Y166.875 F3554.948
G1 X111.352 Y167.018 F3554.948
G1 X110.747 Y167.234 F3554.948
G1 X110.142 Y167.450 F3554.948
G1 X109.537 Y167.666 F3554.948
G1 X108.856 Y167.990 F3554.948
G1 X108.174 Y168.314 F3554.948
G1 X107.493 Y168.637 F3554.948
G1 X106.932 Y168.950 F3554.948
G1 X106.371 Y169.263 F3554.948
G1 X105.810 Y169.576 F3554.948
G1 X105.249 Y169.889 F3554.948
G1 X104.644 Y170.263 F3554.948
G1 X104.040 Y170.636 F3554.948
G1 X103.436 Y171.010 F3554.948
G1 X102.832 Y171.384 F3554.948
G1 X102.194 Y171.807 F3554.948
G1 X101.557 Y172.231 F3554.948
G1 X100.920 Y172.654 F3554.948
G1 X100.283 Y173.077 F3554.948
G1 X99.757 Y173.444 F3554.948
G1 X99.231 Y173.812 F3554.948
G1 X98.705 Y174.179 F3554.948
G1 X98.180 Y174.546 F3554.948
G1 X97.654 Y174.913 F3554.948
G1 X97.127 Y175.294 F3554.948
G1 X96.600 Y175.674 F3554.948
G1 X96.074 Y176.055 F3554.948
G1 X95.547 Y176.435 F3554.948
G1 X95.021 Y176.816 F3554.948
G1 X94.386 Y177.283 F3554.948
G1 X93.751 Y177.751 F3554.948
G1 X93.116 Y178.219 F3554.948
G1 X92.481 Y178.686 F3554.948
G1 X91.893 Y179.120 F3554.948
G1 X91.305 Y179.553 F3554.948
G1 X90.717 Y179.986 F3554.948
G1 X90.129 Y180.419 F3554.948
G1 X89.610 Y180.796 F3554.948
G1 X89.090 Y181.172 F3554.948
G1 X88.571 Y181.548 F3554.948
G1 X88.052 Y181.925 F3554.948
G1 X87.466 Y182.328 F3554.948
G1 X86.881 Y182.731 F3554.948
G1 X86.296 Y183.134 F3554.948
G1 X85.823 Y183.422 F3554.948
G1 X85.350 Y183.711 F3554.948
G1 X84.876 Y183.999 F3554.948
G1 X84.329 Y184.252 F3554.948
G1 X83.782 Y184.505 F3554.948
G1 X83.381 Y184.580 F3554.948
G1 X82.980 Y184.655 F3554.948
G1 X82.433 Y184.460 F3554.948
G1 X82.108 Y183.925 F3554.948
G1 X82.045 Y183.493 F3554.948
G1 X81.981 Y183.060 F3554.948
G1 X82.007 Y182.461 F3554.948
G1 X82.033 Y181.861 F3554.948
G1 X82.143 Y181.099 F3554.948
G1 X82.252 Y180.337 F3554.948
G1 X82.380 Y179.726 F3554.948
G1 X82.507 Y179.115 F3554.948
G1 X82.634 Y178.504 F3554.948
G1 X82.814 Y177.793 F3554.948
G1 X82.993 Y177.082 F3554.948
G1 X83.172 Y176.371 F3554.948
G1 X83.344 Y175.773 F3554.948
G1 X83.517 Y175.175 F3554.948
G1 X83.689 Y174.577 F3554.948
G1 X83.862 Y173.979 F3554.948
G1 X84.071 Y173.328 F3554.948
G1 X84.279 Y172.676 F3554.948
G1 X84.488 Y172.025 F3554.948
G1 X84.697 Y171.373 F3554.948
G1 X84.938 Y170.682 F3554.948
G1 X85.180 Y169.991 F3554.948
G1 X85.422 Y169.300 F3554.948
G1 X85.664 Y168.608 F3554.948
G1 X85.932 Y167.891 F3554.948
G1 X86.201 Y167.173 F3554.948
G1 X86.470 Y166.455 F3554.948
G1 X86.738 Y165.738 F3554.948
G1 X87.025 Y165.001 F3554.948
G1 X87.312 Y164.264 F3554.948
G1 X87.599 Y163.527 F3554.948
G1 X87.886 Y162.790 F3554.948
G1 X88.122 Y162.185 F3554.948
G1 X88.359 Y161.579 F3554.948
G1 X88.595 Y160.974 F3554.948
G1 X88.831 Y160.369 F3554.948
G1 X89.067 Y159.763 F3554.948
G1 X89.302 Y159.134 F3554.948
G1 X89.536 Y158.505 F3554.948
G1 X89.770 Y157.876 F3554.948
G1 X90.005 Y157.247 F3554.948
G1 X90.239 Y156.617 F3554.948
G1 X90.461 Y155.954 F3554.948
G1 X90.683 Y155.291 F3554.948
G1 X90.905 Y154.628 F3554.948
G1 X91.128 Y153.965 F3554.948
G1 X91.350 Y153.302 F3554.948
G1 X91.551 Y152.599 F3554.948
G1 X91.751 Y151.896 F3554.948
G1 X91.952 Y151.192 F3554.948
G1 X92.153 Y150.489 F3554.948
G1 X92.354 Y149.786 F3554.948
G1 X92.524 Y149.045 F3554.948
G1 X92.695 Y148.304 F3554.948
G1 X92.866 Y147.563 F3554.948
G1 X93.037 Y146.823 F3554.948
G1 X93.208 Y146.082 F3554.948
G1 X93.341 Y145.322 F3554.948
G1 X93.474 Y144.563 F3554.948
G1 X93.607 Y143.804 F3554.948
G1 X93.740 Y143.044 F3554.948
G1 X93.873 Y142.285 F3554.948
G1 X93.963 Y141.539 F3554.948
G1 X94.054 Y140.793 F3554.948
G1 X94.144 Y140.047 F3554.948
G1 X94.234 Y139.300 F3554.948
G1 X94.324 Y138.554 F3554.948
G1 X94.370 Y137.856 F3554.948
G1 X94.416 Y137.158 F3554.948
G1 X94.462 Y136.460 F3554.948
G1 X94.508 Y135.762 F3554.948
G1 X94.554 Y135.065 F3554.948
G1 X94.561 Y134.279 F3554.948
G1 X94.568 Y133.494 F3554.948
G1 X94.576 Y132.709 F3554.948
G1 X94.583 Y131.924 F3554.948
G1 X94.551 Y131.228 F3554.948
G1 X94.519 Y130.532 F3554.948
G1 X94.487 Y129.836 F3554.948
G1 X94.455 Y129.140 F3554.948
G1 X94.397 Y128.518 F3554.948
G1 X94.340 Y127.896 F3554.948
G1 X94.282 Y127.273 F3554.948
G1 X94.224 Y126.651 F3554.948
G1 X94.131 Y125.886 F3554.948
G1 X94.038 Y125.121 F3554.948
G1 X93.944 Y124.357 F3554.948
G1 X93.843 Y123.621 F3554.948
G1 X93.742 Y122.886 F3554.948
G1 X93.641 Y122.150 F3554.948
G1 X93.551 Y121.414 F3554.948
G1 X93.462 Y120.677 F3554.948
G1 X93.372 Y119.941 F3554.948
G1 X93.305 Y119.168 F3554.948
G1 X93.239 Y118.396 F3554.948
G1 X93.172 Y117.623 F3554.948
G1 X93.144 Y116.994 F3554.948
G1 X93.116 Y116.365 F3554.948
G1 X93.087 Y115.736 F3554.948
G1 X93.059 Y115.107 F3554.948
G1 X93.054 Y114.410 F3554.948
G1 X93.049 Y113.713 F3554.948
G1 X93.044 Y113.015 F3554.948
G1 X93.039 Y112.318 F3554.948
G1 X93.057 Y111.539 F3554.948
G1 X93.074 Y110.760 F3554.948
G1 X93.091 Y109.981 F3554.948
G1 X93.108 Y109.201 F3554.948
G1 X93.133 Y108.515 F3554.948
G1 X93.157 Y107.829 F3554.948
G1 X93.182 Y107.142 F3554.948
G1 X93.206 Y106.456 F3554.948
G1 X93.231 Y105.770 F3554.948
G1 X93.257 Y105.034 F3554.948
G1 X93.282 Y104.298 F3554.948
G1 X93.308 Y103.562 F3554.948
G1 X93.334 Y102.826 F3554.948
G1 X93.360 Y102.089 F3554.948
G1 X93.377 Y101.327 F3554.948
G1 X93.395 Y100.565 F3554.948
G1 X93.412 Y99.803 F3554.948
G1 X93.429 Y99.041 F3554.948
G1 X93.446 Y98.279 F3554.948
G1 X93.446 Y97.522 F3554.948
G1 X93.447 Y96.764 F3554.948
G1 X93.447 Y96.006 F3554.948
G1 X93.447 Y95.248 F3554.948
G1 X93.447 Y94.491 F3554.948
G1 X93.425 Y93.768 F3554.948
G1 X93.403 Y93.046 F3554.948
G1 X93.381 Y92.324 F3554.948
G1 X93.359 Y91.601 F3554.948
G1 X93.337 Y90.879 F3554.948
G1 X93.290 Y90.211 F3554.948
G1 X93.244 Y89.542 F3554.948
G1 X93.197 Y88.874 F3554.948
G1 X93.150 Y88.206 F3554.948
G1 X93.104 Y87.537 F3554.948
G1 X93.013 Y86.774 F3554.948
G1 X92.922 Y86.011 F3554.948
G1 X92.832 Y85.247 F3554.948
G1 X92.741 Y84.484 F3554.948
G1 X92.617 Y83.781 F3554.948
G1 X92.493 Y83.078 F3554.948
G1 X92.369 Y82.375 F3554.948
G1 X92.244 Y81.672 F3554.948
G1 X92.083 Y81.003 F3554.948
G1 X91.922 Y80.334 F3554.948
G1 X91.762 Y79.665 F3554.948
G1 X91.601 Y78.997 F3554.948
G1 X91.393 Y78.326 F3554.948
G1 X91.186 Y77.655 F3554.948
G1 X90.979 Y76.984 F3554.948
G1 X90.772 Y76.314 F3554.948
G1 X90.506 Y75.609 F3554.948
G1 X90.241 Y74.904 F3554.948
G1 X89.975 Y74.198 F3554.948
G1 X89.709 Y73.493 F3554.948
G1 X89.440 Y72.879 F3554.948
G1 X89.172 Y72.266 F3554.948
G1 X88.903 Y71.652 F3554.948
G1 X88.634 Y71.038 F3554.948
G1 X88.366 Y70.424 F3554.948
G1 X88.052 Y69.769 F3554.948
G1 X87.739 Y69.113 F3554.948
G1 X87.425 Y68.457 F3554.948
G1 X87.112 Y67.802 F3554.948
G1 X86.798 Y67.146 F3554.948
G1 X86.461 Y66.478 F3554.948
G1 X86.123 Y65.810 F3554.948
G1 X85.785 Y65.143 F3554.948
G1 X85.447 Y64.475 F3554.948
G1 X85.110 Y63.807 F3554.948
G1 X84.761 Y63.162 F3554.948
G1 X84.412 Y62.517 F3554.948
G1 X84.062 Y61.872 F3554.948
G1 X83.713 Y61.227 F3554.948
G1 X83.364 Y60.582 F3554.948
G1 X83.013 Y59.995 F3554.948
G1 X82.662 Y59.408 F3554.948
G1 X82.311 Y58.821 F3554.948
G1 X81.960 Y58.234 F3554.948
G1 X81.609 Y57.647 F3554.948
G1 X81.174 Y57.024 F3554.948
G1 X80.740 Y56.400 F3554.948
G1 X80.305 Y55.776 F3554.948
G1 X79.871 Y55.152 F3554.948
G1 X79.453 Y54.666 F3554.948
G1 X79.034 Y54.179 F3554.948
G1 X78.616 Y53.692 F3554.948
G1 X78.197 Y53.205 F3554.948
G1 X77.669 Y52.748 F3554.948
G1 X77.140 Y52.291 F3554.948
G1 X76.612 Y51.835 F3554.948
G1 X76.115 Y51.563 F3554.948
G1 X75.618 Y51.291 F3554.948
G1 X75.121 Y51.020 F3554.948
G1 X74.420 Y50.873 F3554.948
G1 X73.718 Y50.726 F3554.948
G1 X73.053 Y50.822 F3554.948
G1 X72.388 Y50.919 F3554.948
G1 X71.749 Y51.237 F3554.948
G1 X71.110 Y51.554 F3554.948
G1 X70.697 Y51.902 F3554.948
G1 X70.283 Y52.251 F3554.948
G1 X69.870 Y52.599 F3554.948
G1 X69.467 Y53.082 F3554.948
G1 X69.064 Y53.566 F3554.948
G1 X68.661 Y54.049 F3554.948
G1 X68.273 Y54.667 F3554.948
G1 X67.885 Y55.286 F3554.948
G1 X67.497 Y55.904 F3554.948
G1 X67.222 Y56.459 F3554.948
G1 X66.948 Y57.014 F3554.948
G1 X66.674 Y57.569 F3554.948
G1 X66.400 Y58.124 F3554.948
G1 X66.155 Y58.765 F3554.948
G1 X65.909 Y59.407 F3554.948
G1 X65.664 Y60.049 F3554.948
G1 X65.418 Y60.690 F3554.948
G1 X65.215 Y61.392 F3554.948
G1 X65.012 Y62.094 F3554.948
G1 X64.808 Y62.796 F3554.948
G1 X64.605 Y63.497 F3554.948
G1 X64.457 Y64.230 F3554.948
G1 X64.308 Y64.963 F3554.948
G1 X64.160 Y65.696 F3554.948
G1 X64.012 Y66.429 F3554.948
G1 X63.929 Y67.164 F3554.948
G1 X63.846 Y67.900 F3554.948
G1 X63.763 Y68.636 F3554.948
G1 X63.680 Y69.371 F3554.948
G1 X63.667 Y70.084 F3554.948
G1 X63.655 Y70.797 F3554.948
G1 X63.642 Y71.510 F3554.948
G1 X63.629 Y72.223 F3554.948
G1 X63.687 Y72.898 F3554.948
G1 X63.745 Y73.573 F3554.948
G1 X63.804 Y74.247 F3554.948
G1 X63.862 Y74.922 F3554.948
G1 X63.992 Y75.556 F3554.948
G1 X64.122 Y76.191 F3554.948
G1 X64.252 Y76.825 F3554.948
G1 X64.382 Y77.459 F3554.948
G1 X64.583 Y78.060 F3554.948
G1 X64.784 Y78.661 F3554.948
G1 X64.986 Y79.261 F3554.948
G1 X65.187 Y79.862 F3554.948
G1 X65.463 Y80.450 F3554.948
G1 X65.739 Y81.038 F3554.948
G1 X66.016 Y81.626 F3554.948
G1 X66.292 Y82.214 F3554.948
G1 X66.645 Y82.815 F3554.948
G1 X66.999 Y83.417 F3554.948
G1 X67.353 Y84.018 F3554.948
G1 X67.706 Y84.619 F3554.948
G1 X68.130 Y85.254 F3554.948
G1 X68.553 Y85.889 F3554.948
G1 X68.977 Y86.524 F3554.948
G1 X69.401 Y87.159 F3554.948
G1 X69.777 Y87.692 F3554.948
G1 X70.154 Y88.225 F3554.948
G1 X70.530 Y88.758 F3554.948
G1 X70.907 Y89.291 F3554.948
G1 X71.283 Y89.823 F3554.948
G1 X71.669 Y90.368 F3554.948
G1 X72.055 Y90.912 F3554.948
G1 X72.442 Y91.457 F3554.948
G1 X72.828 Y92.001 F3554.948
G1 X73.214 Y92.546 F3554.948
G1 X73.596 Y93.088 F3554.948
G1 X73.979 Y93.630 F3554.948
G1 X74.361 Y94.172 F3554.948
G1 X74.743 Y94.713 F3554.948
G1 X75.125 Y95.255 F3554.948
G1 X75.506 Y95.788 F3554.948
G1 X75.888 Y96.320 F3554.948
G1 X76.269 Y96.852 F3554.948
G1 X76.650 Y97.385 F3554.948
G1 X77.032 Y97.917 F3554.948
G1 X77.511 Y98.553 F3554.948
G1 X77.991 Y99.188 F3554.948
G1 X78.471 Y99.824 F3554.948
G1 X78.950 Y100.460 F3554.948
G1 X79.426 Y101.042 F3554.948
G1 X79.902 Y101.625 F3554.948
G1 X80.378 Y102.208 F3554.948
G1 X80.854 Y102.791 F3554.948
G1 X81.319 Y103.299 F3554.948
G1 X81.785 Y103.808 F3554.948
G1 X82.250 Y104.317 F3554.948
G1 X82.716 Y104.825 F3554.948
G1 X83.168 Y105.247 F3554.948
G1 X83.621 Y105.669 F3554.948
G1 X84.073 Y106.091 F3554.948
G1 X84.525 Y106.513 F3554.948
G1 X85.112 Y106.959 F3554.948
G1 X85.698 Y107.404 F3554.948
G1 X86.285 Y107.849 F3554.948
G1 X86.861 Y108.177 F3554.948
G1 X87.437 Y108.504 F3554.948
G1 X88.014 Y108.831 F3554.948
G1 X88.590 Y109.045 F3554.948
G1 X89.166 Y109.260 F3554.948
G1 X89.742 Y109.474 F3554.948
G1 X90.330 Y109.582 F3554.948
G1 X90.918 Y109.691 F3554.948
G1 X91.506 Y109.799 F3554.948
G1 X92.122 Y109.808 F3554.948
G1 X92.737 Y109.817 F3554.948
G1 X93.352 Y109.826 F3554.948
G1 X94.012 Y109.742 F3554.948
G1 X94.671 Y109.658 F3554.948
G1 X95.330 Y109.575 F3554.948
G1 X96.046 Y109.404 F3554.948
G1 X96.762 Y109.234 F3554.948
G1 X97.477 Y109.064 F3554.948
G1 X98.064 Y108.879 F3554.948
G1 X98.651 Y108.693 F3554.948
G1 X99.237 Y108.508 F3554.948
G1 X99.824 Y108.323 F3554.948
G1 X100.462 Y108.092 F3554.948
G1 X101.100 Y107.860 F3554.948
G1 X101.738 Y107.629 F3554.948
G1 X102.376 Y107.397 F3554.948
G1 X103.059 Y107.131 F3554.948
G1 X103.743 Y106.865 F3554.948
G1 X104.426 Y106.599 F3554.948
G1 X105.109 Y106.333 F3554.948
G1 X105.828 Y106.047 F3554.948
G1 X106.546 Y105.761 F3554.948
G1 X107.265 Y105.474 F3554.948
G1 X107.983 Y105.188 F3554.948
G1 X108.723 Y104.894 F3554.948
G1 X109.463 Y104.600 F3554.948
G1 X110.202 Y104.307 F3554.948
G1 X110.942 Y104.013 F3554.948
G1 X111.542 Y103.780 F3554.948
G1 X112.142 Y103.547 F3554.948
G1 X112.743 Y103.314 F3554.948
G1 X113.343 Y103.082 F3554.948
G1 X113.943 Y102.849 F3554.948
G1 X114.546 Y102.623 F3554.948
G1 X115.150 Y102.397 F3554.948
G1 X115.753 Y102.171 F3554.948
G1 X116.356 Y101.945 F3554.948
G1 X116.960 Y101.719 F3554.948
G1 X117.563 Y101.499 F3554.948
G1 X118.166 Y101.280 F3554.948
G1 X118.770 Y101.060 F3554.948
G1 X119.373 Y100.841 F3554.948
G1 X119.976 Y100.621 F3554.948
G1 X120.725 Y100.355 F3554.948
G1 X121.474 Y100.089 F3554.948
G1 X122.223 Y99.823 F3554.948
G1 X122.972 Y99.557 F3554.948
G1 X123.702 Y99.297 F3554.948
G1 X124.431 Y99.038 F3554.948
G1 X125.161 Y98.778 F3554.948
G1 X125.891 Y98.518 F3554.948
G1 X126.587 Y98.259 F3554.948
G1 X127.283 Y98.000 F3554.948
G1 X127.979 Y97.742 F3554.948
G1 X128.675 Y97.483 F3554.948
G1 X129.323 Y97.230 F3554.948
G1 X129.970 Y96.978 F3554.948
G1 X130.618 Y96.725 F3554.948
G1 X131.266 Y96.472 F3554.948
G1 X131.856 Y96.225 F3554.948
G1 X132.447 Y95.978 F3554.948
G1 X133.037 Y95.730 F3554.948
G1 X133.628 Y95.483 F3554.948
G1 X134.335 Y95.160 F3554.948
G1 X135.042 Y94.837 F3554.948
G1 X135.749 Y94.514 F3554.948
G1 X136.376 Y94.198 F3554.948
G1 X137.002 Y93.881 F3554.948
G1 X137.629 Y93.565 F3554.948
G1 X138.184 Y93.249 F3554.948
G1 X138.739 Y92.933 F3554.948
G1 X139.295 Y92.617 F3554.948
G1 X139.788 Y92.298 F3554.948
G1 X140.282 Y91.979 F3554.948
G1 X140.776 Y91.660 F3554.948
G1 X141.222 Y91.332 F3554.948
G1 X141.669 Y91.003 F3554.948
G1 X142.115 Y90.675 F3554.948
G1 X142.529 Y90.332 F3554.948
G1 X142.942 Y89.989 F3554.948
G1 X143.356 Y89.646 F3554.948
G1 X143.752 Y89.280 F3554.948
G1 X144.148 Y88.914 F3554.948
G1 X144.543 Y88.548 F3554.948
G1 X144.933 Y88.155 F3554.948
G1 X145.323 Y87.761 F3554.948
G1 X145.712 Y87.368 F3554.948
G1 X146.106 Y86.946 F3554.948
G1 X146.500 Y86.523 F3554.948
G1 X146.894 Y86.101 F3554.948
G1 X147.301 Y85.647 F3554.948
G1 X147.707 Y85.194 F3554.948
G1 X148.113 Y84.741 F3554.948
M400 ; Wait for drawing to complete
G1 U0.800 F200.0 ; Flow ramp-down (viewer mode)
M5 ; Viewer hint: stop cutting
; STOP BRUSH A
G1 U0.000 F200.0 ; Close Brush A flow
M106 P2 S0 ; Brush A air off
; === PATH END ===

; Width clamped from 31.00mm to 25.00mm within [2.00,25.00] mm
; ===== STROKE PARAMETERS =====
; Color: black
; Width: 25.00mm
; Opacity: 0.25
; Brush: A
; Z-height: 83.00mm
; Paint flow: 0.56 -> U2.586mm
; Feedrate: 3554.9mm/min
; Modes: viewer_compat=true, viewer_emit_m3m5=true
; START BRUSH A
T0 ; Select Tool 0 (Brush A)
G0 X306.173 Y247.751 F12000.000
M400 ; Wait for XY movement to complete
G1 F3554.948
M106 P2 S1 ; Air on before paint
G1 U2.586 F200.0 ; Set paint flow to target (viewer mode)
G1 F3554.948
G4 P50 ; Short paint lead time
M3 S1 ; Viewer hint: start cutting
G1 X306.200 Y247.250 F3554.948
G1 X306.210 Y246.597 F3554.948
G1 X306.184 Y245.872 F3554.948
G1 X306.099 Y245.158 F3554.948
G1 X305.954 Y244.523 F3554.948
G1 X305.750 Y244.033 F3554.948
G1 X305.517 Y243.724 F3554.948
G1 X305.297 Y243.612 F3554.948
G1 X305.125 Y243.700 F3554.948
G1 X305.028 Y243.964 F3554.948
G1 X305.014 Y244.390 F3554.948
G1 X305.086 Y244.925 F3554.948
G1 X305.245 Y245.520 F3554.948
G1 X305.480 Y246.118 F3554.948
G1 X305.774 Y246.674 F3554.948
G1 X306.102 Y247.155 F3554.948
G1 X306.438 Y247.552 F3554.948
G1 X306.739 Y247.851 F3554.948
G1 X306.967 Y248.052 F3554.948
G1 X307.089 Y248.150 F3554.948
G1 X307.099 Y248.137 F3554.948
G1 X306.996 Y248.018 F3554.948
G1 X306.800 Y247.822 F3554.948
G1 X306.536 Y247.549 F3554.948
G1 X306.239 Y247.208 F3554.948
G1 X305.940 Y246.803 F3554.948
G1 X305.663 Y246.340 F3554.948
G1 X305.411 Y245.830 F3554.948
G1 X305.189 Y245.279 F3554.948
G1 X305.001 Y244.708 F3554.948
G1 X304.850 Y244.126 F3554.948
G1 X304.747 Y243.544 F3554.948
G1 X304.697 Y242.975 F3554.948
G1 X304.694 Y242.422 F3554.948
G1 X304.747 Y241.882 F3554.948
G1 X304.850 Y241.350 F3554.948
G1 X305.004 Y240.821 F3554.948
G1 X305.200 Y240.279 F3554.948
G1 X305.422 Y239.718 F3554.948
G1 X305.663 Y239.128 F3554.948
G1 X305.914 Y238.506 F3554.948
G1 X306.173 Y237.839 F3554.948
G1 X306.435 Y237.128 F3554.948
M400 ; Wait for drawing to complete
G1 U0.800 F200.0 ; Flow ramp-down (viewer mode)
M5 ; Viewer hint: stop cutting
; STOP BRUSH A
G1 U0.000 F200.0 ; Close Brush A flow
M106 P2 S0 ; Brush A air off
; === PATH END ===

; Width clamped from 31.00mm to 25.00mm within [2.00,25.00] mm
; ===== STROKE PARAMETERS =====
; Color: black
; Width: 25.00mm
; Opacity: 0.25
; Brush: A
; Z-height: 83.00mm
; Paint flow: 0.56 -> U2.586mm
; Feedrate: 3554.9mm/min
; Modes: viewer_compat=true, viewer_emit_m3m5=true
; START BRUSH A
T0 ; Select Tool 0 (Brush A)
G0 X179.667 Y490.831 F12000.000
M400 ; Wait for XY movement to complete
G1 F3554.948
M106 P2 S1 ; Air on before paint
G1 U2.586 F200.0 ; Set paint flow to target (viewer mode)
G1 F3554.948
G4 P50 ; Short paint lead time
M3 S1 ; Viewer hint: start cutting
G1 X179.601 Y491.043 F3554.948
G1 X179.524 Y491.347 F3554.948
G1 X179.437 Y491.727 F3554.948
G1 X179.338 Y492.174 F3554.948
G1 X179.232 Y492.675 F3554.948
G1 X179.091 Y493.181 F3554.948
G1 X178.945 Y493.604 F3554.948
G1 X178.790 Y493.894 F3554.948
G1 X178.626 Y494.023 F3554.948
G1 X178.451 Y493.979 F3554.948
G1 X178.261 Y493.778 F3554.948
G1 X178.055 Y493.448 F3554.948
G1 X177.825 Y493.034 F3554.948
G1 X177.565 Y492.581 F3554.948
G1 X177.267 Y492.137 F3554.948
G1 X176.918 Y491.741 F3554.948
G1 X176.507 Y491.381 F3554.948
G1 X176.018 Y491.048 F3554.948
G1 X175.432 Y490.731 F3554.948
G1 X174.725 Y490.418 F3554.948
G1 X174.294 Y490.258 F3554.948
G1 X173.863 Y490.099 F3554.948
G1 X173.339 Y489.930 F3554.948
G1 X172.815 Y489.762 F3554.948
G1 X172.180 Y489.580 F3554.948
G1 X171.546 Y489.398 F3554.948
G1 X170.779 Y489.197 F3554.948
G1 X170.012 Y488.997 F3554.948
G1 X169.398 Y488.847 F3554.948
G1 X168.785 Y488.698 F3554.948
G1 X168.171 Y488.549 F3554.948
G1 X167.451 Y488.382 F3554.948
G1 X166.730 Y488.216 F3554.948
G1 X166.010 Y488.050 F3554.948
G1 X165.389 Y487.911 F3554.948
G1 X164.768 Y487.772 F3554.948
G1 X164.148 Y487.633 F3554.948
G1 X163.527 Y487.494 F3554.948
G1 X162.838 Y487.341 F3554.948
G1 X162.149 Y487.187 F3554.948
G1 X161.461 Y487.034 F3554.948
G1 X160.772 Y486.880 F3554.948
G1 X160.038 Y486.712 F3554.948
G1 X159.304 Y486.545 F3554.948
G1 X158.571 Y486.377 F3554.948
G1 X157.837 Y486.209 F3554.948
G1 X157.088 Y486.029 F3554.948
G1 X156.340 Y485.848 F3554.948
G1 X155.591 Y485.668 F3554.948
G1 X154.843 Y485.487 F3554.948
G1 X154.111 Y485.295 F3554.948
G1 X153.380 Y485.103 F3554.948
G1 X152.649 Y484.911 F3554.948
G1 X151.918 Y484.720 F3554.948
G1 X151.231 Y484.518 F3554.948
G1 X150.544 Y484.316 F3554.948
G1 X149.857 Y484.115 F3554.948
G1 X149.169 Y483.913 F3554.948
G1 X148.543 Y483.705 F3554.948
G1 X147.916 Y483.496 F3554.948
G1 X147.289 Y483.288 F3554.948
G1 X146.662 Y483.079 F3554.948
G1 X145.917 Y482.795 F3554.948
G1 X145.171 Y482.511 F3554.948
G1 X144.426 Y482.227 F3554.948
G1 X143.766 Y481.939 F3554.948
G1 X143.106 Y481.650 F3554.948
G1 X142.446 Y481.362 F3554.948
G1 X141.860 Y481.070 F3554.948
G1 X141.274 Y480.778 F3554.948
G1 X140.688 Y480.486 F3554.948
G1 X140.158 Y480.189 F3554.948
G1 X139.627 Y479.891 F3554.948
G1 X139.097 Y479.594 F3554.948
G1 X138.605 Y479.292 F3554.948
G1 X138.112 Y478.990 F3554.948
G1 X137.620 Y478.688 F3554.948
G1 X137.147 Y478.384 F3554.948
G1 X136.674 Y478.079 F3554.948
G1 X136.201 Y477.775 F3554.948
G1 X135.729 Y477.468 F3554.948
G1 X135.257 Y477.162 F3554.948
G1 X134.785 Y476.855 F3554.948
G1 X134.298 Y476.549 F3554.948
G1 X133.811 Y476.243 F3554.948
G1 X133.324 Y475.936 F3554.948
G1 X132.809 Y475.637 F3554.948
G1 X132.294 Y475.337 F3554.948
G1 X131.778 Y475.037 F3554.948
G1 X131.220 Y474.752 F3554.948
G1 X130.662 Y474.466 F3554.948
G1 X130.104 Y474.181 F3554.948
G1 X129.497 Y473.917 F3554.948
G1 X128.890 Y473.652 F3554.948
G1 X128.283 Y473.388 F3554.948
G1 X127.616 Y473.152 F3554.948
G1 X126.950 Y472.917 F3554.948
G1 X126.284 Y472.681 F3554.948
G1 X125.556 Y472.480 F3554.948
G1 X124.829 Y472.279 F3554.948
G1 X124.101 Y472.078 F3554.948
G1 X123.507 Y471.958 F3554.948
G1 X122.914 Y471.837 F3554.948
G1 X122.320 Y471.717 F3554.948
G1 X121.726 Y471.597 F3554.948
G1 X121.089 Y471.508 F3554.948
G1 X120.453 Y471.419 F3554.948
G1 X119.816 Y471.330 F3554.948
G1 X119.180 Y471.241 F3554.948
G1 X118.506 Y471.182 F3554.948
G1 X117.831 Y471.123 F3554.948
G1 X117.157 Y471.063 F3554.948
G1 X116.482 Y471.004 F3554.948
G1 X115.775 Y470.971 F3554.948
G1 X115.067 Y470.938 F3554.948
G1 X114.359 Y470.904 F3554.948
G1 X113.652 Y470.871 F3554.948
G1 X112.913 Y470.855 F3554.948
G1 X112.174 Y470.839 F3554.948
G1 X111.435 Y470.823 F3554.948
G1 X110.696 Y470.807 F3554.948
G1 X109.923 Y470.795 F3554.948
G1 X109.151 Y470.784 F3554.948
G1 X108.379 Y470.773 F3554.948
G1 X107.607 Y470.761 F3554.948
G1 X106.960 Y470.743 F3554.948
G1 X106.313 Y470.725 F3554.948
G1 X105.666 Y470.707 F3554.948
G1 X105.019 Y470.689 F3554.948
G1 X104.372 Y470.671 F3554.948
G1 X103.695 Y470.627 F3554.948
G1 X103.018 Y470.584 F3554.948
G1 X102.341 Y470.540 F3554.948
G1 X101.664 Y470.497 F3554.948
G1 X100.987 Y470.454 F3554.948
G1 X100.286 Y470.368 F3554.948
G1 X99.585 Y470.282 F3554.948
G1 X98.885 Y470.197 F3554.948
G1 X98.184 Y470.111 F3554.948
G1 X97.483 Y470.025 F3554.948
G1 X96.774 Y469.887 F3554.948
G1 X96.066 Y469.748 F3554.948
G1 X95.357 Y469.610 F3554.948
G1 X94.648 Y469.471 F3554.948
G1 X93.939 Y469.333 F3554.948
G1 X93.248 Y469.140 F3554.948
G1 X92.557 Y468.946 F3554.948
G1 X91.867 Y468.753 F3554.948
G1 X91.176 Y468.559 F3554.948
G1 X90.485 Y468.366 F3554.948
G1 X89.847 Y468.123 F3554.948
G1 X89.209 Y467.880 F3554.948
G1 X88.571 Y467.637 F3554.948
G1 X87.933 Y467.394 F3554.948
G1 X87.295 Y467.151 F3554.948
G1 X86.606 Y466.795 F3554.948
G1 X85.917 Y466.439 F3554.948
G1 X85.228 Y466.082 F3554.948
G1 X84.539 Y465.726 F3554.948
G1 X83.989 Y465.323 F3554.948
G1 X83.438 Y464.919 F3554.948
G1 X82.887 Y464.516 F3554.948
G1 X82.337 Y464.113 F3554.948
G1 X81.934 Y463.661 F3554.948
G1 X81.531 Y463.210 F3554.948
G1 X81.129 Y462.758 F3554.948
G1 X80.726 Y462.306 F3554.948
G1 X80.380 Y461.631 F3554.948
G1 X80.035 Y460.955 F3554.948
G1 X79.689 Y460.279 F3554.948
G1 X79.517 Y459.518 F3554.948
G1 X79.346 Y458.756 F3554.948
G1 X79.174 Y457.994 F3554.948
G1 X79.163 Y457.349 F3554.948
G1 X79.151 Y456.704 F3554.948
G1 X79.139 Y456.059 F3554.948
G1 X79.128 Y455.413 F3554.948
G1 X79.219 Y454.691 F3554.948
G1 X79.311 Y453.969 F3554.948
G1 X79.402 Y453.247 F3554.948
G1 X79.494 Y452.525 F3554.948
G1 X79.638 Y451.888 F3554.948
G1 X79.782 Y451.252 F3554.948
G1 X79.926 Y450.615 F3554.948
G1 X80.070 Y449.979 F3554.948
G1 X80.214 Y449.342 F3554.948
G1 X80.414 Y448.658 F3554.948
G1 X80.615 Y447.974 F3554.948
G1 X80.815 Y447.289 F3554.948
G1 X81.016 Y446.605 F3554.948
G1 X81.216 Y445.921 F3554.948
G1 X81.457 Y445.208 F3554.948
G1 X81.697 Y444.495 F3554.948
G1 X81.938 Y443.782 F3554.948
G1 X82.179 Y443.070 F3554.948
G1 X82.420 Y442.357 F3554.948
G1 X82.687 Y441.640 F3554.948
G1 X82.955 Y440.923 F3554.948
G1 X83.222 Y440.206 F3554.948
G1 X83.490 Y439.489 F3554.948
G1 X83.757 Y438.772 F3554.948
G1 X84.041 Y438.077 F3554.948
G1 X84.325 Y437.381 F3554.948
G1 X84.608 Y436.686 F3554.948
G1 X84.892 Y435.991 F3554.948
G1 X85.176 Y435.296 F3554.948
G1 X85.467 Y434.647 F3554.948
G1 X85.757 Y433.997 F3554.948
G1 X86.048 Y433.348 F3554.948
G1 X86.338 Y432.699 F3554.948
G1 X86.629 Y432.050 F3554.948
G1 X86.920 Y431.464 F3554.948
G1 X87.212 Y430.878 F3554.948
G1 X87.503 Y430.292 F3554.948
G1 X87.795 Y429.706 F3554.948
G1 X88.087 Y429.121 F3554.948
G1 X88.447 Y428.477 F3554.948
G1 X88.807 Y427.833 F3554.948
G1 X89.167 Y427.189 F3554.948
G1 X89.527 Y426.545 F3554.948
G1 X89.878 Y425.988 F3554.948
G1 X90.228 Y425.431 F3554.948
G1 X90.579 Y424.874 F3554.948
G1 X90.930 Y424.317 F3554.948
G1 X91.381 Y423.676 F3554.948
G1 X91.833 Y423.035 F3554.948
G1 X92.285 Y422.394 F3554.948
G1 X92.717 Y421.839 F3554.948
G1 X93.150 Y421.285 F3554.948
G1 X93.582 Y420.730 F3554.948
G1 X93.992 Y420.239 F3554.948
G1 X94.401 Y419.748 F3554.948
G1 X94.811 Y419.257 F3554.948
G1 X95.197 Y418.809 F3554.948
G1 X95.583 Y418.361 F3554.948
G1 X95.969 Y417.913 F3554.948
G1 X96.320 Y417.491 F3554.948
G1 X96.670 Y417.069 F3554.948
G1 X97.021 Y416.648 F3554.948
G1 X97.508 Y416.018 F3554.948
G1 X97.995 Y415.388 F3554.948
G1 X98.441 Y414.729 F3554.948
G1 X98.886 Y414.071 F3554.948
G1 X99.154 Y413.592 F3554.948
G1 X99.422 Y413.113 F3554.948
G1 X99.690 Y412.635 F3554.948
G1 X99.924 Y412.093 F3554.948
G1 X100.159 Y411.552 F3554.948
G1 X100.394 Y411.010 F3554.948
G1 X100.588 Y410.375 F3554.948
G1 X100.782 Y409.741 F3554.948
G1 X100.976 Y409.106 F3554.948
G1 X101.122 Y408.357 F3554.948
G1 X101.268 Y407.608 F3554.948
G1 X101.414 Y406.859 F3554.948
G1 X101.479 Y406.190 F3554.948
G1 X101.544 Y405.521 F3554.948
G1 X101.608 Y404.852 F3554.948
G1 X101.673 Y404.183 F3554.948
G1 X101.687 Y403.403 F3554.948
G1 X101.701 Y402.623 F3554.948
G1 X101.715 Y401.842 F3554.948
G1 X101.729 Y401.062 F3554.948
G1 X101.695 Y400.354 F3554.948
G1 X101.661 Y399.645 F3554.948
G1 X101.628 Y398.937 F3554.948
G1 X101.594 Y398.229 F3554.948
G1 X101.561 Y397.521 F3554.948
G1 X101.483 Y396.746 F3554.948
G1 X101.406 Y395.971 F3554.948
G1 X101.329 Y395.196 F3554.948
G1 X101.252 Y394.422 F3554.948
G1 X101.175 Y393.647 F3554.948
G1 X101.081 Y392.969 F3554.948
G1 X100.987 Y392.291 F3554.948
G1 X100.893 Y391.614 F3554.948
G1 X100.799 Y390.936 F3554.948
G1 X100.705 Y390.258 F3554.948
G1 X100.612 Y389.581 F3554.948
G1 X100.500 Y388.896 F3554.948
G1 X100.388 Y388.211 F3554.948
G1 X100.276 Y387.526 F3554.948
G1 X100.164 Y386.841 F3554.948
G1 X100.052 Y386.156 F3554.948
G1 X99.940 Y385.471 F3554.948
G1 X99.822 Y384.801 F3554.948
G1 X99.704 Y384.132 F3554.948
G1 X99.586 Y383.462 F3554.948
G1 X99.468 Y382.792 F3554.948
G1 X99.350 Y382.122 F3554.948
G1 X99.233 Y381.453 F3554.948
G1 X99.088 Y380.689 F3554.948
G1 X98.944 Y379.926 F3554.948
G1 X98.800 Y379.163 F3554.948
G1 X98.656 Y378.400 F3554.948
G1 X98.512 Y377.636 F3554.948
G1 X98.377 Y376.931 F3554.948
G1 X98.242 Y376.226 F3554.948
G1 X98.107 Y375.521 F3554.948
G1 X97.972 Y374.815 F3554.948
G1 X97.837 Y374.110 F3554.948
G1 X97.711 Y373.477 F3554.948
G1 X97.584 Y372.844 F3554.948
G1 X97.457 Y372.211 F3554.948
G1 X97.330 Y371.578 F3554.948
G1 X97.204 Y370.945 F3554.948
G1 X97.049 Y370.258 F3554.948
G1 X96.894 Y369.572 F3554.948
G1 X96.739 Y368.886 F3554.948
G1 X96.584 Y368.199 F3554.948
G1 X96.367 Y367.437 F3554.948
G1 X96.150 Y366.674 F3554.948
G1 X95.933 Y365.911 F3554.948
G1 X95.688 Y365.302 F3554.948
G1 X95.443 Y364.692 F3554.948
G1 X95.198 Y364.083 F3554.948
G1 X94.906 Y363.622 F3554.948
G1 X94.614 Y363.161 F3554.948
G1 X94.322 Y362.700 F3554.948
G1 X93.779 Y362.210 F3554.948
G1 X93.237 Y361.721 F3554.948
G1 X92.554 Y361.411 F3554.948
G1 X91.872 Y361.102 F3554.948
G1 X91.305 Y361.002 F3554.948
G1 X90.738 Y360.901 F3554.948
G1 X90.171 Y360.801 F3554.948
G1 X89.470 Y360.794 F3554.948
G1 X88.770 Y360.786 F3554.948
G1 X88.069 Y360.779 F3554.948
G1 X87.433 Y360.835 F3554.948
G1 X86.797 Y360.890 F3554.948
G1 X86.162 Y360.946 F3554.948
G1 X85.526 Y361.001 F3554.948
G1 X84.777 Y361.110 F3554.948
G1 X84.027 Y361.218 F3554.948
G1 X83.278 Y361.326 F3554.948
G1 X82.529 Y361.435 F3554.948
G1 X81.854 Y361.559 F3554.948
G1 X81.178 Y361.682 F3554.948
G1 X80.503 Y361.806 F3554.948
G1 X79.828 Y361.930 F3554.948
G1 X79.152 Y362.053 F3554.948
G1 X78.425 Y362.208 F3554.948
G1 X77.698 Y362.362 F3554.948
G1 X76.971 Y362.517 F3554.948
G1 X76.244 Y362.672 F3554.948
G1 X75.517 Y362.826 F3554.948
G1 X74.765 Y363.004 F3554.948
G1 X74.013 Y363.183 F3554.948
G1 X73.260 Y363.361 F3554.948
G1 X72.508 Y363.539 F3554.948
G1 X71.756 Y363.717 F3554.948
G1 X70.999 Y363.911 F3554.948
G1 X70.241 Y364.106 F3554.948
G1 X69.483 Y364.300 F3554.948
G1 X68.726 Y364.494 F3554.948
G1 X67.968 Y364.688 F3554.948
G1 X67.216 Y364.890 F3554.948
G1 X66.463 Y365.092 F3554.948
G1 X65.711 Y365.294 F3554.948
G1 X64.958 Y365.496 F3554.948
G1 X64.205 Y365.698 F3554.948
G1 X63.460 Y365.901 F3554.948
G1 X62.714 Y366.105 F3554.948
G1 X61.969 Y366.309 F3554.948
G1 X61.223 Y366.512 F3554.948
G1 X60.478 Y366.716 F3554.948
G1 X59.737 Y366.915 F3554.948
G1 X58.996 Y367.115 F3554.948
G1 X58.255 Y367.314 F3554.948
G1 X57.515 Y367.513 F3554.948
G1 X56.774 Y367.712 F3554.948
G1 X56.036 Y367.901 F3554.948
G1 X55.299 Y368.090 F3554.948
G1 X54.561 Y368.279 F3554.948
G1 X53.824 Y368.468 F3554.948
G1 X53.086 Y368.656 F3554.948
G1 X52.352 Y368.830 F3554.948
G1 X51.618 Y369.003 F3554.948
G1 X50.884 Y369.177 F3554.948
G1 X50.149 Y369.350 F3554.948
G1 X49.415 Y369.524 F3554.948
G1 X48.683 Y369.679 F3554.948
G1 X47.950 Y369.835 F3554.948
G1 X47.217 Y369.991 F3554.948
G1 X46.485 Y370.146 F3554.948
G1 X45.752 Y370.302 F3554.948
G1 X45.018 Y370.439 F3554.948
G1 X44.284 Y370.576 F3554.948
G1 X43.550 Y370.713 F3554.948
G1 X42.817 Y370.851 F3554.948
G1 X42.083 Y370.988 F3554.948
G1 X41.344 Y371.106 F3554.948
G1 X40.606 Y371.225 F3554.948
G1 X39.867 Y371.344 F3554.948
G1 X39.129 Y371.462 F3554.948
G1 X38.390 Y371.581 F3554.948
G1 X37.643 Y371.680 F3554.948
G1 X36.896 Y371.780 F3554.948
G1 X36.149 Y371.880 F3554.948
G1 X35.402 Y371.979 F3554.948
G1 X34.655 Y372.079 F3554.948
G1 X33.920 Y372.158 F3554.948
G1 X33.184 Y372.238 F3554.948
G1 X32.448 Y372.317 F3554.948
G1 X31.712 Y372.396 F3554.948
G1 X30.977 Y372.476 F3554.948
G1 X30.200 Y372.549 F3554.948
G1 X29.423 Y372.621 F3554.948
G1 X28.646 Y372.694 F3554.948
G1 X27.869 Y372.767 F3554.948
G1 X27.142 Y372.838 F3554.948
G1 X26.416 Y372.908 F3554.948
G1 X25.689 Y372.978 F3554.948
G1 X25.040 Y373.051 F3554.948
G1 X24.391 Y373.123 F3554.948
G1 X23.932 Y373.208 F3554.948
G1 X24.268 Y373.237 F3554.948
G1 X24.815 Y373.227 F3554.948
G1 X25.362 Y373.216 F3554.948
G1 X25.966 Y373.192 F3554.948
G1 X26.570 Y373.168 F3554.948
G1 X27.174 Y373.145 F3554.948
G1 X27.798 Y373.115 F3554.948
G1 X28.421 Y373.085 F3554.948
G1 X29.045 Y373.055 F3554.948
G1 X29.669 Y373.026 F3554.948
G1 X30.449 Y372.977 F3554.948
G1 X31.229 Y372.929 F3554.948
G1 X32.010 Y372.880 F3554.948
G1 X32.790 Y372.832 F3554.948
G1 X33.441 Y372.779 F3554.948
G1 X34.093 Y372.727 F3554.948
G1 X34.744 Y372.674 F3554.948
G1 X35.395 Y372.622 F3554.948
G1 X36.047 Y372.569 F3554.948
G1 X36.828 Y372.488 F3554.948
G1 X37.609 Y372.407 F3554.948
G1 X38.390 Y372.326 F3554.948
G1 X39.171 Y372.245 F3554.948
G1 X39.918 Y372.150 F3554.948
G1 X40.665 Y372.056 F3554.948
G1 X41.412 Y371.962 F3554.948
G1 X42.160 Y371.868 F3554.948
G1 X42.884 Y371.762 F3554.948
G1 X43.608 Y371.656 F3554.948
G1 X44.332 Y371.550 F3554.948
G1 X45.056 Y371.444 F3554.948
G1 X45.763 Y371.328 F3554.948
G1 X46.470 Y371.211 F3554.948
G1 X47.177 Y371.094 F3554.948
G1 X47.884 Y370.978 F3554.948
G1 X48.577 Y370.851 F3554.948
G1 X49.271 Y370.725 F3554.948
G1 X49.964 Y370.599 F3554.948
G1 X50.658 Y370.472 F3554.948
G1 X51.341 Y370.337 F3554.948
G1 X52.024 Y370.203 F3554.948
G1 X52.707 Y370.068 F3554.948
G1 X53.389 Y369.933 F3554.948
G1 X54.063 Y369.793 F3554.948
G1 X54.737 Y369.653 F3554.948
G1 X55.410 Y369.512 F3554.948
G1 X56.084 Y369.372 F3554.948
G1 X56.749 Y369.230 F3554.948
G1 X57.415 Y369.088 F3554.948
G1 X58.080 Y368.946 F3554.948
G1 X58.746 Y368.805 F3554.948
G1 X59.405 Y368.666 F3554.948
G1 X60.064 Y368.528 F3554.948
G1 X60.722 Y368.390 F3554.948
G1 X61.381 Y368.252 F3554.948
G1 X62.036 Y368.125 F3554.948
G1 X62.692 Y367.997 F3554.948
G1 X63.347 Y367.870 F3554.948
G1 X64.002 Y367.742 F3554.948
G1 X64.655 Y367.632 F3554.948
G1 X65.309 Y367.521 F3554.948
G1 X65.962 Y367.411 F3554.948
G1 X66.615 Y367.300 F3554.948
G1 X67.268 Y367.213 F3554.948
G1 X67.921 Y367.125 F3554.948
G1 X68.573 Y367.038 F3554.948
G1 X69.226 Y366.950 F3554.948
G1 X69.876 Y366.892 F3554.948
G1 X70.525 Y366.834 F3554.948
G1 X71.175 Y366.776 F3554.948
G1 X71.824 Y366.717 F3554.948
G1 X72.461 Y366.694 F3554.948
G1 X73.098 Y366.670 F3554.948
G1 X73.735 Y366.647 F3554.948
G1 X74.372 Y366.623 F3554.948
G1 X74.985 Y366.642 F3554.948
G1 X75.598 Y366.660 F3554.948
G1 X76.211 Y366.678 F3554.948
G1 X76.825 Y366.697 F3554.948
G1 X77.590 Y366.786 F3554.948
G1 X78.355 Y366.875 F3554.948
G1 X79.119 Y366.965 F3554.948
G1 X79.812 Y367.130 F3554.948
G1 X80.505 Y367.294 F3554.948
G1 X81.198 Y367.459 F3554.948
G1 X81.805 Y367.711 F3554.948
G1 X82.413 Y367.963 F3554.948
G1 X83.020 Y368.214 F3554.948
G1 X83.539 Y368.565 F3554.948
G1 X84.059 Y368.916 F3554.948
G1 X84.578 Y369.268 F3554.948
G1 X85.012 Y369.729 F3554.948
G1 X85.446 Y370.190 F3554.948
G1 X85.880 Y370.652 F3554.948
G1 X86.237 Y371.234 F3554.948
G1 X86.595 Y371.817 F3554.948
G1 X86.953 Y372.400 F3554.948
G1 X87.249 Y373.114 F3554.948
G1 X87.546 Y373.828 F3554.948
G1 X87.842 Y374.542 F3554.948
G1 X88.027 Y375.175 F3554.948
G1 X88.212 Y375.809 F3554.948
G1 X88.397 Y376.443 F3554.948
G1 X88.582 Y377.076 F3554.948
G1 X88.735 Y377.804 F3554.948
G1 X88.888 Y378.532 F3554.948
G1 X89.040 Y379.260 F3554.948
G1 X89.193 Y379.988 F3554.948
G1 X89.292 Y380.638 F3554.948
G1 X89.391 Y381.288 F3554.948
G1 X89.490 Y381.937 F3554.948
G1 X89.589 Y382.587 F3554.948
G1 X89.688 Y383.237 F3554.948
G1 X89.764 Y383.936 F3554.948
G1 X89.840 Y384.635 F3554.948
G1 X89.916 Y385.334 F3554.948
G1 X89.992 Y386.034 F3554.948
G1 X90.068 Y386.733 F3554.948
G1 X90.119 Y387.459 F3554.948
G1 X90.169 Y388.184 F3554.948
G1 X90.219 Y388.910 F3554.948
G1 X90.269 Y389.635 F3554.948
G1 X90.319 Y390.361 F3554.948
G1 X90.338 Y391.086 F3554.948
G1 X90.356 Y391.812 F3554.948
G1 X90.375 Y392.537 F3554.948
G1 X90.394 Y393.263 F3554.948
G1 X90.413 Y393.988 F3554.948
G1 X90.393 Y394.683 F3554.948
G1 X90.373 Y395.378 F3554.948
G1 X90.353 Y396.073 F3554.948
G1 X90.334 Y396.768 F3554.948
G1 X90.314 Y397.463 F3554.948
G1 X90.230 Y398.258 F3554.948
G1 X90.147 Y399.053 F3554.948
G1 X90.063 Y399.848 F3554.948
G1 X89.980 Y400.643 F3554.948
G1 X89.828 Y401.338 F3554.948
G1 X89.676 Y402.033 F3554.948
G1 X89.524 Y402.728 F3554.948
G1 X89.372 Y403.423 F3554.948
G1 X89.145 Y404.004 F3554.948
G1 X88.917 Y404.585 F3554.948
G1 X88.689 Y405.166 F3554.948
G1 X88.462 Y405.746 F3554.948
G1 X88.055 Y406.367 F3554.948
G1 X87.647 Y406.987 F3554.948
G1 X87.240 Y407.608 F3554.948
G1 X86.731 Y408.082 F3554.948
G1 X86.221 Y408.557 F3554.948
G1 X85.712 Y409.032 F3554.948
G1 X85.105 Y409.378 F3554.948
G1 X84.497 Y409.723 F3554.948
G1 X83.890 Y410.069 F3554.948
G1 X83.193 Y410.298 F3554.948
G1 X82.496 Y410.528 F3554.948
G1 X81.799 Y410.757 F3554.948
G1 X81.024 Y410.880 F3554.948
G1 X80.249 Y411.002 F3554.948
G1 X79.474 Y411.124 F3554.948
G1 X78.845 Y411.140 F3554.948
G1 X78.216 Y411.156 F3554.948
G1 X77.587 Y411.171 F3554.948
G1 X76.958 Y411.187 F3554.948
G1 X76.291 Y411.127 F3554.948
G1 X75.624 Y411.067 F3554.948
G1 X74.957 Y411.006 F3554.948
G1 X74.291 Y410.946 F3554.948
G1 X73.594 Y410.804 F3554.948
G1 X72.897 Y410.662 F3554.948
G1 X72.200 Y410.520 F3554.948
G1 X71.503 Y410.378 F3554.948
G1 X70.784 Y410.148 F3554.948
G1 X70.064 Y409.918 F3554.948
G1 X69.345 Y409.688 F3554.948
G1 X68.625 Y409.458 F3554.948
G1 X68.038 Y409.201 F3554.948
G1 X67.452 Y408.943 F3554.948
G1 X66.865 Y408.686 F3554.948
G1 X66.278 Y408.429 F3554.948
G1 X65.692 Y408.171 F3554.948
G1 X65.106 Y407.839 F3554.948
G1 X64.520 Y407.508 F3554.948
G1 X63.934 Y407.176 F3554.948
G1 X63.348 Y406.845 F3554.948
G1 X62.762 Y406.513 F3554.948
G1 X62.193 Y406.111 F3554.948
G1 X61.625 Y405.708 F3554.948
G1 X61.057 Y405.306 F3554.948
G1 X60.489 Y404.904 F3554.948
G1 X59.920 Y404.502 F3554.948
G1 X59.387 Y404.040 F3554.948
G1 X58.853 Y403.579 F3554.948
G1 X58.320 Y403.117 F3554.948
G1 X57.786 Y402.656 F3554.948
G1 X57.253 Y402.194 F3554.948
G1 X56.765 Y401.687 F3554.948
G1 X56.277 Y401.180 F3554.948
G1 X55.790 Y400.673 F3554.948
G1 X55.302 Y400.166 F3554.948
G1 X54.814 Y399.659 F3554.948
G1 X54.376 Y399.122 F3554.948
G1 X53.938 Y398.585 F3554.948
G1 X53.500 Y398.047 F3554.948
G1 X53.062 Y397.510 F3554.948
G1 X52.624 Y396.973 F3554.948
G1 X52.232 Y396.420 F3554.948
G1 X51.840 Y395.867 F3554.948
G1 X51.448 Y395.314 F3554.948
G1 X51.056 Y394.761 F3554.948
G1 X50.664 Y394.208 F3554.948
G1 X50.311 Y393.653 F3554.948
G1 X49.957 Y393.098 F3554.948
G1 X49.604 Y392.544 F3554.948
G1 X49.250 Y391.989 F3554.948
G1 X48.897 Y391.434 F3554.948
G1 X48.489 Y390.756 F3554.948
G1 X48.081 Y390.077 F3554.948
G1 X47.674 Y389.399 F3554.948
G1 X47.266 Y388.721 F3554.948
G1 X46.887 Y388.085 F3554.948
G1 X46.508 Y387.449 F3554.948
G1 X46.130 Y386.814 F3554.948
G1 X45.751 Y386.178 F3554.948
G1 X45.384 Y385.596 F3554.948
G1 X45.017 Y385.013 F3554.948
G1 X44.650 Y384.431 F3554.948
G1 X44.283 Y383.848 F3554.948
G1 X43.920 Y383.331 F3554.948
G1 X43.558 Y382.815 F3554.948
G1 X43.195 Y382.298 F3554.948
G1 X42.832 Y381.781 F3554.948
G1 X42.344 Y381.179 F3554.948
G1 X41.856 Y380.576 F3554.948
G1 X41.368 Y379.974 F3554.948
G1 X40.865 Y379.454 F3554.948
G1 X40.362 Y378.934 F3554.948
G1 X39.860 Y378.414 F3554.948
G1 X39.331 Y377.957 F3554.948
G1 X38.802 Y377.500 F3554.948
G1 X38.273 Y377.043 F3554.948
G1 X37.707 Y376.630 F3554.948
G1 X37.142 Y376.216 F3554.948
G1 X36.577 Y375.802 F3554.948
G1 X35.974 Y375.411 F3554.948
G1 X35.370 Y375.021 F3554.948
G1 X34.767 Y374.630 F3554.948
G1 X34.125 Y374.236 F3554.948
G1 X33.483 Y373.842 F3554.948
G1 X32.841 Y373.448 F3554.948
G1 X32.235 Y373.027 F3554.948
G1 X31.629 Y372.606 F3554.948
G1 X31.023 Y372.185 F3554.948
G1 X30.517 Y371.712 F3554.948
G1 X30.011 Y371.239 F3554.948
G1 X29.506 Y370.765 F3554.948
G1 X29.189 Y370.219 F3554.948
G1 X28.872 Y369.672 F3554.948
G1 X28.555 Y369.126 F3554.948
G1 X28.478 Y368.480 F3554.948
G1 X28.402 Y367.835 F3554.948
G1 X28.326 Y367.190 F3554.948
G1 X28.471 Y366.438 F3554.948
G1 X28.617 Y365.686 F3554.948
G1 X28.762 Y364.934 F3554.948
G1 X29.017 Y364.277 F3554.948
G1 X29.271 Y363.619 F3554.948
G1 X29.525 Y362.962 F3554.948
G1 X29.780 Y362.304 F3554.948
G1 X30.077 Y361.690 F3554.948
G1 X30.375 Y361.075 F3554.948
G1 X30.672 Y360.461 F3554.948
G1 X30.970 Y359.846 F3554.948
G1 X31.267 Y359.232 F3554.948
G1 X31.621 Y358.522 F3554.948
G1 X31.974 Y357.812 F3554.948
G1 X32.327 Y357.102 F3554.948
G1 X32.680 Y356.392 F3554.948
G1 X33.033 Y355.682 F3554.948
G1 X33.338 Y355.034 F3554.948
G1 X33.642 Y354.385 F3554.948
G1 X33.946 Y353.736 F3554.948
G1 X34.250 Y353.087 F3554.948
G1 X34.554 Y352.438 F3554.948
G1 X34.858 Y351.790 F3554.948
G1 X35.130 Y351.119 F3554.948
G1 X35.401 Y350.448 F3554.948
G1 X35.673 Y349.777 F3554.948
G1 X35.944 Y349.107 F3554.948
G1 X36.216 Y348.436 F3554.948
G1 X36.488 Y347.765 F3554.948
G1 X36.720 Y347.112 F3554.948
G1 X36.953 Y346.458 F3554.948
G1 X37.185 Y345.805 F3554.948
G1 X37.418 Y345.152 F3554.948
G1 X37.650 Y344.498 F3554.948
G1 X37.883 Y343.845 F3554.948
G1 X38.106 Y343.121 F3554.948
G1 X38.330 Y342.397 F3554.948
G1 X38.553 Y341.673 F3554.948
G1 X38.777 Y340.949 F3554.948
G1 X39.001 Y340.225 F3554.948
G1 X39.163 Y339.586 F3554.948
G1 X39.326 Y338.947 F3554.948
G1 X39.488 Y338.309 F3554.948
G1 X39.651 Y337.670 F3554.948
G1 X39.813 Y337.031 F3554.948
G1 X39.942 Y336.353 F3554.948
G1 X40.070 Y335.674 F3554.948
G1 X40.198 Y334.996 F3554.948
G1 X40.326 Y334.318 F3554.948
G1 X40.404 Y333.563 F3554.948
G1 X40.482 Y332.809 F3554.948
G1 X40.560 Y332.054 F3554.948
G1 X40.551 Y331.430 F3554.948
G1 X40.542 Y330.806 F3554.948
G1 X40.534 Y330.182 F3554.948
G1 X40.398 Y329.407 F3554.948
G1 X40.262 Y328.632 F3554.948
G1 X40.005 Y327.983 F3554.948
G1 X39.748 Y327.334 F3554.948
G1 X39.367 Y326.779 F3554.948
G1 X38.985 Y326.224 F3554.948
G1 X38.470 Y325.733 F3554.948
G1 X37.955 Y325.242 F3554.948
G1 X37.304 Y324.789 F3554.948
G1 X36.654 Y324.337 F3554.948
G1 X36.129 Y324.046 F3554.948
G1 X35.605 Y323.756 F3554.948
G1 X35.081 Y323.465 F3554.948
G1 X34.462 Y323.170 F3554.948
G1 X33.844 Y322.875 F3554.948
G1 X33.225 Y322.580 F3554.948
G1 X32.579 Y322.269 F3554.948
G1 X31.933 Y321.958 F3554.948
G1 X31.287 Y321.647 F3554.948
G1 X30.687 Y321.309 F3554.948
G1 X30.087 Y320.970 F3554.948
G1 X29.487 Y320.632 F3554.948
G1 X29.037 Y320.261 F3554.948
G1 X28.588 Y319.891 F3554.948
G1 X28.138 Y319.520 F3554.948
G1 X27.809 Y318.905 F3554.948
G1 X27.480 Y318.291 F3554.948
G1 X27.540 Y317.600 F3554.948
G1 X27.601 Y316.909 F3554.948
G1 X27.882 Y316.387 F3554.948
G1 X28.164 Y315.864 F3554.948
G1 X28.446 Y315.342 F3554.948
G1 X28.937 Y314.731 F3554.948
G1 X29.428 Y314.120 F3554.948
G1 X29.919 Y313.510 F3554.948
G1 X30.385 Y312.965 F3554.948
G1 X30.850 Y312.420 F3554.948
G1 X31.316 Y311.875 F3554.948
G1 X31.781 Y311.330 F3554.948
G1 X32.183 Y310.812 F3554.948
G1 X32.585 Y310.295 F3554.948
G1 X32.987 Y309.778 F3554.948
G1 X33.389 Y309.261 F3554.948
G1 X33.791 Y308.744 F3554.948
G1 X34.184 Y308.140 F3554.948
G1 X34.577 Y307.536 F3554.948
G1 X34.970 Y306.933 F3554.948
G1 X35.362 Y306.329 F3554.948
G1 X35.755 Y305.725 F3554.948
G1 X36.117 Y305.042 F3554.948
G1 X36.479 Y304.359 F3554.948
G1 X36.841 Y303.676 F3554.948
G1 X37.203 Y302.992 F3554.948
G1 X37.565 Y302.309 F3554.948
G1 X37.836 Y301.692 F3554.948
G1 X38.107 Y301.075 F3554.948
G1 X38.378 Y300.459 F3554.948
G1 X38.649 Y299.842 F3554.948
G1 X38.920 Y299.225 F3554.948
G1 X39.191 Y298.608 F3554.948
G1 X39.422 Y297.972 F3554.948
G1 X39.654 Y297.336 F3554.948
G1 X39.885 Y296.700 F3554.948
G1 X40.116 Y296.064 F3554.948
G1 X40.347 Y295.427 F3554.948
G1 X40.578 Y294.791 F3554.948
G1 X40.800 Y294.040 F3554.948
G1 X41.022 Y293.288 F3554.948
G1 X41.244 Y292.536 F3554.948
G1 X41.466 Y291.784 F3554.948
G1 X41.687 Y291.032 F3554.948
G1 X41.849 Y290.315 F3554.948
G1 X42.010 Y289.598 F3554.948
G1 X42.171 Y288.881 F3554.948
G1 X42.333 Y288.164 F3554.948
G1 X42.494 Y287.447 F3554.948
G1 X42.593 Y286.775 F3554.948
G1 X42.692 Y286.103 F3554.948
G1 X42.791 Y285.430 F3554.948
G1 X42.890 Y284.758 F3554.948
G1 X42.988 Y284.086 F3554.948
G1 X43.034 Y283.302 F3554.948
G1 X43.080 Y282.519 F3554.948
G1 X43.126 Y281.735 F3554.948
G1 X43.172 Y280.952 F3554.948
G1 X43.140 Y280.219 F3554.948
G1 X43.109 Y279.487 F3554.948
G1 X43.077 Y278.754 F3554.948
G1 X43.046 Y278.022 F3554.948
G1 X42.937 Y277.331 F3554.948
G1 X42.827 Y276.639 F3554.948
G1 X42.718 Y275.948 F3554.948
G1 X42.609 Y275.257 F3554.948
G1 X42.421 Y274.594 F3554.948
G1 X42.233 Y273.931 F3554.948
G1 X42.045 Y273.267 F3554.948
G1 X41.857 Y272.604 F3554.948
G1 X41.594 Y271.953 F3554.948
G1 X41.332 Y271.303 F3554.948
G1 X41.070 Y270.652 F3554.948
G1 X40.808 Y270.002 F3554.948
G1 X40.479 Y269.350 F3554.948
G1 X40.149 Y268.698 F3554.948
G1 X39.820 Y268.045 F3554.948
G1 X39.491 Y267.393 F3554.948
G1 X39.102 Y266.726 F3554.948
G1 X38.713 Y266.059 F3554.948
G1 X38.324 Y265.392 F3554.948
G1 X37.936 Y264.725 F3554.948
G1 X37.588 Y264.172 F3554.948
G1 X37.241 Y263.618 F3554.948
G1 X36.893 Y263.065 F3554.948
G1 X36.546 Y262.512 F3554.948
G1 X36.198 Y261.959 F3554.948
G1 X35.828 Y261.382 F3554.948
G1 X35.457 Y260.806 F3554.948
G1 X35.086 Y260.230 F3554.948
G1 X34.716 Y259.654 F3554.948
G1 X34.345 Y259.077 F3554.948
G1 X33.973 Y258.478 F3554.948
G1 X33.601 Y257.879 F3554.948
G1 X33.229 Y257.280 F3554.948
G1 X32.857 Y256.681 F3554.948
G1 X32.486 Y256.082 F3554.948
G1 X32.164 Y255.471 F3554.948
G1 X31.843 Y254.859 F3554.948
G1 X31.521 Y254.247 F3554.948
G1 X31.200 Y253.635 F3554.948
G1 X30.878 Y253.024 F3554.948
G1 X30.650 Y252.414 F3554.948
G1 X30.422 Y251.803 F3554.948
G1 X30.193 Y251.193 F3554.948
G1 X29.965 Y250.583 F3554.948
G1 X29.737 Y249.973 F3554.948
G1 X29.621 Y249.228 F3554.948
G1 X29.506 Y248.482 F3554.948
G1 X29.391 Y247.737 F3554.948
G1 X29.275 Y246.991 F3554.948
G1 X29.348 Y246.268 F3554.948
G1 X29.421 Y245.545 F3554.948
G1 X29.494 Y244.822 F3554.948
G1 X29.567 Y244.099 F3554.948
G1 X29.812 Y243.395 F3554.948
G1 X30.056 Y242.692 F3554.948
G1 X30.301 Y241.988 F3554.948
G1 X30.545 Y241.284 F3554.948
G1 X30.910 Y240.588 F3554.948
G1 X31.275 Y239.891 F3554.948
G1 X31.640 Y239.195 F3554.948
G1 X32.005 Y238.498 F3554.948
G1 X32.342 Y237.942 F3554.948
G1 X32.679 Y237.386 F3554.948
G1 X33.017 Y236.830 F3554.948
G1 X33.354 Y236.273 F3554.948
G1 X33.691 Y235.717 F3554.948
G1 X34.019 Y235.160 F3554.948
G1 X34.346 Y234.602 F3554.948
G1 X34.674 Y234.044 F3554.948
G1 X35.001 Y233.486 F3554.948
G1 X35.329 Y232.929 F3554.948
G1 X35.669 Y232.223 F3554.948
G1 X36.010 Y231.517 F3554.948
G1 X36.350 Y230.811 F3554.948
G1 X36.690 Y230.105 F3554.948
G1 X36.941 Y229.386 F3554.948
G1 X37.193 Y228.667 F3554.948
G1 X37.444 Y227.948 F3554.948
G1 X37.695 Y227.229 F3554.948
G1 X37.841 Y226.491 F3554.948
G1 X37.986 Y225.753 F3554.948
G1 X38.132 Y225.015 F3554.948
G1 X38.277 Y224.277 F3554.948
G1 X38.306 Y223.510 F3554.948
G1 X38.335 Y222.743 F3554.948
G1 X38.365 Y221.977 F3554.948
G1 X38.394 Y221.210 F3554.948
G1 X38.325 Y220.571 F3554.948
G1 X38.256 Y219.932 F3554.948
G1 X38.187 Y219.292 F3554.948
G1 X38.119 Y218.653 F3554.948
G1 X38.050 Y218.014 F3554.948
G1 X37.898 Y217.349 F3554.948
G1 X37.747 Y216.685 F3554.948
G1 X37.595 Y216.020 F3554.948
G1 X37.444 Y215.355 F3554.948
G1 X37.292 Y214.691 F3554.948
G1 X37.072 Y214.004 F3554.948
G1 X36.853 Y213.317 F3554.948
G1 X36.633 Y212.630 F3554.948
G1 X36.413 Y211.943 F3554.948
G1 X36.193 Y211.257 F3554.948
G1 X35.923 Y210.552 F3554.948
G1 X35.653 Y209.848 F3554.948
G1 X35.383 Y209.144 F3554.948
G1 X35.112 Y208.439 F3554.948
G1 X34.842 Y207.735 F3554.948
G1 X34.538 Y207.018 F3554.948
G1 X34.235 Y206.301 F3554.948
G1 X33.931 Y205.584 F3554.948
G1 X33.628 Y204.867 F3554.948
G1 X33.325 Y204.150 F3554.948
G1 X33.044 Y203.429 F3554.948
G1 X32.763 Y202.707 F3554.948
G1 X32.482 Y201.986 F3554.948
G1 X32.201 Y201.265 F3554.948
G1 X31.920 Y200.544 F3554.948
G1 X31.708 Y199.829 F3554.948
G1 X31.497 Y199.115 F3554.948
G1 X31.285 Y198.400 F3554.948
G1 X31.073 Y197.686 F3554.948
G1 X30.862 Y196.972 F3554.948
G1 X30.752 Y196.280 F3554.948
G1 X30.642 Y195.588 F3554.948
G1 X30.533 Y194.897 F3554.948
G1 X30.423 Y194.205 F3554.948
G1 X30.313 Y193.514 F3554.948
G1 X30.325 Y192.861 F3554.948
G1 X30.337 Y192.208 F3554.948
G1 X30.349 Y191.555 F3554.948
G1 X30.361 Y190.902 F3554.948
G1 X30.373 Y190.249 F3554.948
G1 X30.531 Y189.500 F3554.948
G1 X30.690 Y188.751 F3554.948
G1 X30.848 Y188.002 F3554.948
G1 X31.006 Y187.254 F3554.948
G1 X31.272 Y186.586 F3554.948
G1 X31.537 Y185.919 F3554.948
G1 X31.802 Y185.251 F3554.948
G1 X32.068 Y184.584 F3554.948
G1 X32.399 Y184.008 F3554.948
G1 X32.731 Y183.433 F3554.948
G1 X33.063 Y182.858 F3554.948
G1 X33.395 Y182.282 F3554.948
G1 X33.865 Y181.647 F3554.948
G1 X34.334 Y181.012 F3554.948
G1 X34.804 Y180.377 F3554.948
G1 X35.237 Y179.876 F3554.948
G1 X35.670 Y179.375 F3554.948
G1 X36.103 Y178.874 F3554.948
G1 X36.498 Y178.505 F3554.948
G1 X36.893 Y178.135 F3554.948
G1 X37.288 Y177.766 F3554.948
G1 X37.827 Y177.400 F3554.948
G1 X38.365 Y177.035 F3554.948
G1 X38.856 Y176.849 F3554.948
G1 X39.348 Y176.662 F3554.948
G1 X39.803 Y176.645 F3554.948
G1 X40.259 Y176.628 F3554.948
G1 X40.696 Y176.776 F3554.948
G1 X41.133 Y176.924 F3554.948
G1 X41.570 Y177.239 F3554.948
G1 X42.007 Y177.554 F3554.948
G1 X42.464 Y178.042 F3554.948
G1 X42.921 Y178.530 F3554.948
G1 X43.250 Y178.977 F3554.948
G1 X43.580 Y179.423 F3554.948
G1 X43.909 Y179.869 F3554.948
G1 X44.267 Y180.440 F3554.948
G1 X44.625 Y181.010 F3554.948
G1 X44.982 Y181.581 F3554.948
G1 X45.275 Y182.106 F3554.948
G1 X45.568 Y182.631 F3554.948
G1 X45.861 Y183.156 F3554.948
G1 X46.154 Y183.682 F3554.948
G1 X46.474 Y184.301 F3554.948
G1 X46.794 Y184.920 F3554.948
G1 X47.113 Y185.539 F3554.948
G1 X47.433 Y186.158 F3554.948
G1 X47.775 Y186.864 F3554.948
G1 X48.116 Y187.570 F3554.948
G1 X48.458 Y188.276 F3554.948
G1 X48.799 Y188.981 F3554.948
G1 X49.081 Y189.596 F3554.948
G1 X49.362 Y190.211 F3554.948
G1 X49.644 Y190.826 F3554.948
G1 X49.926 Y191.441 F3554.948
G1 X50.207 Y192.056 F3554.948
G1 X50.488 Y192.696 F3554.948
G1 X50.769 Y193.336 F3554.948
G1 X51.050 Y193.977 F3554.948
G1 X51.330 Y194.617 F3554.948
G1 X51.611 Y195.257 F3554.948
G1 X51.878 Y195.895 F3554.948
G1 X52.144 Y196.532 F3554.948
G1 X52.411 Y197.170 F3554.948
G1 X52.677 Y197.808 F3554.948
G1 X52.944 Y198.445 F3554.948
G1 X53.187 Y199.052 F3554.948
G1 X53.430 Y199.659 F3554.948
G1 X53.673 Y200.266 F3554.948
G1 X53.915 Y200.873 F3554.948
G1 X54.158 Y201.480 F3554.948
G1 X54.428 Y202.176 F3554.948
G1 X54.698 Y202.872 F3554.948
G1 X54.968 Y203.568 F3554.948
G1 X55.238 Y204.264 F3554.948
G1 X55.474 Y204.888 F3554.948
G1 X55.709 Y205.512 F3554.948
G1 X55.945 Y206.137 F3554.948
G1 X56.181 Y206.761 F3554.948
G1 X56.457 Y207.497 F3554.948
G1 X56.732 Y208.232 F3554.948
G1 X57.008 Y208.968 F3554.948
G1 X57.258 Y209.617 F3554.948
G1 X57.507 Y210.266 F3554.948
G1 X57.756 Y210.915 F3554.948
G1 X57.995 Y211.495 F3554.948
G1 X58.234 Y212.074 F3554.948
G1 X58.472 Y212.654 F3554.948
G1 X58.715 Y213.183 F3554.948
G1 X58.958 Y213.712 F3554.948
G1 X59.201 Y214.241 F3554.948
G1 X59.461 Y214.743 F3554.948
G1 X59.721 Y215.245 F3554.948
G1 X59.981 Y215.747 F3554.948
G1 X60.271 Y216.244 F3554.948
G1 X60.561 Y216.741 F3554.948
G1 X60.852 Y217.239 F3554.948
G1 X61.186 Y217.759 F3554.948
G1 X61.520 Y218.279 F3554.948
G1 X61.855 Y218.800 F3554.948
G1 X62.247 Y219.369 F3554.948
G1 X62.640 Y219.938 F3554.948
G1 X63.032 Y220.506 F3554.948
G1 X63.488 Y221.152 F3554.948
G1 X63.944 Y221.798 F3554.948
G1 X64.400 Y222.443 F3554.948
G1 X64.789 Y223.004 F3554.948
G1 X65.178 Y223.565 F3554.948
G1 X65.568 Y224.126 F3554.948
G1 X65.957 Y224.687 F3554.948
G1 X66.391 Y225.342 F3554.948
G1 X66.825 Y225.998 F3554.948
G1 X67.259 Y226.653 F3554.948
G1 X67.693 Y227.309 F3554.948
G1 X68.061 Y227.913 F3554.948
G1 X68.428 Y228.516 F3554.948
G1 X68.796 Y229.120 F3554.948
G1 X69.164 Y229.724 F3554.948
G1 X69.531 Y230.328 F3554.948
G1 X69.902 Y231.006 F3554.948
G1 X70.272 Y231.685 F3554.948
G1 X70.642 Y232.363 F3554.948
G1 X71.013 Y233.041 F3554.948
G1 X71.383 Y233.720 F3554.948
G1 X71.680 Y234.335 F3554.948
G1 X71.977 Y234.950 F3554.948
G1 X72.275 Y235.565 F3554.948
G1 X72.572 Y236.180 F3554.948
G1 X72.869 Y236.795 F3554.948
G1 X73.166 Y237.411 F3554.948
G1 X73.444 Y238.057 F3554.948
G1 X73.723 Y238.703 F3554.948
G1 X74.001 Y239.349 F3554.948
G1 X74.280 Y239.995 F3554.948
G1 X74.558 Y240.641 F3554.948
G1 X74.837 Y241.287 F3554.948
G1 X75.097 Y241.942 F3554.948
G1 X75.357 Y242.598 F3554.948
G1 X75.617 Y243.254 F3554.948
G1 X75.877 Y243.910 F3554.948
G1 X76.137 Y244.565 F3554.948
G1 X76.397 Y245.221 F3554.948
G1 X76.645 Y245.867 F3554.948
G1 X76.892 Y246.512 F3554.948
G1 X77.140 Y247.158 F3554.948
G1 X77.387 Y247.803 F3554.948
G1 X77.635 Y248.449 F3554.948
G1 X77.882 Y249.095 F3554.948
G1 X78.124 Y249.716 F3554.948
G1 X78.365 Y250.338 F3554.948
G1 X78.607 Y250.960 F3554.948
G1 X78.848 Y251.582 F3554.948
G1 X79.090 Y252.203 F3554.948
G1 X79.331 Y252.825 F3554.948
G1 X79.618 Y253.533 F3554.948
G1 X79.904 Y254.241 F3554.948
G1 X80.190 Y254.949 F3554.948
G1 X80.476 Y255.657 F3554.948
G1 X80.762 Y256.365 F3554.948
G1 X81.046 Y257.034 F3554.948
G1 X81.330 Y257.702 F3554.948
G1 X81.614 Y258.370 F3554.948
G1 X81.898 Y259.039 F3554.948
G1 X82.182 Y259.707 F3554.948
G1 X82.460 Y260.338 F3554.948
G1 X82.739 Y260.969 F3554.948
G1 X83.017 Y261.599 F3554.948
G1 X83.296 Y262.230 F3554.948
G1 X83.574 Y262.861 F3554.948
G1 X83.846 Y263.453 F3554.948
G1 X84.118 Y264.046 F3554.948
G1 X84.389 Y264.638 F3554.948
G1 X84.661 Y265.231 F3554.948
G1 X84.933 Y265.823 F3554.948
G1 X85.257 Y266.515 F3554.948
G1 X85.582 Y267.207 F3554.948
G1 X85.907 Y267.898 F3554.948
G1 X86.232 Y268.590 F3554.948
G1 X86.544 Y269.232 F3554.948
G1 X86.856 Y269.874 F3554.948
G1 X87.167 Y270.517 F3554.948
G1 X87.479 Y271.159 F3554.948
G1 X87.784 Y271.750 F3554.948
G1 X88.089 Y272.340 F3554.948
G1 X88.393 Y272.931 F3554.948
G1 X88.698 Y273.521 F3554.948
G1 X89.005 Y274.055 F3554.948
G1 X89.313 Y274.589 F3554.948
G1 X89.620 Y275.124 F3554.948
G1 X89.928 Y275.658 F3554.948
G1 X90.358 Y276.294 F3554.948
G1 X90.787 Y276.931 F3554.948
G1 X91.217 Y277.568 F3554.948
G1 X91.682 Y278.134 F3554.948
G1 X92.146 Y278.700 F3554.948
G1 X92.611 Y279.266 F3554.948
G1 X93.128 Y279.769 F3554.948
G1 X93.645 Y280.272 F3554.948
G1 X94.162 Y280.775 F3554.948
G1 X94.739 Y281.228 F3554.948
G1 X95.316 Y281.681 F3554.948
G1 X95.893 Y282.133 F3554.948
G1 X96.536 Y282.546 F3554.948
G1 X97.178 Y282.959 F3554.948
G1 X97.820 Y283.372 F3554.948
G1 X98.347 Y283.660 F3554.948
G1 X98.874 Y283.947 F3554.948
G1 X99.401 Y284.234 F3554.948
G1 X99.928 Y284.522 F3554.948
G1 X100.490 Y284.793 F3554.948
G1 X101.051 Y285.065 F3554.948
G1 X101.613 Y285.336 F3554.948
G1 X102.174 Y285.607 F3554.948
G1 X102.755 Y285.867 F3554.948
G1 X103.335 Y286.126 F3554.948
G1 X103.915 Y286.386 F3554.948
G1 X104.495 Y286.645 F3554.948
G1 X105.075 Y286.895 F3554.948
G1 X105.655 Y287.145 F3554.948
G1 X106.236 Y287.395 F3554.948
G1 X106.816 Y287.644 F3554.948
G1 X107.378 Y287.887 F3554.948
G1 X107.939 Y288.130 F3554.948
G1 X108.501 Y288.373 F3554.948
G1 X109.063 Y288.616 F3554.948
G1 X109.762 Y288.935 F3554.948
G1 X110.462 Y289.254 F3554.948
G1 X111.162 Y289.573 F3554.948
G1 X111.800 Y289.888 F3554.948
G1 X112.438 Y290.204 F3554.948
G1 X113.077 Y290.519 F3554.948
G1 X113.647 Y290.837 F3554.948
G1 X114.217 Y291.154 F3554.948
G1 X114.788 Y291.472 F3554.948
G1 X115.291 Y291.798 F3554.948
G1 X115.793 Y292.123 F3554.948
G1 X116.296 Y292.449 F3554.948
G1 X116.734 Y292.791 F3554.948
G1 X117.172 Y293.132 F3554.948
G1 X117.610 Y293.474 F3554.948
G1 X118.179 Y294.028 F3554.948
G1 X118.748 Y294.581 F3554.948
G1 X119.240 Y295.194 F3554.948
G1 X119.732 Y295.807 F3554.948
G1 X120.017 Y296.265 F3554.948
G1 X120.303 Y296.724 F3554.948
G1 X120.589 Y297.183 F3554.948
G1 X120.842 Y297.705 F3554.948
G1 X121.095 Y298.228 F3554.948
G1 X121.348 Y298.750 F3554.948
G1 X121.578 Y299.352 F3554.948
G1 X121.808 Y299.954 F3554.948
G1 X122.037 Y300.556 F3554.948
G1 X122.254 Y301.249 F3554.948
G1 X122.470 Y301.941 F3554.948
G1 X122.686 Y302.634 F3554.948
G1 X122.846 Y303.231 F3554.948
G1 X123.005 Y303.828 F3554.948
G1 X123.165 Y304.425 F3554.948
G1 X123.324 Y305.022 F3554.948
G1 X123.491 Y305.696 F3554.948
G1 X123.657 Y306.371 F3554.948
G1 X123.823 Y307.045 F3554.948
G1 X123.989 Y307.720 F3554.948
G1 X124.171 Y308.466 F3554.948
G1 X124.353 Y309.212 F3554.948
G1 X124.534 Y309.958 F3554.948
G1 X124.716 Y310.704 F3554.948
G1 X124.880 Y311.348 F3554.948
G1 X125.044 Y311.991 F3554.948
G1 X125.208 Y312.635 F3554.948
G1 X125.372 Y313.279 F3554.948
G1 X125.536 Y313.922 F3554.948
G1 X125.723 Y314.596 F3554.948
G1 X125.911 Y315.269 F3554.948
G1 X126.098 Y315.942 F3554.948
G1 X126.285 Y316.615 F3554.948
G1 X126.473 Y317.288 F3554.948
G1 X126.686 Y317.971 F3554.948
G1 X126.899 Y318.653 F3554.948
G1 X127.112 Y319.336 F3554.948
G1 X127.325 Y320.018 F3554.948
G1 X127.538 Y320.701 F3554.948
G1 X127.775 Y321.368 F3554.948
G1 X128.013 Y322.035 F3554.948
G1 X128.251 Y322.703 F3554.948
G1 X128.489 Y323.370 F3554.948
G1 X128.727 Y324.037 F3554.948
G1 X128.985 Y324.662 F3554.948
G1 X129.243 Y325.287 F3554.948
G1 X129.501 Y325.912 F3554.948
G1 X129.760 Y326.537 F3554.948
G1 X130.018 Y327.163 F3554.948
G1 X130.358 Y327.865 F3554.948
G1 X130.698 Y328.567 F3554.948
G1 X131.038 Y329.269 F3554.948
G1 X131.378 Y329.971 F3554.948
G1 X131.728 Y330.578 F3554.948
G1 X132.078 Y331.184 F3554.948
G1 X132.428 Y331.791 F3554.948
G1 X132.778 Y332.397 F3554.948
G1 X133.129 Y332.904 F3554.948
G1 X133.480 Y333.411 F3554.948
G1 X133.831 Y333.918 F3554.948
G1 X134.182 Y334.425 F3554.948
G1 X134.644 Y334.977 F3554.948
G1 X135.105 Y335.529 F3554.948
G1 X135.567 Y336.080 F3554.948
G1 X136.018 Y336.523 F3554.948
G1 X136.469 Y336.966 F3554.948
G1 X136.921 Y337.409 F3554.948
G1 X137.364 Y337.758 F3554.948
G1 X137.807 Y338.108 F3554.948
G1 X138.250 Y338.457 F3554.948
G1 X138.913 Y338.865 F3554.948
G1 X139.575 Y339.273 F3554.948
G1 X140.250 Y339.582 F3554.948
G1 X140.924 Y339.892 F3554.948
G1 X141.632 Y340.123 F3554.948
G1 X142.340 Y340.354 F3554.948
G1 X143.107 Y340.519 F3554.948
G1 X143.873 Y340.685 F3554.948
M400 ; Wait for drawing to complete
G1 U0.800 F200.0 ; Flow ramp-down (viewer mode)
M5 ; Viewer hint: stop cutting
; STOP BRUSH A
G1 U0.000 F200.0 ; Close Brush A flow
M106 P2 S0 ; Brush A air off
; === PATH END ===

; Width clamped from 31.00mm to 25.00mm within [2.00,25.00] mm
; ===== STROKE PARAMETERS =====
; Color: black
; Width: 25.00mm
; Opacity: 0.25
; Brush: A
; Z-height: 83.00mm
; Paint flow: 0.56 -> U2.586mm
; Feedrate: 3554.9mm/min
; Modes: viewer_compat=true, viewer_emit_m3m5=true
; START BRUSH A
T0 ; Select Tool 0 (Brush A)
G0 X205.926 Y370.398 F12000.000
M400 ; Wait for XY movement to complete
G1 F3554.948
M106 P2 S1 ; Air on before paint
G1 U2.586 F200.0 ; Set paint flow to target (viewer mode)
G1 F3554.948
G4 P50 ; Short paint lead time
M3 S1 ; Viewer hint: start cutting
G1 X205.987 Y370.057 F3554.948
G1 X206.061 Y369.581 F3554.948
G1 X206.147 Y368.992 F3554.948
G1 X206.247 Y368.316 F3554.948
G1 X206.359 Y367.576 F3554.948
G1 X206.423 Y367.179 F3554.948
G1 X206.487 Y366.783 F3554.948
G1 X206.563 Y366.363 F3554.948
G1 X206.639 Y365.942 F3554.948
G1 X206.731 Y365.500 F3554.948
G1 X206.824 Y365.058 F3554.948
G1 X206.936 Y364.593 F3554.948
G1 X207.049 Y364.128 F3554.948
G1 X207.186 Y363.638 F3554.948
G1 X207.324 Y363.147 F3554.948
G1 X207.492 Y362.624 F3554.948
G1 X207.659 Y362.100 F3554.948
G1 X207.862 Y361.536 F3554.948
G1 X208.064 Y360.971 F3554.948
G1 X208.307 Y360.356 F3554.948
G1 X208.550 Y359.742 F3554.948
G1 X208.837 Y359.071 F3554.948
G1 X209.123 Y358.400 F3554.948
G1 X209.344 Y357.911 F3554.948
G1 X209.565 Y357.423 F3554.948
G1 X209.786 Y356.934 F3554.948
G1 X210.037 Y356.401 F3554.948
G1 X210.288 Y355.868 F3554.948
G1 X210.538 Y355.335 F3554.948
G1 X210.816 Y354.765 F3554.948
G1 X211.094 Y354.196 F3554.948
G1 X211.372 Y353.626 F3554.948
G1 X211.672 Y353.030 F3554.948
G1 X211.971 Y352.433 F3554.948
G1 X212.270 Y351.837 F3554.948
G1 X212.583 Y351.230 F3554.948
G1 X212.896 Y350.623 F3554.948
G1 X213.209 Y350.016 F3554.948
G1 X213.524 Y349.420 F3554.948
G1 X213.839 Y348.823 F3554.948
G1 X214.154 Y348.227 F3554.948
G1 X214.464 Y347.672 F3554.948
G1 X214.774 Y347.118 F3554.948
G1 X215.084 Y346.563 F3554.948
G1 X215.365 Y346.063 F3554.948
G1 X215.647 Y345.563 F3554.948
G1 X215.928 Y345.062 F3554.948
G1 X216.288 Y344.419 F3554.948
G1 X216.648 Y343.776 F3554.948
G1 X216.930 Y343.258 F3554.948
G1 X217.213 Y342.741 F3554.948
G1 X217.408 Y342.360 F3554.948
G1 X217.604 Y341.979 F3554.948
G1 X217.811 Y341.495 F3554.948
G1 X217.831 Y341.286 F3554.948
G1 X217.667 Y341.340 F3554.948
G1 X217.326 Y341.637 F3554.948
G1 X216.819 Y342.154 F3554.948
G1 X216.488 Y342.511 F3554.948
G1 X216.156 Y342.869 F3554.948
G1 X215.752 Y343.315 F3554.948
G1 X215.348 Y343.761 F3554.948
G1 X214.876 Y344.284 F3554.948
G1 X214.404 Y344.807 F3554.948
G1 X213.863 Y345.395 F3554.948
G1 X213.322 Y345.984 F3554.948
G1 X212.916 Y346.411 F3554.948
G1 X212.510 Y346.838 F3554.948
G1 X212.103 Y347.265 F3554.948
G1 X211.652 Y347.720 F3554.948
G1 X211.200 Y348.175 F3554.948
G1 X210.749 Y348.629 F3554.948
G1 X210.248 Y349.104 F3554.948
G1 X209.747 Y349.579 F3554.948
G1 X209.247 Y350.054 F3554.948
G1 X208.690 Y350.538 F3554.948
G1 X208.133 Y351.022 F3554.948
G1 X207.576 Y351.507 F3554.948
G1 X206.959 Y351.994 F3554.948
G1 X206.342 Y352.482 F3554.948
G1 X205.725 Y352.969 F3554.948
G1 X205.209 Y353.332 F3554.948
G1 X204.692 Y353.695 F3554.948
G1 X204.176 Y354.058 F3554.948
G1 X203.660 Y354.422 F3554.948
G1 X203.088 Y354.780 F3554.948
G1 X202.517 Y355.139 F3554.948
G1 X201.946 Y355.497 F3554.948
G1 X201.375 Y355.856 F3554.948
G1 X200.746 Y356.209 F3554.948
G1 X200.118 Y356.563 F3554.948
G1 X199.490 Y356.916 F3554.948
G1 X198.861 Y357.270 F3554.948
G1 X198.189 Y357.620 F3554.948
G1 X197.518 Y357.971 F3554.948
G1 X196.846 Y358.322 F3554.948
G1 X196.175 Y358.673 F3554.948
G1 X195.484 Y359.024 F3554.948
G1 X194.793 Y359.375 F3554.948
G1 X194.102 Y359.725 F3554.948
G1 X193.411 Y360.076 F3554.948
G1 X192.735 Y360.427 F3554.948
G1 X192.058 Y360.778 F3554.948
G1 X191.382 Y361.129 F3554.948
G1 X190.706 Y361.480 F3554.948
G1 X190.077 Y361.833 F3554.948
G1 X189.448 Y362.186 F3554.948
G1 X188.819 Y362.539 F3554.948
G1 X188.191 Y362.892 F3554.948
G1 X187.629 Y363.251 F3554.948
G1 X187.068 Y363.610 F3554.948
G1 X186.507 Y363.969 F3554.948
G1 X185.945 Y364.329 F3554.948
G1 X185.463 Y364.700 F3554.948
G1 X184.981 Y365.072 F3554.948
G1 X184.499 Y365.444 F3554.948
G1 X184.017 Y365.815 F3554.948
G1 X183.476 Y366.343 F3554.948
G1 X182.934 Y366.870 F3554.948
G1 X182.392 Y367.397 F3554.948
G1 X181.944 Y367.979 F3554.948
G1 X181.496 Y368.560 F3554.948
G1 X181.048 Y369.142 F3554.948
G1 X180.677 Y369.795 F3554.948
G1 X180.306 Y370.447 F3554.948
G1 X179.934 Y371.100 F3554.948
G1 X179.622 Y371.835 F3554.948
G1 X179.310 Y372.571 F3554.948
G1 X178.998 Y373.306 F3554.948
G1 X178.797 Y373.918 F3554.948
G1 X178.596 Y374.529 F3554.948
G1 X178.395 Y375.140 F3554.948
G1 X178.194 Y375.752 F3554.948
G1 X178.015 Y376.411 F3554.948
G1 X177.836 Y377.070 F3554.948
G1 X177.657 Y377.729 F3554.948
G1 X177.477 Y378.388 F3554.948
G1 X177.310 Y379.079 F3554.948
G1 X177.143 Y379.770 F3554.948
G1 X176.975 Y380.461 F3554.948
G1 X176.808 Y381.152 F3554.948
G1 X176.640 Y381.872 F3554.948
G1 X176.472 Y382.593 F3554.948
G1 X176.305 Y383.313 F3554.948
G1 X176.137 Y384.034 F3554.948
G1 X175.955 Y384.800 F3554.948
G1 X175.773 Y385.566 F3554.948
G1 X175.591 Y386.332 F3554.948
G1 X175.409 Y387.098 F3554.948
G1 X175.240 Y387.773 F3554.948
G1 X175.070 Y388.449 F3554.948
G1 X174.901 Y389.125 F3554.948
G1 X174.732 Y389.800 F3554.948
G1 X174.562 Y390.476 F3554.948
G1 X174.360 Y391.220 F3554.948
G1 X174.158 Y391.965 F3554.948
G1 X173.956 Y392.709 F3554.948
G1 X173.754 Y393.453 F3554.948
G1 X173.551 Y394.198 F3554.948
G1 X173.355 Y394.855 F3554.948
G1 X173.159 Y395.512 F3554.948
G1 X172.963 Y396.169 F3554.948
G1 X172.767 Y396.826 F3554.948
G1 X172.570 Y397.483 F3554.948
G1 X172.374 Y398.140 F3554.948
G1 X172.154 Y398.806 F3554.948
G1 X171.935 Y399.472 F3554.948
G1 X171.715 Y400.137 F3554.948
G1 X171.495 Y400.803 F3554.948
G1 X171.275 Y401.469 F3554.948
G1 X171.055 Y402.135 F3554.948
G1 X170.823 Y402.793 F3554.948
G1 X170.591 Y403.451 F3554.948
G1 X170.360 Y404.110 F3554.948
G1 X170.128 Y404.768 F3554.948
G1 X169.896 Y405.426 F3554.948
G1 X169.664 Y406.084 F3554.948
G1 X169.434 Y406.726 F3554.948
G1 X169.205 Y407.367 F3554.948
G1 X168.976 Y408.009 F3554.948
G1 X168.746 Y408.650 F3554.948
G1 X168.517 Y409.292 F3554.948
G1 X168.287 Y409.934 F3554.948
G1 X168.024 Y410.680 F3554.948
G1 X167.760 Y411.426 F3554.948
G1 X167.497 Y412.172 F3554.948
G1 X167.233 Y412.918 F3554.948
G1 X166.969 Y413.664 F3554.948
G1 X166.719 Y414.386 F3554.948
G1 X166.469 Y415.108 F3554.948
G1 X166.219 Y415.830 F3554.948
G1 X165.969 Y416.552 F3554.948
G1 X165.718 Y417.274 F3554.948
G1 X165.482 Y417.971 F3554.948
G1 X165.246 Y418.667 F3554.948
G1 X165.010 Y419.364 F3554.948
G1 X164.775 Y420.061 F3554.948
G1 X164.539 Y420.758 F3554.948
G1 X164.320 Y421.428 F3554.948
G1 X164.101 Y422.098 F3554.948
G1 X163.882 Y422.768 F3554.948
G1 X163.663 Y423.438 F3554.948
G1 X163.444 Y424.108 F3554.948
G1 X163.236 Y424.735 F3554.948
G1 X163.028 Y425.362 F3554.948
G1 X162.820 Y425.989 F3554.948
G1 X162.612 Y426.616 F3554.948
G1 X162.404 Y427.243 F3554.948
G1 X162.154 Y427.965 F3554.948
G1 X161.903 Y428.686 F3554.948
G1 X161.653 Y429.408 F3554.948
G1 X161.403 Y430.129 F3554.948
G1 X161.159 Y430.782 F3554.948
G1 X160.916 Y431.434 F3554.948
G1 X160.673 Y432.086 F3554.948
G1 X160.430 Y432.739 F3554.948
G1 X160.195 Y433.323 F3554.948
G1 X159.960 Y433.906 F3554.948
G1 X159.724 Y434.490 F3554.948
G1 X159.489 Y435.074 F3554.948
G1 X159.188 Y435.770 F3554.948
G1 X158.887 Y436.465 F3554.948
G1 X158.586 Y437.161 F3554.948
G1 X158.300 Y437.788 F3554.948
G1 X158.013 Y438.416 F3554.948
G1 X157.727 Y439.043 F3554.948
G1 X157.459 Y439.621 F3554.948
G1 X157.191 Y440.200 F3554.948
G1 X156.922 Y440.778 F3554.948
G1 X156.683 Y441.332 F3554.948
G1 X156.444 Y441.886 F3554.948
G1 X156.204 Y442.440 F3554.948
G1 X155.987 Y442.988 F3554.948
G1 X155.770 Y443.536 F3554.948
G1 X155.552 Y444.084 F3554.948
G1 X155.362 Y444.649 F3554.948
G1 X155.171 Y445.214 F3554.948
G1 X154.980 Y445.779 F3554.948
G1 X154.822 Y446.385 F3554.948
G1 X154.664 Y446.990 F3554.948
G1 X154.506 Y447.596 F3554.948
G1 X154.387 Y448.259 F3554.948
G1 X154.269 Y448.922 F3554.948
G1 X154.151 Y449.586 F3554.948
G1 X154.081 Y450.327 F3554.948
G1 X154.012 Y451.068 F3554.948
G1 X153.943 Y451.809 F3554.948
G1 X153.933 Y452.429 F3554.948
G1 X153.923 Y453.049 F3554.948
G1 X153.914 Y453.668 F3554.948
G1 X153.904 Y454.288 F3554.948
G1 X153.942 Y454.975 F3554.948
G1 X153.979 Y455.661 F3554.948
G1 X154.017 Y456.348 F3554.948
G1 X154.054 Y457.035 F3554.948
G1 X154.142 Y457.784 F3554.948
G1 X154.229 Y458.533 F3554.948
G1 X154.317 Y459.282 F3554.948
G1 X154.404 Y460.031 F3554.948
G1 X154.514 Y460.669 F3554.948
G1 X154.623 Y461.307 F3554.948
G1 X154.733 Y461.946 F3554.948
G1 X154.843 Y462.584 F3554.948
G1 X154.952 Y463.222 F3554.948
G1 X155.101 Y463.883 F3554.948
G1 X155.249 Y464.543 F3554.948
G1 X155.398 Y465.203 F3554.948
G1 X155.546 Y465.864 F3554.948
G1 X155.695 Y466.524 F3554.948
G1 X155.880 Y467.185 F3554.948
G1 X156.065 Y467.847 F3554.948
G1 X156.250 Y468.508 F3554.948
G1 X156.435 Y469.170 F3554.948
G1 X156.620 Y469.831 F3554.948
G1 X156.837 Y470.473 F3554.948
G1 X157.055 Y471.114 F3554.948
G1 X157.272 Y471.755 F3554.948
G1 X157.490 Y472.396 F3554.948
G1 X157.708 Y473.037 F3554.948
G1 X157.950 Y473.640 F3554.948
G1 X158.192 Y474.242 F3554.948
G1 X158.435 Y474.844 F3554.948
G1 X158.677 Y475.446 F3554.948
G1 X158.919 Y476.048 F3554.948
G1 X159.236 Y476.737 F3554.948
G1 X159.553 Y477.426 F3554.948
G1 X159.870 Y478.114 F3554.948
G1 X160.186 Y478.803 F3554.948
G1 X160.498 Y479.421 F3554.948
G1 X160.809 Y480.039 F3554.948
G1 X161.120 Y480.658 F3554.948
G1 X161.431 Y481.276 F3554.948
G1 X161.718 Y481.827 F3554.948
G1 X162.005 Y482.378 F3554.948
G1 X162.291 Y482.929 F3554.948
G1 X162.578 Y483.479 F3554.948
G1 X162.904 Y484.142 F3554.948
G1 X163.231 Y484.804 F3554.948
G1 X163.557 Y485.466 F3554.948
G1 X163.815 Y486.084 F3554.948
G1 X164.073 Y486.701 F3554.948
G1 X164.331 Y487.318 F3554.948
G1 X164.512 Y487.927 F3554.948
G1 X164.692 Y488.535 F3554.948
G1 X164.873 Y489.144 F3554.948
G1 X164.972 Y489.777 F3554.948
G1 X165.070 Y490.411 F3554.948
G1 X165.169 Y491.044 F3554.948
G1 X165.184 Y491.734 F3554.948
G1 X165.199 Y492.424 F3554.948
G1 X165.213 Y493.114 F3554.948
G1 X165.144 Y493.853 F3554.948
G1 X165.075 Y494.592 F3554.948
G1 X165.005 Y495.332 F3554.948
G1 X164.856 Y496.059 F3554.948
G1 X164.707 Y496.786 F3554.948
G1 X164.557 Y497.513 F3554.948
G1 X164.337 Y498.120 F3554.948
G1 X164.116 Y498.728 F3554.948
G1 X163.895 Y499.335 F3554.948
G1 X163.470 Y499.911 F3554.948
G1 X163.046 Y500.486 F3554.948
G1 X162.539 Y500.678 F3554.948
G1 X162.031 Y500.871 F3554.948
G1 X161.448 Y500.688 F3554.948
G1 X160.865 Y500.506 F3554.948
G1 X160.426 Y500.141 F3554.948
G1 X159.987 Y499.777 F3554.948
G1 X159.549 Y499.412 F3554.948
G1 X159.054 Y498.839 F3554.948
G1 X158.559 Y498.265 F3554.948
G1 X158.064 Y497.692 F3554.948
G1 X157.647 Y497.180 F3554.948
G1 X157.230 Y496.668 F3554.948
G1 X156.813 Y496.157 F3554.948
G1 X156.396 Y495.645 F3554.948
G1 X155.932 Y495.130 F3554.948
G1 X155.468 Y494.615 F3554.948
G1 X155.004 Y494.100 F3554.948
G1 X154.539 Y493.584 F3554.948
G1 X154.033 Y493.111 F3554.948
G1 X153.527 Y492.637 F3554.948
G1 X153.020 Y492.163 F3554.948
G1 X152.514 Y491.689 F3554.948
G1 X151.978 Y491.285 F3554.948
G1 X151.442 Y490.882 F3554.948
G1 X150.906 Y490.479 F3554.948
G1 X150.369 Y490.075 F3554.948
G1 X149.819 Y489.734 F3554.948
G1 X149.269 Y489.393 F3554.948
G1 X148.720 Y489.051 F3554.948
G1 X148.170 Y488.710 F3554.948
G1 X147.621 Y488.428 F3554.948
G1 X147.073 Y488.147 F3554.948
G1 X146.525 Y487.866 F3554.948
G1 X145.976 Y487.584 F3554.948
G1 X145.261 Y487.286 F3554.948
G1 X144.545 Y486.987 F3554.948
G1 X143.830 Y486.689 F3554.948
G1 X143.136 Y486.465 F3554.948
G1 X142.442 Y486.241 F3554.948
G1 X141.748 Y486.017 F3554.948
G1 X141.067 Y485.865 F3554.948
G1 X140.386 Y485.714 F3554.948
G1 X139.704 Y485.563 F3554.948
G1 X139.021 Y485.488 F3554.948
G1 X138.337 Y485.414 F3554.948
G1 X137.653 Y485.339 F3554.948
G1 X136.942 Y485.345 F3554.948
G1 X136.231 Y485.351 F3554.948
G1 X135.520 Y485.356 F3554.948
G1 X134.753 Y485.450 F3554.948
G1 X133.986 Y485.543 F3554.948
G1 X133.219 Y485.637 F3554.948
G1 X132.580 Y485.777 F3554.948
G1 X131.942 Y485.917 F3554.948
G1 X131.303 Y486.058 F3554.948
G1 X130.664 Y486.198 F3554.948
G1 X129.943 Y486.413 F3554.948
G1 X129.222 Y486.629 F3554.948
G1 X128.502 Y486.844 F3554.948
G1 X127.781 Y487.060 F3554.948
G1 X127.126 Y487.295 F3554.948
G1 X126.471 Y487.530 F3554.948
G1 X125.817 Y487.765 F3554.948
G1 X125.162 Y488.000 F3554.948
G1 X124.507 Y488.236 F3554.948
G1 X123.776 Y488.535 F3554.948
G1 X123.044 Y488.834 F3554.948
G1 X122.312 Y489.133 F3554.948
G1 X121.580 Y489.433 F3554.948
G1 X120.848 Y489.732 F3554.948
G1 X120.190 Y490.027 F3554.948
G1 X119.531 Y490.322 F3554.948
G1 X118.872 Y490.616 F3554.948
G1 X118.214 Y490.911 F3554.948
G1 X117.555 Y491.206 F3554.948
G1 X116.897 Y491.501 F3554.948
G1 X116.216 Y491.829 F3554.948
G1 X115.536 Y492.158 F3554.948
G1 X114.856 Y492.486 F3554.948
G1 X114.176 Y492.815 F3554.948
G1 X113.496 Y493.143 F3554.948
G1 X112.815 Y493.471 F3554.948
G1 X112.145 Y493.796 F3554.948
G1 X111.475 Y494.121 F3554.948
G1 X110.805 Y494.446 F3554.948
G1 X110.135 Y494.770 F3554.948
G1 X109.465 Y495.095 F3554.948
G1 X108.795 Y495.420 F3554.948
G1 X108.160 Y495.696 F3554.948
G1 X107.525 Y495.971 F3554.948
G1 X106.890 Y496.247 F3554.948
G1 X106.255 Y496.523 F3554.948
G1 X105.620 Y496.798 F3554.948
G1 X104.985 Y497.074 F3554.948
G1 X104.280 Y497.292 F3554.948
G1 X103.575 Y497.509 F3554.948
G1 X102.870 Y497.727 F3554.948
G1 X102.165 Y497.944 F3554.948
G1 X101.460 Y498.162 F3554.948
G1 X100.808 Y498.232 F3554.948
G1 X100.156 Y498.303 F3554.948
G1 X99.504 Y498.373 F3554.948
G1 X98.853 Y498.444 F3554.948
G1 X98.201 Y498.514 F3554.948
G1 X97.440 Y498.416 F3554.948
G1 X96.679 Y498.318 F3554.948
G1 X95.918 Y498.220 F3554.948
G1 X95.157 Y498.122 F3554.948
G1 X94.432 Y497.871 F3554.948
G1 X93.708 Y497.620 F3554.948
G1 X92.983 Y497.369 F3554.948
G1 X92.259 Y497.118 F3554.948
G1 X91.556 Y496.772 F3554.948
G1 X90.854 Y496.427 F3554.948
G1 X90.152 Y496.081 F3554.948
G1 X89.450 Y495.736 F3554.948
G1 X88.761 Y495.363 F3554.948
G1 X88.073 Y494.991 F3554.948
G1 X87.385 Y494.619 F3554.948
G1 X86.696 Y494.246 F3554.948
G1 X86.031 Y493.895 F3554.948
G1 X85.365 Y493.545 F3554.948
G1 X84.700 Y493.194 F3554.948
G1 X84.034 Y492.843 F3554.948
G1 X83.410 Y492.557 F3554.948
G1 X82.786 Y492.271 F3554.948
G1 X82.162 Y491.985 F3554.948
G1 X81.538 Y491.699 F3554.948
G1 X80.790 Y491.430 F3554.948
G1 X80.042 Y491.161 F3554.948
G1 X79.294 Y490.893 F3554.948
G1 X78.655 Y490.731 F3554.948
G1 X78.016 Y490.570 F3554.948
G1 X77.377 Y490.409 F3554.948
G1 X76.603 Y490.325 F3554.948
G1 X75.829 Y490.240 F3554.948
G1 X75.239 Y490.304 F3554.948
G1 X74.649 Y490.369 F3554.948
G1 X74.239 Y490.579 F3554.948
G1 X73.828 Y490.788 F3554.948
G1 X73.590 Y491.144 F3554.948
G1 X73.353 Y491.500 F3554.948
G1 X73.276 Y492.006 F3554.948
G1 X73.200 Y492.513 F3554.948
G1 X73.277 Y493.160 F3554.948
G1 X73.354 Y493.808 F3554.948
G1 X73.579 Y494.539 F3554.948
G1 X73.804 Y495.269 F3554.948
G1 X74.051 Y495.772 F3554.948
G1 X74.298 Y496.275 F3554.948
G1 X74.545 Y496.778 F3554.948
G1 X74.883 Y497.236 F3554.948
G1 X75.221 Y497.695 F3554.948
G1 X75.559 Y498.153 F3554.948
M400 ; Wait for drawing to complete
G1 U0.800 F200.0 ; Flow ramp-down (viewer mode)
M5 ; Viewer hint: stop cutting
; STOP BRUSH A
G1 U0.000 F200.0 ; Close Brush A flow
M106 P2 S0 ; Brush A air off
; === PATH END ===

; Width clamped from 31.00mm to 25.00mm within [2.00,25.00] mm
; ===== STROKE PARAMETERS =====
; Color: black
; Width: 25.00mm
; Opacity: 0.25
; Brush: A
; Z-height: 83.00mm
; Paint flow: 0.56 -> U2.586mm
; Feedrate: 3554.9mm/min
; Modes: viewer_compat=true, viewer_emit_m3m5=true
; START BRUSH A
T0 ; Select Tool 0 (Brush A)
G0 X476.581 Y313.844 F12000.000
M400 ; Wait for XY movement to complete
G1 F3554.948
M106 P2 S1 ; Air on before paint
G1 U2.586 F200.0 ; Set paint flow to target (viewer mode)
G1 F3554.948
G4 P50 ; Short paint lead time
M3 S1 ; Viewer hint: start cutting
G1 X477.295 Y313.791 F3554.948
G1 X477.766 Y313.776 F3554.948
G1 X478.237 Y313.761 F3554.948
G1 X478.771 Y313.766 F3554.948
G1 X479.306 Y313.772 F3554.948
G1 X479.852 Y313.809 F3554.948
G1 X480.399 Y313.846 F3554.948
G1 X480.911 Y313.923 F3554.948
G1 X481.423 Y314.000 F3554.948
G1 X481.899 Y314.115 F3554.948
G1 X482.375 Y314.229 F3554.948
G1 X482.824 Y314.378 F3554.948
G1 X483.272 Y314.527 F3554.948
G1 X483.699 Y314.707 F3554.948
G1 X484.127 Y314.887 F3554.948
G1 X484.539 Y315.099 F3554.948
G1 X484.952 Y315.311 F3554.948
G1 X485.361 Y315.553 F3554.948
G1 X485.770 Y315.796 F3554.948
G1 X486.184 Y316.068 F3554.948
G1 X486.598 Y316.340 F3554.948
G1 X487.029 Y316.642 F3554.948
G1 X487.460 Y316.945 F3554.948
G1 X487.921 Y317.280 F3554.948
G1 X488.381 Y317.615 F3554.948
G1 X488.885 Y317.987 F3554.948
G1 X489.389 Y318.359 F3554.948
G1 X489.936 Y318.768 F3554.948
G1 X490.482 Y319.178 F3554.948
G1 X491.073 Y319.628 F3554.948
G1 X491.665 Y320.078 F3554.948
G1 X492.091 Y320.408 F3554.948
G1 X492.517 Y320.737 F3554.948
G1 X492.943 Y321.067 F3554.948
G1 X493.365 Y321.429 F3554.948
G1 X493.787 Y321.792 F3554.948
G1 X494.210 Y322.154 F3554.948
G1 X494.572 Y322.551 F3554.948
G1 X494.935 Y322.948 F3554.948
G1 X495.297 Y323.346 F3554.948
G1 X495.684 Y323.997 F3554.948
G1 X496.070 Y324.649 F3554.948
G1 X496.250 Y325.367 F3554.948
G1 X496.430 Y326.086 F3554.948
G1 X496.391 Y326.619 F3554.948
G1 X496.352 Y327.152 F3554.948
G1 X496.313 Y327.685 F3554.948
G1 X496.118 Y328.282 F3554.948
G1 X495.922 Y328.878 F3554.948
G1 X495.726 Y329.474 F3554.948
G1 X495.394 Y330.148 F3554.948
G1 X495.063 Y330.823 F3554.948
G1 X494.731 Y331.497 F3554.948
G1 X494.403 Y332.064 F3554.948
G1 X494.075 Y332.631 F3554.948
G1 X493.747 Y333.198 F3554.948
G1 X493.419 Y333.766 F3554.948
G1 X493.044 Y334.396 F3554.948
G1 X492.670 Y335.026 F3554.948
G1 X492.296 Y335.657 F3554.948
G1 X491.921 Y336.287 F3554.948
G1 X491.532 Y336.974 F3554.948
G1 X491.142 Y337.661 F3554.948
G1 X490.752 Y338.347 F3554.948
G1 X490.363 Y339.034 F3554.948
G1 X490.041 Y339.618 F3554.948
G1 X489.718 Y340.201 F3554.948
G1 X489.396 Y340.785 F3554.948
G1 X489.074 Y341.368 F3554.948
G1 X488.752 Y341.952 F3554.948
G1 X488.425 Y342.556 F3554.948
G1 X488.099 Y343.161 F3554.948
G1 X487.772 Y343.766 F3554.948
G1 X487.446 Y344.371 F3554.948
G1 X487.119 Y344.975 F3554.948
G1 X486.795 Y345.588 F3554.948
G1 X486.470 Y346.201 F3554.948
G1 X486.146 Y346.813 F3554.948
G1 X485.822 Y347.426 F3554.948
G1 X485.497 Y348.039 F3554.948
G1 X485.183 Y348.647 F3554.948
G1 X484.870 Y349.256 F3554.948
G1 X484.556 Y349.865 F3554.948
G1 X484.242 Y350.474 F3554.948
G1 X483.928 Y351.082 F3554.948
G1 X483.638 Y351.678 F3554.948
G1 X483.347 Y352.273 F3554.948
G1 X483.057 Y352.869 F3554.948
G1 X482.766 Y353.464 F3554.948
G1 X482.476 Y354.060 F3554.948
G1 X482.160 Y354.778 F3554.948
G1 X481.845 Y355.497 F3554.948
G1 X481.529 Y356.215 F3554.948
G1 X481.214 Y356.934 F3554.948
G1 X480.952 Y357.618 F3554.948
G1 X480.690 Y358.303 F3554.948
G1 X480.428 Y358.987 F3554.948
G1 X480.166 Y359.672 F3554.948
G1 X479.961 Y360.320 F3554.948
G1 X479.757 Y360.968 F3554.948
G1 X479.553 Y361.616 F3554.948
G1 X479.348 Y362.265 F3554.948
G1 X479.197 Y362.880 F3554.948
G1 X479.047 Y363.496 F3554.948
G1 X478.896 Y364.112 F3554.948
G1 X478.745 Y364.728 F3554.948
G1 X478.603 Y365.510 F3554.948
G1 X478.461 Y366.292 F3554.948
G1 X478.319 Y367.073 F3554.948
G1 X478.233 Y367.826 F3554.948
G1 X478.148 Y368.579 F3554.948
G1 X478.062 Y369.331 F3554.948
G1 X478.040 Y370.067 F3554.948
G1 X478.018 Y370.802 F3554.948
G1 X477.996 Y371.538 F3554.948
G1 X478.058 Y372.273 F3554.948
G1 X478.120 Y373.007 F3554.948
G1 X478.181 Y373.742 F3554.948
G1 X478.354 Y374.487 F3554.948
G1 X478.527 Y375.231 F3554.948
G1 X478.700 Y375.976 F3554.948
G1 X478.941 Y376.550 F3554.948
G1 X479.182 Y377.123 F3554.948
G1 X479.422 Y377.696 F3554.948
G1 X479.663 Y378.270 F3554.948
G1 X480.037 Y378.857 F3554.948
G1 X480.411 Y379.445 F3554.948
G1 X480.784 Y380.033 F3554.948
G1 X481.158 Y380.620 F3554.948
G1 X481.660 Y381.211 F3554.948
G1 X482.162 Y381.801 F3554.948
G1 X482.664 Y382.391 F3554.948
G1 X483.166 Y382.982 F3554.948
G1 X483.632 Y383.433 F3554.948
G1 X484.098 Y383.884 F3554.948
G1 X484.563 Y384.336 F3554.948
G1 X485.029 Y384.787 F3554.948
G1 X485.495 Y385.238 F3554.948
G1 X486.112 Y385.743 F3554.948
G1 X486.730 Y386.247 F3554.948
G1 X487.348 Y386.751 F3554.948
G1 X487.966 Y387.255 F3554.948
G1 X488.607 Y387.671 F3554.948
G1 X489.248 Y388.088 F3554.948
G1 X489.889 Y388.504 F3554.948
G1 X490.530 Y388.921 F3554.948
G1 X491.190 Y389.244 F3554.948
G1 X491.851 Y389.568 F3554.948
G1 X492.512 Y389.892 F3554.948
G1 X493.173 Y390.215 F3554.948
G1 X493.828 Y390.449 F3554.948
G1 X494.482 Y390.683 F3554.948
G1 X495.137 Y390.917 F3554.948
G1 X495.792 Y391.151 F3554.948
G1 X496.551 Y391.355 F3554.948
G1 X497.309 Y391.558 F3554.948
G1 X498.068 Y391.762 F3554.948
G1 X498.843 Y391.935 F3554.948
G1 X499.618 Y392.107 F3554.948
G1 X500.332 Y392.258 F3554.948
G1 X500.256 Y392.246 F3554.948
G1 X499.839 Y392.162 F3554.948
G1 X499.422 Y392.077 F3554.948
G1 X498.650 Y391.904 F3554.948
G1 X497.877 Y391.731 F3554.948
G1 X497.186 Y391.539 F3554.948
G1 X496.494 Y391.348 F3554.948
G1 X495.803 Y391.156 F3554.948
G1 X495.240 Y390.946 F3554.948
G1 X494.677 Y390.736 F3554.948
G1 X494.114 Y390.526 F3554.948
G1 X493.551 Y390.316 F3554.948
G1 X493.002 Y390.034 F3554.948
G1 X492.453 Y389.752 F3554.948
G1 X491.904 Y389.471 F3554.948
G1 X491.355 Y389.189 F3554.948
G1 X490.847 Y388.831 F3554.948
G1 X490.339 Y388.474 F3554.948
G1 X489.831 Y388.116 F3554.948
G1 X489.323 Y387.758 F3554.948
G1 X488.844 Y387.324 F3554.948
G1 X488.364 Y386.889 F3554.948
G1 X487.884 Y386.455 F3554.948
G1 X487.405 Y386.020 F3554.948
G1 X486.954 Y385.522 F3554.948
G1 X486.503 Y385.024 F3554.948
G1 X486.051 Y384.526 F3554.948
G1 X485.600 Y384.028 F3554.948
G1 X485.190 Y383.484 F3554.948
G1 X484.780 Y382.941 F3554.948
G1 X484.370 Y382.397 F3554.948
G1 X483.960 Y381.854 F3554.948
G1 X483.621 Y381.288 F3554.948
G1 X483.281 Y380.721 F3554.948
G1 X482.942 Y380.155 F3554.948
G1 X482.603 Y379.588 F3554.948
G1 X482.368 Y379.015 F3554.948
G1 X482.134 Y378.442 F3554.948
G1 X481.900 Y377.869 F3554.948
G1 X481.666 Y377.296 F3554.948
G1 X481.523 Y376.537 F3554.948
G1 X481.380 Y375.777 F3554.948
G1 X481.237 Y375.017 F3554.948
G1 X481.277 Y374.262 F3554.948
G1 X481.317 Y373.507 F3554.948
G1 X481.356 Y372.751 F3554.948
G1 X481.580 Y371.994 F3554.948
G1 X481.804 Y371.236 F3554.948
G1 X482.029 Y370.479 F3554.948
G1 X482.329 Y369.899 F3554.948
G1 X482.630 Y369.320 F3554.948
G1 X482.931 Y368.740 F3554.948
G1 X483.232 Y368.161 F3554.948
G1 X483.669 Y367.562 F3554.948
G1 X484.105 Y366.964 F3554.948
G1 X484.542 Y366.366 F3554.948
G1 X484.979 Y365.768 F3554.948
G1 X485.434 Y365.276 F3554.948
G1 X485.889 Y364.783 F3554.948
G1 X486.344 Y364.291 F3554.948
G1 X486.799 Y363.799 F3554.948
G1 X487.254 Y363.307 F3554.948
G1 X487.800 Y362.809 F3554.948
G1 X488.345 Y362.311 F3554.948
G1 X488.891 Y361.813 F3554.948
G1 X489.436 Y361.315 F3554.948
G1 X489.982 Y360.817 F3554.948
G1 X490.596 Y360.326 F3554.948
G1 X491.211 Y359.836 F3554.948
G1 X491.825 Y359.345 F3554.948
G1 X492.439 Y358.854 F3554.948
G1 X493.054 Y358.364 F3554.948
G1 X493.687 Y357.895 F3554.948
G1 X494.321 Y357.426 F3554.948
G1 X494.954 Y356.957 F3554.948
G1 X495.587 Y356.488 F3554.948
G1 X496.221 Y356.019 F3554.948
G1 X496.766 Y355.581 F3554.948
G1 X497.311 Y355.144 F3554.948
G1 X497.856 Y354.707 F3554.948
G1 X498.401 Y354.270 F3554.948
G1 X498.946 Y353.832 F3554.948
G1 X499.400 Y353.330 F3554.948
G1 X499.855 Y352.827 F3554.948
G1 X500.309 Y352.324 F3554.948
G1 X500.764 Y351.821 F3554.948
G1 X501.081 Y351.207 F3554.948
G1 X501.399 Y350.592 F3554.948
G1 X501.716 Y349.977 F3554.948
G1 X501.761 Y349.416 F3554.948
G1 X501.806 Y348.855 F3554.948
G1 X501.851 Y348.294 F3554.948
G1 X501.636 Y347.785 F3554.948
G1 X501.421 Y347.276 F3554.948
G1 X501.205 Y346.767 F3554.948
G1 X500.744 Y346.308 F3554.948
G1 X500.283 Y345.849 F3554.948
G1 X499.822 Y345.390 F3554.948
G1 X499.300 Y345.081 F3554.948
G1 X498.779 Y344.772 F3554.948
G1 X498.258 Y344.463 F3554.948
G1 X497.737 Y344.154 F3554.948
G1 X497.061 Y343.883 F3554.948
G1 X496.386 Y343.611 F3554.948
G1 X495.711 Y343.340 F3554.948
G1 X495.035 Y343.068 F3554.948
G1 X494.302 Y342.828 F3554.948
G1 X493.568 Y342.587 F3554.948
G1 X492.835 Y342.346 F3554.948
G1 X492.101 Y342.106 F3554.948
G1 X491.376 Y341.885 F3554.948
G1 X490.651 Y341.665 F3554.948
G1 X489.926 Y341.445 F3554.948
G1 X489.201 Y341.224 F3554.948
G1 X488.458 Y341.013 F3554.948
G1 X487.714 Y340.801 F3554.948
G1 X486.971 Y340.589 F3554.948
G1 X486.227 Y340.377 F3554.948
G1 X485.598 Y340.208 F3554.948
G1 X484.968 Y340.039 F3554.948
G1 X484.338 Y339.870 F3554.948
G1 X483.709 Y339.701 F3554.948
G1 X483.079 Y339.532 F3554.948
G1 X482.417 Y339.359 F3554.948
G1 X481.756 Y339.185 F3554.948
G1 X481.095 Y339.011 F3554.948
G1 X480.433 Y338.838 F3554.948
G1 X479.772 Y338.664 F3554.948
G1 X479.129 Y338.484 F3554.948
G1 X478.487 Y338.305 F3554.948
G1 X477.844 Y338.125 F3554.948
G1 X477.202 Y337.945 F3554.948
G1 X476.560 Y337.766 F3554.948
G1 X475.870 Y337.541 F3554.948
G1 X475.181 Y337.316 F3554.948
G1 X474.492 Y337.091 F3554.948
G1 X473.803 Y336.866 F3554.948
G1 X473.203 Y336.655 F3554.948
G1 X472.604 Y336.444 F3554.948
G1 X472.005 Y336.232 F3554.948
G1 X471.405 Y336.021 F3554.948
G1 X470.668 Y335.765 F3554.948
G1 X469.931 Y335.510 F3554.948
G1 X469.194 Y335.254 F3554.948
G1 X468.442 Y335.027 F3554.948
G1 X467.691 Y334.799 F3554.948
G1 X466.939 Y334.571 F3554.948
G1 X466.347 Y334.416 F3554.948
G1 X465.754 Y334.260 F3554.948
G1 X465.161 Y334.104 F3554.948
G1 X464.569 Y333.948 F3554.948
G1 X463.939 Y333.798 F3554.948
G1 X463.309 Y333.649 F3554.948
G1 X462.680 Y333.499 F3554.948
G1 X462.050 Y333.349 F3554.948
G1 X461.393 Y333.193 F3554.948
G1 X460.736 Y333.036 F3554.948
G1 X460.079 Y332.880 F3554.948
G1 X459.423 Y332.724 F3554.948
G1 X458.756 Y332.551 F3554.948
G1 X458.089 Y332.379 F3554.948
G1 X457.422 Y332.207 F3554.948
G1 X456.755 Y332.035 F3554.948
G1 X456.099 Y331.843 F3554.948
G1 X455.442 Y331.652 F3554.948
G1 X454.785 Y331.460 F3554.948
G1 X454.128 Y331.269 F3554.948
G1 X453.493 Y331.068 F3554.948
G1 X452.857 Y330.866 F3554.948
G1 X452.221 Y330.665 F3554.948
G1 X451.586 Y330.464 F3554.948
G1 X450.982 Y330.260 F3554.948
G1 X450.379 Y330.057 F3554.948
G1 X449.776 Y329.854 F3554.948
G1 X449.173 Y329.650 F3554.948
G1 X448.426 Y329.403 F3554.948
G1 X447.680 Y329.156 F3554.948
G1 X446.934 Y328.908 F3554.948
G1 X446.252 Y328.677 F3554.948
G1 X445.569 Y328.445 F3554.948
G1 X444.886 Y328.214 F3554.948
G1 X444.253 Y327.978 F3554.948
G1 X443.620 Y327.742 F3554.948
G1 X442.987 Y327.506 F3554.948
G1 X442.371 Y327.235 F3554.948
G1 X441.755 Y326.964 F3554.948
G1 X441.140 Y326.693 F3554.948
G1 X440.513 Y326.362 F3554.948
G1 X439.886 Y326.032 F3554.948
G1 X439.259 Y325.701 F3554.948
G1 X438.598 Y325.300 F3554.948
G1 X437.937 Y324.900 F3554.948
G1 X437.277 Y324.499 F3554.948
G1 X436.750 Y324.145 F3554.948
G1 X436.224 Y323.792 F3554.948
G1 X435.697 Y323.438 F3554.948
G1 X435.171 Y323.084 F3554.948
G1 X434.619 Y322.673 F3554.948
G1 X434.067 Y322.262 F3554.948
G1 X433.516 Y321.852 F3554.948
G1 X432.964 Y321.441 F3554.948
G1 X432.392 Y320.964 F3554.948
G1 X431.820 Y320.488 F3554.948
G1 X431.248 Y320.011 F3554.948
G1 X430.676 Y319.535 F3554.948
G1 X430.112 Y319.014 F3554.948
G1 X429.548 Y318.493 F3554.948
G1 X428.985 Y317.972 F3554.948
G1 X428.421 Y317.452 F3554.948
G1 X427.938 Y316.958 F3554.948
G1 X427.454 Y316.464 F3554.948
G1 X426.971 Y315.970 F3554.948
G1 X426.487 Y315.477 F3554.948
G1 X426.048 Y314.950 F3554.948
G1 X425.609 Y314.423 F3554.948
G1 X425.170 Y313.896 F3554.948
G1 X424.835 Y313.315 F3554.948
G1 X424.500 Y312.734 F3554.948
G1 X424.431 Y312.290 F3554.948
G1 X424.363 Y311.846 F3554.948
G1 X424.672 Y311.124 F3554.948
M400 ; Wait for drawing to complete
G1 U0.800 F200.0 ; Flow ramp-down (viewer mode)
M5 ; Viewer hint: stop cutting
; STOP BRUSH A
G1 U0.000 F200.0 ; Close Brush A flow
M106 P2 S0 ; Brush A air off
; === PATH END ===

; Width clamped from 31.00mm to 25.00mm within [2.00,25.00] mm
; ===== STROKE PARAMETERS =====
; Color: black
; Width: 25.00mm
; Opacity: 0.25
; Brush: A
; Z-height: 83.00mm
; Paint flow: 0.56 -> U2.586mm
; Feedrate: 3554.9mm/min
; Modes: viewer_compat=true, viewer_emit_m3m5=true
; START BRUSH A
T0 ; Select Tool 0 (Brush A)
G0 X496.753 Y495.361 F12000.000
M400 ; Wait for XY movement to complete
G1 F3554.948
M106 P2 S1 ; Air on before paint
G1 U2.586 F200.0 ; Set paint flow to target (viewer mode)
G1 F3554.948
G4 P50 ; Short paint lead time
M3 S1 ; Viewer hint: start cutting
G1 X496.071 Y495.156 F3554.948
G1 X495.390 Y494.952 F3554.948
G1 X494.814 Y494.751 F3554.948
G1 X494.238 Y494.550 F3554.948
G1 X493.662 Y494.350 F3554.948
G1 X493.050 Y494.105 F3554.948
G1 X492.438 Y493.860 F3554.948
G1 X491.826 Y493.615 F3554.948
G1 X491.252 Y493.357 F3554.948
G1 X490.678 Y493.098 F3554.948
G1 X490.104 Y492.840 F3554.948
G1 X489.583 Y492.605 F3554.948
G1 X489.063 Y492.370 F3554.948
G1 X488.543 Y492.135 F3554.948
G1 X487.857 Y491.865 F3554.948
G1 X487.172 Y491.595 F3554.948
G1 X486.577 Y491.405 F3554.948
G1 X485.981 Y491.216 F3554.948
G1 X485.467 Y491.104 F3554.948
G1 X484.952 Y490.992 F3554.948
G1 X484.509 Y490.954 F3554.948
G1 X484.066 Y490.915 F3554.948
G1 X483.299 Y490.977 F3554.948
G1 X482.645 Y491.170 F3554.948
G1 X482.084 Y491.487 F3554.948
G1 X481.605 Y491.928 F3554.948
G1 X481.198 Y492.493 F3554.948
G1 X480.848 Y493.155 F3554.948
G1 X480.549 Y493.845 F3554.948
G1 X480.317 Y494.500 F3554.948
G1 X480.116 Y495.067 F3554.948
G1 X479.944 Y495.503 F3554.948
G1 X479.801 Y495.779 F3554.948
G1 X479.676 Y495.882 F3554.948
G1 X479.573 Y495.814 F3554.948
G1 X479.483 Y495.586 F3554.948
G1 X479.404 Y495.218 F3554.948
G1 X479.324 Y494.739 F3554.948
G1 X479.242 Y494.182 F3554.948
G1 X479.150 Y493.581 F3554.948
G1 X479.039 Y492.966 F3554.948
G1 X478.891 Y492.361 F3554.948
G1 X478.700 Y491.793 F3554.948
G1 X478.459 Y491.239 F3554.948
G1 X478.144 Y490.656 F3554.948
G1 X477.737 Y489.995 F3554.948
G1 X477.470 Y489.599 F3554.948
G1 X477.202 Y489.203 F3554.948
G1 X476.852 Y488.706 F3554.948
G1 X476.501 Y488.210 F3554.948
M400 ; Wait for drawing to complete
G1 U0.800 F200.0 ; Flow ramp-down (viewer mode)
M5 ; Viewer hint: stop cutting
; STOP BRUSH A
G1 U0.000 F200.0 ; Close Brush A flow
M106 P2 S0 ; Brush A air off
; === PATH END ===

; Width clamped from 31.00mm to 25.00mm within [2.00,25.00] mm
; ===== STROKE PARAMETERS =====
; Color: black
; Width: 25.00mm
; Opacity: 0.25
; Brush: A
; Z-height: 83.00mm
; Paint flow: 0.56 -> U2.586mm
; Feedrate: 3554.9mm/min
; Modes: viewer_compat=true, viewer_emit_m3m5=true
; START BRUSH A
T0 ; Select Tool 0 (Brush A)
G0 X230.132 Y157.575 F12000.000
M400 ; Wait for XY movement to complete
G1 F3554.948
M106 P2 S1 ; Air on before paint
G1 U2.586 F200.0 ; Set paint flow to target (viewer mode)
G1 F3554.948
G4 P50 ; Short paint lead time
M3 S1 ; Viewer hint: start cutting
G1 X230.209 Y157.819 F3554.948
G1 X230.319 Y158.136 F3554.948
G1 X230.453 Y158.480 F3554.948
G1 X230.628 Y158.811 F3554.948
G1 X230.804 Y159.081 F3554.948
G1 X230.972 Y159.261 F3554.948
G1 X231.128 Y159.329 F3554.948
G1 X231.269 Y159.284 F3554.948
G1 X231.402 Y159.126 F3554.948
G1 X231.534 Y158.864 F3554.948
G1 X231.676 Y158.522 F3554.948
G1 X231.842 Y158.131 F3554.948
G1 X232.049 Y157.721 F3554.948
G1 X232.313 Y157.324 F3554.948
G1 X232.657 Y156.959 F3554.948
G1 X233.100 Y156.647 F3554.948
G1 X233.669 Y156.393 F3554.948
G1 X234.394 Y156.199 F3554.948
G1 X234.854 Y156.128 F3554.948
G1 X235.314 Y156.057 F3554.948
G1 X235.892 Y156.000 F3554.948
G1 X236.471 Y155.943 F3554.948
G1 X237.197 Y155.889 F3554.948
G1 X237.924 Y155.834 F3554.948
G1 X238.516 Y155.788 F3554.948
G1 X239.109 Y155.743 F3554.948
G1 X239.702 Y155.697 F3554.948
G1 X240.417 Y155.631 F3554.948
G1 X241.133 Y155.564 F3554.948
G1 X241.848 Y155.498 F3554.948
G1 X242.467 Y155.422 F3554.948
G1 X243.085 Y155.346 F3554.948
G1 X243.704 Y155.270 F3554.948
G1 X244.323 Y155.194 F3554.948
G1 X245.004 Y155.079 F3554.948
G1 X245.685 Y154.964 F3554.948
G1 X246.366 Y154.849 F3554.948
G1 X247.048 Y154.734 F3554.948
G1 X247.757 Y154.562 F3554.948
G1 X248.466 Y154.391 F3554.948
G1 X249.175 Y154.220 F3554.948
G1 X249.884 Y154.048 F3554.948
G1 X250.595 Y153.809 F3554.948
G1 X251.306 Y153.569 F3554.948
G1 X252.016 Y153.330 F3554.948
G1 X252.727 Y153.091 F3554.948
G1 X253.420 Y152.778 F3554.948
G1 X254.114 Y152.465 F3554.948
G1 X254.807 Y152.152 F3554.948
G1 X255.501 Y151.839 F3554.948
G1 X256.162 Y151.443 F3554.948
G1 X256.822 Y151.047 F3554.948
G1 X257.483 Y150.650 F3554.948
G1 X258.144 Y150.254 F3554.948
G1 X258.777 Y149.771 F3554.948
G1 X259.409 Y149.287 F3554.948
G1 X260.042 Y148.804 F3554.948
G1 X260.675 Y148.320 F3554.948
G1 X261.178 Y147.886 F3554.948
G1 X261.680 Y147.452 F3554.948
G1 X262.183 Y147.018 F3554.948
G1 X262.686 Y146.584 F3554.948
G1 X263.189 Y146.151 F3554.948
G1 X263.704 Y145.699 F3554.948
G1 X264.220 Y145.247 F3554.948
G1 X264.735 Y144.795 F3554.948
G1 X265.251 Y144.343 F3554.948
G1 X265.766 Y143.891 F3554.948
G1 X266.291 Y143.464 F3554.948
G1 X266.816 Y143.038 F3554.948
G1 X267.341 Y142.611 F3554.948
G1 X267.866 Y142.185 F3554.948
G1 X268.391 Y141.758 F3554.948
G1 X268.915 Y141.369 F3554.948
G1 X269.438 Y140.980 F3554.948
G1 X269.962 Y140.590 F3554.948
G1 X270.486 Y140.201 F3554.948
G1 X271.010 Y139.811 F3554.948
G1 X271.658 Y139.381 F3554.948
G1 X272.305 Y138.950 F3554.948
G1 X272.953 Y138.519 F3554.948
G1 X273.600 Y138.089 F3554.948
G1 X274.235 Y137.720 F3554.948
G1 X274.869 Y137.351 F3554.948
G1 X275.503 Y136.981 F3554.948
G1 X276.138 Y136.612 F3554.948
G1 X276.755 Y136.309 F3554.948
G1 X277.373 Y136.005 F3554.948
G1 X277.991 Y135.701 F3554.948
G1 X278.609 Y135.398 F3554.948
G1 X279.210 Y135.174 F3554.948
G1 X279.811 Y134.949 F3554.948
G1 X280.413 Y134.725 F3554.948
G1 X281.014 Y134.501 F3554.948
G1 X281.605 Y134.363 F3554.948
G1 X282.195 Y134.224 F3554.948
G1 X282.786 Y134.086 F3554.948
G1 X283.377 Y133.948 F3554.948
G1 X284.159 Y133.888 F3554.948
G1 X284.941 Y133.828 F3554.948
G1 X285.724 Y133.768 F3554.948
G1 X286.500 Y133.825 F3554.948
G1 X287.276 Y133.883 F3554.948
G1 X288.052 Y133.940 F3554.948
G1 X288.794 Y134.092 F3554.948
G1 X289.537 Y134.243 F3554.948
G1 X290.280 Y134.395 F3554.948
G1 X290.935 Y134.595 F3554.948
G1 X291.590 Y134.796 F3554.948
G1 X292.246 Y134.996 F3554.948
G1 X292.776 Y135.200 F3554.948
G1 X293.307 Y135.405 F3554.948
G1 X293.838 Y135.610 F3554.948
G1 X294.418 Y135.875 F3554.948
G1 X294.997 Y136.141 F3554.948
G1 X295.368 Y136.345 F3554.948
G1 X295.738 Y136.549 F3554.948
G1 X296.116 Y136.837 F3554.948
G1 X296.161 Y137.012 F3554.948
G1 X295.897 Y137.075 F3554.948
G1 X295.325 Y137.033 F3554.948
G1 X294.878 Y136.962 F3554.948
G1 X294.431 Y136.890 F3554.948
G1 X293.803 Y136.768 F3554.948
G1 X293.174 Y136.647 F3554.948
G1 X292.640 Y136.547 F3554.948
G1 X292.105 Y136.447 F3554.948
G1 X291.571 Y136.348 F3554.948
G1 X290.923 Y136.251 F3554.948
G1 X290.274 Y136.154 F3554.948
G1 X289.626 Y136.057 F3554.948
G1 X288.890 Y135.998 F3554.948
G1 X288.153 Y135.939 F3554.948
G1 X287.417 Y135.879 F3554.948
G1 X286.634 Y135.902 F3554.948
G1 X285.851 Y135.925 F3554.948
G1 X285.067 Y135.948 F3554.948
G1 X284.457 Y136.045 F3554.948
G1 X283.846 Y136.143 F3554.948
G1 X283.236 Y136.240 F3554.948
G1 X282.625 Y136.337 F3554.948
G1 X281.990 Y136.524 F3554.948
G1 X281.355 Y136.710 F3554.948
G1 X280.720 Y136.897 F3554.948
G1 X280.085 Y137.083 F3554.948
G1 X279.417 Y137.350 F3554.948
G1 X278.748 Y137.616 F3554.948
G1 X278.079 Y137.883 F3554.948
G1 X277.410 Y138.150 F3554.948
G1 X276.709 Y138.491 F3554.948
G1 X276.008 Y138.832 F3554.948
G1 X275.307 Y139.173 F3554.948
G1 X274.606 Y139.515 F3554.948
G1 X274.025 Y139.847 F3554.948
G1 X273.444 Y140.179 F3554.948
G1 X272.863 Y140.512 F3554.948
G1 X272.282 Y140.844 F3554.948
G1 X271.701 Y141.176 F3554.948
G1 X271.106 Y141.550 F3554.948
G1 X270.511 Y141.924 F3554.948
G1 X269.916 Y142.297 F3554.948
G1 X269.321 Y142.671 F3554.948
G1 X268.727 Y143.044 F3554.948
G1 X268.132 Y143.452 F3554.948
G1 X267.537 Y143.859 F3554.948
G1 X266.942 Y144.267 F3554.948
G1 X266.348 Y144.674 F3554.948
G1 X265.753 Y145.082 F3554.948
G1 X265.172 Y145.484 F3554.948
G1 X264.591 Y145.887 F3554.948
G1 X264.011 Y146.290 F3554.948
G1 X263.430 Y146.692 F3554.948
G1 X262.849 Y147.095 F3554.948
G1 X262.287 Y147.459 F3554.948
G1 X261.725 Y147.823 F3554.948
G1 X261.163 Y148.187 F3554.948
G1 X260.601 Y148.551 F3554.948
G1 X260.039 Y148.915 F3554.948
G1 X259.334 Y149.292 F3554.948
G1 X258.628 Y149.669 F3554.948
G1 X257.923 Y150.047 F3554.948
G1 X257.217 Y150.424 F3554.948
G1 X256.499 Y150.718 F3554.948
G1 X255.780 Y151.012 F3554.948
G1 X255.062 Y151.307 F3554.948
G1 X254.344 Y151.601 F3554.948
G1 X253.621 Y151.829 F3554.948
G1 X252.897 Y152.057 F3554.948
G1 X252.174 Y152.286 F3554.948
G1 X251.451 Y152.514 F3554.948
G1 X250.741 Y152.693 F3554.948
G1 X250.030 Y152.872 F3554.948
G1 X249.320 Y153.052 F3554.948
G1 X248.610 Y153.231 F3554.948
G1 X247.932 Y153.374 F3554.948
G1 X247.253 Y153.517 F3554.948
G1 X246.575 Y153.659 F3554.948
G1 X245.897 Y153.802 F3554.948
G1 X245.272 Y153.922 F3554.948
G1 X244.647 Y154.042 F3554.948
G1 X244.022 Y154.161 F3554.948
G1 X243.397 Y154.281 F3554.948
G1 X242.657 Y154.426 F3554.948
G1 X241.917 Y154.570 F3554.948
G1 X241.176 Y154.715 F3554.948
G1 X240.537 Y154.859 F3554.948
G1 X239.898 Y155.003 F3554.948
G1 X239.259 Y155.146 F3554.948
G1 X238.708 Y155.299 F3554.948
G1 X238.158 Y155.452 F3554.948
G1 X237.607 Y155.604 F3554.948
G1 X236.873 Y155.851 F3554.948
G1 X236.139 Y156.099 F3554.948
G1 X235.453 Y156.367 F3554.948
G1 X234.767 Y156.636 F3554.948
G1 X234.075 Y156.932 F3554.948
G1 X233.383 Y157.229 F3554.948
G1 X232.879 Y157.448 F3554.948
G1 X232.376 Y157.668 F3554.948
G1 X231.872 Y157.887 F3554.948
G1 X231.289 Y158.136 F3554.948
G1 X230.705 Y158.385 F3554.948
G1 X230.122 Y158.634 F3554.948
G1 X229.424 Y158.925 F3554.948
G1 X228.725 Y159.216 F3554.948
G1 X228.026 Y159.507 F3554.948
G1 X227.390 Y159.763 F3554.948
G1 X226.754 Y160.019 F3554.948
G1 X226.118 Y160.275 F3554.948
G1 X225.482 Y160.531 F3554.948
G1 X224.868 Y160.766 F3554.948
G1 X224.255 Y161.002 F3554.948
G1 X223.641 Y161.237 F3554.948
G1 X223.028 Y161.473 F3554.948
G1 X222.414 Y161.708 F3554.948
G1 X221.697 Y161.973 F3554.948
G1 X220.981 Y162.238 F3554.948
G1 X220.264 Y162.503 F3554.948
G1 X219.547 Y162.768 F3554.948
G1 X218.830 Y163.034 F3554.948
G1 X218.172 Y163.282 F3554.948
G1 X217.514 Y163.530 F3554.948
G1 X216.856 Y163.778 F3554.948
G1 X216.199 Y164.027 F3554.948
G1 X215.541 Y164.275 F3554.948
G1 X214.883 Y164.523 F3554.948
G1 X214.215 Y164.790 F3554.948
G1 X213.547 Y165.056 F3554.948
G1 X212.879 Y165.322 F3554.948
G1 X212.211 Y165.589 F3554.948
G1 X211.543 Y165.855 F3554.948
G1 X210.875 Y166.121 F3554.948
G1 X210.248 Y166.401 F3554.948
G1 X209.620 Y166.680 F3554.948
G1 X208.993 Y166.960 F3554.948
G1 X208.365 Y167.240 F3554.948
G1 X207.738 Y167.519 F3554.948
G1 X207.110 Y167.799 F3554.948
G1 X206.449 Y168.149 F3554.948
G1 X205.788 Y168.499 F3554.948
G1 X205.128 Y168.850 F3554.948
G1 X204.467 Y169.200 F3554.948
G1 X203.806 Y169.550 F3554.948
G1 X203.267 Y169.912 F3554.948
G1 X202.728 Y170.273 F3554.948
G1 X202.188 Y170.635 F3554.948
G1 X201.649 Y170.996 F3554.948
G1 X201.110 Y171.357 F3554.948
G1 X200.607 Y171.801 F3554.948
G1 X200.103 Y172.245 F3554.948
G1 X199.600 Y172.689 F3554.948
G1 X199.096 Y173.133 F3554.948
G1 X198.645 Y173.664 F3554.948
G1 X198.194 Y174.195 F3554.948
G1 X197.743 Y174.726 F3554.948
G1 X197.380 Y175.392 F3554.948
G1 X197.016 Y176.059 F3554.948
G1 X196.932 Y176.613 F3554.948
G1 X196.848 Y177.168 F3554.948
G1 X197.016 Y177.627 F3554.948
G1 X197.184 Y178.086 F3554.948
G1 X197.589 Y178.460 F3554.948
G1 X197.994 Y178.835 F3554.948
M400 ; Wait for drawing to complete
G1 U0.800 F200.0 ; Flow ramp-down (viewer mode)
M5 ; Viewer hint: stop cutting
; STOP BRUSH A
G1 U0.000 F200.0 ; Close Brush A flow
M106 P2 S0 ; Brush A air off
; === PATH END ===

; Width clamped from 31.00mm to 25.00mm within [2.00,25.00] mm
; ===== STROKE PARAMETERS =====
; Color: black
; Width: 25.00mm
; Opacity: 0.25
; Brush: A
; Z-height: 83.00mm
; Paint flow: 0.56 -> U2.586mm
; Feedrate: 3554.9mm/min
; Modes: viewer_compat=true, viewer_emit_m3m5=true
; START BRUSH A
T0 ; Select Tool 0 (Brush A)
G0 X270.251 Y200.739 F12000.000
M400 ; Wait for XY movement to complete
G1 F3554.948
M106 P2 S1 ; Air on before paint
G1 U2.586 F200.0 ; Set paint flow to target (viewer mode)
G1 F3554.948
G4 P50 ; Short paint lead time
M3 S1 ; Viewer hint: start cutting
G1 X270.148 Y201.123 F3554.948
G1 X270.005 Y201.668 F3554.948
G1 X269.819 Y202.322 F3554.948
G1 X269.602 Y203.015 F3554.948
G1 X269.348 Y203.676 F3554.948
G1 X269.076 Y204.245 F3554.948
G1 X268.793 Y204.674 F3554.948
G1 X268.502 Y204.928 F3554.948
G1 X268.205 Y204.989 F3554.948
G1 X267.909 Y204.862 F3554.948
G1 X267.610 Y204.560 F3554.948
G1 X267.303 Y204.115 F3554.948
G1 X266.988 Y203.570 F3554.948
G1 X266.655 Y202.975 F3554.948
G1 X266.298 Y202.375 F3554.948
G1 X265.909 Y201.819 F3554.948
G1 X265.483 Y201.340 F3554.948
G1 X265.012 Y200.964 F3554.948
G1 X264.490 Y200.697 F3554.948
G1 X263.905 Y200.544 F3554.948
G1 X263.242 Y200.504 F3554.948
G1 X262.480 Y200.581 F3554.948
G1 X262.036 Y200.679 F3554.948
G1 X261.591 Y200.776 F3554.948
G1 X261.063 Y200.935 F3554.948
G1 X260.535 Y201.094 F3554.948
G1 X259.899 Y201.319 F3554.948
G1 X259.264 Y201.544 F3554.948
G1 X258.749 Y201.743 F3554.948
G1 X258.234 Y201.942 F3554.948
G1 X257.718 Y202.142 F3554.948
G1 X257.091 Y202.381 F3554.948
G1 X256.463 Y202.620 F3554.948
G1 X255.835 Y202.859 F3554.948
G1 X255.261 Y203.064 F3554.948
G1 X254.687 Y203.270 F3554.948
G1 X254.113 Y203.476 F3554.948
G1 X253.539 Y203.682 F3554.948
G1 X252.856 Y203.914 F3554.948
G1 X252.174 Y204.147 F3554.948
G1 X251.492 Y204.380 F3554.948
G1 X250.809 Y204.613 F3554.948
G1 X250.176 Y204.824 F3554.948
G1 X249.543 Y205.035 F3554.948
G1 X248.910 Y205.246 F3554.948
G1 X248.276 Y205.457 F3554.948
G1 X247.643 Y205.669 F3554.948
G1 X246.930 Y205.907 F3554.948
G1 X246.217 Y206.145 F3554.948
G1 X245.504 Y206.383 F3554.948
G1 X244.791 Y206.621 F3554.948
G1 X244.078 Y206.859 F3554.948
G1 X243.443 Y207.077 F3554.948
G1 X242.808 Y207.296 F3554.948
G1 X242.173 Y207.514 F3554.948
G1 X241.538 Y207.732 F3554.948
G1 X240.902 Y207.951 F3554.948
G1 X240.267 Y208.169 F3554.948
G1 X239.616 Y208.402 F3554.948
G1 X238.965 Y208.635 F3554.948
G1 X238.314 Y208.869 F3554.948
G1 X237.664 Y209.102 F3554.948
G1 X237.013 Y209.335 F3554.948
G1 X236.362 Y209.569 F3554.948
G1 X235.710 Y209.811 F3554.948
G1 X235.057 Y210.053 F3554.948
G1 X234.405 Y210.295 F3554.948
G1 X233.753 Y210.537 F3554.948
G1 X233.101 Y210.779 F3554.948
G1 X232.448 Y211.021 F3554.948
G1 X231.809 Y211.262 F3554.948
G1 X231.169 Y211.503 F3554.948
G1 X230.530 Y211.743 F3554.948
G1 X229.890 Y211.984 F3554.948
G1 X229.251 Y212.225 F3554.948
G1 X228.611 Y212.466 F3554.948
G1 X227.869 Y212.736 F3554.948
G1 X227.127 Y213.007 F3554.948
G1 X226.386 Y213.277 F3554.948
G1 X225.644 Y213.547 F3554.948
G1 X224.902 Y213.818 F3554.948
G1 X224.184 Y214.051 F3554.948
G1 X223.465 Y214.283 F3554.948
G1 X222.747 Y214.516 F3554.948
G1 X222.029 Y214.749 F3554.948
G1 X221.310 Y214.982 F3554.948
G1 X220.607 Y215.158 F3554.948
G1 X219.904 Y215.333 F3554.948
G1 X219.202 Y215.509 F3554.948
G1 X218.499 Y215.685 F3554.948
G1 X217.796 Y215.860 F3554.948
G1 X217.103 Y215.968 F3554.948
G1 X216.410 Y216.075 F3554.948
G1 X215.717 Y216.183 F3554.948
G1 X215.024 Y216.290 F3554.948
G1 X214.331 Y216.397 F3554.948
G1 X213.650 Y216.433 F3554.948
G1 X212.969 Y216.468 F3554.948
G1 X212.288 Y216.504 F3554.948
G1 X211.608 Y216.539 F3554.948
G1 X210.927 Y216.575 F3554.948
G1 X210.268 Y216.543 F3554.948
G1 X209.608 Y216.511 F3554.948
G1 X208.949 Y216.479 F3554.948
G1 X208.290 Y216.448 F3554.948
G1 X207.631 Y216.416 F3554.948
G1 X206.853 Y216.305 F3554.948
G1 X206.075 Y216.195 F3554.948
G1 X205.297 Y216.085 F3554.948
G1 X204.519 Y215.974 F3554.948
G1 X203.807 Y215.804 F3554.948
G1 X203.095 Y215.634 F3554.948
G1 X202.383 Y215.464 F3554.948
G1 X201.671 Y215.294 F3554.948
G1 X201.042 Y215.077 F3554.948
G1 X200.413 Y214.860 F3554.948
G1 X199.784 Y214.643 F3554.948
G1 X199.155 Y214.426 F3554.948
G1 X198.441 Y214.091 F3554.948
G1 X197.726 Y213.756 F3554.948
G1 X197.012 Y213.421 F3554.948
G1 X196.426 Y213.056 F3554.948
G1 X195.840 Y212.691 F3554.948
G1 X195.254 Y212.325 F3554.948
G1 X194.792 Y211.947 F3554.948
G1 X194.330 Y211.569 F3554.948
G1 X193.868 Y211.190 F3554.948
G1 X193.352 Y210.633 F3554.948
G1 X192.837 Y210.077 F3554.948
G1 X192.482 Y209.551 F3554.948
G1 X192.128 Y209.026 F3554.948
G1 X191.919 Y208.549 F3554.948
G1 X191.711 Y208.071 F3554.948
G1 X191.635 Y207.660 F3554.948
G1 X191.559 Y207.248 F3554.948
G1 X191.656 Y206.576 F3554.948
G1 X191.996 Y206.065 F3554.948
G1 X192.580 Y205.724 F3554.948
G1 X193.003 Y205.638 F3554.948
G1 X193.425 Y205.552 F3554.948
G1 X193.991 Y205.547 F3554.948
G1 X194.556 Y205.542 F3554.948
G1 X195.278 Y205.613 F3554.948
G1 X196.000 Y205.684 F3554.948
G1 X196.595 Y205.781 F3554.948
G1 X197.189 Y205.877 F3554.948
G1 X197.784 Y205.973 F3554.948
G1 X198.505 Y206.113 F3554.948
G1 X199.227 Y206.253 F3554.948
G1 X199.948 Y206.394 F3554.948
G1 X200.588 Y206.526 F3554.948
G1 X201.228 Y206.659 F3554.948
G1 X201.868 Y206.792 F3554.948
G1 X202.507 Y206.925 F3554.948
G1 X203.246 Y207.080 F3554.948
G1 X203.984 Y207.235 F3554.948
G1 X204.722 Y207.390 F3554.948
G1 X205.461 Y207.544 F3554.948
G1 X206.122 Y207.681 F3554.948
G1 X206.784 Y207.818 F3554.948
G1 X207.446 Y207.954 F3554.948
G1 X208.108 Y208.091 F3554.948
G1 X208.770 Y208.227 F3554.948
G1 X209.484 Y208.369 F3554.948
G1 X210.197 Y208.511 F3554.948
G1 X210.911 Y208.653 F3554.948
G1 X211.625 Y208.794 F3554.948
G1 X212.338 Y208.936 F3554.948
G1 X213.080 Y209.077 F3554.948
G1 X213.822 Y209.218 F3554.948
G1 X214.564 Y209.358 F3554.948
G1 X215.305 Y209.499 F3554.948
G1 X216.047 Y209.640 F3554.948
G1 X216.795 Y209.772 F3554.948
G1 X217.543 Y209.903 F3554.948
G1 X218.291 Y210.035 F3554.948
G1 X219.039 Y210.167 F3554.948
G1 X219.787 Y210.299 F3554.948
G1 X220.531 Y210.415 F3554.948
G1 X221.276 Y210.532 F3554.948
G1 X222.020 Y210.648 F3554.948
G1 X222.764 Y210.764 F3554.948
G1 X223.508 Y210.881 F3554.948
G1 X224.248 Y210.979 F3554.948
G1 X224.988 Y211.077 F3554.948
G1 X225.728 Y211.175 F3554.948
G1 X226.468 Y211.272 F3554.948
G1 X227.208 Y211.370 F3554.948
G1 X227.944 Y211.456 F3554.948
G1 X228.679 Y211.541 F3554.948
G1 X229.414 Y211.626 F3554.948
G1 X230.150 Y211.711 F3554.948
G1 X230.885 Y211.796 F3554.948
G1 X231.611 Y211.879 F3554.948
G1 X232.338 Y211.962 F3554.948
G1 X233.064 Y212.046 F3554.948
G1 X233.790 Y212.129 F3554.948
G1 X234.517 Y212.212 F3554.948
G1 X235.225 Y212.310 F3554.948
G1 X235.934 Y212.409 F3554.948
G1 X236.642 Y212.507 F3554.948
G1 X237.351 Y212.605 F3554.948
G1 X238.059 Y212.704 F3554.948
G1 X238.737 Y212.831 F3554.948
G1 X239.415 Y212.959 F3554.948
G1 X240.092 Y213.086 F3554.948
G1 X240.770 Y213.214 F3554.948
G1 X241.448 Y213.341 F3554.948
G1 X242.075 Y213.505 F3554.948
G1 X242.702 Y213.669 F3554.948
G1 X243.330 Y213.832 F3554.948
G1 X243.957 Y213.996 F3554.948
G1 X244.584 Y214.159 F3554.948
G1 X245.273 Y214.407 F3554.948
G1 X245.961 Y214.655 F3554.948
G1 X246.649 Y214.903 F3554.948
G1 X247.338 Y215.151 F3554.948
G1 X247.894 Y215.436 F3554.948
G1 X248.450 Y215.720 F3554.948
G1 X249.007 Y216.005 F3554.948
G1 X249.563 Y216.289 F3554.948
G1 X250.085 Y216.707 F3554.948
G1 X250.606 Y217.125 F3554.948
G1 X251.127 Y217.543 F3554.948
G1 X251.400 Y218.007 F3554.948
G1 X251.673 Y218.471 F3554.948
G1 X251.946 Y218.935 F3554.948
G1 X251.967 Y219.472 F3554.948
G1 X251.989 Y220.009 F3554.948
G1 X252.011 Y220.546 F3554.948
G1 X251.809 Y221.189 F3554.948
G1 X251.608 Y221.832 F3554.948
G1 X251.407 Y222.475 F3554.948
G1 X251.107 Y223.048 F3554.948
G1 X250.807 Y223.621 F3554.948
G1 X250.508 Y224.193 F3554.948
G1 X250.208 Y224.766 F3554.948
G1 X249.784 Y225.433 F3554.948
G1 X249.361 Y226.100 F3554.948
G1 X248.937 Y226.766 F3554.948
G1 X248.513 Y227.433 F3554.948
G1 X248.109 Y228.005 F3554.948
G1 X247.705 Y228.577 F3554.948
G1 X247.300 Y229.149 F3554.948
G1 X246.896 Y229.721 F3554.948
G1 X246.492 Y230.293 F3554.948
G1 X246.070 Y230.865 F3554.948
G1 X245.648 Y231.437 F3554.948
G1 X245.226 Y232.009 F3554.948
G1 X244.804 Y232.581 F3554.948
G1 X244.382 Y233.153 F3554.948
G1 X243.988 Y233.704 F3554.948
G1 X243.594 Y234.255 F3554.948
G1 X243.200 Y234.806 F3554.948
G1 X242.805 Y235.357 F3554.948
G1 X242.411 Y235.908 F3554.948
G1 X241.977 Y236.554 F3554.948
G1 X241.544 Y237.200 F3554.948
G1 X241.110 Y237.847 F3554.948
G1 X240.676 Y238.493 F3554.948
G1 X240.319 Y239.089 F3554.948
G1 X239.962 Y239.686 F3554.948
G1 X239.605 Y240.283 F3554.948
G1 X239.248 Y240.879 F3554.948
G1 X238.971 Y241.428 F3554.948
G1 X238.694 Y241.976 F3554.948
G1 X238.417 Y242.524 F3554.948
G1 X238.140 Y243.073 F3554.948
G1 X237.867 Y243.740 F3554.948
G1 X237.594 Y244.408 F3554.948
G1 X237.321 Y245.076 F3554.948
G1 X237.123 Y245.682 F3554.948
G1 X236.925 Y246.289 F3554.948
G1 X236.727 Y246.896 F3554.948
G1 X236.577 Y247.444 F3554.948
G1 X236.426 Y247.991 F3554.948
G1 X236.276 Y248.539 F3554.948
G1 X236.079 Y249.275 F3554.948
G1 X235.881 Y250.010 F3554.948
G1 X235.664 Y250.662 F3554.948
G1 X235.447 Y251.314 F3554.948
G1 X235.169 Y251.893 F3554.948
G1 X234.892 Y252.471 F3554.948
G1 X234.513 Y253.004 F3554.948
G1 X234.133 Y253.537 F3554.948
G1 X233.610 Y254.062 F3554.948
G1 X233.086 Y254.587 F3554.948
G1 X232.610 Y254.966 F3554.948
G1 X232.134 Y255.344 F3554.948
G1 X231.659 Y255.722 F3554.948
G1 X231.033 Y256.159 F3554.948
G1 X230.408 Y256.596 F3554.948
G1 X229.782 Y257.032 F3554.948
G1 X229.200 Y257.425 F3554.948
G1 X228.618 Y257.818 F3554.948
G1 X228.036 Y258.211 F3554.948
G1 X227.454 Y258.604 F3554.948
G1 X226.906 Y258.979 F3554.948
G1 X226.357 Y259.355 F3554.948
G1 X225.808 Y259.731 F3554.948
G1 X225.259 Y260.107 F3554.948
G1 X224.711 Y260.482 F3554.948
G1 X224.095 Y260.910 F3554.948
G1 X223.479 Y261.338 F3554.948
G1 X222.864 Y261.766 F3554.948
G1 X222.248 Y262.194 F3554.948
G1 X221.632 Y262.622 F3554.948
G1 X221.083 Y263.004 F3554.948
G1 X220.534 Y263.387 F3554.948
G1 X219.984 Y263.769 F3554.948
G1 X219.435 Y264.151 F3554.948
G1 X218.886 Y264.533 F3554.948
G1 X218.337 Y264.915 F3554.948
G1 X217.773 Y265.302 F3554.948
G1 X217.209 Y265.688 F3554.948
G1 X216.646 Y266.075 F3554.948
G1 X216.082 Y266.461 F3554.948
G1 X215.518 Y266.848 F3554.948
G1 X214.955 Y267.234 F3554.948
G1 X214.401 Y267.609 F3554.948
G1 X213.848 Y267.983 F3554.948
G1 X213.295 Y268.358 F3554.948
G1 X212.741 Y268.733 F3554.948
G1 X212.188 Y269.107 F3554.948
G1 X211.635 Y269.482 F3554.948
G1 X211.015 Y269.907 F3554.948
G1 X210.395 Y270.331 F3554.948
G1 X209.775 Y270.756 F3554.948
G1 X209.155 Y271.181 F3554.948
G1 X208.535 Y271.605 F3554.948
G1 X207.988 Y272.005 F3554.948
G1 X207.440 Y272.405 F3554.948
G1 X206.893 Y272.805 F3554.948
G1 X206.346 Y273.205 F3554.948
G1 X205.798 Y273.605 F3554.948
G1 X205.223 Y274.081 F3554.948
G1 X204.647 Y274.557 F3554.948
G1 X204.071 Y275.033 F3554.948
G1 X203.495 Y275.509 F3554.948
G1 X203.026 Y275.970 F3554.948
G1 X202.557 Y276.431 F3554.948
G1 X202.087 Y276.891 F3554.948
G1 X201.618 Y277.352 F3554.948
G1 X201.126 Y277.961 F3554.948
G1 X200.634 Y278.569 F3554.948
G1 X200.143 Y279.178 F3554.948
G1 X199.759 Y279.792 F3554.948
G1 X199.376 Y280.406 F3554.948
G1 X198.993 Y281.020 F3554.948
G1 X198.695 Y281.653 F3554.948
G1 X198.397 Y282.285 F3554.948
G1 X198.100 Y282.917 F3554.948
G1 X197.872 Y283.584 F3554.948
G1 X197.644 Y284.250 F3554.948
G1 X197.416 Y284.917 F3554.948
G1 X197.241 Y285.619 F3554.948
G1 X197.066 Y286.322 F3554.948
G1 X196.890 Y287.025 F3554.948
G1 X196.751 Y287.766 F3554.948
G1 X196.611 Y288.506 F3554.948
G1 X196.471 Y289.246 F3554.948
G1 X196.349 Y290.006 F3554.948
G1 X196.227 Y290.766 F3554.948
G1 X196.105 Y291.526 F3554.948
G1 X195.980 Y292.285 F3554.948
G1 X195.855 Y293.045 F3554.948
G1 X195.729 Y293.804 F3554.948
G1 X195.580 Y294.537 F3554.948
G1 X195.430 Y295.270 F3554.948
G1 X195.280 Y296.003 F3554.948
G1 X195.082 Y296.686 F3554.948
G1 X194.884 Y297.369 F3554.948
G1 X194.686 Y298.053 F3554.948
G1 X194.416 Y298.670 F3554.948
G1 X194.146 Y299.288 F3554.948
G1 X193.875 Y299.906 F3554.948
G1 X193.505 Y300.458 F3554.948
G1 X193.135 Y301.011 F3554.948
G1 X192.765 Y301.563 F3554.948
G1 X192.273 Y302.059 F3554.948
G1 X191.781 Y302.555 F3554.948
G1 X191.289 Y303.051 F3554.948
G1 X190.656 Y303.509 F3554.948
G1 X190.023 Y303.968 F3554.948
G1 X189.390 Y304.426 F3554.948
G1 X188.798 Y304.760 F3554.948
G1 X188.206 Y305.094 F3554.948
G1 X187.615 Y305.428 F3554.948
G1 X187.023 Y305.762 F3554.948
G1 X186.315 Y306.103 F3554.948
G1 X185.607 Y306.444 F3554.948
G1 X184.900 Y306.784 F3554.948
G1 X184.192 Y307.125 F3554.948
G1 X183.546 Y307.414 F3554.948
G1 X182.900 Y307.703 F3554.948
G1 X182.254 Y307.992 F3554.948
G1 X181.607 Y308.280 F3554.948
G1 X180.961 Y308.569 F3554.948
G1 X180.259 Y308.879 F3554.948
G1 X179.556 Y309.190 F3554.948
G1 X178.854 Y309.500 F3554.948
G1 X178.152 Y309.810 F3554.948
G1 X177.449 Y310.120 F3554.948
G1 X176.841 Y310.395 F3554.948
G1 X176.233 Y310.670 F3554.948
G1 X175.624 Y310.945 F3554.948
G1 X175.016 Y311.220 F3554.948
G1 X174.408 Y311.495 F3554.948
G1 X173.800 Y311.769 F3554.948
G1 X173.192 Y312.054 F3554.948
G1 X172.584 Y312.339 F3554.948
G1 X171.976 Y312.625 F3554.948
G1 X171.368 Y312.910 F3554.948
G1 X170.760 Y313.195 F3554.948
G1 X170.152 Y313.480 F3554.948
G1 X169.445 Y313.823 F3554.948
G1 X168.738 Y314.166 F3554.948
G1 X168.031 Y314.509 F3554.948
G1 X167.324 Y314.852 F3554.948
G1 X166.617 Y315.195 F3554.948
G1 X165.940 Y315.529 F3554.948
G1 X165.263 Y315.863 F3554.948
G1 X164.587 Y316.197 F3554.948
G1 X163.910 Y316.531 F3554.948
G1 X163.233 Y316.865 F3554.948
G1 X162.588 Y317.173 F3554.948
G1 X161.944 Y317.481 F3554.948
G1 X161.299 Y317.789 F3554.948
G1 X160.654 Y318.097 F3554.948
G1 X160.009 Y318.405 F3554.948
G1 X159.394 Y318.673 F3554.948
G1 X158.779 Y318.941 F3554.948
G1 X158.164 Y319.210 F3554.948
G1 X157.548 Y319.478 F3554.948
G1 X156.933 Y319.746 F3554.948
G1 X156.202 Y320.018 F3554.948
G1 X155.470 Y320.290 F3554.948
G1 X154.738 Y320.563 F3554.948
G1 X154.007 Y320.835 F3554.948
G1 X153.311 Y321.033 F3554.948
G1 X152.614 Y321.231 F3554.948
G1 X151.918 Y321.430 F3554.948
G1 X151.222 Y321.628 F3554.948
G1 X150.558 Y321.744 F3554.948
G1 X149.894 Y321.860 F3554.948
G1 X149.230 Y321.976 F3554.948
G1 X148.566 Y322.093 F3554.948
G1 X147.937 Y322.124 F3554.948
G1 X147.308 Y322.154 F3554.948
G1 X146.679 Y322.185 F3554.948
G1 X146.051 Y322.216 F3554.948
G1 X145.261 Y322.143 F3554.948
G1 X144.472 Y322.070 F3554.948
G1 X143.683 Y321.997 F3554.948
G1 X142.947 Y321.816 F3554.948
G1 X142.211 Y321.634 F3554.948
G1 X141.475 Y321.453 F3554.948
G1 X140.797 Y321.178 F3554.948
G1 X140.119 Y320.903 F3554.948
G1 X139.440 Y320.628 F3554.948
G1 X138.825 Y320.278 F3554.948
G1 X138.210 Y319.928 F3554.948
G1 X137.595 Y319.579 F3554.948
G1 X137.043 Y319.175 F3554.948
G1 X136.490 Y318.772 F3554.948
G1 X135.938 Y318.369 F3554.948
G1 X135.448 Y317.932 F3554.948
G1 X134.958 Y317.495 F3554.948
G1 X134.469 Y317.058 F3554.948
G1 X134.040 Y316.607 F3554.948
G1 X133.611 Y316.156 F3554.948
G1 X133.182 Y315.705 F3554.948
G1 X132.813 Y315.256 F3554.948
G1 X132.443 Y314.807 F3554.948
G1 X132.074 Y314.357 F3554.948
G1 X131.763 Y313.924 F3554.948
G1 X131.452 Y313.490 F3554.948
G1 X131.141 Y313.056 F3554.948
G1 X130.760 Y312.446 F3554.948
G1 X130.378 Y311.836 F3554.948
G1 X130.078 Y311.281 F3554.948
G1 X129.778 Y310.726 F3554.948
G1 X129.555 Y310.234 F3554.948
G1 X129.332 Y309.742 F3554.948
G1 X129.182 Y309.318 F3554.948
G1 X129.033 Y308.894 F3554.948
G1 X128.873 Y308.181 F3554.948
M400 ; Wait for drawing to complete
G1 U0.800 F200.0 ; Flow ramp-down (viewer mode)
M5 ; Viewer hint: stop cutting
; STOP BRUSH A
G1 U0.000 F200.0 ; Close Brush A flow
M106 P2 S0 ; Brush A air off
; === PATH END ===

; Width clamped from 31.00mm to 25.00mm within [2.00,25.00] mm
; ===== STROKE PARAMETERS =====
; Color: black
; Width: 25.00mm
; Opacity: 0.25
; Brush: A
; Z-height: 83.00mm
; Paint flow: 0.56 -> U2.586mm
; Feedrate: 3554.9mm/min
; Modes: viewer_compat=true, viewer_emit_m3m5=true
; START BRUSH A
T0 ; Select Tool 0 (Brush A)
G0 X276.341 Y461.599 F12000.000
M400 ; Wait for XY movement to complete
G1 F3554.948
M106 P2 S1 ; Air on before paint
G1 U2.586 F200.0 ; Set paint flow to target (viewer mode)
G1 F3554.948
G4 P50 ; Short paint lead time
M3 S1 ; Viewer hint: start cutting
G1 X275.870 Y461.485 F3554.948
G1 X275.238 Y461.332 F3554.948
G1 X274.492 Y461.166 F3554.948
G1 X274.086 Y461.091 F3554.948
G1 X273.680 Y461.016 F3554.948
G1 X273.263 Y460.961 F3554.948
G1 X272.846 Y460.906 F3554.948
G1 X272.437 Y460.880 F3554.948
G1 X272.029 Y460.853 F3554.948
G1 X271.259 Y460.879 F3554.948
G1 X270.558 Y461.002 F3554.948
G1 X269.912 Y461.228 F3554.948
G1 X269.311 Y461.561 F3554.948
G1 X268.737 Y462.000 F3554.948
G1 X268.179 Y462.543 F3554.948
G1 X267.897 Y462.869 F3554.948
G1 X267.615 Y463.195 F3554.948
G1 X267.327 Y463.581 F3554.948
G1 X267.039 Y463.967 F3554.948
G1 X266.738 Y464.417 F3554.948
G1 X266.438 Y464.867 F3554.948
G1 X266.123 Y465.388 F3554.948
G1 X265.808 Y465.909 F3554.948
G1 X265.470 Y466.483 F3554.948
G1 X265.131 Y467.058 F3554.948
G1 X264.761 Y467.669 F3554.948
G1 X264.390 Y468.279 F3554.948
G1 X263.986 Y468.915 F3554.948
G1 X263.583 Y469.552 F3554.948
G1 X263.142 Y470.200 F3554.948
G1 X262.702 Y470.848 F3554.948
G1 X262.223 Y471.483 F3554.948
G1 X261.744 Y472.118 F3554.948
G1 X261.227 Y472.720 F3554.948
G1 X260.710 Y473.322 F3554.948
G1 X260.157 Y473.880 F3554.948
G1 X259.605 Y474.437 F3554.948
G1 X259.018 Y474.942 F3554.948
G1 X258.431 Y475.447 F3554.948
G1 X257.811 Y475.894 F3554.948
G1 X257.191 Y476.341 F3554.948
G1 X256.539 Y476.726 F3554.948
G1 X255.886 Y477.110 F3554.948
G1 X255.200 Y477.436 F3554.948
G1 X254.514 Y477.762 F3554.948
G1 X253.796 Y478.034 F3554.948
G1 X253.079 Y478.306 F3554.948
G1 X252.332 Y478.528 F3554.948
G1 X251.585 Y478.751 F3554.948
G1 X250.810 Y478.928 F3554.948
G1 X250.034 Y479.105 F3554.948
G1 X249.501 Y479.193 F3554.948
G1 X248.969 Y479.282 F3554.948
G1 X248.437 Y479.371 F3554.948
G1 X247.892 Y479.431 F3554.948
G1 X247.348 Y479.492 F3554.948
G1 X246.803 Y479.552 F3554.948
G1 X246.250 Y479.583 F3554.948
G1 X245.697 Y479.614 F3554.948
G1 X245.145 Y479.645 F3554.948
G1 X244.588 Y479.644 F3554.948
G1 X244.031 Y479.644 F3554.948
G1 X243.475 Y479.643 F3554.948
G1 X242.916 Y479.608 F3554.948
G1 X242.358 Y479.574 F3554.948
G1 X241.799 Y479.539 F3554.948
G1 X241.238 Y479.464 F3554.948
G1 X240.677 Y479.389 F3554.948
G1 X240.115 Y479.315 F3554.948
G1 X239.549 Y479.193 F3554.948
G1 X238.982 Y479.071 F3554.948
G1 X238.415 Y478.948 F3554.948
G1 X237.835 Y478.770 F3554.948
G1 X237.256 Y478.592 F3554.948
G1 X236.676 Y478.414 F3554.948
G1 X236.076 Y478.167 F3554.948
G1 X235.475 Y477.920 F3554.948
G1 X234.875 Y477.673 F3554.948
G1 X234.246 Y477.347 F3554.948
G1 X233.617 Y477.020 F3554.948
G1 X232.987 Y476.693 F3554.948
G1 X232.322 Y476.273 F3554.948
G1 X231.657 Y475.853 F3554.948
G1 X230.992 Y475.432 F3554.948
G1 X230.468 Y475.047 F3554.948
G1 X229.945 Y474.662 F3554.948
G1 X229.421 Y474.276 F3554.948
G1 X228.898 Y473.891 F3554.948
G1 X228.357 Y473.437 F3554.948
G1 X227.816 Y472.982 F3554.948
G1 X227.275 Y472.528 F3554.948
G1 X226.734 Y472.074 F3554.948
G1 X226.193 Y471.563 F3554.948
G1 X225.651 Y471.051 F3554.948
G1 X225.109 Y470.540 F3554.948
G1 X224.568 Y470.029 F3554.948
G1 X224.048 Y469.477 F3554.948
G1 X223.528 Y468.925 F3554.948
G1 X223.007 Y468.374 F3554.948
G1 X222.487 Y467.822 F3554.948
G1 X222.009 Y467.245 F3554.948
G1 X221.531 Y466.669 F3554.948
G1 X221.052 Y466.092 F3554.948
G1 X220.574 Y465.515 F3554.948
G1 X220.158 Y464.922 F3554.948
G1 X219.743 Y464.328 F3554.948
G1 X219.328 Y463.734 F3554.948
G1 X218.912 Y463.140 F3554.948
G1 X218.576 Y462.553 F3554.948
G1 X218.239 Y461.965 F3554.948
G1 X217.903 Y461.377 F3554.948
G1 X217.567 Y460.790 F3554.948
G1 X217.322 Y460.229 F3554.948
G1 X217.078 Y459.669 F3554.948
G1 X216.833 Y459.108 F3554.948
G1 X216.588 Y458.548 F3554.948
G1 X216.384 Y457.848 F3554.948
G1 X216.180 Y457.148 F3554.948
G1 X215.976 Y456.448 F3554.948
G1 X215.882 Y455.776 F3554.948
G1 X215.789 Y455.105 F3554.948
G1 X215.695 Y454.433 F3554.948
G1 X215.696 Y453.748 F3554.948
G1 X215.696 Y453.063 F3554.948
G1 X215.697 Y452.378 F3554.948
G1 X215.778 Y451.643 F3554.948
G1 X215.859 Y450.909 F3554.948
G1 X215.940 Y450.174 F3554.948
G1 X216.052 Y449.561 F3554.948
G1 X216.164 Y448.947 F3554.948
G1 X216.275 Y448.334 F3554.948
G1 X216.387 Y447.721 F3554.948
G1 X216.537 Y447.034 F3554.948
G1 X216.687 Y446.347 F3554.948
G1 X216.838 Y445.660 F3554.948
G1 X216.988 Y444.973 F3554.948
G1 X217.159 Y444.208 F3554.948
G1 X217.329 Y443.443 F3554.948
G1 X217.500 Y442.679 F3554.948
G1 X217.671 Y441.914 F3554.948
G1 X217.804 Y441.247 F3554.948
G1 X217.937 Y440.579 F3554.948
G1 X218.071 Y439.911 F3554.948
G1 X218.204 Y439.244 F3554.948
G1 X218.337 Y438.576 F3554.948
G1 X218.449 Y437.870 F3554.948
G1 X218.561 Y437.164 F3554.948
G1 X218.674 Y436.458 F3554.948
G1 X218.786 Y435.752 F3554.948
G1 X218.898 Y435.046 F3554.948
G1 X218.975 Y434.319 F3554.948
G1 X219.052 Y433.592 F3554.948
G1 X219.129 Y432.864 F3554.948
G1 X219.206 Y432.137 F3554.948
G1 X219.283 Y431.410 F3554.948
G1 X219.310 Y430.669 F3554.948
G1 X219.337 Y429.929 F3554.948
G1 X219.364 Y429.188 F3554.948
G1 X219.391 Y428.448 F3554.948
G1 X219.418 Y427.707 F3554.948
G1 X219.383 Y426.947 F3554.948
G1 X219.348 Y426.187 F3554.948
G1 X219.313 Y425.428 F3554.948
G1 X219.278 Y424.668 F3554.948
G1 X219.243 Y423.908 F3554.948
G1 X219.148 Y423.143 F3554.948
G1 X219.052 Y422.378 F3554.948
G1 X218.957 Y421.613 F3554.948
G1 X218.862 Y420.848 F3554.948
G1 X218.766 Y420.083 F3554.948
G1 X218.627 Y419.361 F3554.948
G1 X218.487 Y418.638 F3554.948
G1 X218.348 Y417.916 F3554.948
G1 X218.208 Y417.193 F3554.948
G1 X218.069 Y416.471 F3554.948
G1 X217.904 Y415.824 F3554.948
G1 X217.739 Y415.178 F3554.948
G1 X217.574 Y414.531 F3554.948
G1 X217.409 Y413.884 F3554.948
G1 X217.244 Y413.238 F3554.948
G1 X217.027 Y412.538 F3554.948
G1 X216.809 Y411.838 F3554.948
G1 X216.592 Y411.138 F3554.948
G1 X216.375 Y410.439 F3554.948
G1 X216.164 Y409.854 F3554.948
G1 X215.954 Y409.270 F3554.948
G1 X215.743 Y408.686 F3554.948
G1 X215.532 Y408.102 F3554.948
G1 X215.276 Y407.475 F3554.948
G1 X215.019 Y406.848 F3554.948
G1 X214.763 Y406.221 F3554.948
G1 X214.537 Y405.735 F3554.948
G1 X214.312 Y405.248 F3554.948
G1 X214.087 Y404.761 F3554.948
G1 X213.797 Y404.208 F3554.948
G1 X213.508 Y403.655 F3554.948
G1 X213.264 Y403.248 F3554.948
G1 X213.021 Y402.842 F3554.948
G1 X212.616 Y402.272 F3554.948
G1 X212.273 Y401.896 F3554.948
G1 X211.978 Y401.683 F3554.948
M400 ; Wait for drawing to complete
G1 U0.800 F200.0 ; Flow ramp-down (viewer mode)
M5 ; Viewer hint: stop cutting
; STOP BRUSH A
G1 U0.000 F200.0 ; Close Brush A flow
M106 P2 S0 ; Brush A air off
; === PATH END ===

; Width clamped from 31.00mm to 25.00mm within [2.00,25.00] mm
; ===== STROKE PARAMETERS =====
; Color: black
; Width: 25.00mm
; Opacity: 0.25
; Brush: A
; Z-height: 83.00mm
; Paint flow: 0.56 -> U2.586mm
; Feedrate: 3554.9mm/min
; Modes: viewer_compat=true, viewer_emit_m3m5=true
; START BRUSH A
T0 ; Select Tool 0 (Brush A)
G0 X400.632 Y108.556 F12000.000
M400 ; Wait for XY movement to complete
G1 F3554.948
M106 P2 S1 ; Air on before paint
G1 U2.586 F200.0 ; Set paint flow to target (viewer mode)
G1 F3554.948
G4 P50 ; Short paint lead time
M3 S1 ; Viewer hint: start cutting
G1 X400.643 Y108.649 F3554.948
G1 X400.659 Y108.783 F3554.948
G1 X400.698 Y108.955 F3554.948
G1 X400.778 Y109.143 F3554.948
G1 X400.894 Y109.342 F3554.948
G1 X401.050 Y109.553 F3554.948
G1 X401.241 Y109.776 F3554.948
G1 X401.463 Y110.014 F3554.948
G1 X401.714 Y110.268 F3554.948
G1 X401.989 Y110.540 F3554.948
G1 X402.296 Y110.834 F3554.948
G1 X402.638 Y111.165 F3554.948
G1 X403.024 Y111.548 F3554.948
G1 X403.471 Y112.001 F3554.948
G1 X403.987 Y112.546 F3554.948
G1 X404.289 Y112.871 F3554.948
G1 X404.590 Y113.197 F3554.948
G1 X404.947 Y113.587 F3554.948
G1 X405.305 Y113.977 F3554.948
G1 X405.728 Y114.440 F3554.948
G1 X406.151 Y114.903 F3554.948
G1 X406.650 Y115.458 F3554.948
G1 X407.149 Y116.012 F3554.948
G1 X407.538 Y116.457 F3554.948
G1 X407.927 Y116.903 F3554.948
G1 X408.316 Y117.348 F3554.948
G1 X408.764 Y117.871 F3554.948
G1 X409.213 Y118.394 F3554.948
G1 X409.662 Y118.917 F3554.948
G1 X410.170 Y119.519 F3554.948
G1 X410.678 Y120.122 F3554.948
G1 X411.186 Y120.724 F3554.948
G1 X411.604 Y121.235 F3554.948
G1 X412.021 Y121.745 F3554.948
G1 X412.438 Y122.256 F3554.948
G1 X412.856 Y122.767 F3554.948
G1 X413.297 Y123.322 F3554.948
G1 X413.738 Y123.877 F3554.948
G1 X414.179 Y124.432 F3554.948
G1 X414.621 Y124.987 F3554.948
G1 X415.067 Y125.570 F3554.948
G1 X415.514 Y126.153 F3554.948
G1 X415.960 Y126.737 F3554.948
G1 X416.407 Y127.320 F3554.948
G1 X416.835 Y127.910 F3554.948
G1 X417.262 Y128.500 F3554.948
G1 X417.690 Y129.090 F3554.948
G1 X418.118 Y129.680 F3554.948
G1 X418.509 Y130.254 F3554.948
G1 X418.900 Y130.827 F3554.948
G1 X419.291 Y131.401 F3554.948
G1 X419.682 Y131.974 F3554.948
G1 X420.019 Y132.515 F3554.948
G1 X420.355 Y133.055 F3554.948
G1 X420.692 Y133.595 F3554.948
G1 X421.029 Y134.136 F3554.948
G1 X421.398 Y134.791 F3554.948
G1 X421.768 Y135.446 F3554.948
G1 X422.137 Y136.102 F3554.948
G1 X422.418 Y136.682 F3554.948
G1 X422.698 Y137.262 F3554.948
G1 X422.979 Y137.843 F3554.948
G1 X423.267 Y138.585 F3554.948
G1 X423.556 Y139.327 F3554.948
G1 X423.718 Y139.938 F3554.948
G1 X423.881 Y140.549 F3554.948
G1 X423.930 Y141.024 F3554.948
G1 X423.979 Y141.499 F3554.948
G1 X423.868 Y142.174 F3554.948
G1 X423.558 Y142.587 F3554.948
G1 X423.056 Y142.748 F3554.948
G1 X422.362 Y142.663 F3554.948
G1 X421.918 Y142.501 F3554.948
G1 X421.473 Y142.338 F3554.948
G1 X420.963 Y142.038 F3554.948
G1 X420.452 Y141.737 F3554.948
G1 X419.900 Y141.282 F3554.948
G1 X419.349 Y140.827 F3554.948
G1 X418.954 Y140.417 F3554.948
G1 X418.560 Y140.007 F3554.948
G1 X418.166 Y139.597 F3554.948
G1 X417.737 Y139.078 F3554.948
G1 X417.309 Y138.560 F3554.948
G1 X416.880 Y138.041 F3554.948
G1 X416.438 Y137.408 F3554.948
G1 X415.996 Y136.775 F3554.948
G1 X415.555 Y136.141 F3554.948
G1 X415.212 Y135.586 F3554.948
G1 X414.869 Y135.030 F3554.948
G1 X414.527 Y134.474 F3554.948
G1 X414.184 Y133.919 F3554.948
G1 X413.831 Y133.298 F3554.948
G1 X413.479 Y132.677 F3554.948
G1 X413.126 Y132.056 F3554.948
G1 X412.774 Y131.434 F3554.948
G1 X412.420 Y130.768 F3554.948
G1 X412.066 Y130.101 F3554.948
G1 X411.712 Y129.434 F3554.948
G1 X411.358 Y128.767 F3554.948
G1 X411.007 Y128.088 F3554.948
G1 X410.656 Y127.409 F3554.948
G1 X410.305 Y126.729 F3554.948
G1 X409.953 Y126.050 F3554.948
G1 X409.615 Y125.387 F3554.948
G1 X409.277 Y124.723 F3554.948
G1 X408.939 Y124.060 F3554.948
G1 X408.601 Y123.396 F3554.948
G1 X408.283 Y122.778 F3554.948
G1 X407.964 Y122.159 F3554.948
G1 X407.645 Y121.541 F3554.948
G1 X407.326 Y120.923 F3554.948
G1 X407.023 Y120.357 F3554.948
G1 X406.720 Y119.791 F3554.948
G1 X406.417 Y119.226 F3554.948
G1 X406.114 Y118.660 F3554.948
G1 X405.729 Y117.968 F3554.948
G1 X405.343 Y117.276 F3554.948
G1 X404.958 Y116.583 F3554.948
G1 X404.580 Y115.938 F3554.948
G1 X404.201 Y115.292 F3554.948
G1 X403.823 Y114.647 F3554.948
G1 X403.434 Y114.020 F3554.948
G1 X403.045 Y113.394 F3554.948
G1 X402.656 Y112.768 F3554.948
G1 X402.235 Y112.128 F3554.948
G1 X401.813 Y111.487 F3554.948
G1 X401.391 Y110.847 F3554.948
G1 X401.038 Y110.330 F3554.948
G1 X400.684 Y109.813 F3554.948
G1 X400.330 Y109.295 F3554.948
G1 X399.976 Y108.778 F3554.948
G1 X399.563 Y108.197 F3554.948
G1 X399.149 Y107.615 F3554.948
G1 X398.736 Y107.034 F3554.948
G1 X398.322 Y106.452 F3554.948
G1 X397.936 Y105.922 F3554.948
G1 X397.550 Y105.391 F3554.948
G1 X397.163 Y104.860 F3554.948
G1 X396.777 Y104.329 F3554.948
G1 X396.391 Y103.799 F3554.948
G1 X395.946 Y103.201 F3554.948
G1 X395.502 Y102.604 F3554.948
G1 X395.057 Y102.006 F3554.948
G1 X394.613 Y101.409 F3554.948
G1 X394.168 Y100.812 F3554.948
G1 X393.759 Y100.270 F3554.948
G1 X393.350 Y99.729 F3554.948
G1 X392.941 Y99.187 F3554.948
G1 X392.531 Y98.645 F3554.948
G1 X392.122 Y98.104 F3554.948
G1 X391.713 Y97.562 F3554.948
G1 X391.284 Y97.010 F3554.948
G1 X390.855 Y96.457 F3554.948
G1 X390.426 Y95.905 F3554.948
G1 X389.997 Y95.352 F3554.948
G1 X389.568 Y94.800 F3554.948
G1 X389.139 Y94.247 F3554.948
G1 X388.715 Y93.718 F3554.948
G1 X388.291 Y93.189 F3554.948
G1 X387.867 Y92.660 F3554.948
G1 X387.443 Y92.131 F3554.948
G1 X387.020 Y91.601 F3554.948
G1 X386.596 Y91.072 F3554.948
G1 X386.120 Y90.496 F3554.948
G1 X385.644 Y89.921 F3554.948
G1 X385.169 Y89.345 F3554.948
G1 X384.693 Y88.769 F3554.948
G1 X384.217 Y88.194 F3554.948
G1 X383.793 Y87.692 F3554.948
G1 X383.369 Y87.190 F3554.948
G1 X382.944 Y86.689 F3554.948
G1 X382.520 Y86.187 F3554.948
G1 X382.095 Y85.685 F3554.948
G1 X381.641 Y85.152 F3554.948
G1 X381.187 Y84.618 F3554.948
G1 X380.732 Y84.084 F3554.948
G1 X380.278 Y83.550 F3554.948
G1 X379.779 Y82.945 F3554.948
G1 X379.279 Y82.340 F3554.948
G1 X378.780 Y81.735 F3554.948
G1 X378.387 Y81.214 F3554.948
G1 X377.993 Y80.693 F3554.948
G1 X377.600 Y80.171 F3554.948
G1 X377.304 Y79.707 F3554.948
G1 X377.007 Y79.242 F3554.948
G1 X376.711 Y78.777 F3554.948
G1 X376.403 Y78.126 F3554.948
G1 X376.095 Y77.475 F3554.948
G1 X375.915 Y76.828 F3554.948
G1 X375.735 Y76.181 F3554.948
G1 X375.675 Y75.507 F3554.948
G1 X375.616 Y74.832 F3554.948
G1 X375.666 Y74.094 F3554.948
G1 X375.716 Y73.356 F3554.948
G1 X375.822 Y72.797 F3554.948
G1 X375.928 Y72.239 F3554.948
G1 X376.034 Y71.681 F3554.948
G1 X376.210 Y71.044 F3554.948
G1 X376.387 Y70.407 F3554.948
G1 X376.563 Y69.771 F3554.948
G1 X376.810 Y69.039 F3554.948
G1 X377.057 Y68.307 F3554.948
G1 X377.304 Y67.575 F3554.948
G1 X377.541 Y66.955 F3554.948
G1 X377.779 Y66.335 F3554.948
G1 X378.016 Y65.715 F3554.948
G1 X378.254 Y65.095 F3554.948
G1 X378.546 Y64.411 F3554.948
G1 X378.838 Y63.728 F3554.948
G1 X379.131 Y63.044 F3554.948
G1 X379.423 Y62.360 F3554.948
G1 X379.701 Y61.773 F3554.948
G1 X379.979 Y61.186 F3554.948
G1 X380.257 Y60.599 F3554.948
G1 X380.534 Y60.012 F3554.948
G1 X380.812 Y59.425 F3554.948
G1 X381.129 Y58.820 F3554.948
G1 X381.446 Y58.214 F3554.948
G1 X381.763 Y57.608 F3554.948
G1 X382.080 Y57.002 F3554.948
G1 X382.397 Y56.396 F3554.948
G1 X382.748 Y55.791 F3554.948
G1 X383.099 Y55.185 F3554.948
G1 X383.450 Y54.580 F3554.948
G1 X383.800 Y53.974 F3554.948
G1 X384.151 Y53.369 F3554.948
G1 X384.530 Y52.780 F3554.948
G1 X384.908 Y52.191 F3554.948
G1 X385.286 Y51.602 F3554.948
G1 X385.665 Y51.013 F3554.948
G1 X386.043 Y50.424 F3554.948
G1 X386.443 Y49.873 F3554.948
G1 X386.843 Y49.322 F3554.948
G1 X387.243 Y48.770 F3554.948
G1 X387.643 Y48.219 F3554.948
G1 X388.043 Y47.667 F3554.948
G1 X388.460 Y47.168 F3554.948
G1 X388.876 Y46.669 F3554.948
G1 X389.293 Y46.170 F3554.948
G1 X389.709 Y45.671 F3554.948
G1 X390.125 Y45.172 F3554.948
G1 X390.662 Y44.598 F3554.948
G1 X391.198 Y44.024 F3554.948
G1 X391.735 Y43.450 F3554.948
G1 X392.271 Y42.876 F3554.948
G1 X392.822 Y42.312 F3554.948
G1 X393.373 Y41.749 F3554.948
G1 X393.924 Y41.185 F3554.948
G1 X394.475 Y40.621 F3554.948
G1 X395.035 Y40.054 F3554.948
G1 X395.594 Y39.486 F3554.948
G1 X396.154 Y38.919 F3554.948
G1 X396.714 Y38.351 F3554.948
G1 X397.269 Y37.776 F3554.948
G1 X397.825 Y37.200 F3554.948
G1 X398.380 Y36.625 F3554.948
G1 X398.936 Y36.049 F3554.948
G1 X399.474 Y35.487 F3554.948
G1 X400.012 Y34.924 F3554.948
G1 X400.549 Y34.361 F3554.948
G1 X401.087 Y33.798 F3554.948
G1 X401.608 Y33.283 F3554.948
G1 X402.128 Y32.769 F3554.948
G1 X402.649 Y32.254 F3554.948
G1 X403.169 Y31.739 F3554.948
G1 X403.681 Y31.321 F3554.948
G1 X404.193 Y30.903 F3554.948
G1 X404.705 Y30.485 F3554.948
G1 X405.217 Y30.067 F3554.948
G1 X405.900 Y29.683 F3554.948
G1 X406.583 Y29.298 F3554.948
G1 X407.265 Y28.914 F3554.948
G1 X407.964 Y28.727 F3554.948
G1 X408.662 Y28.540 F3554.948
G1 X409.361 Y28.353 F3554.948
G1 X410.079 Y28.371 F3554.948
G1 X410.796 Y28.390 F3554.948
G1 X411.514 Y28.408 F3554.948
G1 X412.253 Y28.619 F3554.948
G1 X412.991 Y28.830 F3554.948
G1 X413.729 Y29.041 F3554.948
G1 X414.290 Y29.315 F3554.948
G1 X414.851 Y29.588 F3554.948
G1 X415.412 Y29.862 F3554.948
G1 X415.973 Y30.136 F3554.948
G1 X416.529 Y30.481 F3554.948
G1 X417.085 Y30.827 F3554.948
G1 X417.641 Y31.172 F3554.948
G1 X418.198 Y31.517 F3554.948
G1 X418.738 Y31.890 F3554.948
G1 X419.279 Y32.262 F3554.948
G1 X419.819 Y32.634 F3554.948
G1 X420.359 Y33.007 F3554.948
G1 X420.892 Y33.381 F3554.948
G1 X421.424 Y33.756 F3554.948
G1 X421.957 Y34.130 F3554.948
G1 X422.489 Y34.504 F3554.948
G1 X423.026 Y34.851 F3554.948
G1 X423.562 Y35.198 F3554.948
G1 X424.099 Y35.544 F3554.948
G1 X424.635 Y35.891 F3554.948
G1 X425.184 Y36.199 F3554.948
G1 X425.733 Y36.507 F3554.948
G1 X426.282 Y36.815 F3554.948
G1 X426.831 Y37.124 F3554.948
G1 X427.391 Y37.386 F3554.948
G1 X427.952 Y37.649 F3554.948
G1 X428.512 Y37.911 F3554.948
G1 X429.072 Y38.174 F3554.948
G1 X429.817 Y38.451 F3554.948
G1 X430.563 Y38.728 F3554.948
G1 X431.308 Y39.005 F3554.948
G1 X432.044 Y39.207 F3554.948
G1 X432.781 Y39.409 F3554.948
G1 X433.517 Y39.611 F3554.948
G1 X434.247 Y39.754 F3554.948
G1 X434.976 Y39.897 F3554.948
G1 X435.705 Y40.039 F3554.948
G1 X436.430 Y40.139 F3554.948
G1 X437.155 Y40.239 F3554.948
G1 X437.880 Y40.338 F3554.948
G1 X438.601 Y40.408 F3554.948
G1 X439.321 Y40.478 F3554.948
G1 X440.042 Y40.547 F3554.948
G1 X440.763 Y40.602 F3554.948
G1 X441.485 Y40.657 F3554.948
G1 X442.206 Y40.711 F3554.948
G1 X442.932 Y40.763 F3554.948
G1 X443.658 Y40.816 F3554.948
G1 X444.384 Y40.868 F3554.948
G1 X445.109 Y40.935 F3554.948
G1 X445.833 Y41.002 F3554.948
G1 X446.558 Y41.069 F3554.948
G1 X447.286 Y41.162 F3554.948
G1 X448.014 Y41.256 F3554.948
G1 X448.741 Y41.349 F3554.948
G1 X449.481 Y41.480 F3554.948
G1 X450.221 Y41.610 F3554.948
G1 X450.961 Y41.741 F3554.948
G1 X451.738 Y41.915 F3554.948
G1 X452.515 Y42.090 F3554.948
G1 X453.292 Y42.265 F3554.948
G1 X453.927 Y42.437 F3554.948
G1 X454.562 Y42.610 F3554.948
G1 X455.197 Y42.782 F3554.948
G1 X455.832 Y42.955 F3554.948
G1 X456.535 Y43.173 F3554.948
G1 X457.237 Y43.390 F3554.948
G1 X457.940 Y43.608 F3554.948
G1 X458.642 Y43.826 F3554.948
G1 X459.256 Y44.036 F3554.948
G1 X459.870 Y44.247 F3554.948
G1 X460.483 Y44.457 F3554.948
G1 X461.097 Y44.668 F3554.948
G1 X461.711 Y44.879 F3554.948
G1 X462.366 Y45.122 F3554.948
G1 X463.020 Y45.364 F3554.948
G1 X463.675 Y45.607 F3554.948
G1 X464.329 Y45.850 F3554.948
G1 X464.984 Y46.093 F3554.948
G1 X465.676 Y46.367 F3554.948
G1 X466.368 Y46.641 F3554.948
G1 X467.060 Y46.915 F3554.948
G1 X467.753 Y47.189 F3554.948
G1 X468.445 Y47.464 F3554.948
G1 X469.164 Y47.754 F3554.948
G1 X469.884 Y48.045 F3554.948
G1 X470.604 Y48.335 F3554.948
G1 X471.323 Y48.626 F3554.948
G1 X472.043 Y48.916 F3554.948
G1 X472.770 Y49.198 F3554.948
G1 X473.497 Y49.479 F3554.948
G1 X474.224 Y49.761 F3554.948
G1 X474.951 Y50.042 F3554.948
G1 X475.678 Y50.324 F3554.948
G1 X476.400 Y50.577 F3554.948
G1 X477.121 Y50.830 F3554.948
G1 X477.842 Y51.083 F3554.948
G1 X478.564 Y51.336 F3554.948
G1 X479.285 Y51.588 F3554.948
G1 X479.986 Y51.810 F3554.948
G1 X480.687 Y52.031 F3554.948
G1 X481.388 Y52.252 F3554.948
G1 X482.089 Y52.473 F3554.948
G1 X482.791 Y52.694 F3554.948
G1 X483.470 Y52.892 F3554.948
G1 X484.150 Y53.090 F3554.948
G1 X484.830 Y53.288 F3554.948
G1 X485.510 Y53.486 F3554.948
G1 X486.190 Y53.684 F3554.948
G1 X486.852 Y53.869 F3554.948
G1 X487.514 Y54.054 F3554.948
G1 X488.176 Y54.240 F3554.948
G1 X488.838 Y54.425 F3554.948
G1 X489.500 Y54.610 F3554.948
G1 X490.148 Y54.786 F3554.948
G1 X490.795 Y54.962 F3554.948
G1 X491.442 Y55.139 F3554.948
G1 X492.089 Y55.315 F3554.948
G1 X492.736 Y55.491 F3554.948
G1 X493.363 Y55.658 F3554.948
G1 X493.989 Y55.824 F3554.948
G1 X494.616 Y55.991 F3554.948
G1 X495.242 Y56.158 F3554.948
G1 X495.869 Y56.325 F3554.948
G1 X496.571 Y56.529 F3554.948
G1 X497.272 Y56.733 F3554.948
G1 X497.974 Y56.938 F3554.948
G1 X498.676 Y57.142 F3554.948
G1 X499.388 Y57.430 F3554.948
G1 X500.100 Y57.717 F3554.948
G1 X500.811 Y58.005 F3554.948
G1 X501.264 Y58.319 F3554.948
G1 X501.716 Y58.633 F3554.948
G1 X502.169 Y58.947 F3554.948
M400 ; Wait for drawing to complete
G1 U0.800 F200.0 ; Flow ramp-down (viewer mode)
M5 ; Viewer hint: stop cutting
; STOP BRUSH A
G1 U0.000 F200.0 ; Close Brush A flow
M106 P2 S0 ; Brush A air off
; === PATH END ===

; Width clamped from 31.00mm to 25.00mm within [2.00,25.00] mm
; ===== STROKE PARAMETERS =====
; Color: black
; Width: 25.00mm
; Opacity: 0.25
; Brush: A
; Z-height: 83.00mm
; Paint flow: 0.56 -> U2.586mm
; Feedrate: 3554.9mm/min
; Modes: viewer_compat=true, viewer_emit_m3m5=true
; START BRUSH A
T0 ; Select Tool 0 (Brush A)
G0 X441.428 Y468.670 F12000.000
M400 ; Wait for XY movement to complete
G1 F3554.948
M106 P2 S1 ; Air on before paint
G1 U2.586 F200.0 ; Set paint flow to target (viewer mode)
G1 F3554.948
G4 P50 ; Short paint lead time
M3 S1 ; Viewer hint: start cutting
G1 X441.661 Y468.204 F3554.948
G1 X441.992 Y467.554 F3554.948
G1 X442.190 Y467.153 F3554.948
G1 X442.389 Y466.753 F3554.948
G1 X442.610 Y466.298 F3554.948
G1 X442.830 Y465.842 F3554.948
G1 X443.057 Y465.350 F3554.948
G1 X443.283 Y464.858 F3554.948
G1 X443.501 Y464.348 F3554.948
G1 X443.719 Y463.838 F3554.948
G1 X443.915 Y463.330 F3554.948
G1 X444.111 Y462.822 F3554.948
G1 X444.272 Y462.332 F3554.948
G1 X444.434 Y461.842 F3554.948
G1 X444.554 Y461.383 F3554.948
G1 X444.675 Y460.924 F3554.948
G1 X444.745 Y460.506 F3554.948
G1 X444.815 Y460.089 F3554.948
G1 X444.855 Y459.357 F3554.948
G1 X444.788 Y458.737 F3554.948
G1 X444.616 Y458.231 F3554.948
G1 X444.325 Y457.838 F3554.948
G1 X443.910 Y457.551 F3554.948
G1 X443.349 Y457.360 F3554.948
G1 X442.624 Y457.250 F3554.948
G1 X442.161 Y457.230 F3554.948
G1 X441.698 Y457.210 F3554.948
G1 X441.115 Y457.215 F3554.948
G1 X440.531 Y457.220 F3554.948
G1 X439.817 Y457.233 F3554.948
G1 X439.102 Y457.246 F3554.948
G1 X438.527 Y457.247 F3554.948
G1 X437.952 Y457.248 F3554.948
G1 X437.377 Y457.249 F3554.948
G1 X436.700 Y457.226 F3554.948
G1 X436.023 Y457.203 F3554.948
G1 X435.345 Y457.180 F3554.948
G1 X434.576 Y457.116 F3554.948
G1 X433.807 Y457.053 F3554.948
G1 X433.038 Y456.989 F3554.948
G1 X432.407 Y456.898 F3554.948
G1 X431.775 Y456.808 F3554.948
G1 X431.143 Y456.717 F3554.948
G1 X430.511 Y456.626 F3554.948
G1 X429.843 Y456.485 F3554.948
G1 X429.175 Y456.343 F3554.948
G1 X428.507 Y456.201 F3554.948
G1 X427.839 Y456.059 F3554.948
G1 X427.159 Y455.867 F3554.948
G1 X426.479 Y455.674 F3554.948
G1 X425.799 Y455.482 F3554.948
G1 X425.119 Y455.290 F3554.948
G1 X424.456 Y455.056 F3554.948
G1 X423.792 Y454.822 F3554.948
G1 X423.129 Y454.588 F3554.948
G1 X422.466 Y454.354 F3554.948
G1 X421.852 Y454.094 F3554.948
G1 X421.239 Y453.834 F3554.948
G1 X420.626 Y453.573 F3554.948
G1 X420.013 Y453.313 F3554.948
G1 X419.320 Y452.955 F3554.948
G1 X418.628 Y452.598 F3554.948
G1 X417.936 Y452.240 F3554.948
G1 X417.404 Y451.887 F3554.948
G1 X416.872 Y451.534 F3554.948
G1 X416.340 Y451.181 F3554.948
G1 X415.809 Y450.667 F3554.948
G1 X415.277 Y450.153 F3554.948
G1 X415.021 Y449.653 F3554.948
G1 X414.766 Y449.153 F3554.948
G1 X414.787 Y448.661 F3554.948
G1 X414.808 Y448.168 F3554.948
G1 X415.096 Y447.671 F3554.948
G1 X415.383 Y447.174 F3554.948
G1 X415.924 Y446.659 F3554.948
G1 X416.465 Y446.144 F3554.948
G1 X416.989 Y445.778 F3554.948
G1 X417.512 Y445.413 F3554.948
G1 X418.036 Y445.047 F3554.948
G1 X418.715 Y444.652 F3554.948
G1 X419.393 Y444.258 F3554.948
G1 X420.071 Y443.863 F3554.948
G1 X420.678 Y443.544 F3554.948
G1 X421.284 Y443.224 F3554.948
G1 X421.891 Y442.905 F3554.948
G1 X422.497 Y442.586 F3554.948
G1 X423.179 Y442.243 F3554.948
G1 X423.860 Y441.901 F3554.948
G1 X424.541 Y441.559 F3554.948
G1 X425.222 Y441.216 F3554.948
G1 X425.798 Y440.926 F3554.948
G1 X426.374 Y440.635 F3554.948
G1 X426.950 Y440.344 F3554.948
G1 X427.525 Y440.053 F3554.948
G1 X428.101 Y439.763 F3554.948
G1 X428.676 Y439.457 F3554.948
G1 X429.252 Y439.152 F3554.948
G1 X429.827 Y438.847 F3554.948
G1 X430.402 Y438.542 F3554.948
G1 X430.977 Y438.236 F3554.948
G1 X431.656 Y437.835 F3554.948
G1 X432.336 Y437.435 F3554.948
G1 X433.015 Y437.034 F3554.948
G1 X433.694 Y436.633 F3554.948
G1 X434.300 Y436.208 F3554.948
G1 X434.905 Y435.782 F3554.948
G1 X435.510 Y435.357 F3554.948
G1 X436.115 Y434.931 F3554.948
G1 X436.628 Y434.473 F3554.948
G1 X437.141 Y434.015 F3554.948
G1 X437.653 Y433.557 F3554.948
G1 X438.166 Y433.099 F3554.948
G1 X438.575 Y432.597 F3554.948
G1 X438.985 Y432.096 F3554.948
G1 X439.394 Y431.594 F3554.948
G1 X439.804 Y431.092 F3554.948
G1 X440.124 Y430.535 F3554.948
G1 X440.445 Y429.979 F3554.948
G1 X440.766 Y429.423 F3554.948
G1 X441.087 Y428.867 F3554.948
G1 X441.330 Y428.247 F3554.948
G1 X441.574 Y427.627 F3554.948
G1 X441.817 Y427.008 F3554.948
G1 X442.061 Y426.388 F3554.948
G1 X442.237 Y425.700 F3554.948
G1 X442.414 Y425.012 F3554.948
G1 X442.590 Y424.323 F3554.948
G1 X442.767 Y423.635 F3554.948
G1 X442.889 Y422.887 F3554.948
G1 X443.012 Y422.140 F3554.948
G1 X443.134 Y421.392 F3554.948
G1 X443.256 Y420.645 F3554.948
G1 X443.335 Y419.854 F3554.948
G1 X443.413 Y419.063 F3554.948
G1 X443.491 Y418.272 F3554.948
G1 X443.569 Y417.480 F3554.948
G1 X443.601 Y416.830 F3554.948
G1 X443.634 Y416.179 F3554.948
G1 X443.667 Y415.529 F3554.948
G1 X443.700 Y414.878 F3554.948
G1 X443.733 Y414.227 F3554.948
G1 X443.745 Y413.574 F3554.948
G1 X443.758 Y412.920 F3554.948
G1 X443.771 Y412.266 F3554.948
G1 X443.784 Y411.612 F3554.948
G1 X443.796 Y410.958 F3554.948
G1 X443.803 Y410.309 F3554.948
G1 X443.809 Y409.660 F3554.948
G1 X443.815 Y409.011 F3554.948
G1 X443.822 Y408.362 F3554.948
G1 X443.828 Y407.712 F3554.948
G1 X443.843 Y407.070 F3554.948
G1 X443.859 Y406.427 F3554.948
G1 X443.874 Y405.785 F3554.948
G1 X443.889 Y405.142 F3554.948
G1 X443.905 Y404.500 F3554.948
G1 X443.940 Y403.859 F3554.948
G1 X443.975 Y403.218 F3554.948
G1 X444.009 Y402.577 F3554.948
G1 X444.044 Y401.935 F3554.948
G1 X444.079 Y401.294 F3554.948
G1 X444.141 Y400.647 F3554.948
G1 X444.202 Y399.999 F3554.948
G1 X444.263 Y399.352 F3554.948
G1 X444.325 Y398.704 F3554.948
G1 X444.386 Y398.056 F3554.948
G1 X444.480 Y397.397 F3554.948
G1 X444.574 Y396.737 F3554.948
G1 X444.667 Y396.078 F3554.948
G1 X444.761 Y395.418 F3554.948
G1 X444.855 Y394.759 F3554.948
G1 X444.987 Y394.089 F3554.948
G1 X445.120 Y393.420 F3554.948
G1 X445.253 Y392.750 F3554.948
G1 X445.386 Y392.081 F3554.948
G1 X445.519 Y391.411 F3554.948
G1 X445.697 Y390.745 F3554.948
G1 X445.875 Y390.078 F3554.948
G1 X446.054 Y389.412 F3554.948
G1 X446.232 Y388.745 F3554.948
G1 X446.410 Y388.079 F3554.948
G1 X446.626 Y387.421 F3554.948
G1 X446.841 Y386.763 F3554.948
G1 X447.056 Y386.105 F3554.948
G1 X447.272 Y385.447 F3554.948
G1 X447.487 Y384.789 F3554.948
G1 X447.725 Y384.139 F3554.948
G1 X447.962 Y383.488 F3554.948
G1 X448.200 Y382.838 F3554.948
G1 X448.438 Y382.188 F3554.948
G1 X448.675 Y381.537 F3554.948
G1 X448.924 Y380.899 F3554.948
G1 X449.174 Y380.260 F3554.948
G1 X449.423 Y379.622 F3554.948
G1 X449.672 Y378.983 F3554.948
G1 X449.921 Y378.345 F3554.948
G1 X450.182 Y377.729 F3554.948
G1 X450.443 Y377.113 F3554.948
G1 X450.704 Y376.496 F3554.948
G1 X450.965 Y375.880 F3554.948
G1 X451.226 Y375.264 F3554.948
G1 X451.570 Y374.542 F3554.948
G1 X451.914 Y373.820 F3554.948
G1 X452.258 Y373.098 F3554.948
G1 X452.602 Y372.376 F3554.948
G1 X452.968 Y371.719 F3554.948
G1 X453.334 Y371.063 F3554.948
G1 X453.701 Y370.407 F3554.948
G1 X454.067 Y369.751 F3554.948
G1 X454.450 Y369.159 F3554.948
G1 X454.833 Y368.567 F3554.948
G1 X455.216 Y367.975 F3554.948
G1 X455.599 Y367.383 F3554.948
G1 X455.986 Y366.852 F3554.948
G1 X456.372 Y366.321 F3554.948
G1 X456.758 Y365.790 F3554.948
G1 X457.144 Y365.259 F3554.948
G1 X457.523 Y364.785 F3554.948
G1 X457.902 Y364.311 F3554.948
G1 X458.281 Y363.836 F3554.948
G1 X458.661 Y363.362 F3554.948
G1 X459.142 Y362.794 F3554.948
G1 X459.624 Y362.226 F3554.948
G1 X460.105 Y361.658 F3554.948
G1 X460.555 Y361.143 F3554.948
G1 X461.005 Y360.628 F3554.948
G1 X461.454 Y360.112 F3554.948
G1 X461.869 Y359.642 F3554.948
G1 X462.284 Y359.171 F3554.948
G1 X462.698 Y358.700 F3554.948
G1 X463.073 Y358.264 F3554.948
G1 X463.448 Y357.827 F3554.948
G1 X463.823 Y357.391 F3554.948
G1 X464.325 Y356.772 F3554.948
G1 X464.828 Y356.154 F3554.948
G1 X465.275 Y355.561 F3554.948
G1 X465.722 Y354.968 F3554.948
G1 X466.120 Y354.397 F3554.948
G1 X466.519 Y353.826 F3554.948
G1 X466.880 Y353.267 F3554.948
G1 X467.241 Y352.708 F3554.948
G1 X467.584 Y352.153 F3554.948
G1 X467.926 Y351.598 F3554.948
G1 X468.268 Y351.052 F3554.948
G1 X468.609 Y350.505 F3554.948
G1 X468.962 Y349.969 F3554.948
G1 X469.315 Y349.433 F3554.948
G1 X469.699 Y348.904 F3554.948
G1 X470.083 Y348.376 F3554.948
G1 X470.519 Y347.854 F3554.948
G1 X470.956 Y347.332 F3554.948
G1 X471.474 Y346.817 F3554.948
G1 X471.993 Y346.302 F3554.948
G1 X472.421 Y345.964 F3554.948
G1 X472.848 Y345.625 F3554.948
G1 X473.276 Y345.287 F3554.948
G1 X473.811 Y344.950 F3554.948
G1 X474.347 Y344.613 F3554.948
G1 X474.882 Y344.277 F3554.948
G1 X475.538 Y343.933 F3554.948
G1 X476.194 Y343.589 F3554.948
G1 X476.851 Y343.246 F3554.948
G1 X477.447 Y342.975 F3554.948
G1 X478.043 Y342.704 F3554.948
G1 X478.639 Y342.433 F3554.948
G1 X479.235 Y342.162 F3554.948
G1 X479.882 Y341.869 F3554.948
G1 X480.530 Y341.577 F3554.948
G1 X481.177 Y341.284 F3554.948
G1 X481.825 Y340.991 F3554.948
G1 X482.475 Y340.675 F3554.948
G1 X483.125 Y340.359 F3554.948
G1 X483.775 Y340.043 F3554.948
G1 X484.426 Y339.727 F3554.948
G1 X485.035 Y339.392 F3554.948
G1 X485.645 Y339.056 F3554.948
G1 X486.255 Y338.720 F3554.948
G1 X486.865 Y338.385 F3554.948
G1 X487.449 Y338.037 F3554.948
G1 X488.033 Y337.689 F3554.948
G1 X488.617 Y337.341 F3554.948
G1 X489.201 Y336.993 F3554.948
G1 X489.772 Y336.637 F3554.948
G1 X490.343 Y336.281 F3554.948
G1 X490.914 Y335.925 F3554.948
G1 X491.485 Y335.568 F3554.948
G1 X492.058 Y335.209 F3554.948
G1 X492.630 Y334.850 F3554.948
G1 X493.203 Y334.491 F3554.948
G1 X493.776 Y334.132 F3554.948
G1 X494.319 Y333.770 F3554.948
G1 X494.862 Y333.409 F3554.948
G1 X495.405 Y333.047 F3554.948
G1 X495.948 Y332.685 F3554.948
G1 X496.574 Y332.198 F3554.948
G1 X497.199 Y331.710 F3554.948
G1 X497.824 Y331.223 F3554.948
G1 X498.270 Y330.724 F3554.948
G1 X498.715 Y330.226 F3554.948
G1 X499.160 Y329.727 F3554.948
G1 X499.370 Y329.210 F3554.948
G1 X499.580 Y328.692 F3554.948
G1 X499.790 Y328.174 F3554.948
M400 ; Wait for drawing to complete
G1 U0.800 F200.0 ; Flow ramp-down (viewer mode)
M5 ; Viewer hint: stop cutting
; STOP BRUSH A
G1 U0.000 F200.0 ; Close Brush A flow
M106 P2 S0 ; Brush A air off
; === PATH END ===

; Width clamped from 31.00mm to 25.00mm within [2.00,25.00] mm
; ===== STROKE PARAMETERS =====
; Color: black
; Width: 25.00mm
; Opacity: 0.25
; Brush: A
; Z-height: 83.00mm
; Paint flow: 0.56 -> U2.586mm
; Feedrate: 3554.9mm/min
; Modes: viewer_compat=true, viewer_emit_m3m5=true
; START BRUSH A
T0 ; Select Tool 0 (Brush A)
G0 X267.451 Y386.488 F12000.000
M400 ; Wait for XY movement to complete
G1 F3554.948
M106 P2 S1 ; Air on before paint
G1 U2.586 F200.0 ; Set paint flow to target (viewer mode)
G1 F3554.948
G4 P50 ; Short paint lead time
M3 S1 ; Viewer hint: start cutting
G1 X267.547 Y386.377 F3554.948
G1 X267.690 Y386.240 F3554.948
G1 X267.875 Y386.085 F3554.948
G1 X268.100 Y385.919 F3554.948
G1 X268.370 Y385.749 F3554.948
G1 X268.682 Y385.582 F3554.948
G1 X269.044 Y385.425 F3554.948
G1 X269.457 Y385.283 F3554.948
G1 X269.933 Y385.159 F3554.948
G1 X270.484 Y385.061 F3554.948
G1 X271.124 Y384.992 F3554.948
G1 X271.875 Y384.958 F3554.948
G1 X272.309 Y384.961 F3554.948
G1 X272.743 Y384.965 F3554.948
G1 X273.239 Y384.993 F3554.948
G1 X273.735 Y385.022 F3554.948
G1 X274.300 Y385.081 F3554.948
G1 X274.865 Y385.139 F3554.948
G1 X275.508 Y385.236 F3554.948
G1 X276.151 Y385.333 F3554.948
G1 X276.864 Y385.473 F3554.948
G1 X277.577 Y385.612 F3554.948
G1 X278.351 Y385.802 F3554.948
G1 X279.125 Y385.991 F3554.948
G1 X279.673 Y386.156 F3554.948
G1 X280.220 Y386.320 F3554.948
G1 X280.768 Y386.485 F3554.948
G1 X281.328 Y386.687 F3554.948
G1 X281.888 Y386.889 F3554.948
G1 X282.448 Y387.092 F3554.948
G1 X283.003 Y387.333 F3554.948
G1 X283.557 Y387.574 F3554.948
G1 X284.112 Y387.815 F3554.948
G1 X284.639 Y388.093 F3554.948
G1 X285.165 Y388.370 F3554.948
G1 X285.692 Y388.647 F3554.948
G1 X286.164 Y388.953 F3554.948
G1 X286.635 Y389.260 F3554.948
G1 X287.107 Y389.566 F3554.948
G1 X287.701 Y390.062 F3554.948
G1 X288.295 Y390.559 F3554.948
G1 X288.752 Y391.089 F3554.948
G1 X289.208 Y391.619 F3554.948
G1 X289.506 Y392.183 F3554.948
G1 X289.803 Y392.748 F3554.948
G1 X289.932 Y393.347 F3554.948
G1 X290.060 Y393.946 F3554.948
G1 X290.012 Y394.586 F3554.948
G1 X289.965 Y395.227 F3554.948
G1 X289.736 Y395.923 F3554.948
G1 X289.507 Y396.619 F3554.948
G1 X289.236 Y397.125 F3554.948
G1 X288.966 Y397.632 F3554.948
G1 X288.695 Y398.138 F3554.948
G1 X288.309 Y398.693 F3554.948
G1 X287.924 Y399.247 F3554.948
G1 X287.539 Y399.802 F3554.948
G1 X287.045 Y400.407 F3554.948
G1 X286.551 Y401.012 F3554.948
G1 X286.057 Y401.618 F3554.948
G1 X285.617 Y402.104 F3554.948
G1 X285.177 Y402.591 F3554.948
G1 X284.737 Y403.078 F3554.948
G1 X284.297 Y403.565 F3554.948
G1 X283.803 Y404.075 F3554.948
G1 X283.309 Y404.585 F3554.948
G1 X282.815 Y405.096 F3554.948
G1 X282.321 Y405.606 F3554.948
G1 X281.792 Y406.128 F3554.948
G1 X281.263 Y406.651 F3554.948
G1 X280.733 Y407.173 F3554.948
G1 X280.204 Y407.695 F3554.948
G1 X279.661 Y408.217 F3554.948
G1 X279.118 Y408.739 F3554.948
G1 X278.575 Y409.261 F3554.948
G1 X278.032 Y409.783 F3554.948
G1 X277.496 Y410.294 F3554.948
G1 X276.959 Y410.805 F3554.948
G1 X276.423 Y411.316 F3554.948
G1 X275.886 Y411.826 F3554.948
G1 X275.366 Y412.318 F3554.948
G1 X274.847 Y412.810 F3554.948
G1 X274.327 Y413.302 F3554.948
G1 X273.807 Y413.793 F3554.948
G1 X273.321 Y414.251 F3554.948
G1 X272.836 Y414.709 F3554.948
G1 X272.350 Y415.167 F3554.948
G1 X271.865 Y415.625 F3554.948
G1 X271.414 Y416.055 F3554.948
G1 X270.962 Y416.484 F3554.948
G1 X270.511 Y416.913 F3554.948
G1 X270.060 Y417.343 F3554.948
G1 X269.505 Y417.892 F3554.948
G1 X268.949 Y418.442 F3554.948
G1 X268.393 Y418.992 F3554.948
G1 X267.871 Y419.532 F3554.948
G1 X267.349 Y420.072 F3554.948
G1 X266.827 Y420.612 F3554.948
G1 X266.329 Y421.160 F3554.948
G1 X265.830 Y421.707 F3554.948
G1 X265.332 Y422.255 F3554.948
G1 X264.845 Y422.826 F3554.948
G1 X264.358 Y423.397 F3554.948
G1 X263.871 Y423.968 F3554.948
G1 X263.388 Y424.573 F3554.948
G1 X262.904 Y425.178 F3554.948
G1 X262.420 Y425.782 F3554.948
G1 X262.058 Y426.264 F3554.948
G1 X261.696 Y426.746 F3554.948
G1 X261.334 Y427.229 F3554.948
G1 X260.972 Y427.711 F3554.948
G1 X260.616 Y428.226 F3554.948
G1 X260.260 Y428.742 F3554.948
G1 X259.904 Y429.258 F3554.948
G1 X259.548 Y429.774 F3554.948
G1 X259.207 Y430.326 F3554.948
G1 X258.866 Y430.879 F3554.948
G1 X258.525 Y431.432 F3554.948
G1 X258.184 Y431.985 F3554.948
G1 X257.872 Y432.577 F3554.948
G1 X257.561 Y433.169 F3554.948
G1 X257.250 Y433.761 F3554.948
G1 X256.939 Y434.353 F3554.948
G1 X256.674 Y434.988 F3554.948
G1 X256.409 Y435.624 F3554.948
G1 X256.144 Y436.259 F3554.948
G1 X255.879 Y436.895 F3554.948
G1 X255.674 Y437.580 F3554.948
G1 X255.469 Y438.266 F3554.948
G1 X255.264 Y438.951 F3554.948
G1 X255.059 Y439.637 F3554.948
G1 X254.920 Y440.373 F3554.948
G1 X254.782 Y441.108 F3554.948
G1 X254.644 Y441.844 F3554.948
G1 X254.505 Y442.580 F3554.948
G1 X254.432 Y443.358 F3554.948
G1 X254.358 Y444.136 F3554.948
G1 X254.284 Y444.914 F3554.948
G1 X254.210 Y445.691 F3554.948
G1 X254.187 Y446.484 F3554.948
G1 X254.165 Y447.277 F3554.948
G1 X254.142 Y448.070 F3554.948
G1 X254.119 Y448.863 F3554.948
G1 X254.129 Y449.641 F3554.948
G1 X254.139 Y450.418 F3554.948
G1 X254.149 Y451.196 F3554.948
G1 X254.160 Y451.973 F3554.948
G1 X254.189 Y452.718 F3554.948
G1 X254.217 Y453.464 F3554.948
G1 X254.246 Y454.209 F3554.948
G1 X254.275 Y454.954 F3554.948
G1 X254.313 Y455.655 F3554.948
G1 X254.351 Y456.357 F3554.948
G1 X254.389 Y457.059 F3554.948
G1 X254.427 Y457.760 F3554.948
G1 X254.466 Y458.412 F3554.948
G1 X254.505 Y459.064 F3554.948
G1 X254.544 Y459.715 F3554.948
G1 X254.583 Y460.367 F3554.948
G1 X254.630 Y461.164 F3554.948
G1 X254.676 Y461.960 F3554.948
G1 X254.722 Y462.757 F3554.948
G1 X254.760 Y463.481 F3554.948
G1 X254.798 Y464.205 F3554.948
G1 X254.836 Y464.929 F3554.948
G1 X254.865 Y465.584 F3554.948
G1 X254.894 Y466.239 F3554.948
G1 X254.924 Y466.894 F3554.948
G1 X254.952 Y467.486 F3554.948
G1 X254.980 Y468.077 F3554.948
G1 X255.009 Y468.668 F3554.948
G1 X255.044 Y469.204 F3554.948
G1 X255.079 Y469.739 F3554.948
G1 X255.114 Y470.274 F3554.948
G1 X255.190 Y471.006 F3554.948
G1 X255.265 Y471.737 F3554.948
G1 X255.375 Y472.410 F3554.948
G1 X255.485 Y473.082 F3554.948
G1 X255.639 Y473.711 F3554.948
G1 X255.793 Y474.339 F3554.948
G1 X256.000 Y474.939 F3554.948
G1 X256.206 Y475.539 F3554.948
M400 ; Wait for drawing to complete
G1 U0.800 F200.0 ; Flow ramp-down (viewer mode)
M5 ; Viewer hint: stop cutting
; STOP BRUSH A
G1 U0.000 F200.0 ; Close Brush A flow
M106 P2 S0 ; Brush A air off
; === PATH END ===

; Width clamped from 31.00mm to 25.00mm within [2.00,25.00] mm
; ===== STROKE PARAMETERS =====
; Color: black
; Width: 25.00mm
; Opacity: 0.25
; Brush: A
; Z-height: 83.00mm
; Paint flow: 0.56 -> U2.586mm
; Feedrate: 3554.9mm/min
; Modes: viewer_compat=true, viewer_emit_m3m5=true
; START BRUSH A
T0 ; Select Tool 0 (Brush A)
G0 X240.742 Y375.650 F12000.000
M400 ; Wait for XY movement to complete
G1 F3554.948
M106 P2 S1 ; Air on before paint
G1 U2.586 F200.0 ; Set paint flow to target (viewer mode)
G1 F3554.948
G4 P50 ; Short paint lead time
M3 S1 ; Viewer hint: start cutting
G1 X240.695 Y375.157 F3554.948
G1 X240.620 Y374.462 F3554.948
G1 X240.572 Y374.028 F3554.948
G1 X240.523 Y373.594 F3554.948
G1 X240.466 Y373.087 F3554.948
G1 X240.409 Y372.580 F3554.948
G1 X240.346 Y372.014 F3554.948
G1 X240.284 Y371.449 F3554.948
G1 X240.220 Y370.837 F3554.948
G1 X240.156 Y370.224 F3554.948
G1 X240.095 Y369.575 F3554.948
G1 X240.034 Y368.925 F3554.948
G1 X239.979 Y368.246 F3554.948
G1 X239.924 Y367.566 F3554.948
G1 X239.877 Y366.864 F3554.948
G1 X239.831 Y366.161 F3554.948
G1 X239.795 Y365.444 F3554.948
G1 X239.759 Y364.728 F3554.948
G1 X239.737 Y364.002 F3554.948
G1 X239.714 Y363.276 F3554.948
G1 X239.709 Y362.554 F3554.948
G1 X239.703 Y361.831 F3554.948
G1 X239.717 Y361.124 F3554.948
G1 X239.731 Y360.417 F3554.948
G1 X239.768 Y359.734 F3554.948
G1 X239.805 Y359.051 F3554.948
G1 X239.871 Y358.412 F3554.948
G1 X239.937 Y357.773 F3554.948
G1 X240.037 Y357.192 F3554.948
G1 X240.137 Y356.610 F3554.948
G1 X240.277 Y356.095 F3554.948
G1 X240.417 Y355.580 F3554.948
G1 X240.601 Y355.139 F3554.948
G1 X240.784 Y354.699 F3554.948
G1 X241.017 Y354.338 F3554.948
G1 X241.250 Y353.978 F3554.948
G1 X241.537 Y353.698 F3554.948
G1 X241.824 Y353.418 F3554.948
G1 X242.170 Y353.215 F3554.948
G1 X242.517 Y353.013 F3554.948
G1 X242.930 Y352.882 F3554.948
G1 X243.343 Y352.751 F3554.948
G1 X243.832 Y352.685 F3554.948
G1 X244.320 Y352.620 F3554.948
G1 X244.893 Y352.611 F3554.948
G1 X245.467 Y352.603 F3554.948
G1 X246.132 Y352.642 F3554.948
G1 X246.796 Y352.681 F3554.948
G1 X247.558 Y352.759 F3554.948
G1 X248.321 Y352.837 F3554.948
G1 X248.900 Y352.907 F3554.948
G1 X249.479 Y352.978 F3554.948
G1 X250.059 Y353.049 F3554.948
G1 X250.707 Y353.131 F3554.948
G1 X251.356 Y353.213 F3554.948
G1 X252.004 Y353.295 F3554.948
G1 X252.723 Y353.380 F3554.948
G1 X253.441 Y353.466 F3554.948
G1 X254.160 Y353.552 F3554.948
G1 X254.941 Y353.633 F3554.948
G1 X255.722 Y353.714 F3554.948
G1 X256.503 Y353.794 F3554.948
G1 X257.130 Y353.846 F3554.948
G1 X257.757 Y353.897 F3554.948
G1 X258.384 Y353.948 F3554.948
G1 X259.011 Y353.999 F3554.948
G1 X259.670 Y354.035 F3554.948
G1 X260.329 Y354.071 F3554.948
G1 X260.989 Y354.107 F3554.948
G1 X261.648 Y354.143 F3554.948
G1 X262.330 Y354.160 F3554.948
G1 X263.012 Y354.177 F3554.948
G1 X263.695 Y354.194 F3554.948
G1 X264.377 Y354.211 F3554.948
G1 X265.076 Y354.208 F3554.948
G1 X265.775 Y354.205 F3554.948
G1 X266.474 Y354.202 F3554.948
G1 X267.174 Y354.199 F3554.948
G1 X267.887 Y354.179 F3554.948
G1 X268.600 Y354.159 F3554.948
G1 X269.313 Y354.139 F3554.948
G1 X270.026 Y354.119 F3554.948
G1 X270.752 Y354.091 F3554.948
G1 X271.478 Y354.064 F3554.948
G1 X272.205 Y354.036 F3554.948
G1 X272.931 Y354.008 F3554.948
G1 X273.668 Y353.985 F3554.948
G1 X274.406 Y353.962 F3554.948
G1 X275.144 Y353.939 F3554.948
G1 X275.881 Y353.916 F3554.948
G1 X276.626 Y353.914 F3554.948
G1 X277.371 Y353.911 F3554.948
G1 X278.115 Y353.908 F3554.948
G1 X278.860 Y353.906 F3554.948
G1 X279.602 Y353.940 F3554.948
G1 X280.345 Y353.975 F3554.948
G1 X281.087 Y354.010 F3554.948
G1 X281.829 Y354.045 F3554.948
G1 X282.554 Y354.132 F3554.948
G1 X283.280 Y354.220 F3554.948
G1 X284.006 Y354.307 F3554.948
G1 X284.731 Y354.394 F3554.948
G1 X285.427 Y354.544 F3554.948
G1 X286.122 Y354.694 F3554.948
G1 X286.817 Y354.843 F3554.948
G1 X287.512 Y354.993 F3554.948
G1 X288.166 Y355.211 F3554.948
G1 X288.820 Y355.428 F3554.948
G1 X289.475 Y355.646 F3554.948
G1 X290.129 Y355.864 F3554.948
G1 X290.732 Y356.149 F3554.948
G1 X291.335 Y356.434 F3554.948
G1 X291.939 Y356.719 F3554.948
G1 X292.542 Y357.004 F3554.948
G1 X293.092 Y357.349 F3554.948
G1 X293.641 Y357.695 F3554.948
G1 X294.191 Y358.040 F3554.948
G1 X294.741 Y358.386 F3554.948
G1 X295.235 Y358.781 F3554.948
G1 X295.729 Y359.176 F3554.948
G1 X296.223 Y359.570 F3554.948
G1 X296.717 Y359.965 F3554.948
G1 X297.160 Y360.397 F3554.948
G1 X297.603 Y360.829 F3554.948
G1 X298.047 Y361.262 F3554.948
G1 X298.490 Y361.694 F3554.948
G1 X298.887 Y362.149 F3554.948
G1 X299.283 Y362.604 F3554.948
G1 X299.680 Y363.059 F3554.948
G1 X300.077 Y363.513 F3554.948
G1 X300.551 Y364.131 F3554.948
G1 X301.024 Y364.748 F3554.948
G1 X301.498 Y365.366 F3554.948
G1 X301.927 Y365.976 F3554.948
G1 X302.355 Y366.586 F3554.948
G1 X302.784 Y367.197 F3554.948
G1 X303.174 Y367.784 F3554.948
G1 X303.564 Y368.371 F3554.948
G1 X303.953 Y368.958 F3554.948
G1 X304.310 Y369.508 F3554.948
G1 X304.666 Y370.058 F3554.948
G1 X305.022 Y370.608 F3554.948
G1 X305.361 Y371.114 F3554.948
G1 X305.700 Y371.621 F3554.948
G1 X306.038 Y372.127 F3554.948
G1 X306.372 Y372.587 F3554.948
G1 X306.705 Y373.048 F3554.948
G1 X307.038 Y373.508 F3554.948
G1 X307.377 Y373.923 F3554.948
G1 X307.716 Y374.337 F3554.948
G1 X308.054 Y374.751 F3554.948
G1 X308.589 Y375.308 F3554.948
G1 X309.123 Y375.864 F3554.948
G1 X309.707 Y376.363 F3554.948
G1 X310.290 Y376.862 F3554.948
G1 X310.940 Y377.311 F3554.948
G1 X311.589 Y377.761 F3554.948
G1 X312.073 Y378.035 F3554.948
G1 X312.558 Y378.309 F3554.948
G1 X313.042 Y378.583 F3554.948
G1 X313.586 Y378.841 F3554.948
G1 X314.130 Y379.099 F3554.948
G1 X314.674 Y379.357 F3554.948
G1 X315.287 Y379.612 F3554.948
G1 X315.900 Y379.866 F3554.948
G1 X316.513 Y380.120 F3554.948
G1 X317.197 Y380.386 F3554.948
G1 X317.882 Y380.652 F3554.948
G1 X318.566 Y380.918 F3554.948
G1 X319.136 Y381.138 F3554.948
G1 X319.705 Y381.357 F3554.948
G1 X320.275 Y381.577 F3554.948
G1 X320.844 Y381.796 F3554.948
G1 X321.464 Y382.048 F3554.948
G1 X322.084 Y382.300 F3554.948
G1 X322.704 Y382.552 F3554.948
G1 X323.323 Y382.804 F3554.948
G1 X323.972 Y383.099 F3554.948
G1 X324.620 Y383.394 F3554.948
G1 X325.268 Y383.689 F3554.948
G1 X325.916 Y383.984 F3554.948
G1 X326.563 Y384.328 F3554.948
G1 X327.210 Y384.673 F3554.948
G1 X327.857 Y385.018 F3554.948
G1 X328.504 Y385.362 F3554.948
G1 X329.117 Y385.751 F3554.948
G1 X329.729 Y386.141 F3554.948
G1 X330.342 Y386.530 F3554.948
G1 X330.954 Y386.919 F3554.948
G1 X331.513 Y387.346 F3554.948
G1 X332.072 Y387.772 F3554.948
G1 X332.631 Y388.199 F3554.948
G1 X333.190 Y388.625 F3554.948
G1 X333.682 Y389.081 F3554.948
G1 X334.174 Y389.536 F3554.948
G1 X334.666 Y389.991 F3554.948
G1 X335.158 Y390.447 F3554.948
G1 X335.585 Y390.926 F3554.948
G1 X336.012 Y391.405 F3554.948
G1 X336.438 Y391.884 F3554.948
G1 X336.865 Y392.363 F3554.948
G1 X337.233 Y392.865 F3554.948
G1 X337.600 Y393.368 F3554.948
G1 X337.968 Y393.870 F3554.948
G1 X338.336 Y394.372 F3554.948
G1 X338.656 Y394.900 F3554.948
G1 X338.976 Y395.429 F3554.948
G1 X339.296 Y395.958 F3554.948
G1 X339.617 Y396.487 F3554.948
G1 X339.898 Y397.053 F3554.948
G1 X340.180 Y397.619 F3554.948
G1 X340.462 Y398.186 F3554.948
G1 X340.744 Y398.752 F3554.948
G1 X340.996 Y399.375 F3554.948
G1 X341.249 Y399.998 F3554.948
G1 X341.502 Y400.620 F3554.948
G1 X341.754 Y401.243 F3554.948
G1 X341.986 Y401.942 F3554.948
G1 X342.217 Y402.642 F3554.948
G1 X342.449 Y403.341 F3554.948
G1 X342.680 Y404.041 F3554.948
G1 X342.851 Y404.675 F3554.948
G1 X343.022 Y405.308 F3554.948
G1 X343.193 Y405.942 F3554.948
G1 X343.364 Y406.576 F3554.948
G1 X343.535 Y407.210 F3554.948
G1 X343.690 Y407.913 F3554.948
G1 X343.845 Y408.616 F3554.948
G1 X344.000 Y409.319 F3554.948
G1 X344.155 Y410.023 F3554.948
G1 X344.310 Y410.726 F3554.948
G1 X344.436 Y411.467 F3554.948
G1 X344.562 Y412.207 F3554.948
G1 X344.688 Y412.948 F3554.948
G1 X344.814 Y413.688 F3554.948
G1 X344.940 Y414.429 F3554.948
G1 X345.031 Y415.185 F3554.948
G1 X345.123 Y415.942 F3554.948
G1 X345.215 Y416.698 F3554.948
G1 X345.306 Y417.454 F3554.948
G1 X345.398 Y418.210 F3554.948
G1 X345.456 Y418.971 F3554.948
G1 X345.515 Y419.733 F3554.948
G1 X345.574 Y420.494 F3554.948
G1 X345.633 Y421.255 F3554.948
G1 X345.691 Y422.016 F3554.948
G1 X345.723 Y422.779 F3554.948
G1 X345.755 Y423.541 F3554.948
G1 X345.787 Y424.304 F3554.948
G1 X345.818 Y425.066 F3554.948
G1 X345.850 Y425.829 F3554.948
G1 X345.866 Y426.591 F3554.948
G1 X345.882 Y427.352 F3554.948
G1 X345.898 Y428.114 F3554.948
G1 X345.914 Y428.876 F3554.948
G1 X345.929 Y429.638 F3554.948
G1 X345.937 Y430.393 F3554.948
G1 X345.944 Y431.149 F3554.948
G1 X345.952 Y431.905 F3554.948
G1 X345.959 Y432.660 F3554.948
G1 X345.967 Y433.416 F3554.948
G1 X345.977 Y434.164 F3554.948
G1 X345.988 Y434.913 F3554.948
G1 X345.998 Y435.661 F3554.948
G1 X346.009 Y436.409 F3554.948
G1 X346.019 Y437.158 F3554.948
G1 X346.047 Y437.894 F3554.948
G1 X346.074 Y438.630 F3554.948
G1 X346.102 Y439.367 F3554.948
G1 X346.130 Y440.103 F3554.948
G1 X346.157 Y440.839 F3554.948
G1 X346.209 Y441.558 F3554.948
G1 X346.262 Y442.277 F3554.948
G1 X346.314 Y442.996 F3554.948
G1 X346.367 Y443.715 F3554.948
G1 X346.419 Y444.433 F3554.948
G1 X346.498 Y445.133 F3554.948
G1 X346.577 Y445.832 F3554.948
G1 X346.655 Y446.532 F3554.948
G1 X346.734 Y447.232 F3554.948
G1 X346.813 Y447.931 F3554.948
G1 X346.916 Y448.604 F3554.948
G1 X347.019 Y449.276 F3554.948
G1 X347.121 Y449.949 F3554.948
G1 X347.224 Y450.621 F3554.948
G1 X347.326 Y451.294 F3554.948
G1 X347.453 Y451.930 F3554.948
G1 X347.579 Y452.565 F3554.948
G1 X347.706 Y453.201 F3554.948
G1 X347.832 Y453.837 F3554.948
G1 X347.959 Y454.472 F3554.948
G1 X348.146 Y455.218 F3554.948
G1 X348.333 Y455.963 F3554.948
G1 X348.520 Y456.709 F3554.948
G1 X348.708 Y457.455 F3554.948
G1 X348.925 Y458.158 F3554.948
G1 X349.143 Y458.862 F3554.948
G1 X349.360 Y459.565 F3554.948
G1 X349.578 Y460.269 F3554.948
G1 X349.818 Y460.918 F3554.948
G1 X350.057 Y461.568 F3554.948
G1 X350.296 Y462.218 F3554.948
G1 X350.536 Y462.868 F3554.948
G1 X350.786 Y463.455 F3554.948
G1 X351.036 Y464.042 F3554.948
G1 X351.286 Y464.630 F3554.948
G1 X351.536 Y465.217 F3554.948
G1 X351.878 Y465.909 F3554.948
G1 X352.220 Y466.601 F3554.948
G1 X352.563 Y467.294 F3554.948
G1 X352.909 Y467.903 F3554.948
G1 X353.256 Y468.512 F3554.948
G1 X353.602 Y469.121 F3554.948
G1 X353.957 Y469.656 F3554.948
G1 X354.311 Y470.192 F3554.948
G1 X354.666 Y470.727 F3554.948
G1 X355.029 Y471.210 F3554.948
G1 X355.391 Y471.692 F3554.948
G1 X355.753 Y472.175 F3554.948
G1 X356.127 Y472.621 F3554.948
G1 X356.501 Y473.067 F3554.948
G1 X356.875 Y473.514 F3554.948
G1 X357.262 Y473.932 F3554.948
G1 X357.648 Y474.351 F3554.948
G1 X358.034 Y474.770 F3554.948
G1 X358.431 Y475.164 F3554.948
G1 X358.828 Y475.558 F3554.948
G1 X359.225 Y475.952 F3554.948
G1 X359.631 Y476.321 F3554.948
G1 X360.038 Y476.690 F3554.948
G1 X360.445 Y477.059 F3554.948
G1 X360.863 Y477.401 F3554.948
G1 X361.281 Y477.743 F3554.948
G1 X361.699 Y478.085 F3554.948
G1 X362.339 Y478.555 F3554.948
G1 X362.979 Y479.025 F3554.948
G1 X363.631 Y479.454 F3554.948
G1 X364.284 Y479.884 F3554.948
G1 X364.954 Y480.278 F3554.948
G1 X365.625 Y480.673 F3554.948
M400 ; Wait for drawing to complete
G1 U0.800 F200.0 ; Flow ramp-down (viewer mode)
M5 ; Viewer hint: stop cutting
; STOP BRUSH A
G1 U0.000 F200.0 ; Close Brush A flow
M106 P2 S0 ; Brush A air off
; === PATH END ===

; Width clamped from 31.00mm to 25.00mm within [2.00,25.00] mm
; ===== STROKE PARAMETERS =====
; Color: black
; Width: 25.00mm
; Opacity: 0.25
; Brush: A
; Z-height: 83.00mm
; Paint flow: 0.56 -> U2.586mm
; Feedrate: 3554.9mm/min
; Modes: viewer_compat=true, viewer_emit_m3m5=true
; START BRUSH A
T0 ; Select Tool 0 (Brush A)
G0 X31.242 Y496.855 F12000.000
M400 ; Wait for XY movement to complete
G1 F3554.948
M106 P2 S1 ; Air on before paint
G1 U2.586 F200.0 ; Set paint flow to target (viewer mode)
G1 F3554.948
G4 P50 ; Short paint lead time
M3 S1 ; Viewer hint: start cutting
G1 X31.452 Y496.290 F3554.948
G1 X31.662 Y495.725 F3554.948
G1 X31.953 Y495.021 F3554.948
G1 X32.245 Y494.316 F3554.948
G1 X32.474 Y493.808 F3554.948
G1 X32.704 Y493.299 F3554.948
G1 X32.934 Y492.791 F3554.948
G1 X33.173 Y492.301 F3554.948
G1 X33.412 Y491.811 F3554.948
G1 X33.652 Y491.321 F3554.948
G1 X33.980 Y490.647 F3554.948
G1 X34.309 Y489.972 F3554.948
G1 X34.567 Y489.353 F3554.948
G1 X34.825 Y488.734 F3554.948
G1 X34.983 Y488.166 F3554.948
G1 X35.141 Y487.598 F3554.948
G1 X35.201 Y487.068 F3554.948
G1 X35.262 Y486.539 F3554.948
G1 X35.230 Y486.031 F3554.948
G1 X35.198 Y485.524 F3554.948
G1 X35.081 Y485.024 F3554.948
G1 X34.964 Y484.525 F3554.948
G1 X34.768 Y484.018 F3554.948
G1 X34.573 Y483.511 F3554.948
G1 X34.323 Y482.990 F3554.948
G1 X34.073 Y482.468 F3554.948
G1 X33.802 Y481.922 F3554.948
G1 X33.532 Y481.376 F3554.948
G1 X33.275 Y480.795 F3554.948
G1 X33.018 Y480.214 F3554.948
G1 X32.803 Y479.587 F3554.948
G1 X32.589 Y478.960 F3554.948
G1 X32.440 Y478.283 F3554.948
G1 X32.291 Y477.606 F3554.948
G1 X32.223 Y476.869 F3554.948
G1 X32.155 Y476.132 F3554.948
G1 X32.166 Y475.595 F3554.948
G1 X32.178 Y475.058 F3554.948
G1 X32.189 Y474.521 F3554.948
G1 X32.255 Y473.937 F3554.948
G1 X32.322 Y473.353 F3554.948
G1 X32.388 Y472.769 F3554.948
G1 X32.502 Y472.134 F3554.948
G1 X32.616 Y471.498 F3554.948
G1 X32.730 Y470.862 F3554.948
G1 X32.877 Y470.177 F3554.948
G1 X33.025 Y469.492 F3554.948
G1 X33.172 Y468.807 F3554.948
G1 X33.336 Y468.074 F3554.948
G1 X33.499 Y467.341 F3554.948
G1 X33.663 Y466.609 F3554.948
G1 X33.823 Y465.835 F3554.948
G1 X33.982 Y465.061 F3554.948
G1 X34.142 Y464.288 F3554.948
G1 X34.243 Y463.683 F3554.948
G1 X34.344 Y463.079 F3554.948
G1 X34.445 Y462.474 F3554.948
G1 X34.547 Y461.869 F3554.948
G1 X34.614 Y461.248 F3554.948
G1 X34.681 Y460.626 F3554.948
G1 X34.749 Y460.005 F3554.948
G1 X34.816 Y459.383 F3554.948
G1 X34.836 Y458.753 F3554.948
G1 X34.856 Y458.122 F3554.948
G1 X34.876 Y457.492 F3554.948
G1 X34.896 Y456.861 F3554.948
G1 X34.860 Y456.228 F3554.948
G1 X34.823 Y455.595 F3554.948
G1 X34.786 Y454.961 F3554.948
G1 X34.750 Y454.328 F3554.948
G1 X34.652 Y453.700 F3554.948
G1 X34.555 Y453.071 F3554.948
G1 X34.458 Y452.443 F3554.948
G1 X34.360 Y451.814 F3554.948
G1 X34.207 Y451.199 F3554.948
G1 X34.054 Y450.584 F3554.948
G1 X33.900 Y449.969 F3554.948
G1 X33.747 Y449.354 F3554.948
G1 X33.551 Y448.760 F3554.948
G1 X33.355 Y448.165 F3554.948
G1 X33.159 Y447.571 F3554.948
G1 X32.963 Y446.977 F3554.948
G1 X32.743 Y446.410 F3554.948
G1 X32.524 Y445.843 F3554.948
G1 X32.304 Y445.276 F3554.948
G1 X32.085 Y444.709 F3554.948
G1 X31.791 Y443.996 F3554.948
G1 X31.498 Y443.282 F3554.948
G1 X31.204 Y442.569 F3554.948
G1 X30.939 Y441.902 F3554.948
G1 X30.673 Y441.234 F3554.948
G1 X30.408 Y440.566 F3554.948
G1 X30.211 Y439.947 F3554.948
G1 X30.013 Y439.327 F3554.948
G1 X29.816 Y438.707 F3554.948
G1 X29.715 Y438.137 F3554.948
G1 X29.615 Y437.566 F3554.948
G1 X29.514 Y436.996 F3554.948
G1 X29.520 Y436.210 F3554.948
G1 X29.527 Y435.425 F3554.948
G1 X29.674 Y434.705 F3554.948
G1 X29.821 Y433.986 F3554.948
G1 X30.067 Y433.328 F3554.948
G1 X30.314 Y432.669 F3554.948
G1 X30.602 Y432.063 F3554.948
G1 X30.890 Y431.457 F3554.948
G1 X31.157 Y430.904 F3554.948
G1 X31.424 Y430.351 F3554.948
G1 X31.638 Y429.828 F3554.948
G1 X31.852 Y429.304 F3554.948
G1 X31.994 Y428.798 F3554.948
G1 X32.135 Y428.292 F3554.948
G1 X32.193 Y427.788 F3554.948
G1 X32.251 Y427.284 F3554.948
G1 X32.222 Y426.766 F3554.948
G1 X32.193 Y426.247 F3554.948
G1 X32.081 Y425.695 F3554.948
G1 X31.969 Y425.143 F3554.948
G1 X31.787 Y424.538 F3554.948
G1 X31.606 Y423.932 F3554.948
G1 X31.370 Y423.250 F3554.948
G1 X31.135 Y422.568 F3554.948
G1 X30.956 Y422.044 F3554.948
G1 X30.777 Y421.521 F3554.948
G1 X30.597 Y420.997 F3554.948
G1 X30.425 Y420.391 F3554.948
G1 X30.252 Y419.785 F3554.948
G1 X30.079 Y419.179 F3554.948
G1 X29.945 Y418.474 F3554.948
G1 X29.811 Y417.769 F3554.948
G1 X29.677 Y417.064 F3554.948
G1 X29.626 Y416.454 F3554.948
G1 X29.575 Y415.844 F3554.948
G1 X29.524 Y415.234 F3554.948
G1 X29.473 Y414.624 F3554.948
G1 X29.486 Y413.925 F3554.948
G1 X29.499 Y413.226 F3554.948
G1 X29.511 Y412.526 F3554.948
G1 X29.524 Y411.827 F3554.948
G1 X29.606 Y411.039 F3554.948
G1 X29.688 Y410.251 F3554.948
G1 X29.771 Y409.463 F3554.948
G1 X29.853 Y408.676 F3554.948
G1 X29.971 Y407.980 F3554.948
G1 X30.089 Y407.285 F3554.948
G1 X30.206 Y406.590 F3554.948
G1 X30.324 Y405.895 F3554.948
G1 X30.442 Y405.200 F3554.948
G1 X30.599 Y404.453 F3554.948
G1 X30.756 Y403.705 F3554.948
G1 X30.913 Y402.958 F3554.948
G1 X31.070 Y402.211 F3554.948
G1 X31.227 Y401.464 F3554.948
G1 X31.407 Y400.687 F3554.948
G1 X31.586 Y399.909 F3554.948
G1 X31.765 Y399.132 F3554.948
G1 X31.944 Y398.354 F3554.948
G1 X32.124 Y397.576 F3554.948
G1 X32.280 Y396.927 F3554.948
G1 X32.437 Y396.277 F3554.948
G1 X32.593 Y395.627 F3554.948
G1 X32.750 Y394.978 F3554.948
G1 X32.906 Y394.328 F3554.948
G1 X33.063 Y393.678 F3554.948
G1 X33.241 Y392.928 F3554.948
G1 X33.419 Y392.178 F3554.948
G1 X33.598 Y391.427 F3554.948
G1 X33.776 Y390.677 F3554.948
G1 X33.955 Y389.927 F3554.948
G1 X34.106 Y389.240 F3554.948
G1 X34.258 Y388.553 F3554.948
G1 X34.410 Y387.867 F3554.948
G1 X34.562 Y387.180 F3554.948
G1 X34.713 Y386.493 F3554.948
G1 X34.854 Y385.740 F3554.948
G1 X34.994 Y384.988 F3554.948
G1 X35.134 Y384.235 F3554.948
G1 X35.275 Y383.483 F3554.948
G1 X35.370 Y382.844 F3554.948
G1 X35.464 Y382.205 F3554.948
G1 X35.559 Y381.567 F3554.948
G1 X35.654 Y380.928 F3554.948
G1 X35.732 Y380.208 F3554.948
G1 X35.810 Y379.487 F3554.948
G1 X35.888 Y378.767 F3554.948
G1 X35.926 Y378.147 F3554.948
G1 X35.964 Y377.528 F3554.948
G1 X36.003 Y376.908 F3554.948
G1 X36.008 Y376.350 F3554.948
G1 X36.014 Y375.793 F3554.948
G1 X36.019 Y375.236 F3554.948
G1 X35.997 Y374.701 F3554.948
G1 X35.975 Y374.167 F3554.948
G1 X35.953 Y373.632 F3554.948
G1 X35.907 Y373.078 F3554.948
G1 X35.861 Y372.523 F3554.948
G1 X35.814 Y371.968 F3554.948
M400 ; Wait for drawing to complete
G1 U0.800 F200.0 ; Flow ramp-down (viewer mode)
M5 ; Viewer hint: stop cutting
; STOP BRUSH A
G1 U0.000 F200.0 ; Close Brush A flow
M106 P2 S0 ; Brush A air off
; === PATH END ===

; Width clamped from 31.00mm to 25.00mm within [2.00,25.00] mm
; ===== STROKE PARAMETERS =====
; Color: black
; Width: 25.00mm
; Opacity: 0.25
; Brush: A
; Z-height: 83.00mm
; Paint flow: 0.56 -> U2.586mm
; Feedrate: 3554.9mm/min
; Modes: viewer_compat=true, viewer_emit_m3m5=true
; START BRUSH A
T0 ; Select Tool 0 (Brush A)
G0 X127.812 Y190.018 F12000.000
M400 ; Wait for XY movement to complete
G1 F3554.948
M106 P2 S1 ; Air on before paint
G1 U2.586 F200.0 ; Set paint flow to target (viewer mode)
G1 F3554.948
G4 P50 ; Short paint lead time
M3 S1 ; Viewer hint: start cutting
G1 X127.675 Y190.265 F3554.948
G1 X127.486 Y190.616 F3554.948
G1 X127.250 Y191.053 F3554.948
G1 X126.978 Y191.556 F3554.948
G1 X126.677 Y192.111 F3554.948
G1 X126.354 Y192.701 F3554.948
G1 X126.015 Y193.313 F3554.948
G1 X125.662 Y193.932 F3554.948
G1 X125.295 Y194.559 F3554.948
G1 X124.914 Y195.188 F3554.948
G1 X124.515 Y195.818 F3554.948
G1 X124.099 Y196.448 F3554.948
G1 X123.663 Y197.075 F3554.948
G1 X123.202 Y197.710 F3554.948
G1 X122.956 Y198.030 F3554.948
G1 X122.711 Y198.350 F3554.948
G1 X122.446 Y198.673 F3554.948
G1 X122.181 Y198.996 F3554.948
G1 X121.892 Y199.324 F3554.948
G1 X121.604 Y199.652 F3554.948
G1 X121.286 Y199.987 F3554.948
G1 X120.968 Y200.321 F3554.948
G1 X120.613 Y200.663 F3554.948
G1 X120.258 Y201.004 F3554.948
G1 X119.856 Y201.356 F3554.948
G1 X119.454 Y201.708 F3554.948
G1 X118.998 Y202.069 F3554.948
G1 X118.542 Y202.430 F3554.948
G1 X118.021 Y202.803 F3554.948
G1 X117.501 Y203.176 F3554.948
G1 X116.905 Y203.556 F3554.948
G1 X116.308 Y203.936 F3554.948
G1 X115.621 Y204.324 F3554.948
G1 X114.933 Y204.713 F3554.948
G1 X114.411 Y204.976 F3554.948
G1 X113.889 Y205.239 F3554.948
G1 X113.367 Y205.502 F3554.948
G1 X112.777 Y205.766 F3554.948
G1 X112.187 Y206.031 F3554.948
G1 X111.597 Y206.296 F3554.948
G1 X110.939 Y206.555 F3554.948
G1 X110.282 Y206.814 F3554.948
G1 X109.625 Y207.074 F3554.948
G1 X108.911 Y207.322 F3554.948
G1 X108.197 Y207.571 F3554.948
G1 X107.483 Y207.820 F3554.948
G1 X106.730 Y208.052 F3554.948
G1 X105.977 Y208.285 F3554.948
G1 X105.225 Y208.518 F3554.948
G1 X104.458 Y208.728 F3554.948
G1 X103.691 Y208.938 F3554.948
G1 X102.925 Y209.148 F3554.948
G1 X102.175 Y209.331 F3554.948
G1 X101.425 Y209.515 F3554.948
G1 X100.676 Y209.698 F3554.948
G1 X99.972 Y209.851 F3554.948
G1 X99.268 Y210.003 F3554.948
G1 X98.564 Y210.156 F3554.948
G1 X97.932 Y210.277 F3554.948
G1 X97.300 Y210.398 F3554.948
G1 X96.668 Y210.518 F3554.948
G1 X96.125 Y210.610 F3554.948
G1 X95.583 Y210.702 F3554.948
G1 X95.040 Y210.794 F3554.948
G1 X94.369 Y210.894 F3554.948
G1 X93.698 Y210.995 F3554.948
G1 X93.174 Y211.067 F3554.948
G1 X92.649 Y211.140 F3554.948
G1 X91.884 Y211.243 F3554.948
G1 X91.379 Y211.315 F3554.948
G1 X91.113 Y211.370 F3554.948
G1 X91.067 Y211.415 F3554.948
M400 ; Wait for drawing to complete
G1 U0.800 F200.0 ; Flow ramp-down (viewer mode)
M5 ; Viewer hint: stop cutting
; STOP BRUSH A
G1 U0.000 F200.0 ; Close Brush A flow
M106 P2 S0 ; Brush A air off
; === PATH END ===

; Width clamped from 31.00mm to 25.00mm within [2.00,25.00] mm
; ===== STROKE PARAMETERS =====
; Color: black
; Width: 25.00mm
; Opacity: 0.25
; Brush: A
; Z-height: 83.00mm
; Paint flow: 0.56 -> U2.586mm
; Feedrate: 3554.9mm/min
; Modes: viewer_compat=true, viewer_emit_m3m5=true
; START BRUSH A
T0 ; Select Tool 0 (Brush A)
G0 X271.156 Y324.585 F12000.000
M400 ; Wait for XY movement to complete
G1 F3554.948
M106 P2 S1 ; Air on before paint
G1 U2.586 F200.0 ; Set paint flow to target (viewer mode)
G1 F3554.948
G4 P50 ; Short paint lead time
M3 S1 ; Viewer hint: start cutting
G1 X270.917 Y324.594 F3554.948
G1 X270.571 Y324.591 F3554.948
G1 X270.134 Y324.576 F3554.948
G1 X269.616 Y324.552 F3554.948
G1 X269.026 Y324.521 F3554.948
G1 X268.377 Y324.484 F3554.948
G1 X267.676 Y324.443 F3554.948
G1 X266.930 Y324.397 F3554.948
G1 X266.144 Y324.348 F3554.948
G1 X265.732 Y324.320 F3554.948
G1 X265.319 Y324.293 F3554.948
G1 X264.888 Y324.261 F3554.948
G1 X264.457 Y324.230 F3554.948
G1 X264.005 Y324.195 F3554.948
G1 X263.553 Y324.160 F3554.948
G1 X263.077 Y324.121 F3554.948
G1 X262.601 Y324.083 F3554.948
G1 X262.103 Y324.038 F3554.948
G1 X261.605 Y323.994 F3554.948
G1 X261.085 Y323.942 F3554.948
G1 X260.566 Y323.890 F3554.948
G1 X260.023 Y323.827 F3554.948
G1 X259.481 Y323.763 F3554.948
G1 X258.913 Y323.685 F3554.948
G1 X258.346 Y323.607 F3554.948
G1 X257.760 Y323.509 F3554.948
G1 X257.174 Y323.411 F3554.948
G1 X256.576 Y323.286 F3554.948
G1 X255.978 Y323.162 F3554.948
G1 X255.370 Y323.004 F3554.948
G1 X254.761 Y322.846 F3554.948
G1 X254.152 Y322.646 F3554.948
G1 X253.543 Y322.445 F3554.948
G1 X252.941 Y322.192 F3554.948
G1 X252.339 Y321.939 F3554.948
G1 X251.749 Y321.621 F3554.948
G1 X251.160 Y321.303 F3554.948
G1 X250.589 Y320.905 F3554.948
G1 X250.017 Y320.507 F3554.948
G1 X249.473 Y320.012 F3554.948
G1 X248.929 Y319.518 F3554.948
G1 X248.415 Y318.906 F3554.948
G1 X247.901 Y318.295 F3554.948
G1 X247.578 Y317.794 F3554.948
G1 X247.255 Y317.293 F3554.948
G1 X246.932 Y316.792 F3554.948
G1 X246.632 Y316.184 F3554.948
G1 X246.331 Y315.575 F3554.948
G1 X246.030 Y314.967 F3554.948
G1 X245.752 Y314.239 F3554.948
G1 X245.475 Y313.511 F3554.948
G1 X245.197 Y312.782 F3554.948
G1 X245.008 Y312.142 F3554.948
G1 X244.818 Y311.501 F3554.948
G1 X244.628 Y310.861 F3554.948
G1 X244.439 Y310.220 F3554.948
G1 X244.269 Y309.486 F3554.948
G1 X244.099 Y308.752 F3554.948
G1 X243.930 Y308.019 F3554.948
G1 X243.760 Y307.285 F3554.948
G1 X243.644 Y306.638 F3554.948
G1 X243.527 Y305.991 F3554.948
G1 X243.410 Y305.344 F3554.948
G1 X243.294 Y304.698 F3554.948
G1 X243.177 Y304.051 F3554.948
G1 X243.085 Y303.366 F3554.948
G1 X242.992 Y302.682 F3554.948
G1 X242.900 Y301.998 F3554.948
G1 X242.807 Y301.313 F3554.948
G1 X242.715 Y300.629 F3554.948
G1 X242.652 Y299.933 F3554.948
G1 X242.589 Y299.237 F3554.948
G1 X242.527 Y298.541 F3554.948
G1 X242.464 Y297.845 F3554.948
G1 X242.401 Y297.149 F3554.948
G1 X242.374 Y296.465 F3554.948
G1 X242.348 Y295.781 F3554.948
G1 X242.321 Y295.096 F3554.948
G1 X242.294 Y294.412 F3554.948
G1 X242.267 Y293.728 F3554.948
G1 X242.282 Y293.072 F3554.948
G1 X242.296 Y292.416 F3554.948
G1 X242.311 Y291.760 F3554.948
G1 X242.325 Y291.104 F3554.948
G1 X242.340 Y290.448 F3554.948
G1 X242.412 Y289.674 F3554.948
G1 X242.484 Y288.901 F3554.948
G1 X242.556 Y288.127 F3554.948
G1 X242.627 Y287.353 F3554.948
G1 X242.745 Y286.624 F3554.948
G1 X242.863 Y285.894 F3554.948
G1 X242.981 Y285.165 F3554.948
G1 X243.098 Y284.436 F3554.948
G1 X243.240 Y283.754 F3554.948
G1 X243.382 Y283.072 F3554.948
G1 X243.524 Y282.390 F3554.948
G1 X243.665 Y281.708 F3554.948
G1 X243.799 Y281.087 F3554.948
G1 X243.933 Y280.466 F3554.948
G1 X244.067 Y279.845 F3554.948
G1 X244.200 Y279.224 F3554.948
G1 X244.319 Y278.507 F3554.948
G1 X244.438 Y277.791 F3554.948
G1 X244.557 Y277.074 F3554.948
G1 X244.589 Y276.496 F3554.948
G1 X244.620 Y275.919 F3554.948
G1 X244.651 Y275.341 F3554.948
G1 X244.544 Y274.701 F3554.948
G1 X244.437 Y274.062 F3554.948
G1 X244.199 Y273.629 F3554.948
G1 X243.962 Y273.196 F3554.948
G1 X243.609 Y272.955 F3554.948
G1 X243.257 Y272.713 F3554.948
G1 X242.795 Y272.651 F3554.948
G1 X242.333 Y272.589 F3554.948
G1 X241.756 Y272.698 F3554.948
G1 X241.179 Y272.808 F3554.948
G1 X240.478 Y273.083 F3554.948
G1 X239.777 Y273.357 F3554.948
G1 X239.231 Y273.631 F3554.948
G1 X238.685 Y273.905 F3554.948
G1 X238.139 Y274.179 F3554.948
G1 X237.535 Y274.502 F3554.948
G1 X236.930 Y274.824 F3554.948
G1 X236.326 Y275.146 F3554.948
G1 X235.688 Y275.468 F3554.948
G1 X235.050 Y275.790 F3554.948
G1 X234.413 Y276.112 F3554.948
G1 X233.751 Y276.402 F3554.948
G1 X233.090 Y276.692 F3554.948
G1 X232.428 Y276.983 F3554.948
G1 X231.743 Y277.217 F3554.948
G1 X231.057 Y277.452 F3554.948
G1 X230.372 Y277.687 F3554.948
G1 X229.647 Y277.858 F3554.948
G1 X228.922 Y278.028 F3554.948
G1 X228.197 Y278.198 F3554.948
G1 X227.412 Y278.296 F3554.948
G1 X226.626 Y278.394 F3554.948
G1 X225.841 Y278.492 F3554.948
G1 X225.192 Y278.509 F3554.948
G1 X224.543 Y278.526 F3554.948
G1 X223.894 Y278.542 F3554.948
G1 X223.245 Y278.559 F3554.948
G1 X222.528 Y278.517 F3554.948
G1 X221.812 Y278.475 F3554.948
G1 X221.096 Y278.433 F3554.948
G1 X220.379 Y278.391 F3554.948
G1 X219.598 Y278.290 F3554.948
G1 X218.817 Y278.189 F3554.948
G1 X218.036 Y278.088 F3554.948
G1 X217.254 Y277.987 F3554.948
G1 X216.594 Y277.860 F3554.948
G1 X215.934 Y277.734 F3554.948
G1 X215.273 Y277.608 F3554.948
G1 X214.613 Y277.482 F3554.948
G1 X213.953 Y277.355 F3554.948
G1 X213.290 Y277.188 F3554.948
G1 X212.628 Y277.020 F3554.948
G1 X211.966 Y276.853 F3554.948
G1 X211.304 Y276.685 F3554.948
G1 X210.642 Y276.518 F3554.948
G1 X210.017 Y276.315 F3554.948
G1 X209.393 Y276.112 F3554.948
G1 X208.768 Y275.909 F3554.948
G1 X208.144 Y275.706 F3554.948
G1 X207.519 Y275.503 F3554.948
G1 X206.825 Y275.213 F3554.948
G1 X206.131 Y274.923 F3554.948
G1 X205.438 Y274.632 F3554.948
G1 X204.744 Y274.342 F3554.948
G1 X204.156 Y274.019 F3554.948
G1 X203.568 Y273.697 F3554.948
G1 X202.980 Y273.374 F3554.948
G1 X202.391 Y273.052 F3554.948
G1 X201.900 Y272.695 F3554.948
G1 X201.408 Y272.338 F3554.948
G1 X200.916 Y271.982 F3554.948
G1 X200.424 Y271.625 F3554.948
G1 X199.866 Y271.094 F3554.948
G1 X199.309 Y270.563 F3554.948
G1 X198.751 Y270.032 F3554.948
G1 X198.257 Y269.435 F3554.948
G1 X197.763 Y268.838 F3554.948
G1 X197.269 Y268.240 F3554.948
G1 X196.928 Y267.735 F3554.948
G1 X196.587 Y267.229 F3554.948
G1 X196.246 Y266.723 F3554.948
G1 X195.905 Y266.217 F3554.948
G1 X195.586 Y265.653 F3554.948
G1 X195.267 Y265.089 F3554.948
G1 X194.948 Y264.525 F3554.948
G1 X194.629 Y263.961 F3554.948
G1 X194.331 Y263.344 F3554.948
G1 X194.033 Y262.726 F3554.948
G1 X193.734 Y262.108 F3554.948
G1 X193.436 Y261.490 F3554.948
G1 X193.167 Y260.834 F3554.948
G1 X192.897 Y260.177 F3554.948
G1 X192.628 Y259.520 F3554.948
G1 X192.358 Y258.863 F3554.948
G1 X192.132 Y258.184 F3554.948
G1 X191.905 Y257.506 F3554.948
G1 X191.679 Y256.827 F3554.948
G1 X191.452 Y256.148 F3554.948
G1 X191.282 Y255.462 F3554.948
G1 X191.112 Y254.775 F3554.948
G1 X190.941 Y254.089 F3554.948
G1 X190.771 Y253.402 F3554.948
G1 X190.667 Y252.721 F3554.948
G1 X190.563 Y252.041 F3554.948
G1 X190.458 Y251.360 F3554.948
G1 X190.354 Y250.679 F3554.948
G1 X190.322 Y250.017 F3554.948
G1 X190.289 Y249.354 F3554.948
G1 X190.256 Y248.691 F3554.948
G1 X190.224 Y248.028 F3554.948
G1 X190.265 Y247.390 F3554.948
G1 X190.307 Y246.752 F3554.948
G1 X190.348 Y246.113 F3554.948
G1 X190.390 Y245.475 F3554.948
G1 X190.504 Y244.859 F3554.948
G1 X190.619 Y244.243 F3554.948
G1 X190.733 Y243.628 F3554.948
G1 X190.848 Y243.012 F3554.948
G1 X191.034 Y242.415 F3554.948
G1 X191.221 Y241.817 F3554.948
G1 X191.407 Y241.220 F3554.948
G1 X191.594 Y240.623 F3554.948
G1 X191.852 Y240.039 F3554.948
G1 X192.110 Y239.455 F3554.948
G1 X192.368 Y238.870 F3554.948
G1 X192.626 Y238.286 F3554.948
G1 X192.954 Y237.713 F3554.948
G1 X193.283 Y237.139 F3554.948
G1 X193.612 Y236.566 F3554.948
G1 X193.940 Y235.992 F3554.948
G1 X194.341 Y235.424 F3554.948
G1 X194.742 Y234.855 F3554.948
G1 X195.142 Y234.286 F3554.948
G1 X195.543 Y233.717 F3554.948
G1 X196.010 Y233.148 F3554.948
G1 X196.477 Y232.579 F3554.948
G1 X196.945 Y232.010 F3554.948
G1 X197.412 Y231.442 F3554.948
G1 X197.943 Y230.869 F3554.948
G1 X198.474 Y230.297 F3554.948
G1 X199.005 Y229.725 F3554.948
G1 X199.536 Y229.153 F3554.948
G1 X200.003 Y228.689 F3554.948
G1 X200.469 Y228.226 F3554.948
G1 X200.935 Y227.762 F3554.948
G1 X201.401 Y227.299 F3554.948
G1 X201.867 Y226.835 F3554.948
G1 X202.367 Y226.369 F3554.948
G1 X202.868 Y225.902 F3554.948
G1 X203.368 Y225.435 F3554.948
G1 X203.868 Y224.968 F3554.948
G1 X204.368 Y224.502 F3554.948
G1 X204.891 Y224.030 F3554.948
G1 X205.415 Y223.558 F3554.948
G1 X205.938 Y223.086 F3554.948
G1 X206.461 Y222.614 F3554.948
G1 X206.985 Y222.142 F3554.948
G1 X207.524 Y221.663 F3554.948
G1 X208.064 Y221.185 F3554.948
G1 X208.604 Y220.706 F3554.948
G1 X209.144 Y220.228 F3554.948
G1 X209.684 Y219.750 F3554.948
G1 X210.236 Y219.258 F3554.948
G1 X210.788 Y218.766 F3554.948
G1 X211.341 Y218.275 F3554.948
G1 X211.893 Y217.783 F3554.948
G1 X212.446 Y217.292 F3554.948
G1 X213.008 Y216.782 F3554.948
G1 X213.570 Y216.271 F3554.948
G1 X214.132 Y215.761 F3554.948
G1 X214.694 Y215.251 F3554.948
G1 X215.256 Y214.741 F3554.948
G1 X215.822 Y214.220 F3554.948
G1 X216.388 Y213.700 F3554.948
G1 X216.954 Y213.179 F3554.948
G1 X217.521 Y212.658 F3554.948
G1 X218.087 Y212.138 F3554.948
G1 X218.651 Y211.614 F3554.948
G1 X219.216 Y211.090 F3554.948
G1 X219.780 Y210.566 F3554.948
G1 X220.345 Y210.042 F3554.948
G1 X220.909 Y209.518 F3554.948
G1 X221.470 Y208.990 F3554.948
G1 X222.030 Y208.462 F3554.948
G1 X222.591 Y207.934 F3554.948
G1 X223.152 Y207.406 F3554.948
G1 X223.712 Y206.878 F3554.948
G1 X224.272 Y206.325 F3554.948
G1 X224.832 Y205.773 F3554.948
G1 X225.391 Y205.220 F3554.948
G1 X225.951 Y204.668 F3554.948
G1 X226.510 Y204.115 F3554.948
G1 X227.059 Y203.534 F3554.948
G1 X227.607 Y202.952 F3554.948
G1 X228.156 Y202.371 F3554.948
G1 X228.704 Y201.789 F3554.948
G1 X229.252 Y201.208 F3554.948
G1 X229.768 Y200.614 F3554.948
G1 X230.284 Y200.021 F3554.948
G1 X230.799 Y199.428 F3554.948
G1 X231.315 Y198.835 F3554.948
G1 X231.830 Y198.242 F3554.948
G1 X232.294 Y197.661 F3554.948
G1 X232.758 Y197.081 F3554.948
G1 X233.222 Y196.500 F3554.948
G1 X233.686 Y195.920 F3554.948
G1 X234.150 Y195.339 F3554.948
G1 X234.565 Y194.777 F3554.948
G1 X234.980 Y194.215 F3554.948
G1 X235.395 Y193.653 F3554.948
G1 X235.810 Y193.091 F3554.948
G1 X236.225 Y192.529 F3554.948
G1 X236.600 Y191.986 F3554.948
G1 X236.975 Y191.444 F3554.948
G1 X237.350 Y190.901 F3554.948
G1 X237.724 Y190.358 F3554.948
G1 X238.099 Y189.815 F3554.948
G1 X238.503 Y189.187 F3554.948
G1 X238.907 Y188.559 F3554.948
G1 X239.311 Y187.932 F3554.948
G1 X239.715 Y187.304 F3554.948
G1 X240.035 Y186.734 F3554.948
G1 X240.356 Y186.163 F3554.948
G1 X240.677 Y185.593 F3554.948
G1 X240.997 Y185.023 F3554.948
G1 X241.329 Y184.321 F3554.948
G1 X241.661 Y183.619 F3554.948
G1 X241.993 Y182.917 F3554.948
G1 X242.264 Y182.227 F3554.948
G1 X242.535 Y181.538 F3554.948
G1 X242.806 Y180.848 F3554.948
G1 X243.046 Y180.141 F3554.948
G1 X243.286 Y179.433 F3554.948
G1 X243.526 Y178.726 F3554.948
G1 X243.761 Y177.980 F3554.948
G1 X243.996 Y177.234 F3554.948
G1 X244.231 Y176.488 F3554.948
G1 X244.429 Y175.918 F3554.948
G1 X244.628 Y175.349 F3554.948
G1 X244.827 Y174.779 F3554.948
G1 X245.026 Y174.210 F3554.948
G1 X245.274 Y173.658 F3554.948
G1 X245.521 Y173.106 F3554.948
G1 X245.768 Y172.555 F3554.948
G1 X246.015 Y172.003 F3554.948
G1 X246.445 Y171.351 F3554.948
G1 X246.875 Y170.699 F3554.948
G1 X247.304 Y170.048 F3554.948
G1 X247.850 Y169.511 F3554.948
G1 X248.396 Y168.974 F3554.948
G1 X248.942 Y168.436 F3554.948
G1 X249.593 Y168.032 F3554.948
G1 X250.245 Y167.627 F3554.948
G1 X250.897 Y167.222 F3554.948
G1 X251.644 Y166.973 F3554.948
G1 X252.391 Y166.725 F3554.948
G1 X253.139 Y166.476 F3554.948
G1 X253.763 Y166.408 F3554.948
G1 X254.387 Y166.340 F3554.948
G1 X255.012 Y166.271 F3554.948
G1 X255.636 Y166.203 F3554.948
G1 X256.318 Y166.235 F3554.948
G1 X256.999 Y166.267 F3554.948
G1 X257.681 Y166.299 F3554.948
G1 X258.362 Y166.330 F3554.948
G1 X259.077 Y166.423 F3554.948
G1 X259.792 Y166.516 F3554.948
G1 X260.506 Y166.608 F3554.948
G1 X261.221 Y166.701 F3554.948
G1 X261.942 Y166.807 F3554.948
G1 X262.662 Y166.912 F3554.948
G1 X263.382 Y167.018 F3554.948
G1 X264.103 Y167.124 F3554.948
G1 X264.803 Y167.209 F3554.948
G1 X265.503 Y167.293 F3554.948
G1 X266.204 Y167.378 F3554.948
G1 X266.904 Y167.463 F3554.948
G1 X267.570 Y167.517 F3554.948
G1 X268.237 Y167.571 F3554.948
G1 X268.904 Y167.625 F3554.948
G1 X269.571 Y167.680 F3554.948
G1 X270.198 Y167.710 F3554.948
G1 X270.825 Y167.741 F3554.948
G1 X271.452 Y167.771 F3554.948
G1 X272.079 Y167.801 F3554.948
G1 X272.860 Y167.823 F3554.948
G1 X273.640 Y167.845 F3554.948
G1 X274.421 Y167.868 F3554.948
G1 X275.148 Y167.882 F3554.948
G1 X275.876 Y167.896 F3554.948
G1 X276.603 Y167.910 F3554.948
G1 X277.279 Y167.929 F3554.948
G1 X277.954 Y167.949 F3554.948
G1 X278.630 Y167.968 F3554.948
G1 X279.275 Y168.003 F3554.948
G1 X279.919 Y168.039 F3554.948
G1 X280.564 Y168.074 F3554.948
G1 X281.188 Y168.128 F3554.948
G1 X281.811 Y168.182 F3554.948
G1 X282.435 Y168.235 F3554.948
G1 X283.046 Y168.315 F3554.948
G1 X283.657 Y168.394 F3554.948
G1 X284.268 Y168.473 F3554.948
G1 X284.877 Y168.579 F3554.948
G1 X285.485 Y168.685 F3554.948
G1 X286.094 Y168.791 F3554.948
G1 X286.708 Y168.921 F3554.948
G1 X287.322 Y169.050 F3554.948
G1 X287.935 Y169.180 F3554.948
M400 ; Wait for drawing to complete
G1 U0.800 F200.0 ; Flow ramp-down (viewer mode)
M5 ; Viewer hint: stop cutting
; STOP BRUSH A
G1 U0.000 F200.0 ; Close Brush A flow
M106 P2 S0 ; Brush A air off
; === PATH END ===

; Width clamped from 31.00mm to 25.00mm within [2.00,25.00] mm
; ===== STROKE PARAMETERS =====
; Color: black
; Width: 25.00mm
; Opacity: 0.25
; Brush: A
; Z-height: 83.00mm
; Paint flow: 0.56 -> U2.586mm
; Feedrate: 3554.9mm/min
; Modes: viewer_compat=true, viewer_emit_m3m5=true
; START BRUSH A
T0 ; Select Tool 0 (Brush A)
G0 X81.446 Y316.935 F12000.000
M400 ; Wait for XY movement to complete
G1 F3554.948
M106 P2 S1 ; Air on before paint
G1 U2.586 F200.0 ; Set paint flow to target (viewer mode)
G1 F3554.948
G4 P50 ; Short paint lead time
M3 S1 ; Viewer hint: start cutting
G1 X81.568 Y317.193 F3554.948
G1 X81.740 Y317.565 F3554.948
G1 X81.956 Y318.029 F3554.948
G1 X82.203 Y318.555 F3554.948
G1 X82.471 Y319.116 F3554.948
G1 X82.751 Y319.689 F3554.948
G1 X83.053 Y320.265 F3554.948
G1 X83.370 Y320.773 F3554.948
G1 X83.675 Y321.208 F3554.948
G1 X83.965 Y321.573 F3554.948
G1 X84.238 Y321.871 F3554.948
G1 X84.495 Y322.096 F3554.948
G1 X84.740 Y322.249 F3554.948
G1 X84.978 Y322.328 F3554.948
G1 X85.213 Y322.333 F3554.948
G1 X85.454 Y322.267 F3554.948
G1 X85.705 Y322.133 F3554.948
G1 X85.976 Y321.932 F3554.948
G1 X86.276 Y321.663 F3554.948
G1 X86.616 Y321.323 F3554.948
G1 X87.010 Y320.909 F3554.948
G1 X87.472 Y320.414 F3554.948
G1 X88.018 Y319.834 F3554.948
G1 X88.344 Y319.495 F3554.948
G1 X88.670 Y319.156 F3554.948
G1 X89.062 Y318.761 F3554.948
G1 X89.455 Y318.365 F3554.948
G1 X89.926 Y317.904 F3554.948
G1 X90.398 Y317.443 F3554.948
G1 X90.956 Y316.910 F3554.948
G1 X91.514 Y316.377 F3554.948
G1 X91.949 Y315.973 F3554.948
G1 X92.383 Y315.570 F3554.948
G1 X92.818 Y315.166 F3554.948
G1 X93.321 Y314.711 F3554.948
G1 X93.823 Y314.257 F3554.948
G1 X94.326 Y313.803 F3554.948
G1 X94.890 Y313.300 F3554.948
G1 X95.454 Y312.797 F3554.948
G1 X96.017 Y312.293 F3554.948
G1 X96.478 Y311.889 F3554.948
G1 X96.938 Y311.485 F3554.948
G1 X97.398 Y311.080 F3554.948
G1 X97.859 Y310.676 F3554.948
G1 X98.343 Y310.254 F3554.948
G1 X98.827 Y309.833 F3554.948
G1 X99.311 Y309.411 F3554.948
G1 X99.796 Y308.989 F3554.948
G1 X100.286 Y308.564 F3554.948
G1 X100.776 Y308.140 F3554.948
G1 X101.266 Y307.715 F3554.948
G1 X101.756 Y307.290 F3554.948
G1 X102.233 Y306.877 F3554.948
G1 X102.710 Y306.463 F3554.948
G1 X103.187 Y306.050 F3554.948
G1 X103.664 Y305.637 F3554.948
G1 X104.253 Y305.120 F3554.948
G1 X104.842 Y304.602 F3554.948
G1 X105.431 Y304.085 F3554.948
G1 X105.954 Y303.613 F3554.948
G1 X106.477 Y303.142 F3554.948
G1 X107.001 Y302.670 F3554.948
G1 X107.439 Y302.252 F3554.948
G1 X107.877 Y301.834 F3554.948
G1 X108.315 Y301.416 F3554.948
G1 X108.828 Y300.869 F3554.948
G1 X109.341 Y300.323 F3554.948
G1 X109.704 Y299.848 F3554.948
G1 X110.067 Y299.373 F3554.948
G1 X110.281 Y298.957 F3554.948
G1 X110.496 Y298.540 F3554.948
M400 ; Wait for drawing to complete
G1 U0.800 F200.0 ; Flow ramp-down (viewer mode)
M5 ; Viewer hint: stop cutting
; STOP BRUSH A
G1 U0.000 F200.0 ; Close Brush A flow
M106 P2 S0 ; Brush A air off
; === PATH END ===

; Width clamped from 31.00mm to 25.00mm within [2.00,25.00] mm
; ===== STROKE PARAMETERS =====
; Color: black
; Width: 25.00mm
; Opacity: 0.25
; Brush: A
; Z-height: 83.00mm
; Paint flow: 0.56 -> U2.586mm
; Feedrate: 3554.9mm/min
; Modes: viewer_compat=true, viewer_emit_m3m5=true
; START BRUSH A
T0 ; Select Tool 0 (Brush A)
G0 X30.191 Y55.105 F12000.000
M400 ; Wait for XY movement to complete
G1 F3554.948
M106 P2 S1 ; Air on before paint
G1 U2.586 F200.0 ; Set paint flow to target (viewer mode)
G1 F3554.948
G4 P50 ; Short paint lead time
M3 S1 ; Viewer hint: start cutting
G1 X30.725 Y54.949 F3554.948
G1 X31.260 Y54.793 F3554.948
G1 X31.902 Y54.543 F3554.948
G1 X32.543 Y54.293 F3554.948
G1 X33.196 Y53.953 F3554.948
G1 X33.849 Y53.613 F3554.948
G1 X34.424 Y53.196 F3554.948
G1 X34.998 Y52.779 F3554.948
G1 X35.428 Y52.309 F3554.948
G1 X35.858 Y51.840 F3554.948
G1 X36.148 Y51.348 F3554.948
G1 X36.439 Y50.856 F3554.948
G1 X36.600 Y50.371 F3554.948
G1 X36.761 Y49.887 F3554.948
G1 X36.800 Y49.427 F3554.948
G1 X36.840 Y48.966 F3554.948
G1 X36.763 Y48.533 F3554.948
G1 X36.687 Y48.099 F3554.948
G1 X36.501 Y47.691 F3554.948
G1 X36.315 Y47.284 F3554.948
G1 X36.023 Y46.903 F3554.948
G1 X35.731 Y46.522 F3554.948
G1 X35.334 Y46.159 F3554.948
G1 X34.937 Y45.797 F3554.948
G1 X34.438 Y45.422 F3554.948
G1 X33.938 Y45.048 F3554.948
G1 X33.405 Y44.631 F3554.948
G1 X32.872 Y44.215 F3554.948
G1 X32.376 Y43.726 F3554.948
G1 X31.880 Y43.238 F3554.948
G1 X31.482 Y42.653 F3554.948
G1 X31.084 Y42.069 F3554.948
G1 X30.832 Y41.365 F3554.948
G1 X30.579 Y40.661 F3554.948
G1 X30.533 Y40.104 F3554.948
G1 X30.486 Y39.546 F3554.948
G1 X30.439 Y38.989 F3554.948
G1 X30.523 Y38.325 F3554.948
G1 X30.608 Y37.661 F3554.948
G1 X30.692 Y36.997 F3554.948
G1 X30.894 Y36.244 F3554.948
G1 X31.097 Y35.490 F3554.948
G1 X31.299 Y34.737 F3554.948
G1 X31.521 Y34.127 F3554.948
G1 X31.743 Y33.517 F3554.948
G1 X31.965 Y32.908 F3554.948
G1 X32.187 Y32.298 F3554.948
G1 X32.447 Y31.716 F3554.948
G1 X32.707 Y31.134 F3554.948
G1 X32.966 Y30.551 F3554.948
G1 X33.226 Y29.969 F3554.948
G1 X33.588 Y29.334 F3554.948
G1 X33.949 Y28.699 F3554.948
G1 X34.310 Y28.064 F3554.948
G1 X34.660 Y27.659 F3554.948
G1 X35.009 Y27.253 F3554.948
G1 X35.358 Y26.847 F3554.948
G1 X35.860 Y26.633 F3554.948
G1 X36.361 Y26.419 F3554.948
G1 X36.863 Y26.581 F3554.948
G1 X37.364 Y26.744 F3554.948
G1 X37.892 Y27.276 F3554.948
G1 X38.419 Y27.808 F3554.948
G1 X38.808 Y28.380 F3554.948
G1 X39.198 Y28.952 F3554.948
G1 X39.587 Y29.525 F3554.948
G1 X39.909 Y30.057 F3554.948
G1 X40.231 Y30.590 F3554.948
G1 X40.553 Y31.122 F3554.948
G1 X40.874 Y31.655 F3554.948
G1 X41.216 Y32.212 F3554.948
G1 X41.558 Y32.770 F3554.948
G1 X41.900 Y33.328 F3554.948
G1 X42.242 Y33.885 F3554.948
G1 X42.590 Y34.382 F3554.948
G1 X42.939 Y34.879 F3554.948
G1 X43.287 Y35.375 F3554.948
G1 X43.635 Y35.872 F3554.948
G1 X44.102 Y36.402 F3554.948
G1 X44.568 Y36.932 F3554.948
G1 X45.034 Y37.462 F3554.948
G1 X45.506 Y37.865 F3554.948
G1 X45.978 Y38.268 F3554.948
G1 X46.450 Y38.672 F3554.948
G1 X46.935 Y38.963 F3554.948
G1 X47.420 Y39.254 F3554.948
G1 X47.906 Y39.545 F3554.948
G1 X48.405 Y39.762 F3554.948
G1 X48.905 Y39.979 F3554.948
G1 X49.405 Y40.196 F3554.948
G1 X49.919 Y40.368 F3554.948
G1 X50.433 Y40.541 F3554.948
G1 X50.947 Y40.714 F3554.948
G1 X51.472 Y40.865 F3554.948
G1 X51.998 Y41.016 F3554.948
G1 X52.524 Y41.167 F3554.948
G1 X53.054 Y41.312 F3554.948
G1 X53.584 Y41.458 F3554.948
G1 X54.113 Y41.603 F3554.948
G1 X54.641 Y41.755 F3554.948
G1 X55.168 Y41.906 F3554.948
G1 X55.696 Y42.058 F3554.948
G1 X56.212 Y42.217 F3554.948
G1 X56.729 Y42.376 F3554.948
G1 X57.246 Y42.534 F3554.948
G1 X57.994 Y42.782 F3554.948
G1 X58.742 Y43.029 F3554.948
G1 X59.438 Y43.283 F3554.948
G1 X60.134 Y43.537 F3554.948
M400 ; Wait for drawing to complete
G1 U0.800 F200.0 ; Flow ramp-down (viewer mode)
M5 ; Viewer hint: stop cutting
; STOP BRUSH A
G1 U0.000 F200.0 ; Close Brush A flow
M106 P2 S0 ; Brush A air off
; === PATH END ===

; Width clamped from 31.00mm to 25.00mm within [2.00,25.00] mm
; ===== STROKE PARAMETERS =====
; Color: black
; Width: 25.00mm
; Opacity: 0.25
; Brush: A
; Z-height: 83.00mm
; Paint flow: 0.56 -> U2.586mm
; Feedrate: 3554.9mm/min
; Modes: viewer_compat=true, viewer_emit_m3m5=true
; START BRUSH A
T0 ; Select Tool 0 (Brush A)
G0 X111.363 Y437.040 F12000.000
M400 ; Wait for XY movement to complete
G1 F3554.948
M106 P2 S1 ; Air on before paint
G1 U2.586 F200.0 ; Set paint flow to target (viewer mode)
G1 F3554.948
G4 P50 ; Short paint lead time
M3 S1 ; Viewer hint: start cutting
G1 X111.271 Y437.243 F3554.948
G1 X111.138 Y437.546 F3554.948
G1 X110.961 Y437.935 F3554.948
G1 X110.737 Y438.401 F3554.948
G1 X110.460 Y438.931 F3554.948
G1 X110.120 Y439.520 F3554.948
G1 X109.708 Y440.161 F3554.948
G1 X109.461 Y440.506 F3554.948
G1 X109.214 Y440.852 F3554.948
G1 X108.919 Y441.223 F3554.948
G1 X108.624 Y441.595 F3554.948
G1 X108.273 Y441.994 F3554.948
G1 X107.922 Y442.393 F3554.948
G1 X107.510 Y442.822 F3554.948
G1 X107.098 Y443.251 F3554.948
G1 X106.620 Y443.712 F3554.948
G1 X106.142 Y444.174 F3554.948
G1 X105.592 Y444.672 F3554.948
G1 X105.041 Y445.171 F3554.948
G1 X104.621 Y445.532 F3554.948
G1 X104.201 Y445.892 F3554.948
G1 X103.780 Y446.253 F3554.948
G1 X103.307 Y446.643 F3554.948
G1 X102.834 Y447.032 F3554.948
G1 X102.361 Y447.421 F3554.948
G1 X101.841 Y447.836 F3554.948
G1 X101.320 Y448.251 F3554.948
G1 X100.799 Y448.666 F3554.948
G1 X100.237 Y449.103 F3554.948
G1 X99.674 Y449.541 F3554.948
G1 X99.112 Y449.978 F3554.948
G1 X98.527 Y450.429 F3554.948
G1 X97.942 Y450.880 F3554.948
G1 X97.357 Y451.331 F3554.948
G1 X96.771 Y451.784 F3554.948
G1 X96.185 Y452.237 F3554.948
G1 X95.598 Y452.689 F3554.948
G1 X95.033 Y453.133 F3554.948
G1 X94.468 Y453.577 F3554.948
G1 X93.902 Y454.021 F3554.948
G1 X93.383 Y454.444 F3554.948
G1 X92.864 Y454.867 F3554.948
G1 X92.345 Y455.290 F3554.948
G1 X91.891 Y455.683 F3554.948
G1 X91.437 Y456.076 F3554.948
G1 X90.983 Y456.470 F3554.948
G1 X90.421 Y457.006 F3554.948
G1 X89.859 Y457.543 F3554.948
G1 X89.434 Y458.024 F3554.948
G1 X89.009 Y458.506 F3554.948
G1 X88.729 Y458.933 F3554.948
G1 X88.449 Y459.361 F3554.948
G1 X88.180 Y460.114 F3554.948
G1 X88.196 Y460.781 F3554.948
G1 X88.490 Y461.378 F3554.948
G1 X89.050 Y461.923 F3554.948
G1 X89.454 Y462.180 F3554.948
G1 X89.858 Y462.436 F3554.948
G1 X90.374 Y462.680 F3554.948
G1 X90.890 Y462.925 F3554.948
G1 X91.507 Y463.161 F3554.948
G1 X92.123 Y463.397 F3554.948
G1 X92.829 Y463.627 F3554.948
G1 X93.534 Y463.857 F3554.948
G1 X94.055 Y464.008 F3554.948
G1 X94.576 Y464.158 F3554.948
G1 X95.097 Y464.309 F3554.948
G1 X95.659 Y464.454 F3554.948
G1 X96.220 Y464.600 F3554.948
G1 X96.782 Y464.745 F3554.948
G1 X97.378 Y464.884 F3554.948
G1 X97.973 Y465.023 F3554.948
G1 X98.569 Y465.162 F3554.948
G1 X99.186 Y465.292 F3554.948
G1 X99.802 Y465.422 F3554.948
G1 X100.419 Y465.553 F3554.948
G1 X101.049 Y465.672 F3554.948
G1 X101.679 Y465.790 F3554.948
G1 X102.309 Y465.909 F3554.948
G1 X102.946 Y466.016 F3554.948
G1 X103.582 Y466.123 F3554.948
G1 X104.219 Y466.230 F3554.948
G1 X104.858 Y466.326 F3554.948
G1 X105.497 Y466.421 F3554.948
G1 X106.137 Y466.516 F3554.948
G1 X106.778 Y466.602 F3554.948
G1 X107.419 Y466.687 F3554.948
G1 X108.060 Y466.773 F3554.948
G1 X108.704 Y466.851 F3554.948
G1 X109.349 Y466.929 F3554.948
G1 X109.993 Y467.007 F3554.948
G1 X110.641 Y467.079 F3554.948
G1 X111.289 Y467.151 F3554.948
G1 X111.938 Y467.223 F3554.948
G1 X112.591 Y467.291 F3554.948
G1 X113.244 Y467.358 F3554.948
G1 X113.897 Y467.425 F3554.948
G1 X114.553 Y467.489 F3554.948
G1 X115.209 Y467.552 F3554.948
G1 X115.865 Y467.615 F3554.948
G1 X116.523 Y467.674 F3554.948
G1 X117.181 Y467.732 F3554.948
G1 X117.839 Y467.790 F3554.948
G1 X118.495 Y467.840 F3554.948
G1 X119.150 Y467.890 F3554.948
G1 X119.806 Y467.940 F3554.948
G1 X120.457 Y467.976 F3554.948
G1 X121.108 Y468.013 F3554.948
G1 X121.759 Y468.049 F3554.948
M400 ; Wait for drawing to complete
G1 U0.800 F200.0 ; Flow ramp-down (viewer mode)
M5 ; Viewer hint: stop cutting
; STOP BRUSH A
G1 U0.000 F200.0 ; Close Brush A flow
M106 P2 S0 ; Brush A air off
; === PATH END ===

; Width clamped from 31.00mm to 25.00mm within [2.00,25.00] mm
; ===== STROKE PARAMETERS =====
; Color: black
; Width: 25.00mm
; Opacity: 0.25
; Brush: A
; Z-height: 83.00mm
; Paint flow: 0.56 -> U2.586mm
; Feedrate: 3554.9mm/min
; Modes: viewer_compat=true, viewer_emit_m3m5=true
; START BRUSH A
T0 ; Select Tool 0 (Brush A)
G0 X424.818 Y283.520 F12000.000
M400 ; Wait for XY movement to complete
G1 F3554.948
M106 P2 S1 ; Air on before paint
G1 U2.586 F200.0 ; Set paint flow to target (viewer mode)
G1 F3554.948
G4 P50 ; Short paint lead time
M3 S1 ; Viewer hint: start cutting
G1 X424.839 Y282.897 F3554.948
G1 X424.931 Y282.154 F3554.948
G1 X425.111 Y281.377 F3554.948
G1 X425.400 Y280.653 F3554.948
G1 X425.805 Y280.052 F3554.948
G1 X426.339 Y279.633 F3554.948
G1 X427.014 Y279.431 F3554.948
G1 X427.417 Y279.445 F3554.948
G1 X427.821 Y279.459 F3554.948
G1 X428.286 Y279.577 F3554.948
G1 X428.752 Y279.695 F3554.948
G1 X429.276 Y279.895 F3554.948
G1 X429.800 Y280.095 F3554.948
G1 X430.383 Y280.343 F3554.948
G1 X430.967 Y280.591 F3554.948
G1 X431.610 Y280.855 F3554.948
G1 X432.252 Y281.119 F3554.948
G1 X432.959 Y281.374 F3554.948
G1 X433.665 Y281.629 F3554.948
G1 X434.186 Y281.782 F3554.948
G1 X434.706 Y281.935 F3554.948
G1 X435.226 Y282.088 F3554.948
G1 X435.773 Y282.223 F3554.948
G1 X436.320 Y282.358 F3554.948
G1 X436.867 Y282.493 F3554.948
G1 X437.411 Y282.618 F3554.948
G1 X437.955 Y282.743 F3554.948
G1 X438.499 Y282.868 F3554.948
G1 X439.251 Y283.062 F3554.948
G1 X440.002 Y283.255 F3554.948
G1 X440.624 Y283.485 F3554.948
G1 X441.246 Y283.715 F3554.948
G1 X441.695 Y284.011 F3554.948
G1 X442.145 Y284.306 F3554.948
G1 X442.414 Y284.693 F3554.948
G1 X442.682 Y285.079 F3554.948
G1 X442.783 Y285.574 F3554.948
G1 X442.883 Y286.069 F3554.948
G1 X442.846 Y286.688 F3554.948
G1 X442.809 Y287.307 F3554.948
G1 X442.672 Y288.057 F3554.948
G1 X442.534 Y288.808 F3554.948
G1 X442.406 Y289.398 F3554.948
G1 X442.278 Y289.988 F3554.948
G1 X442.150 Y290.577 F3554.948
G1 X442.024 Y291.264 F3554.948
G1 X441.898 Y291.950 F3554.948
G1 X441.772 Y292.636 F3554.948
G1 X441.669 Y293.416 F3554.948
G1 X441.566 Y294.197 F3554.948
G1 X441.463 Y294.977 F3554.948
G1 X441.421 Y295.629 F3554.948
G1 X441.379 Y296.282 F3554.948
G1 X441.338 Y296.935 F3554.948
G1 X441.296 Y297.587 F3554.948
G1 X441.288 Y298.290 F3554.948
G1 X441.280 Y298.992 F3554.948
G1 X441.272 Y299.694 F3554.948
G1 X441.264 Y300.396 F3554.948
G1 X441.275 Y301.119 F3554.948
G1 X441.287 Y301.842 F3554.948
G1 X441.298 Y302.564 F3554.948
G1 X441.309 Y303.287 F3554.948
G1 X441.320 Y304.000 F3554.948
G1 X441.332 Y304.714 F3554.948
G1 X441.343 Y305.427 F3554.948
G1 X441.354 Y306.140 F3554.948
G1 X441.355 Y306.825 F3554.948
G1 X441.355 Y307.509 F3554.948
G1 X441.356 Y308.193 F3554.948
G1 X441.357 Y308.877 F3554.948
G1 X441.354 Y309.501 F3554.948
G1 X441.351 Y310.124 F3554.948
G1 X441.349 Y310.748 F3554.948
G1 X441.346 Y311.371 F3554.948
G1 X441.348 Y312.092 F3554.948
G1 X441.350 Y312.813 F3554.948
G1 X441.351 Y313.534 F3554.948
G1 X441.367 Y314.125 F3554.948
G1 X441.383 Y314.715 F3554.948
G1 X441.399 Y315.306 F3554.948
G1 X441.444 Y316.004 F3554.948
G1 X441.489 Y316.703 F3554.948
G1 X441.562 Y317.228 F3554.948
G1 X441.635 Y317.754 F3554.948
G1 X441.838 Y318.490 F3554.948
G1 X442.095 Y318.944 F3554.948
G1 X442.410 Y319.143 F3554.948
M400 ; Wait for drawing to complete
G1 U0.800 F200.0 ; Flow ramp-down (viewer mode)
M5 ; Viewer hint: stop cutting
; STOP BRUSH A
G1 U0.000 F200.0 ; Close Brush A flow
M106 P2 S0 ; Brush A air off
; === PATH END ===

; Width clamped from 31.00mm to 25.00mm within [2.00,25.00] mm
; ===== STROKE PARAMETERS =====
; Color: black
; Width: 25.00mm
; Opacity: 0.25
; Brush: A
; Z-height: 83.00mm
; Paint flow: 0.56 -> U2.586mm
; Feedrate: 3554.9mm/min
; Modes: viewer_compat=true, viewer_emit_m3m5=true
; START BRUSH A
T0 ; Select Tool 0 (Brush A)
G0 X464.921 Y468.820 F12000.000
M400 ; Wait for XY movement to complete
G1 F3554.948
M106 P2 S1 ; Air on before paint
G1 U2.586 F200.0 ; Set paint flow to target (viewer mode)
G1 F3554.948
G4 P50 ; Short paint lead time
M3 S1 ; Viewer hint: start cutting
G1 X464.725 Y468.650 F3554.948
G1 X464.484 Y468.424 F3554.948
G1 X464.222 Y468.162 F3554.948
G1 X463.965 Y467.866 F3554.948
G1 X463.764 Y467.559 F3554.948
G1 X463.621 Y467.267 F3554.948
G1 X463.553 Y466.997 F3554.948
G1 X463.569 Y466.755 F3554.948
G1 X463.672 Y466.541 F3554.948
G1 X463.860 Y466.349 F3554.948
G1 X464.122 Y466.172 F3554.948
G1 X464.444 Y465.998 F3554.948
G1 X464.817 Y465.815 F3554.948
G1 X465.220 Y465.608 F3554.948
G1 X465.643 Y465.361 F3554.948
G1 X466.090 Y465.064 F3554.948
G1 X466.566 Y464.705 F3554.948
G1 X467.077 Y464.269 F3554.948
G1 X467.630 Y463.740 F3554.948
G1 X467.930 Y463.419 F3554.948
G1 X468.230 Y463.098 F3554.948
G1 X468.556 Y462.707 F3554.948
G1 X468.881 Y462.315 F3554.948
G1 X469.233 Y461.835 F3554.948
G1 X469.585 Y461.355 F3554.948
G1 X469.973 Y460.772 F3554.948
G1 X470.360 Y460.189 F3554.948
G1 X470.648 Y459.726 F3554.948
G1 X470.935 Y459.262 F3554.948
G1 X471.223 Y458.798 F3554.948
G1 X471.544 Y458.251 F3554.948
G1 X471.865 Y457.704 F3554.948
G1 X472.186 Y457.157 F3554.948
G1 X472.541 Y456.515 F3554.948
G1 X472.897 Y455.874 F3554.948
G1 X473.252 Y455.233 F3554.948
G1 X473.543 Y454.682 F3554.948
G1 X473.833 Y454.131 F3554.948
G1 X474.123 Y453.580 F3554.948
G1 X474.414 Y453.029 F3554.948
G1 X474.725 Y452.410 F3554.948
G1 X475.037 Y451.792 F3554.948
G1 X475.348 Y451.173 F3554.948
G1 X475.660 Y450.555 F3554.948
G1 X475.989 Y449.880 F3554.948
G1 X476.319 Y449.205 F3554.948
G1 X476.648 Y448.531 F3554.948
G1 X476.978 Y447.856 F3554.948
G1 X477.316 Y447.140 F3554.948
G1 X477.655 Y446.423 F3554.948
G1 X477.994 Y445.707 F3554.948
G1 X478.332 Y444.991 F3554.948
G1 X478.604 Y444.399 F3554.948
G1 X478.875 Y443.808 F3554.948
G1 X479.147 Y443.217 F3554.948
G1 X479.418 Y442.626 F3554.948
G1 X479.690 Y442.035 F3554.948
G1 X479.952 Y441.441 F3554.948
G1 X480.215 Y440.846 F3554.948
G1 X480.477 Y440.251 F3554.948
G1 X480.739 Y439.657 F3554.948
G1 X481.002 Y439.062 F3554.948
G1 X481.306 Y438.326 F3554.948
G1 X481.609 Y437.590 F3554.948
G1 X481.913 Y436.854 F3554.948
G1 X482.216 Y436.118 F3554.948
G1 X482.484 Y435.395 F3554.948
G1 X482.752 Y434.672 F3554.948
G1 X483.020 Y433.948 F3554.948
G1 X483.288 Y433.225 F3554.948
G1 X483.511 Y432.511 F3554.948
G1 X483.734 Y431.797 F3554.948
G1 X483.957 Y431.082 F3554.948
G1 X484.180 Y430.368 F3554.948
G1 X484.350 Y429.650 F3554.948
G1 X484.520 Y428.932 F3554.948
G1 X484.690 Y428.214 F3554.948
G1 X484.860 Y427.496 F3554.948
G1 X484.974 Y426.762 F3554.948
G1 X485.088 Y426.028 F3554.948
G1 X485.203 Y425.293 F3554.948
G1 X485.317 Y424.559 F3554.948
G1 X485.378 Y423.801 F3554.948
G1 X485.439 Y423.043 F3554.948
G1 X485.500 Y422.285 F3554.948
G1 X485.561 Y421.527 F3554.948
G1 X485.568 Y420.745 F3554.948
G1 X485.575 Y419.964 F3554.948
G1 X485.583 Y419.182 F3554.948
G1 X485.590 Y418.400 F3554.948
G1 X485.543 Y417.608 F3554.948
G1 X485.496 Y416.816 F3554.948
G1 X485.449 Y416.024 F3554.948
G1 X485.402 Y415.231 F3554.948
G1 X485.297 Y414.456 F3554.948
G1 X485.192 Y413.680 F3554.948
G1 X485.086 Y412.904 F3554.948
G1 X484.981 Y412.128 F3554.948
G1 X484.808 Y411.399 F3554.948
G1 X484.635 Y410.670 F3554.948
G1 X484.461 Y409.940 F3554.948
G1 X484.288 Y409.211 F3554.948
G1 X484.033 Y408.549 F3554.948
G1 X483.777 Y407.887 F3554.948
G1 X483.522 Y407.225 F3554.948
G1 X483.267 Y406.563 F3554.948
G1 X482.919 Y405.979 F3554.948
G1 X482.572 Y405.395 F3554.948
G1 X482.225 Y404.811 F3554.948
G1 X481.878 Y404.226 F3554.948
G1 X481.427 Y403.719 F3554.948
G1 X480.977 Y403.211 F3554.948
G1 X480.526 Y402.703 F3554.948
G1 X480.076 Y402.195 F3554.948
G1 X479.518 Y401.760 F3554.948
G1 X478.961 Y401.324 F3554.948
G1 X478.403 Y400.889 F3554.948
G1 X477.845 Y400.453 F3554.948
G1 X477.212 Y400.091 F3554.948
G1 X476.579 Y399.728 F3554.948
G1 X475.946 Y399.366 F3554.948
G1 X475.313 Y399.003 F3554.948
G1 X474.634 Y398.715 F3554.948
G1 X473.955 Y398.427 F3554.948
G1 X473.275 Y398.139 F3554.948
G1 X472.596 Y397.851 F3554.948
G1 X471.889 Y397.635 F3554.948
G1 X471.182 Y397.418 F3554.948
G1 X470.475 Y397.201 F3554.948
G1 X469.768 Y396.985 F3554.948
G1 X469.038 Y396.819 F3554.948
G1 X468.309 Y396.653 F3554.948
G1 X467.579 Y396.487 F3554.948
G1 X466.849 Y396.321 F3554.948
G1 X466.104 Y396.179 F3554.948
G1 X465.358 Y396.037 F3554.948
G1 X464.613 Y395.895 F3554.948
G1 X463.868 Y395.753 F3554.948
G1 X463.109 Y395.608 F3554.948
G1 X462.350 Y395.463 F3554.948
G1 X461.591 Y395.318 F3554.948
G1 X460.833 Y395.173 F3554.948
G1 X460.056 Y395.005 F3554.948
G1 X459.280 Y394.836 F3554.948
G1 X458.503 Y394.668 F3554.948
G1 X457.727 Y394.499 F3554.948
G1 X456.959 Y394.302 F3554.948
G1 X456.192 Y394.104 F3554.948
G1 X455.425 Y393.907 F3554.948
G1 X454.657 Y393.709 F3554.948
G1 X453.934 Y393.487 F3554.948
G1 X453.210 Y393.264 F3554.948
G1 X452.486 Y393.042 F3554.948
G1 X451.763 Y392.820 F3554.948
G1 X451.101 Y392.580 F3554.948
G1 X450.440 Y392.340 F3554.948
G1 X449.778 Y392.100 F3554.948
G1 X449.117 Y391.860 F3554.948
G1 X448.519 Y391.611 F3554.948
G1 X447.921 Y391.362 F3554.948
G1 X447.323 Y391.112 F3554.948
G1 X446.725 Y390.863 F3554.948
G1 X446.179 Y390.610 F3554.948
G1 X445.634 Y390.357 F3554.948
G1 X445.088 Y390.104 F3554.948
G1 X444.542 Y389.851 F3554.948
G1 X443.865 Y389.502 F3554.948
G1 X443.188 Y389.154 F3554.948
G1 X442.510 Y388.806 F3554.948
G1 X441.860 Y388.430 F3554.948
G1 X441.210 Y388.054 F3554.948
G1 X440.560 Y387.678 F3554.948
G1 X439.923 Y387.253 F3554.948
G1 X439.285 Y386.829 F3554.948
G1 X438.647 Y386.405 F3554.948
G1 X438.016 Y385.925 F3554.948
G1 X437.384 Y385.445 F3554.948
G1 X436.753 Y384.965 F3554.948
G1 X436.291 Y384.569 F3554.948
G1 X435.830 Y384.173 F3554.948
G1 X435.368 Y383.777 F3554.948
G1 X434.906 Y383.381 F3554.948
G1 X434.471 Y382.966 F3554.948
G1 X434.036 Y382.551 F3554.948
G1 X433.600 Y382.135 F3554.948
G1 X433.165 Y381.720 F3554.948
G1 X432.646 Y381.178 F3554.948
G1 X432.126 Y380.636 F3554.948
G1 X431.607 Y380.094 F3554.948
G1 X431.171 Y379.592 F3554.948
G1 X430.735 Y379.090 F3554.948
G1 X430.300 Y378.587 F3554.948
G1 X429.957 Y378.124 F3554.948
G1 X429.614 Y377.661 F3554.948
G1 X429.271 Y377.198 F3554.948
G1 X428.896 Y376.536 F3554.948
G1 X428.522 Y375.874 F3554.948
G1 X428.280 Y375.208 F3554.948
G1 X428.038 Y374.543 F3554.948
G1 X427.909 Y373.809 F3554.948
G1 X427.781 Y373.075 F3554.948
G1 X427.759 Y372.494 F3554.948
G1 X427.737 Y371.912 F3554.948
G1 X427.715 Y371.331 F3554.948
G1 X427.742 Y370.619 F3554.948
G1 X427.770 Y369.907 F3554.948
G1 X427.797 Y369.196 F3554.948
G1 X427.845 Y368.552 F3554.948
G1 X427.893 Y367.908 F3554.948
G1 X427.942 Y367.264 F3554.948
G1 X427.990 Y366.620 F3554.948
G1 X428.057 Y365.867 F3554.948
G1 X428.125 Y365.114 F3554.948
G1 X428.192 Y364.362 F3554.948
G1 X428.260 Y363.609 F3554.948
G1 X428.325 Y362.935 F3554.948
G1 X428.391 Y362.261 F3554.948
G1 X428.457 Y361.587 F3554.948
G1 X428.522 Y360.913 F3554.948
G1 X428.588 Y360.239 F3554.948
G1 X428.663 Y359.528 F3554.948
G1 X428.737 Y358.816 F3554.948
G1 X428.812 Y358.104 F3554.948
G1 X428.886 Y357.392 F3554.948
G1 X428.961 Y356.681 F3554.948
G1 X429.039 Y355.981 F3554.948
G1 X429.117 Y355.281 F3554.948
G1 X429.194 Y354.582 F3554.948
G1 X429.272 Y353.882 F3554.948
G1 X429.350 Y353.183 F3554.948
G1 X429.424 Y352.528 F3554.948
G1 X429.497 Y351.873 F3554.948
G1 X429.571 Y351.218 F3554.948
G1 X429.644 Y350.563 F3554.948
G1 X429.718 Y349.908 F3554.948
G1 X429.796 Y349.140 F3554.948
G1 X429.874 Y348.372 F3554.948
G1 X429.952 Y347.605 F3554.948
G1 X430.030 Y346.837 F3554.948
G1 X430.085 Y346.124 F3554.948
G1 X430.140 Y345.411 F3554.948
G1 X430.195 Y344.699 F3554.948
G1 X430.250 Y343.986 F3554.948
G1 X430.267 Y343.340 F3554.948
G1 X430.284 Y342.695 F3554.948
G1 X430.301 Y342.049 F3554.948
G1 X430.318 Y341.404 F3554.948
G1 X430.270 Y340.647 F3554.948
G1 X430.221 Y339.889 F3554.948
G1 X430.173 Y339.132 F3554.948
G1 X430.034 Y338.462 F3554.948
G1 X429.896 Y337.791 F3554.948
G1 X429.757 Y337.120 F3554.948
G1 X429.510 Y336.516 F3554.948
G1 X429.262 Y335.911 F3554.948
G1 X429.014 Y335.306 F3554.948
G1 X428.658 Y334.768 F3554.948
G1 X428.301 Y334.229 F3554.948
G1 X427.945 Y333.691 F3554.948
G1 X427.483 Y333.223 F3554.948
G1 X427.021 Y332.754 F3554.948
G1 X426.559 Y332.286 F3554.948
G1 X425.998 Y331.888 F3554.948
G1 X425.437 Y331.489 F3554.948
G1 X424.876 Y331.091 F3554.948
G1 X424.227 Y330.756 F3554.948
G1 X423.578 Y330.421 F3554.948
G1 X422.929 Y330.086 F3554.948
G1 X422.205 Y329.805 F3554.948
G1 X421.482 Y329.523 F3554.948
G1 X420.759 Y329.241 F3554.948
G1 X420.183 Y329.060 F3554.948
G1 X419.608 Y328.879 F3554.948
G1 X419.033 Y328.698 F3554.948
G1 X418.457 Y328.516 F3554.948
G1 X417.684 Y328.317 F3554.948
G1 X416.910 Y328.118 F3554.948
G1 X416.137 Y327.919 F3554.948
G1 X415.382 Y327.770 F3554.948
G1 X414.627 Y327.621 F3554.948
G1 X413.872 Y327.472 F3554.948
G1 X413.136 Y327.371 F3554.948
G1 X412.401 Y327.270 F3554.948
G1 X411.665 Y327.170 F3554.948
G1 X410.922 Y327.092 F3554.948
G1 X410.178 Y327.015 F3554.948
G1 X409.435 Y326.937 F3554.948
G1 X408.664 Y326.848 F3554.948
G1 X407.893 Y326.760 F3554.948
G1 X407.122 Y326.671 F3554.948
G1 X406.516 Y326.565 F3554.948
G1 X405.909 Y326.458 F3554.948
G1 X405.303 Y326.352 F3554.948
G1 X404.696 Y326.246 F3554.948
G1 X404.062 Y326.086 F3554.948
G1 X403.427 Y325.926 F3554.948
G1 X402.793 Y325.766 F3554.948
G1 X402.159 Y325.606 F3554.948
G1 X401.498 Y325.384 F3554.948
G1 X400.837 Y325.163 F3554.948
G1 X400.176 Y324.942 F3554.948
G1 X399.516 Y324.720 F3554.948
G1 X398.818 Y324.440 F3554.948
G1 X398.121 Y324.160 F3554.948
G1 X397.424 Y323.880 F3554.948
G1 X396.727 Y323.600 F3554.948
G1 X396.143 Y323.326 F3554.948
G1 X395.558 Y323.053 F3554.948
G1 X394.974 Y322.780 F3554.948
G1 X394.390 Y322.506 F3554.948
G1 X393.806 Y322.233 F3554.948
G1 X393.211 Y321.907 F3554.948
G1 X392.615 Y321.581 F3554.948
G1 X392.020 Y321.255 F3554.948
G1 X391.425 Y320.929 F3554.948
G1 X390.829 Y320.603 F3554.948
G1 X390.254 Y320.235 F3554.948
G1 X389.678 Y319.867 F3554.948
G1 X389.102 Y319.499 F3554.948
G1 X388.526 Y319.132 F3554.948
G1 X387.951 Y318.764 F3554.948
G1 X387.425 Y318.369 F3554.948
G1 X386.899 Y317.974 F3554.948
G1 X386.373 Y317.579 F3554.948
G1 X385.847 Y317.184 F3554.948
G1 X385.321 Y316.789 F3554.948
G1 X384.715 Y316.271 F3554.948
G1 X384.110 Y315.753 F3554.948
G1 X383.505 Y315.235 F3554.948
G1 X382.900 Y314.717 F3554.948
G1 X382.322 Y314.172 F3554.948
G1 X381.743 Y313.628 F3554.948
G1 X381.165 Y313.084 F3554.948
G1 X380.587 Y312.540 F3554.948
G1 X380.123 Y312.075 F3554.948
G1 X379.659 Y311.610 F3554.948
G1 X379.195 Y311.145 F3554.948
G1 X378.731 Y310.680 F3554.948
G1 X378.267 Y310.214 F3554.948
G1 X377.808 Y309.718 F3554.948
G1 X377.348 Y309.222 F3554.948
G1 X376.889 Y308.726 F3554.948
G1 X376.430 Y308.229 F3554.948
G1 X375.970 Y307.733 F3554.948
G1 X375.535 Y307.231 F3554.948
G1 X375.100 Y306.729 F3554.948
G1 X374.665 Y306.227 F3554.948
G1 X374.230 Y305.725 F3554.948
G1 X373.795 Y305.224 F3554.948
G1 X373.285 Y304.616 F3554.948
G1 X372.775 Y304.009 F3554.948
G1 X372.265 Y303.401 F3554.948
G1 X371.755 Y302.794 F3554.948
G1 X371.282 Y302.211 F3554.948
G1 X370.808 Y301.629 F3554.948
G1 X370.335 Y301.046 F3554.948
G1 X369.861 Y300.464 F3554.948
G1 X369.425 Y299.903 F3554.948
G1 X368.989 Y299.341 F3554.948
G1 X368.553 Y298.780 F3554.948
G1 X368.117 Y298.219 F3554.948
G1 X367.721 Y297.672 F3554.948
G1 X367.324 Y297.125 F3554.948
G1 X366.927 Y296.578 F3554.948
G1 X366.530 Y296.031 F3554.948
G1 X366.172 Y295.490 F3554.948
G1 X365.814 Y294.948 F3554.948
G1 X365.456 Y294.407 F3554.948
G1 X365.099 Y293.865 F3554.948
G1 X364.773 Y293.320 F3554.948
G1 X364.448 Y292.775 F3554.948
G1 X364.122 Y292.230 F3554.948
G1 X363.797 Y291.685 F3554.948
G1 X363.492 Y291.126 F3554.948
G1 X363.187 Y290.567 F3554.948
G1 X362.882 Y290.008 F3554.948
G1 X362.577 Y289.449 F3554.948
G1 X362.283 Y288.866 F3554.948
G1 X361.988 Y288.284 F3554.948
G1 X361.694 Y287.701 F3554.948
G1 X361.400 Y287.118 F3554.948
G1 X361.107 Y286.502 F3554.948
G1 X360.814 Y285.886 F3554.948
G1 X360.521 Y285.270 F3554.948
G1 X360.228 Y284.653 F3554.948
G1 X359.927 Y283.993 F3554.948
G1 X359.627 Y283.333 F3554.948
G1 X359.327 Y282.672 F3554.948
G1 X359.026 Y282.012 F3554.948
G1 X358.713 Y281.300 F3554.948
G1 X358.401 Y280.589 F3554.948
G1 X358.088 Y279.877 F3554.948
G1 X357.775 Y279.166 F3554.948
G1 X357.514 Y278.559 F3554.948
G1 X357.253 Y277.951 F3554.948
G1 X356.992 Y277.344 F3554.948
G1 X356.731 Y276.737 F3554.948
G1 X356.470 Y276.129 F3554.948
G1 X356.204 Y275.494 F3554.948
G1 X355.938 Y274.859 F3554.948
G1 X355.672 Y274.224 F3554.948
G1 X355.406 Y273.589 F3554.948
G1 X355.140 Y272.954 F3554.948
G1 X354.875 Y272.302 F3554.948
G1 X354.609 Y271.651 F3554.948
G1 X354.344 Y271.000 F3554.948
G1 X354.079 Y270.349 F3554.948
G1 X353.814 Y269.697 F3554.948
G1 X353.552 Y269.038 F3554.948
G1 X353.289 Y268.380 F3554.948
G1 X353.027 Y267.721 F3554.948
G1 X352.764 Y267.062 F3554.948
G1 X352.502 Y266.403 F3554.948
G1 X352.245 Y265.741 F3554.948
G1 X351.988 Y265.079 F3554.948
G1 X351.732 Y264.417 F3554.948
G1 X351.475 Y263.755 F3554.948
G1 X351.219 Y263.093 F3554.948
G1 X350.969 Y262.427 F3554.948
G1 X350.720 Y261.762 F3554.948
G1 X350.471 Y261.096 F3554.948
G1 X350.222 Y260.431 F3554.948
G1 X349.972 Y259.765 F3554.948
G1 X349.727 Y259.097 F3554.948
G1 X349.482 Y258.430 F3554.948
G1 X349.237 Y257.762 F3554.948
G1 X348.992 Y257.094 F3554.948
G1 X348.747 Y256.426 F3554.948
G1 X348.499 Y255.754 F3554.948
G1 X348.250 Y255.081 F3554.948
G1 X348.001 Y254.409 F3554.948
G1 X347.752 Y253.736 F3554.948
G1 X347.504 Y253.063 F3554.948
G1 X347.247 Y252.390 F3554.948
G1 X346.990 Y251.717 F3554.948
G1 X346.734 Y251.044 F3554.948
G1 X346.477 Y250.371 F3554.948
G1 X346.221 Y249.698 F3554.948
G1 X345.955 Y249.032 F3554.948
G1 X345.689 Y248.366 F3554.948
G1 X345.424 Y247.701 F3554.948
G1 X345.158 Y247.035 F3554.948
G1 X344.892 Y246.369 F3554.948
G1 X344.617 Y245.715 F3554.948
G1 X344.341 Y245.061 F3554.948
G1 X344.065 Y244.407 F3554.948
G1 X343.790 Y243.753 F3554.948
G1 X343.514 Y243.099 F3554.948
G1 X343.239 Y242.463 F3554.948
G1 X342.965 Y241.826 F3554.948
G1 X342.690 Y241.189 F3554.948
G1 X342.415 Y240.553 F3554.948
G1 X342.141 Y239.916 F3554.948
G1 X341.881 Y239.302 F3554.948
G1 X341.622 Y238.688 F3554.948
G1 X341.363 Y238.073 F3554.948
G1 X341.103 Y237.459 F3554.948
G1 X340.844 Y236.844 F3554.948
G1 X340.555 Y236.117 F3554.948
G1 X340.266 Y235.391 F3554.948
G1 X339.977 Y234.664 F3554.948
G1 X339.688 Y233.937 F3554.948
G1 X339.437 Y233.241 F3554.948
G1 X339.187 Y232.545 F3554.948
G1 X338.936 Y231.849 F3554.948
G1 X338.685 Y231.153 F3554.948
G1 X338.470 Y230.479 F3554.948
G1 X338.255 Y229.805 F3554.948
G1 X338.040 Y229.131 F3554.948
G1 X337.825 Y228.457 F3554.948
G1 X337.641 Y227.797 F3554.948
G1 X337.458 Y227.137 F3554.948
G1 X337.274 Y226.477 F3554.948
G1 X337.090 Y225.817 F3554.948
G1 X336.934 Y225.182 F3554.948
G1 X336.779 Y224.547 F3554.948
G1 X336.623 Y223.912 F3554.948
G1 X336.468 Y223.277 F3554.948
G1 X336.340 Y222.670 F3554.948
G1 X336.211 Y222.063 F3554.948
G1 X336.083 Y221.457 F3554.948
G1 X335.955 Y220.850 F3554.948
G1 X335.815 Y220.070 F3554.948
G1 X335.676 Y219.289 F3554.948
G1 X335.537 Y218.509 F3554.948
G1 X335.416 Y217.725 F3554.948
G1 X335.295 Y216.941 F3554.948
G1 X335.174 Y216.157 F3554.948
G1 X335.091 Y215.541 F3554.948
G1 X335.009 Y214.925 F3554.948
G1 X334.926 Y214.309 F3554.948
G1 X334.843 Y213.693 F3554.948
G1 X334.760 Y213.031 F3554.948
G1 X334.677 Y212.368 F3554.948
G1 X334.593 Y211.705 F3554.948
G1 X334.510 Y211.042 F3554.948
G1 X334.426 Y210.330 F3554.948
G1 X334.342 Y209.617 F3554.948
G1 X334.258 Y208.905 F3554.948
G1 X334.174 Y208.193 F3554.948
G1 X334.091 Y207.435 F3554.948
G1 X334.007 Y206.678 F3554.948
G1 X333.924 Y205.921 F3554.948
G1 X333.841 Y205.163 F3554.948
G1 X333.761 Y204.369 F3554.948
G1 X333.682 Y203.574 F3554.948
G1 X333.603 Y202.780 F3554.948
G1 X333.523 Y201.986 F3554.948
G1 X333.462 Y201.329 F3554.948
G1 X333.401 Y200.672 F3554.948
G1 X333.341 Y200.015 F3554.948
G1 X333.280 Y199.359 F3554.948
G1 X333.219 Y198.702 F3554.948
G1 X333.160 Y198.037 F3554.948
G1 X333.100 Y197.372 F3554.948
G1 X333.041 Y196.707 F3554.948
G1 X332.982 Y196.041 F3554.948
G1 X332.923 Y195.376 F3554.948
G1 X332.860 Y194.712 F3554.948
G1 X332.798 Y194.047 F3554.948
G1 X332.735 Y193.382 F3554.948
G1 X332.673 Y192.718 F3554.948
G1 X332.610 Y192.053 F3554.948
G1 X332.544 Y191.398 F3554.948
G1 X332.477 Y190.743 F3554.948
G1 X332.410 Y190.088 F3554.948
G1 X332.344 Y189.433 F3554.948
G1 X332.277 Y188.778 F3554.948
G1 X332.206 Y188.139 F3554.948
G1 X332.135 Y187.500 F3554.948
G1 X332.064 Y186.861 F3554.948
G1 X331.993 Y186.223 F3554.948
G1 X331.922 Y185.584 F3554.948
G1 X331.831 Y184.811 F3554.948
G1 X331.740 Y184.039 F3554.948
G1 X331.649 Y183.266 F3554.948
G1 X331.557 Y182.494 F3554.948
G1 X331.467 Y181.748 F3554.948
G1 X331.376 Y181.003 F3554.948
G1 X331.285 Y180.257 F3554.948
G1 X331.195 Y179.512 F3554.948
G1 X331.105 Y178.792 F3554.948
G1 X331.015 Y178.073 F3554.948
G1 X330.925 Y177.353 F3554.948
G1 X330.835 Y176.633 F3554.948
G1 X330.756 Y175.960 F3554.948
G1 X330.676 Y175.288 F3554.948
G1 X330.597 Y174.615 F3554.948
G1 X330.518 Y173.942 F3554.948
G1 X330.449 Y173.313 F3554.948
G1 X330.380 Y172.684 F3554.948
G1 X330.311 Y172.055 F3554.948
G1 X330.242 Y171.426 F3554.948
G1 X330.164 Y170.642 F3554.948
G1 X330.085 Y169.858 F3554.948
G1 X330.007 Y169.074 F3554.948
G1 X329.942 Y168.344 F3554.948
G1 X329.876 Y167.614 F3554.948
G1 X329.811 Y166.883 F3554.948
G1 X329.742 Y166.173 F3554.948
G1 X329.673 Y165.463 F3554.948
G1 X329.605 Y164.753 F3554.948
G1 X329.533 Y164.065 F3554.948
G1 X329.462 Y163.378 F3554.948
G1 X329.390 Y162.690 F3554.948
G1 X329.315 Y162.018 F3554.948
G1 X329.239 Y161.347 F3554.948
G1 X329.163 Y160.676 F3554.948
G1 X329.085 Y160.023 F3554.948
G1 X329.008 Y159.369 F3554.948
G1 X328.930 Y158.716 F3554.948
G1 X328.850 Y158.076 F3554.948
G1 X328.769 Y157.437 F3554.948
G1 X328.689 Y156.797 F3554.948
G1 X328.609 Y156.175 F3554.948
G1 X328.529 Y155.552 F3554.948
G1 X328.448 Y154.929 F3554.948
G1 X328.371 Y154.322 F3554.948
G1 X328.293 Y153.714 F3554.948
G1 X328.216 Y153.106 F3554.948
G1 X328.158 Y152.526 F3554.948
G1 X328.101 Y151.946 F3554.948
G1 X328.044 Y151.365 F3554.948
G1 X328.005 Y150.819 F3554.948
G1 X327.966 Y150.272 F3554.948
G1 X327.927 Y149.725 F3554.948
M400 ; Wait for drawing to complete
G1 U0.800 F200.0 ; Flow ramp-down (viewer mode)
M5 ; Viewer hint: stop cutting
; STOP BRUSH A
G1 U0.000 F200.0 ; Close Brush A flow
M106 P2 S0 ; Brush A air off
; === PATH END ===

; Width clamped from 31.00mm to 25.00mm within [2.00,25.00] mm
; ===== STROKE PARAMETERS =====
; Color: black
; Width: 25.00mm
; Opacity: 0.25
; Brush: A
; Z-height: 83.00mm
; Paint flow: 0.56 -> U2.586mm
; Feedrate: 3554.9mm/min
; Modes: viewer_compat=true, viewer_emit_m3m5=true
; START BRUSH A
T0 ; Select Tool 0 (Brush A)
G0 X488.842 Y89.662 F12000.000
M400 ; Wait for XY movement to complete
G1 F3554.948
M106 P2 S1 ; Air on before paint
G1 U2.586 F200.0 ; Set paint flow to target (viewer mode)
G1 F3554.948
G4 P50 ; Short paint lead time
M3 S1 ; Viewer hint: start cutting
G1 X488.984 Y89.747 F3554.948
G1 X489.204 Y89.868 F3554.948
G1 X489.495 Y90.030 F3554.948
G1 X489.847 Y90.228 F3554.948
G1 X490.254 Y90.461 F3554.948
G1 X490.715 Y90.734 F3554.948
G1 X491.220 Y91.048 F3554.948
G1 X491.768 Y91.416 F3554.948
G1 X492.358 Y91.842 F3554.948
G1 X492.969 Y92.340 F3554.948
G1 X493.252 Y92.628 F3554.948
G1 X493.535 Y92.916 F3554.948
G1 X493.764 Y93.254 F3554.948
G1 X493.993 Y93.591 F3554.948
G1 X494.148 Y93.981 F3554.948
G1 X494.303 Y94.372 F3554.948
G1 X494.374 Y94.824 F3554.948
G1 X494.445 Y95.276 F3554.948
G1 X494.435 Y95.800 F3554.948
G1 X494.424 Y96.324 F3554.948
G1 X494.344 Y96.933 F3554.948
G1 X494.263 Y97.541 F3554.948
G1 X494.131 Y98.241 F3554.948
G1 X493.998 Y98.941 F3554.948
G1 X493.896 Y99.474 F3554.948
G1 X493.794 Y100.006 F3554.948
G1 X493.691 Y100.539 F3554.948
G1 X493.598 Y101.145 F3554.948
G1 X493.504 Y101.751 F3554.948
G1 X493.411 Y102.357 F3554.948
G1 X493.345 Y103.032 F3554.948
G1 X493.279 Y103.708 F3554.948
G1 X493.212 Y104.383 F3554.948
G1 X493.192 Y105.130 F3554.948
G1 X493.172 Y105.877 F3554.948
G1 X493.152 Y106.624 F3554.948
G1 X493.178 Y107.233 F3554.948
G1 X493.204 Y107.842 F3554.948
G1 X493.231 Y108.450 F3554.948
G1 X493.257 Y109.059 F3554.948
G1 X493.330 Y109.709 F3554.948
G1 X493.402 Y110.359 F3554.948
G1 X493.474 Y111.009 F3554.948
G1 X493.546 Y111.659 F3554.948
G1 X493.658 Y112.339 F3554.948
G1 X493.771 Y113.018 F3554.948
G1 X493.883 Y113.697 F3554.948
G1 X493.996 Y114.377 F3554.948
G1 X494.138 Y115.069 F3554.948
G1 X494.280 Y115.761 F3554.948
G1 X494.422 Y116.452 F3554.948
G1 X494.564 Y117.144 F3554.948
G1 X494.719 Y117.828 F3554.948
G1 X494.874 Y118.512 F3554.948
G1 X495.029 Y119.196 F3554.948
G1 X495.184 Y119.880 F3554.948
G1 X495.332 Y120.542 F3554.948
G1 X495.480 Y121.204 F3554.948
G1 X495.628 Y121.866 F3554.948
G1 X495.776 Y122.529 F3554.948
G1 X495.898 Y123.141 F3554.948
G1 X496.020 Y123.754 F3554.948
G1 X496.141 Y124.366 F3554.948
G1 X496.263 Y124.979 F3554.948
G1 X496.369 Y125.709 F3554.948
G1 X496.475 Y126.439 F3554.948
G1 X496.581 Y127.169 F3554.948
G1 X496.615 Y127.797 F3554.948
G1 X496.649 Y128.425 F3554.948
G1 X496.684 Y129.053 F3554.948
G1 X496.627 Y129.834 F3554.948
G1 X496.570 Y130.614 F3554.948
G1 X496.421 Y131.233 F3554.948
G1 X496.271 Y131.852 F3554.948
G1 X496.059 Y132.314 F3554.948
G1 X495.848 Y132.776 F3554.948
G1 X495.603 Y133.097 F3554.948
G1 X495.358 Y133.419 F3554.948
G1 X494.853 Y133.808 F3554.948
G1 X494.369 Y133.972 F3554.948
G1 X493.948 Y133.937 F3554.948
G1 X493.620 Y133.712 F3554.948
M400 ; Wait for drawing to complete
G1 U0.800 F200.0 ; Flow ramp-down (viewer mode)
M5 ; Viewer hint: stop cutting
; STOP BRUSH A
G1 U0.000 F200.0 ; Close Brush A flow
M106 P2 S0 ; Brush A air off
; === PATH END ===

; Width clamped from 31.00mm to 25.00mm within [2.00,25.00] mm
; ===== STROKE PARAMETERS =====
; Color: black
; Width: 25.00mm
; Opacity: 0.25
; Brush: A
; Z-height: 83.00mm
; Paint flow: 0.56 -> U2.586mm
; Feedrate: 3554.9mm/min
; Modes: viewer_compat=true, viewer_emit_m3m5=true
; START BRUSH A
T0 ; Select Tool 0 (Brush A)
G0 X193.794 Y422.619 F12000.000
M400 ; Wait for XY movement to complete
G1 F3554.948
M106 P2 S1 ; Air on before paint
G1 U2.586 F200.0 ; Set paint flow to target (viewer mode)
G1 F3554.948
G4 P50 ; Short paint lead time
M3 S1 ; Viewer hint: start cutting
G1 X193.843 Y423.001 F3554.948
G1 X193.918 Y423.526 F3554.948
G1 X194.018 Y424.153 F3554.948
G1 X194.145 Y424.836 F3554.948
G1 X194.299 Y425.528 F3554.948
G1 X194.494 Y426.188 F3554.948
G1 X194.716 Y426.781 F3554.948
G1 X194.962 Y427.278 F3554.948
G1 X195.227 Y427.659 F3554.948
G1 X195.509 Y427.911 F3554.948
G1 X195.809 Y428.028 F3554.948
G1 X196.126 Y428.009 F3554.948
G1 X196.466 Y427.857 F3554.948
G1 X196.838 Y427.578 F3554.948
G1 X197.252 Y427.184 F3554.948
G1 X197.724 Y426.685 F3554.948
G1 X197.999 Y426.389 F3554.948
G1 X198.275 Y426.093 F3554.948
G1 X198.598 Y425.759 F3554.948
G1 X198.920 Y425.424 F3554.948
G1 X199.296 Y425.063 F3554.948
G1 X199.673 Y424.701 F3554.948
G1 X200.110 Y424.326 F3554.948
G1 X200.548 Y423.951 F3554.948
G1 X201.058 Y423.578 F3554.948
G1 X201.568 Y423.204 F3554.948
G1 X202.164 Y422.848 F3554.948
G1 X202.761 Y422.493 F3554.948
G1 X203.445 Y422.174 F3554.948
G1 X204.129 Y421.855 F3554.948
G1 X204.642 Y421.674 F3554.948
G1 X205.155 Y421.494 F3554.948
G1 X205.669 Y421.313 F3554.948
G1 X206.239 Y421.173 F3554.948
G1 X206.810 Y421.032 F3554.948
G1 X207.381 Y420.892 F3554.948
G1 X208.000 Y420.800 F3554.948
G1 X208.620 Y420.707 F3554.948
G1 X209.239 Y420.615 F3554.948
G1 X209.902 Y420.579 F3554.948
G1 X210.564 Y420.543 F3554.948
G1 X211.227 Y420.507 F3554.948
G1 X211.922 Y420.531 F3554.948
G1 X212.617 Y420.554 F3554.948
G1 X213.311 Y420.577 F3554.948
G1 X214.029 Y420.659 F3554.948
G1 X214.747 Y420.741 F3554.948
G1 X215.465 Y420.823 F3554.948
G1 X216.200 Y420.951 F3554.948
G1 X216.934 Y421.079 F3554.948
G1 X217.668 Y421.207 F3554.948
G1 X218.412 Y421.363 F3554.948
G1 X219.156 Y421.519 F3554.948
G1 X219.900 Y421.674 F3554.948
G1 X220.646 Y421.832 F3554.948
G1 X221.393 Y421.989 F3554.948
G1 X222.139 Y422.146 F3554.948
G1 X222.881 Y422.282 F3554.948
G1 X223.622 Y422.417 F3554.948
G1 X224.364 Y422.553 F3554.948
G1 X225.093 Y422.650 F3554.948
G1 X225.823 Y422.748 F3554.948
G1 X226.553 Y422.846 F3554.948
G1 X227.267 Y422.908 F3554.948
G1 X227.982 Y422.970 F3554.948
G1 X228.697 Y423.032 F3554.948
G1 X229.396 Y423.061 F3554.948
G1 X230.095 Y423.090 F3554.948
G1 X230.794 Y423.120 F3554.948
G1 X231.480 Y423.125 F3554.948
G1 X232.167 Y423.130 F3554.948
G1 X232.853 Y423.135 F3554.948
G1 X233.535 Y423.123 F3554.948
G1 X234.217 Y423.111 F3554.948
G1 X234.899 Y423.099 F3554.948
G1 X235.600 Y423.073 F3554.948
G1 X236.301 Y423.047 F3554.948
G1 X237.001 Y423.021 F3554.948
G1 X237.746 Y422.984 F3554.948
G1 X238.492 Y422.947 F3554.948
G1 X239.237 Y422.910 F3554.948
G1 X239.849 Y422.873 F3554.948
G1 X240.462 Y422.837 F3554.948
G1 X241.074 Y422.800 F3554.948
G1 X241.687 Y422.764 F3554.948
G1 X242.357 Y422.716 F3554.948
G1 X243.027 Y422.669 F3554.948
G1 X243.697 Y422.621 F3554.948
G1 X244.367 Y422.573 F3554.948
G1 X245.084 Y422.510 F3554.948
G1 X245.800 Y422.447 F3554.948
G1 X246.517 Y422.384 F3554.948
G1 X247.234 Y422.321 F3554.948
G1 X247.953 Y422.235 F3554.948
G1 X248.673 Y422.149 F3554.948
G1 X249.392 Y422.064 F3554.948
G1 X250.111 Y421.978 F3554.948
G1 X250.795 Y421.868 F3554.948
G1 X251.478 Y421.757 F3554.948
G1 X252.161 Y421.646 F3554.948
G1 X252.844 Y421.535 F3554.948
G1 X253.468 Y421.400 F3554.948
G1 X254.092 Y421.265 F3554.948
G1 X254.716 Y421.130 F3554.948
G1 X255.340 Y420.995 F3554.948
G1 X256.092 Y420.786 F3554.948
G1 X256.844 Y420.577 F3554.948
G1 X257.596 Y420.368 F3554.948
G1 X258.287 Y420.132 F3554.948
G1 X258.978 Y419.895 F3554.948
G1 X259.669 Y419.659 F3554.948
G1 X260.320 Y419.391 F3554.948
G1 X260.972 Y419.124 F3554.948
G1 X261.623 Y418.857 F3554.948
G1 X262.258 Y418.552 F3554.948
G1 X262.893 Y418.248 F3554.948
G1 X263.527 Y417.944 F3554.948
M400 ; Wait for drawing to complete
G1 U0.800 F200.0 ; Flow ramp-down (viewer mode)
M5 ; Viewer hint: stop cutting
; STOP BRUSH A
G1 U0.000 F200.0 ; Close Brush A flow
M106 P2 S0 ; Brush A air off
; === PATH END ===

; Width clamped from 31.00mm to 25.00mm within [2.00,25.00] mm
; ===== STROKE PARAMETERS =====
; Color: black
; Width: 25.00mm
; Opacity: 0.25
; Brush: A
; Z-height: 83.00mm
; Paint flow: 0.56 -> U2.586mm
; Feedrate: 3554.9mm/min
; Modes: viewer_compat=true, viewer_emit_m3m5=true
; START BRUSH A
T0 ; Select Tool 0 (Brush A)
G0 X140.971 Y393.769 F12000.000
M400 ; Wait for XY movement to complete
G1 F3554.948
M106 P2 S1 ; Air on before paint
G1 U2.586 F200.0 ; Set paint flow to target (viewer mode)
G1 F3554.948
G4 P50 ; Short paint lead time
M3 S1 ; Viewer hint: start cutting
G1 X141.007 Y393.634 F3554.948
G1 X141.071 Y393.433 F3554.948
G1 X141.162 Y393.170 F3554.948
G1 X141.282 Y392.848 F3554.948
G1 X141.430 Y392.468 F3554.948
G1 X141.606 Y392.031 F3554.948
G1 X141.811 Y391.535 F3554.948
G1 X142.050 Y390.980 F3554.948
G1 X142.325 Y390.362 F3554.948
G1 X142.641 Y389.679 F3554.948
G1 X142.822 Y389.302 F3554.948
G1 X143.003 Y388.924 F3554.948
G1 X143.212 Y388.507 F3554.948
G1 X143.420 Y388.089 F3554.948
G1 X143.662 Y387.625 F3554.948
G1 X143.903 Y387.160 F3554.948
G1 X144.180 Y386.645 F3554.948
G1 X144.457 Y386.131 F3554.948
G1 X144.772 Y385.566 F3554.948
G1 X145.086 Y385.002 F3554.948
G1 X145.440 Y384.386 F3554.948
G1 X145.794 Y383.771 F3554.948
G1 X146.190 Y383.101 F3554.948
G1 X146.585 Y382.432 F3554.948
G1 X146.876 Y381.957 F3554.948
G1 X147.167 Y381.483 F3554.948
G1 X147.458 Y381.009 F3554.948
G1 X147.774 Y380.516 F3554.948
G1 X148.090 Y380.022 F3554.948
G1 X148.407 Y379.529 F3554.948
G1 X148.741 Y379.027 F3554.948
G1 X149.076 Y378.525 F3554.948
G1 X149.411 Y378.023 F3554.948
G1 X149.758 Y377.529 F3554.948
G1 X150.105 Y377.035 F3554.948
G1 X150.453 Y376.542 F3554.948
G1 X150.807 Y376.071 F3554.948
G1 X151.161 Y375.600 F3554.948
G1 X151.515 Y375.128 F3554.948
G1 X151.869 Y374.692 F3554.948
G1 X152.223 Y374.255 F3554.948
G1 X152.578 Y373.818 F3554.948
G1 X153.098 Y373.227 F3554.948
G1 X153.618 Y372.635 F3554.948
G1 X154.119 Y372.113 F3554.948
G1 X154.620 Y371.591 F3554.948
G1 X155.100 Y371.136 F3554.948
G1 X155.579 Y370.681 F3554.948
G1 X156.035 Y370.285 F3554.948
G1 X156.492 Y369.889 F3554.948
G1 X156.921 Y369.542 F3554.948
G1 X157.351 Y369.195 F3554.948
G1 X157.751 Y368.887 F3554.948
G1 X158.150 Y368.580 F3554.948
G1 X158.510 Y368.302 F3554.948
G1 X158.870 Y368.024 F3554.948
G1 X159.195 Y367.742 F3554.948
G1 X159.520 Y367.461 F3554.948
G1 X159.821 Y367.170 F3554.948
G1 X160.123 Y366.879 F3554.948
G1 X160.403 Y366.560 F3554.948
G1 X160.684 Y366.241 F3554.948
G1 X160.946 Y365.874 F3554.948
G1 X161.208 Y365.508 F3554.948
G1 X161.453 Y365.069 F3554.948
G1 X161.698 Y364.629 F3554.948
M400 ; Wait for drawing to complete
G1 U0.800 F200.0 ; Flow ramp-down (viewer mode)
M5 ; Viewer hint: stop cutting
; STOP BRUSH A
G1 U0.000 F200.0 ; Close Brush A flow
M106 P2 S0 ; Brush A air off
; === PATH END ===

; Width clamped from 31.00mm to 25.00mm within [2.00,25.00] mm
; ===== STROKE PARAMETERS =====
; Color: black
; Width: 25.00mm
; Opacity: 0.25
; Brush: A
; Z-height: 83.00mm
; Paint flow: 0.56 -> U2.586mm
; Feedrate: 3554.9mm/min
; Modes: viewer_compat=true, viewer_emit_m3m5=true
; START BRUSH A
T0 ; Select Tool 0 (Brush A)
G0 X286.689 Y35.618 F12000.000
M400 ; Wait for XY movement to complete
G1 F3554.948
M106 P2 S1 ; Air on before paint
G1 U2.586 F200.0 ; Set paint flow to target (viewer mode)
G1 F3554.948
G4 P50 ; Short paint lead time
M3 S1 ; Viewer hint: start cutting
G1 X286.552 Y35.182 F3554.948
G1 X286.361 Y34.563 F3554.948
G1 X286.110 Y33.827 F3554.948
G1 X285.798 Y33.094 F3554.948
G1 X285.417 Y32.464 F3554.948
G1 X284.962 Y32.023 F3554.948
G1 X284.427 Y31.819 F3554.948
G1 X283.811 Y31.869 F3554.948
G1 X283.102 Y32.144 F3554.948
G1 X282.694 Y32.370 F3554.948
G1 X282.287 Y32.597 F3554.948
G1 X281.825 Y32.878 F3554.948
G1 X281.363 Y33.160 F3554.948
G1 X280.838 Y33.458 F3554.948
G1 X280.313 Y33.756 F3554.948
G1 X279.715 Y34.031 F3554.948
G1 X279.117 Y34.306 F3554.948
G1 X278.433 Y34.524 F3554.948
G1 X277.749 Y34.742 F3554.948
G1 X276.971 Y34.880 F3554.948
G1 X276.193 Y35.018 F3554.948
G1 X275.609 Y35.051 F3554.948
G1 X275.024 Y35.085 F3554.948
G1 X274.439 Y35.118 F3554.948
G1 X273.784 Y35.096 F3554.948
G1 X273.128 Y35.074 F3554.948
G1 X272.473 Y35.052 F3554.948
G1 X271.749 Y34.981 F3554.948
G1 X271.025 Y34.911 F3554.948
G1 X270.301 Y34.840 F3554.948
G1 X269.512 Y34.731 F3554.948
G1 X268.722 Y34.622 F3554.948
G1 X267.933 Y34.512 F3554.948
G1 X267.301 Y34.418 F3554.948
G1 X266.670 Y34.323 F3554.948
G1 X266.038 Y34.228 F3554.948
G1 X265.406 Y34.134 F3554.948
G1 X264.748 Y34.047 F3554.948
G1 X264.089 Y33.959 F3554.948
G1 X263.431 Y33.872 F3554.948
G1 X262.773 Y33.785 F3554.948
G1 X262.100 Y33.723 F3554.948
G1 X261.428 Y33.662 F3554.948
G1 X260.756 Y33.600 F3554.948
G1 X260.084 Y33.539 F3554.948
G1 X259.412 Y33.515 F3554.948
G1 X258.741 Y33.491 F3554.948
G1 X258.069 Y33.467 F3554.948
G1 X257.398 Y33.443 F3554.948
G1 X256.738 Y33.462 F3554.948
G1 X256.078 Y33.480 F3554.948
G1 X255.418 Y33.499 F3554.948
G1 X254.759 Y33.517 F3554.948
G1 X254.122 Y33.576 F3554.948
G1 X253.485 Y33.634 F3554.948
G1 X252.848 Y33.692 F3554.948
G1 X252.211 Y33.750 F3554.948
G1 X251.609 Y33.839 F3554.948
G1 X251.006 Y33.928 F3554.948
G1 X250.404 Y34.016 F3554.948
G1 X249.801 Y34.105 F3554.948
G1 X249.064 Y34.237 F3554.948
G1 X248.326 Y34.369 F3554.948
G1 X247.589 Y34.502 F3554.948
G1 X246.935 Y34.623 F3554.948
G1 X246.281 Y34.745 F3554.948
G1 X245.628 Y34.867 F3554.948
G1 X245.073 Y34.950 F3554.948
G1 X244.519 Y35.033 F3554.948
G1 X243.964 Y35.116 F3554.948
G1 X243.297 Y35.160 F3554.948
G1 X242.629 Y35.205 F3554.948
G1 X242.129 Y35.154 F3554.948
G1 X241.629 Y35.102 F3554.948
G1 X240.955 Y34.779 F3554.948
G1 X240.586 Y34.229 F3554.948
G1 X240.490 Y33.507 F3554.948
G1 X240.559 Y33.102 F3554.948
G1 X240.628 Y32.697 F3554.948
G1 X240.795 Y32.292 F3554.948
G1 X240.963 Y31.888 F3554.948
G1 X241.211 Y31.530 F3554.948
G1 X241.460 Y31.173 F3554.948
G1 X241.778 Y30.899 F3554.948
G1 X242.097 Y30.626 F3554.948
G1 X242.483 Y30.472 F3554.948
G1 X242.870 Y30.319 F3554.948
G1 X243.327 Y30.311 F3554.948
G1 X243.783 Y30.303 F3554.948
G1 X244.320 Y30.442 F3554.948
G1 X244.858 Y30.581 F3554.948
G1 X245.487 Y30.856 F3554.948
G1 X246.116 Y31.131 F3554.948
G1 X246.608 Y31.390 F3554.948
G1 X247.099 Y31.649 F3554.948
G1 X247.591 Y31.909 F3554.948
G1 X248.169 Y32.233 F3554.948
G1 X248.746 Y32.558 F3554.948
G1 X249.324 Y32.882 F3554.948
G1 X249.995 Y33.258 F3554.948
G1 X250.666 Y33.634 F3554.948
G1 X251.337 Y34.010 F3554.948
G1 X251.914 Y34.316 F3554.948
G1 X252.491 Y34.622 F3554.948
G1 X253.067 Y34.928 F3554.948
G1 X253.644 Y35.235 F3554.948
G1 X254.288 Y35.552 F3554.948
G1 X254.933 Y35.870 F3554.948
G1 X255.577 Y36.187 F3554.948
G1 X256.221 Y36.505 F3554.948
G1 X256.920 Y36.836 F3554.948
G1 X257.619 Y37.167 F3554.948
G1 X258.318 Y37.499 F3554.948
G1 X259.016 Y37.830 F3554.948
G1 X259.603 Y38.101 F3554.948
G1 X260.190 Y38.372 F3554.948
G1 X260.776 Y38.643 F3554.948
G1 X261.363 Y38.914 F3554.948
G1 X261.949 Y39.185 F3554.948
G1 X262.543 Y39.456 F3554.948
G1 X263.136 Y39.727 F3554.948
G1 X263.730 Y39.998 F3554.948
G1 X264.323 Y40.269 F3554.948
G1 X264.917 Y40.539 F3554.948
G1 X265.642 Y40.870 F3554.948
G1 X266.367 Y41.201 F3554.948
G1 X267.092 Y41.532 F3554.948
G1 X267.817 Y41.862 F3554.948
G1 X268.506 Y42.189 F3554.948
G1 X269.195 Y42.516 F3554.948
G1 X269.884 Y42.843 F3554.948
G1 X270.574 Y43.169 F3554.948
G1 X271.220 Y43.489 F3554.948
G1 X271.867 Y43.808 F3554.948
G1 X272.514 Y44.128 F3554.948
G1 X273.161 Y44.447 F3554.948
G1 X273.774 Y44.762 F3554.948
G1 X274.387 Y45.077 F3554.948
G1 X275.001 Y45.392 F3554.948
G1 X275.614 Y45.707 F3554.948
G1 X276.207 Y46.023 F3554.948
G1 X276.800 Y46.339 F3554.948
G1 X277.394 Y46.655 F3554.948
G1 X277.987 Y46.971 F3554.948
G1 X278.574 Y47.293 F3554.948
G1 X279.161 Y47.614 F3554.948
G1 X279.747 Y47.936 F3554.948
G1 X280.334 Y48.257 F3554.948
G1 X280.929 Y48.587 F3554.948
G1 X281.523 Y48.917 F3554.948
G1 X282.118 Y49.248 F3554.948
G1 X282.713 Y49.578 F3554.948
G1 X283.333 Y49.922 F3554.948
G1 X283.953 Y50.266 F3554.948
G1 X284.574 Y50.609 F3554.948
G1 X285.194 Y50.953 F3554.948
G1 X285.855 Y51.315 F3554.948
G1 X286.515 Y51.676 F3554.948
G1 X287.175 Y52.037 F3554.948
G1 X287.835 Y52.398 F3554.948
G1 X288.537 Y52.778 F3554.948
G1 X289.240 Y53.159 F3554.948
G1 X289.942 Y53.539 F3554.948
G1 X290.645 Y53.919 F3554.948
G1 X291.231 Y54.241 F3554.948
G1 X291.817 Y54.563 F3554.948
G1 X292.404 Y54.885 F3554.948
G1 X292.990 Y55.206 F3554.948
G1 X293.576 Y55.528 F3554.948
G1 X294.172 Y55.861 F3554.948
G1 X294.767 Y56.195 F3554.948
G1 X295.362 Y56.528 F3554.948
G1 X295.958 Y56.862 F3554.948
G1 X296.553 Y57.195 F3554.948
G1 X297.136 Y57.540 F3554.948
G1 X297.719 Y57.885 F3554.948
G1 X298.302 Y58.230 F3554.948
G1 X298.886 Y58.575 F3554.948
G1 X299.469 Y58.920 F3554.948
G1 X300.021 Y59.277 F3554.948
G1 X300.572 Y59.634 F3554.948
G1 X301.124 Y59.992 F3554.948
G1 X301.676 Y60.349 F3554.948
G1 X302.228 Y60.706 F3554.948
G1 X302.860 Y61.171 F3554.948
G1 X303.492 Y61.636 F3554.948
G1 X304.123 Y62.101 F3554.948
G1 X304.755 Y62.566 F3554.948
G1 X305.328 Y63.050 F3554.948
G1 X305.901 Y63.534 F3554.948
G1 X306.473 Y64.019 F3554.948
G1 X307.046 Y64.503 F3554.948
G1 X307.564 Y65.005 F3554.948
G1 X308.082 Y65.507 F3554.948
G1 X308.600 Y66.009 F3554.948
G1 X309.118 Y66.511 F3554.948
G1 X309.597 Y67.034 F3554.948
G1 X310.076 Y67.557 F3554.948
G1 X310.555 Y68.081 F3554.948
G1 X311.034 Y68.604 F3554.948
G1 X311.479 Y69.153 F3554.948
G1 X311.925 Y69.702 F3554.948
G1 X312.371 Y70.251 F3554.948
G1 X312.817 Y70.800 F3554.948
G1 X313.230 Y71.375 F3554.948
G1 X313.644 Y71.949 F3554.948
G1 X314.057 Y72.524 F3554.948
G1 X314.471 Y73.099 F3554.948
G1 X314.852 Y73.698 F3554.948
G1 X315.233 Y74.298 F3554.948
G1 X315.614 Y74.897 F3554.948
G1 X315.995 Y75.496 F3554.948
G1 X316.351 Y76.111 F3554.948
G1 X316.708 Y76.727 F3554.948
G1 X317.064 Y77.342 F3554.948
G1 X317.421 Y77.957 F3554.948
G1 X317.762 Y78.579 F3554.948
G1 X318.103 Y79.200 F3554.948
G1 X318.445 Y79.822 F3554.948
G1 X318.786 Y80.444 F3554.948
G1 X319.124 Y81.060 F3554.948
G1 X319.462 Y81.677 F3554.948
G1 X319.800 Y82.293 F3554.948
G1 X320.138 Y82.910 F3554.948
G1 X320.481 Y83.514 F3554.948
G1 X320.824 Y84.118 F3554.948
G1 X321.168 Y84.722 F3554.948
G1 X321.511 Y85.325 F3554.948
G1 X321.868 Y85.912 F3554.948
G1 X322.224 Y86.499 F3554.948
G1 X322.581 Y87.086 F3554.948
G1 X322.937 Y87.672 F3554.948
G1 X323.308 Y88.238 F3554.948
G1 X323.679 Y88.803 F3554.948
G1 X324.050 Y89.369 F3554.948
G1 X324.422 Y89.935 F3554.948
G1 X324.807 Y90.478 F3554.948
G1 X325.193 Y91.021 F3554.948
G1 X325.578 Y91.564 F3554.948
G1 X325.964 Y92.107 F3554.948
G1 X326.368 Y92.628 F3554.948
G1 X326.771 Y93.149 F3554.948
G1 X327.174 Y93.670 F3554.948
G1 X327.578 Y94.192 F3554.948
G1 X327.995 Y94.691 F3554.948
G1 X328.413 Y95.190 F3554.948
G1 X328.830 Y95.690 F3554.948
G1 X329.248 Y96.189 F3554.948
G1 X329.675 Y96.668 F3554.948
G1 X330.102 Y97.147 F3554.948
G1 X330.529 Y97.626 F3554.948
G1 X330.957 Y98.105 F3554.948
G1 X331.395 Y98.560 F3554.948
G1 X331.832 Y99.015 F3554.948
G1 X332.270 Y99.470 F3554.948
G1 X332.708 Y99.925 F3554.948
G1 X333.167 Y100.360 F3554.948
G1 X333.625 Y100.796 F3554.948
G1 X334.083 Y101.231 F3554.948
G1 X334.542 Y101.666 F3554.948
G1 X335.030 Y102.092 F3554.948
G1 X335.518 Y102.518 F3554.948
G1 X336.006 Y102.944 F3554.948
G1 X336.494 Y103.370 F3554.948
G1 X337.022 Y103.797 F3554.948
G1 X337.550 Y104.225 F3554.948
G1 X338.078 Y104.652 F3554.948
G1 X338.606 Y105.079 F3554.948
G1 X339.164 Y105.515 F3554.948
G1 X339.722 Y105.951 F3554.948
G1 X340.281 Y106.387 F3554.948
G1 X340.839 Y106.823 F3554.948
G1 X341.414 Y107.271 F3554.948
G1 X341.989 Y107.718 F3554.948
G1 X342.563 Y108.166 F3554.948
G1 X343.138 Y108.614 F3554.948
G1 X343.723 Y109.077 F3554.948
G1 X344.308 Y109.540 F3554.948
G1 X344.892 Y110.003 F3554.948
G1 X345.477 Y110.466 F3554.948
G1 X346.069 Y110.943 F3554.948
G1 X346.661 Y111.420 F3554.948
G1 X347.253 Y111.897 F3554.948
G1 X347.845 Y112.374 F3554.948
G1 X348.442 Y112.860 F3554.948
G1 X349.038 Y113.346 F3554.948
G1 X349.635 Y113.832 F3554.948
G1 X350.232 Y114.319 F3554.948
G1 X350.830 Y114.813 F3554.948
G1 X351.428 Y115.308 F3554.948
G1 X352.025 Y115.803 F3554.948
G1 X352.623 Y116.298 F3554.948
G1 X353.223 Y116.798 F3554.948
G1 X353.823 Y117.298 F3554.948
G1 X354.423 Y117.798 F3554.948
G1 X355.023 Y118.298 F3554.948
G1 X355.625 Y118.802 F3554.948
G1 X356.227 Y119.306 F3554.948
G1 X356.829 Y119.810 F3554.948
G1 X357.431 Y120.314 F3554.948
G1 X358.036 Y120.822 F3554.948
G1 X358.641 Y121.330 F3554.948
G1 X359.247 Y121.838 F3554.948
G1 X359.852 Y122.346 F3554.948
G1 X360.457 Y122.855 F3554.948
G1 X361.062 Y123.365 F3554.948
G1 X361.668 Y123.874 F3554.948
G1 X362.273 Y124.383 F3554.948
G1 X362.872 Y124.892 F3554.948
G1 X363.471 Y125.401 F3554.948
G1 X364.071 Y125.909 F3554.948
G1 X364.670 Y126.418 F3554.948
G1 X365.261 Y126.925 F3554.948
G1 X365.853 Y127.433 F3554.948
G1 X366.444 Y127.940 F3554.948
G1 X367.035 Y128.447 F3554.948
G1 X367.631 Y128.955 F3554.948
G1 X368.226 Y129.463 F3554.948
G1 X368.821 Y129.971 F3554.948
G1 X369.417 Y130.479 F3554.948
G1 X370.020 Y130.985 F3554.948
G1 X370.624 Y131.490 F3554.948
G1 X371.228 Y131.995 F3554.948
G1 X371.832 Y132.501 F3554.948
G1 X372.444 Y132.993 F3554.948
G1 X373.056 Y133.486 F3554.948
G1 X373.668 Y133.979 F3554.948
G1 X374.280 Y134.472 F3554.948
G1 X374.883 Y134.942 F3554.948
G1 X375.486 Y135.412 F3554.948
G1 X376.089 Y135.883 F3554.948
G1 X376.693 Y136.353 F3554.948
G1 X377.279 Y136.801 F3554.948
G1 X377.865 Y137.249 F3554.948
G1 X378.451 Y137.696 F3554.948
G1 X379.037 Y138.144 F3554.948
G1 X379.608 Y138.578 F3554.948
G1 X380.178 Y139.011 F3554.948
G1 X380.749 Y139.444 F3554.948
G1 X381.320 Y139.877 F3554.948
G1 X381.883 Y140.304 F3554.948
G1 X382.446 Y140.731 F3554.948
G1 X383.009 Y141.157 F3554.948
G1 X383.572 Y141.584 F3554.948
G1 X384.135 Y142.013 F3554.948
G1 X384.698 Y142.442 F3554.948
G1 X385.260 Y142.872 F3554.948
G1 X385.823 Y143.301 F3554.948
G1 X386.389 Y143.742 F3554.948
G1 X386.954 Y144.182 F3554.948
G1 X387.520 Y144.623 F3554.948
G1 X388.086 Y145.063 F3554.948
G1 X388.652 Y145.516 F3554.948
G1 X389.219 Y145.968 F3554.948
G1 X389.786 Y146.420 F3554.948
G1 X390.353 Y146.873 F3554.948
G1 X390.913 Y147.338 F3554.948
G1 X391.474 Y147.803 F3554.948
G1 X392.034 Y148.268 F3554.948
G1 X392.594 Y148.733 F3554.948
G1 X393.135 Y149.214 F3554.948
G1 X393.676 Y149.696 F3554.948
G1 X394.217 Y150.178 F3554.948
G1 X394.758 Y150.659 F3554.948
G1 X395.270 Y151.164 F3554.948
G1 X395.781 Y151.668 F3554.948
G1 X396.292 Y152.173 F3554.948
G1 X396.804 Y152.678 F3554.948
G1 X397.274 Y153.209 F3554.948
G1 X397.744 Y153.740 F3554.948
G1 X398.214 Y154.271 F3554.948
G1 X398.685 Y154.802 F3554.948
G1 X399.111 Y155.361 F3554.948
G1 X399.537 Y155.919 F3554.948
G1 X399.963 Y156.477 F3554.948
G1 X400.389 Y157.035 F3554.948
G1 X400.769 Y157.620 F3554.948
G1 X401.149 Y158.204 F3554.948
G1 X401.530 Y158.788 F3554.948
G1 X401.910 Y159.372 F3554.948
G1 X402.249 Y159.984 F3554.948
G1 X402.587 Y160.595 F3554.948
G1 X402.926 Y161.207 F3554.948
G1 X403.265 Y161.819 F3554.948
G1 X403.565 Y162.459 F3554.948
G1 X403.865 Y163.100 F3554.948
G1 X404.166 Y163.740 F3554.948
G1 X404.466 Y164.380 F3554.948
G1 X404.728 Y165.052 F3554.948
G1 X404.991 Y165.724 F3554.948
G1 X405.254 Y166.396 F3554.948
G1 X405.516 Y167.069 F3554.948
G1 X405.746 Y167.774 F3554.948
G1 X405.975 Y168.480 F3554.948
G1 X406.205 Y169.186 F3554.948
G1 X406.434 Y169.892 F3554.948
G1 X406.632 Y170.636 F3554.948
G1 X406.829 Y171.380 F3554.948
G1 X407.026 Y172.124 F3554.948
G1 X407.223 Y172.868 F3554.948
G1 X407.391 Y173.648 F3554.948
G1 X407.559 Y174.428 F3554.948
G1 X407.727 Y175.208 F3554.948
G1 X407.895 Y175.988 F3554.948
G1 X408.014 Y176.637 F3554.948
G1 X408.133 Y177.287 F3554.948
G1 X408.252 Y177.937 F3554.948
G1 X408.371 Y178.587 F3554.948
G1 X408.490 Y179.237 F3554.948
G1 X408.604 Y179.906 F3554.948
G1 X408.718 Y180.574 F3554.948
G1 X408.832 Y181.243 F3554.948
G1 X408.945 Y181.912 F3554.948
G1 X409.059 Y182.581 F3554.948
G1 X409.175 Y183.264 F3554.948
G1 X409.292 Y183.947 F3554.948
G1 X409.408 Y184.630 F3554.948
G1 X409.525 Y185.314 F3554.948
G1 X409.641 Y185.997 F3554.948
G1 X409.763 Y186.684 F3554.948
G1 X409.886 Y187.372 F3554.948
G1 X410.008 Y188.059 F3554.948
G1 X410.130 Y188.746 F3554.948
G1 X410.252 Y189.434 F3554.948
G1 X410.385 Y190.127 F3554.948
G1 X410.517 Y190.820 F3554.948
G1 X410.649 Y191.513 F3554.948
G1 X410.781 Y192.207 F3554.948
G1 X410.914 Y192.900 F3554.948
G1 X411.060 Y193.603 F3554.948
G1 X411.206 Y194.306 F3554.948
G1 X411.352 Y195.010 F3554.948
G1 X411.498 Y195.713 F3554.948
G1 X411.644 Y196.416 F3554.948
G1 X411.798 Y197.122 F3554.948
G1 X411.951 Y197.828 F3554.948
G1 X412.104 Y198.534 F3554.948
G1 X412.258 Y199.240 F3554.948
G1 X412.411 Y199.946 F3554.948
G1 X412.563 Y200.648 F3554.948
G1 X412.715 Y201.350 F3554.948
G1 X412.867 Y202.052 F3554.948
G1 X413.019 Y202.754 F3554.948
G1 X413.171 Y203.457 F3554.948
G1 X413.317 Y204.159 F3554.948
G1 X413.463 Y204.861 F3554.948
G1 X413.609 Y205.563 F3554.948
G1 X413.755 Y206.265 F3554.948
G1 X413.901 Y206.968 F3554.948
G1 X414.042 Y207.673 F3554.948
G1 X414.182 Y208.378 F3554.948
G1 X414.323 Y209.084 F3554.948
G1 X414.464 Y209.789 F3554.948
G1 X414.605 Y210.495 F3554.948
G1 X414.740 Y211.191 F3554.948
G1 X414.876 Y211.888 F3554.948
G1 X415.011 Y212.585 F3554.948
G1 X415.147 Y213.282 F3554.948
G1 X415.282 Y213.979 F3554.948
G1 X415.413 Y214.651 F3554.948
G1 X415.545 Y215.322 F3554.948
G1 X415.676 Y215.994 F3554.948
G1 X415.807 Y216.665 F3554.948
G1 X415.938 Y217.337 F3554.948
G1 X416.067 Y217.966 F3554.948
G1 X416.195 Y218.595 F3554.948
G1 X416.324 Y219.224 F3554.948
G1 X416.453 Y219.853 F3554.948
G1 X416.581 Y220.483 F3554.948
G1 X416.743 Y221.202 F3554.948
G1 X416.905 Y221.921 F3554.948
G1 X417.067 Y222.640 F3554.948
G1 X417.229 Y223.359 F3554.948
G1 X417.396 Y224.009 F3554.948
G1 X417.563 Y224.659 F3554.948
G1 X417.729 Y225.309 F3554.948
G1 X417.896 Y225.959 F3554.948
G1 X418.068 Y226.555 F3554.948
G1 X418.240 Y227.150 F3554.948
G1 X418.412 Y227.745 F3554.948
G1 X418.584 Y228.341 F3554.948
G1 X418.817 Y229.098 F3554.948
G1 X419.050 Y229.856 F3554.948
G1 X419.283 Y230.613 F3554.948
G1 X419.515 Y231.376 F3554.948
G1 X419.746 Y232.139 F3554.948
G1 X419.978 Y232.902 F3554.948
G1 X420.150 Y233.507 F3554.948
G1 X420.321 Y234.111 F3554.948
G1 X420.492 Y234.716 F3554.948
G1 X420.664 Y235.320 F3554.948
G1 X420.836 Y235.970 F3554.948
G1 X421.008 Y236.620 F3554.948
G1 X421.180 Y237.269 F3554.948
G1 X421.352 Y237.919 F3554.948
G1 X421.528 Y238.620 F3554.948
G1 X421.704 Y239.321 F3554.948
G1 X421.879 Y240.022 F3554.948
G1 X422.055 Y240.723 F3554.948
G1 X422.240 Y241.474 F3554.948
G1 X422.424 Y242.225 F3554.948
G1 X422.609 Y242.975 F3554.948
G1 X422.794 Y243.726 F3554.948
G1 X422.950 Y244.362 F3554.948
G1 X423.106 Y244.997 F3554.948
G1 X423.262 Y245.633 F3554.948
G1 X423.418 Y246.268 F3554.948
G1 X423.574 Y246.904 F3554.948
G1 X423.739 Y247.565 F3554.948
G1 X423.904 Y248.227 F3554.948
G1 X424.069 Y248.888 F3554.948
G1 X424.235 Y249.550 F3554.948
G1 X424.400 Y250.211 F3554.948
G1 X424.574 Y250.887 F3554.948
G1 X424.749 Y251.564 F3554.948
G1 X424.923 Y252.240 F3554.948
G1 X425.098 Y252.916 F3554.948
G1 X425.273 Y253.593 F3554.948
G1 X425.453 Y254.268 F3554.948
G1 X425.633 Y254.943 F3554.948
G1 X425.812 Y255.618 F3554.948
G1 X425.992 Y256.293 F3554.948
G1 X426.172 Y256.969 F3554.948
G1 X426.347 Y257.626 F3554.948
G1 X426.522 Y258.283 F3554.948
G1 X426.696 Y258.940 F3554.948
G1 X426.871 Y259.598 F3554.948
G1 X427.045 Y260.255 F3554.948
G1 X427.241 Y261.029 F3554.948
G1 X427.437 Y261.803 F3554.948
G1 X427.633 Y262.578 F3554.948
G1 X427.829 Y263.352 F3554.948
G1 X427.989 Y264.046 F3554.948
G1 X428.149 Y264.740 F3554.948
G1 X428.309 Y265.434 F3554.948
G1 X428.469 Y266.127 F3554.948
G1 X428.596 Y266.722 F3554.948
G1 X428.723 Y267.316 F3554.948
G1 X428.850 Y267.910 F3554.948
G1 X428.977 Y268.505 F3554.948
G1 X429.112 Y269.173 F3554.948
G1 X429.247 Y269.841 F3554.948
G1 X429.382 Y270.509 F3554.948
G1 X429.489 Y271.086 F3554.948
G1 X429.597 Y271.663 F3554.948
G1 X429.704 Y272.239 F3554.948
G1 X429.838 Y273.023 F3554.948
G1 X429.972 Y273.806 F3554.948
G1 X430.080 Y274.566 F3554.948
G1 X430.189 Y275.326 F3554.948
G1 X430.275 Y276.116 F3554.948
G1 X430.361 Y276.905 F3554.948
G1 X430.401 Y277.464 F3554.948
G1 X430.442 Y278.024 F3554.948
G1 X430.482 Y278.583 F3554.948
G1 X430.503 Y279.191 F3554.948
G1 X430.523 Y279.798 F3554.948
G1 X430.543 Y280.406 F3554.948
G1 X430.537 Y281.019 F3554.948
G1 X430.531 Y281.632 F3554.948
G1 X430.525 Y282.246 F3554.948
G1 X430.487 Y282.806 F3554.948
G1 X430.449 Y283.366 F3554.948
G1 X430.411 Y283.926 F3554.948
G1 X430.310 Y284.594 F3554.948
G1 X430.210 Y285.261 F3554.948
M400 ; Wait for drawing to complete
G1 U0.800 F200.0 ; Flow ramp-down (viewer mode)
M5 ; Viewer hint: stop cutting
; STOP BRUSH A
G1 U0.000 F200.0 ; Close Brush A flow
M106 P2 S0 ; Brush A air off
; === PATH END ===

; Width clamped from 31.00mm to 25.00mm within [2.00,25.00] mm
; ===== STROKE PARAMETERS =====
; Color: black
; Width: 25.00mm
; Opacity: 0.25
; Brush: A
; Z-height: 83.00mm
; Paint flow: 0.56 -> U2.586mm
; Feedrate: 3554.9mm/min
; Modes: viewer_compat=true, viewer_emit_m3m5=true
; START BRUSH A
T0 ; Select Tool 0 (Brush A)
G0 X422.907 Y496.214 F12000.000
M400 ; Wait for XY movement to complete
G1 F3554.948
M106 P2 S1 ; Air on before paint
G1 U2.586 F200.0 ; Set paint flow to target (viewer mode)
G1 F3554.948
G4 P50 ; Short paint lead time
M3 S1 ; Viewer hint: start cutting
G1 X422.947 Y495.669 F3554.948
G1 X423.016 Y494.992 F3554.948
G1 X423.103 Y494.273 F3554.948
G1 X423.230 Y493.611 F3554.948
G1 X423.373 Y493.072 F3554.948
G1 X423.524 Y492.711 F3554.948
G1 X423.688 Y492.559 F3554.948
G1 X423.868 Y492.624 F3554.948
G1 X424.064 Y492.889 F3554.948
G1 X424.283 Y493.318 F3554.948
G1 X424.537 Y493.865 F3554.948
G1 X424.836 Y494.476 F3554.948
G1 X425.193 Y495.096 F3554.948
G1 X425.625 Y495.672 F3554.948
G1 X426.146 Y496.159 F3554.948
G1 X426.784 Y496.517 F3554.948
G1 X427.546 Y496.690 F3554.948
G1 X427.995 Y496.673 F3554.948
G1 X428.445 Y496.657 F3554.948
G1 X428.977 Y496.542 F3554.948
G1 X429.509 Y496.427 F3554.948
G1 X430.138 Y496.235 F3554.948
G1 X430.768 Y496.043 F3554.948
G1 X431.510 Y495.804 F3554.948
G1 X432.252 Y495.565 F3554.948
G1 X432.827 Y495.384 F3554.948
G1 X433.401 Y495.203 F3554.948
G1 X433.975 Y495.022 F3554.948
G1 X434.636 Y494.831 F3554.948
G1 X435.298 Y494.640 F3554.948
G1 X435.959 Y494.449 F3554.948
G1 X436.702 Y494.260 F3554.948
G1 X437.444 Y494.071 F3554.948
G1 X438.187 Y493.882 F3554.948
G1 X438.801 Y493.750 F3554.948
G1 X439.415 Y493.617 F3554.948
G1 X440.029 Y493.485 F3554.948
G1 X440.642 Y493.352 F3554.948
G1 X441.298 Y493.236 F3554.948
G1 X441.953 Y493.120 F3554.948
G1 X442.609 Y493.004 F3554.948
G1 X443.264 Y492.888 F3554.948
G1 X443.946 Y492.794 F3554.948
G1 X444.628 Y492.700 F3554.948
G1 X445.310 Y492.606 F3554.948
G1 X445.992 Y492.512 F3554.948
G1 X446.684 Y492.445 F3554.948
G1 X447.376 Y492.377 F3554.948
G1 X448.068 Y492.310 F3554.948
G1 X448.760 Y492.243 F3554.948
G1 X449.449 Y492.203 F3554.948
G1 X450.138 Y492.164 F3554.948
G1 X450.828 Y492.124 F3554.948
G1 X451.517 Y492.085 F3554.948
G1 X452.191 Y492.068 F3554.948
G1 X452.865 Y492.052 F3554.948
G1 X453.539 Y492.036 F3554.948
G1 X454.213 Y492.019 F3554.948
G1 X454.860 Y492.020 F3554.948
G1 X455.507 Y492.020 F3554.948
G1 X456.154 Y492.021 F3554.948
G1 X456.800 Y492.022 F3554.948
G1 X457.403 Y492.034 F3554.948
G1 X458.006 Y492.046 F3554.948
G1 X458.608 Y492.058 F3554.948
G1 X459.211 Y492.070 F3554.948
G1 X459.930 Y492.100 F3554.948
G1 X460.650 Y492.131 F3554.948
G1 X461.370 Y492.161 F3554.948
G1 X461.991 Y492.207 F3554.948
G1 X462.612 Y492.253 F3554.948
G1 X463.233 Y492.299 F3554.948
G1 X463.998 Y492.393 F3554.948
G1 X464.764 Y492.486 F3554.948
G1 X465.358 Y492.602 F3554.948
G1 X465.952 Y492.719 F3554.948
G1 X466.378 Y492.854 F3554.948
G1 X466.804 Y492.989 F3554.948
G1 X467.334 Y493.288 F3554.948
M400 ; Wait for drawing to complete
G1 U0.800 F200.0 ; Flow ramp-down (viewer mode)
M5 ; Viewer hint: stop cutting
; STOP BRUSH A
G1 U0.000 F200.0 ; Close Brush A flow
M106 P2 S0 ; Brush A air off
; === PATH END ===

; Width clamped from 31.00mm to 25.00mm within [2.00,25.00] mm
; ===== STROKE PARAMETERS =====
; Color: black
; Width: 25.00mm
; Opacity: 0.25
; Brush: A
; Z-height: 83.00mm
; Paint flow: 0.56 -> U2.586mm
; Feedrate: 3554.9mm/min
; Modes: viewer_compat=true, viewer_emit_m3m5=true
; START BRUSH A
T0 ; Select Tool 0 (Brush A)
G0 X495.628 Y299.851 F12000.000
M400 ; Wait for XY movement to complete
G1 F3554.948
M106 P2 S1 ; Air on before paint
G1 U2.586 F200.0 ; Set paint flow to target (viewer mode)
G1 F3554.948
G4 P50 ; Short paint lead time
M3 S1 ; Viewer hint: start cutting
G1 X494.877 Y299.775 F3554.948
G1 X494.400 Y299.701 F3554.948
G1 X493.924 Y299.627 F3554.948
G1 X493.419 Y299.516 F3554.948
G1 X492.913 Y299.405 F3554.948
G1 X492.453 Y299.257 F3554.948
G1 X491.993 Y299.109 F3554.948
G1 X491.621 Y298.927 F3554.948
G1 X491.249 Y298.746 F3554.948
G1 X490.678 Y298.331 F3554.948
G1 X490.262 Y297.878 F3554.948
G1 X489.992 Y297.397 F3554.948
G1 X489.860 Y296.898 F3554.948
G1 X489.855 Y296.392 F3554.948
G1 X489.977 Y295.883 F3554.948
G1 X490.215 Y295.375 F3554.948
G1 X490.575 Y294.870 F3554.948
G1 X491.053 Y294.367 F3554.948
G1 X491.657 Y293.861 F3554.948
G1 X492.022 Y293.603 F3554.948
G1 X492.387 Y293.344 F3554.948
G1 X492.806 Y293.077 F3554.948
G1 X493.226 Y292.809 F3554.948
G1 X493.648 Y292.530 F3554.948
G1 X494.070 Y292.251 F3554.948
G1 X494.451 Y291.960 F3554.948
G1 X494.832 Y291.668 F3554.948
G1 X495.127 Y291.362 F3554.948
G1 X495.422 Y291.056 F3554.948
G1 X495.787 Y290.402 F3554.948
G1 X495.893 Y289.691 F3554.948
G1 X495.812 Y289.295 F3554.948
G1 X495.731 Y288.899 F3554.948
G1 X495.525 Y288.447 F3554.948
G1 X495.319 Y287.995 F3554.948
G1 X495.008 Y287.467 F3554.948
G1 X494.697 Y286.939 F3554.948
G1 X494.309 Y286.309 F3554.948
G1 X493.922 Y285.678 F3554.948
G1 X493.635 Y285.172 F3554.948
G1 X493.348 Y284.665 F3554.948
G1 X493.062 Y284.159 F3554.948
G1 X492.774 Y283.544 F3554.948
G1 X492.487 Y282.930 F3554.948
G1 X492.199 Y282.315 F3554.948
G1 X491.935 Y281.571 F3554.948
G1 X491.672 Y280.826 F3554.948
G1 X491.408 Y280.082 F3554.948
G1 X491.229 Y279.420 F3554.948
G1 X491.051 Y278.758 F3554.948
G1 X490.872 Y278.095 F3554.948
G1 X490.694 Y277.433 F3554.948
G1 X490.536 Y276.669 F3554.948
G1 X490.377 Y275.906 F3554.948
G1 X490.219 Y275.142 F3554.948
G1 X490.061 Y274.378 F3554.948
G1 X489.955 Y273.695 F3554.948
G1 X489.849 Y273.011 F3554.948
G1 X489.742 Y272.328 F3554.948
G1 X489.636 Y271.645 F3554.948
G1 X489.529 Y270.962 F3554.948
G1 X489.442 Y270.228 F3554.948
G1 X489.355 Y269.495 F3554.948
G1 X489.267 Y268.761 F3554.948
G1 X489.180 Y268.028 F3554.948
G1 X489.093 Y267.295 F3554.948
G1 X489.019 Y266.545 F3554.948
G1 X488.945 Y265.795 F3554.948
G1 X488.871 Y265.045 F3554.948
G1 X488.797 Y264.295 F3554.948
G1 X488.722 Y263.546 F3554.948
G1 X488.650 Y262.817 F3554.948
G1 X488.577 Y262.089 F3554.948
G1 X488.505 Y261.360 F3554.948
G1 X488.432 Y260.631 F3554.948
G1 X488.360 Y259.903 F3554.948
G1 X488.281 Y259.229 F3554.948
G1 X488.201 Y258.555 F3554.948
G1 X488.122 Y257.880 F3554.948
G1 X488.042 Y257.206 F3554.948
G1 X487.963 Y256.532 F3554.948
G1 X487.852 Y255.784 F3554.948
G1 X487.741 Y255.036 F3554.948
G1 X487.630 Y254.288 F3554.948
G1 X487.519 Y253.540 F3554.948
G1 X487.397 Y252.897 F3554.948
G1 X487.275 Y252.254 F3554.948
G1 X487.153 Y251.611 F3554.948
G1 X487.032 Y250.968 F3554.948
G1 X486.862 Y250.250 F3554.948
G1 X486.691 Y249.532 F3554.948
G1 X486.521 Y248.814 F3554.948
G1 X486.350 Y248.221 F3554.948
G1 X486.179 Y247.627 F3554.948
G1 X486.008 Y247.034 F3554.948
G1 X485.755 Y246.298 F3554.948
G1 X485.502 Y245.562 F3554.948
G1 X485.264 Y244.950 F3554.948
G1 X485.026 Y244.337 F3554.948
G1 X484.807 Y243.819 F3554.948
G1 X484.587 Y243.300 F3554.948
G1 X484.390 Y242.845 F3554.948
G1 X484.193 Y242.390 F3554.948
M400 ; Wait for drawing to complete
G1 U0.800 F200.0 ; Flow ramp-down (viewer mode)
M5 ; Viewer hint: stop cutting
; STOP BRUSH A
G1 U0.000 F200.0 ; Close Brush A flow
M106 P2 S0 ; Brush A air off
; === PATH END ===

; Width clamped from 31.00mm to 25.00mm within [2.00,25.00] mm
; ===== STROKE PARAMETERS =====
; Color: black
; Width: 25.00mm
; Opacity: 0.25
; Brush: A
; Z-height: 83.00mm
; Paint flow: 0.56 -> U2.586mm
; Feedrate: 3554.9mm/min
; Modes: viewer_compat=true, viewer_emit_m3m5=true
; START BRUSH A
T0 ; Select Tool 0 (Brush A)
G0 X161.671 Y206.301 F12000.000
M400 ; Wait for XY movement to complete
G1 F3554.948
M106 P2 S1 ; Air on before paint
G1 U2.586 F200.0 ; Set paint flow to target (viewer mode)
G1 F3554.948
G4 P50 ; Short paint lead time
M3 S1 ; Viewer hint: start cutting
G1 X161.427 Y206.179 F3554.948
G1 X161.084 Y206.002 F3554.948
G1 X160.662 Y205.780 F3554.948
G1 X160.183 Y205.518 F3554.948
G1 X159.667 Y205.227 F3554.948
G1 X159.134 Y204.912 F3554.948
G1 X158.597 Y204.578 F3554.948
G1 X158.061 Y204.219 F3554.948
G1 X157.543 Y203.830 F3554.948
G1 X157.071 Y203.417 F3554.948
G1 X156.663 Y202.996 F3554.948
G1 X156.319 Y202.576 F3554.948
G1 X156.038 Y202.160 F3554.948
G1 X155.816 Y201.747 F3554.948
G1 X155.647 Y201.332 F3554.948
G1 X155.527 Y200.909 F3554.948
G1 X155.454 Y200.483 F3554.948
G1 X155.423 Y200.049 F3554.948
G1 X155.430 Y199.602 F3554.948
G1 X155.472 Y199.147 F3554.948
G1 X155.544 Y198.676 F3554.948
G1 X155.652 Y198.181 F3554.948
G1 X155.804 Y197.649 F3554.948
G1 X156.008 Y197.067 F3554.948
G1 X156.271 Y196.432 F3554.948
G1 X156.606 Y195.741 F3554.948
G1 X156.814 Y195.366 F3554.948
G1 X157.023 Y194.990 F3554.948
G1 X157.284 Y194.581 F3554.948
G1 X157.544 Y194.172 F3554.948
G1 X157.867 Y193.725 F3554.948
G1 X158.190 Y193.278 F3554.948
G1 X158.587 Y192.790 F3554.948
G1 X158.984 Y192.302 F3554.948
G1 X159.464 Y191.774 F3554.948
G1 X159.944 Y191.246 F3554.948
G1 X160.503 Y190.684 F3554.948
G1 X161.062 Y190.122 F3554.948
G1 X161.487 Y189.730 F3554.948
G1 X161.912 Y189.338 F3554.948
G1 X162.336 Y188.947 F3554.948
G1 X162.811 Y188.540 F3554.948
G1 X163.285 Y188.134 F3554.948
G1 X163.759 Y187.727 F3554.948
G1 X164.267 Y187.312 F3554.948
G1 X164.775 Y186.896 F3554.948
G1 X165.283 Y186.481 F3554.948
G1 X165.804 Y186.061 F3554.948
G1 X166.324 Y185.641 F3554.948
G1 X166.845 Y185.222 F3554.948
M400 ; Wait for drawing to complete
G1 U0.800 F200.0 ; Flow ramp-down (viewer mode)
M5 ; Viewer hint: stop cutting
; STOP BRUSH A
G1 U0.000 F200.0 ; Close Brush A flow
M106 P2 S0 ; Brush A air off
; === PATH END ===

; Width clamped from 31.00mm to 25.00mm within [2.00,25.00] mm
; ===== STROKE PARAMETERS =====
; Color: black
; Width: 25.00mm
; Opacity: 0.25
; Brush: A
; Z-height: 83.00mm
; Paint flow: 0.56 -> U2.586mm
; Feedrate: 3554.9mm/min
; Modes: viewer_compat=true, viewer_emit_m3m5=true
; START BRUSH A
T0 ; Select Tool 0 (Brush A)
G0 X345.173 Y63.283 F12000.000
M400 ; Wait for XY movement to complete
G1 F3554.948
M106 P2 S1 ; Air on before paint
G1 U2.586 F200.0 ; Set paint flow to target (viewer mode)
G1 F3554.948
G4 P50 ; Short paint lead time
M3 S1 ; Viewer hint: start cutting
G1 X345.623 Y62.939 F3554.948
G1 X346.186 Y62.484 F3554.948
G1 X346.789 Y61.973 F3554.948
G1 X347.361 Y61.439 F3554.948
G1 X347.858 Y60.918 F3554.948
G1 X348.258 Y60.420 F3554.948
G1 X348.546 Y59.947 F3554.948
G1 X348.718 Y59.497 F3554.948
G1 X348.774 Y59.066 F3554.948
G1 X348.721 Y58.640 F3554.948
G1 X348.570 Y58.216 F3554.948
G1 X348.332 Y57.782 F3554.948
G1 X348.014 Y57.330 F3554.948
G1 X347.633 Y56.846 F3554.948
G1 X347.194 Y56.314 F3554.948
G1 X346.710 Y55.721 F3554.948
G1 X346.445 Y55.383 F3554.948
G1 X346.181 Y55.044 F3554.948
G1 X345.898 Y54.652 F3554.948
G1 X345.615 Y54.261 F3554.948
G1 X345.312 Y53.799 F3554.948
G1 X345.009 Y53.337 F3554.948
G1 X344.687 Y52.788 F3554.948
G1 X344.366 Y52.239 F3554.948
G1 X344.031 Y51.583 F3554.948
G1 X343.696 Y50.927 F3554.948
G1 X343.466 Y50.400 F3554.948
G1 X343.236 Y49.874 F3554.948
G1 X343.006 Y49.347 F3554.948
G1 X342.772 Y48.718 F3554.948
G1 X342.538 Y48.088 F3554.948
G1 X342.305 Y47.458 F3554.948
G1 X342.075 Y46.710 F3554.948
G1 X341.844 Y45.963 F3554.948
G1 X341.614 Y45.215 F3554.948
G1 X341.449 Y44.560 F3554.948
G1 X341.285 Y43.906 F3554.948
G1 X341.120 Y43.252 F3554.948
G1 X340.955 Y42.598 F3554.948
G1 X340.806 Y41.847 F3554.948
G1 X340.658 Y41.096 F3554.948
G1 X340.509 Y40.346 F3554.948
G1 X340.360 Y39.595 F3554.948
G1 X340.257 Y38.929 F3554.948
G1 X340.154 Y38.262 F3554.948
G1 X340.050 Y37.596 F3554.948
G1 X339.947 Y36.930 F3554.948
G1 X339.844 Y36.264 F3554.948
G1 X339.757 Y35.565 F3554.948
G1 X339.670 Y34.866 F3554.948
G1 X339.584 Y34.167 F3554.948
G1 X339.497 Y33.468 F3554.948
G1 X339.410 Y32.769 F3554.948
G1 X339.333 Y32.129 F3554.948
G1 X339.257 Y31.490 F3554.948
G1 X339.180 Y30.851 F3554.948
G1 X339.103 Y30.212 F3554.948
G1 X339.026 Y29.572 F3554.948
G1 X338.909 Y28.782 F3554.948
G1 X338.792 Y27.992 F3554.948
G1 X338.675 Y27.202 F3554.948
G1 X338.512 Y26.464 F3554.948
G1 X338.349 Y25.725 F3554.948
G1 X338.055 Y25.096 F3554.948
M400 ; Wait for drawing to complete
G1 U0.800 F200.0 ; Flow ramp-down (viewer mode)
M5 ; Viewer hint: stop cutting
; STOP BRUSH A
G1 U0.000 F200.0 ; Close Brush A flow
M106 P2 S0 ; Brush A air off
; === PATH END ===

; Width clamped from 31.00mm to 25.00mm within [2.00,25.00] mm
; ===== STROKE PARAMETERS =====
; Color: black
; Width: 25.00mm
; Opacity: 0.25
; Brush: A
; Z-height: 83.00mm
; Paint flow: 0.56 -> U2.586mm
; Feedrate: 3554.9mm/min
; Modes: viewer_compat=true, viewer_emit_m3m5=true
; START BRUSH A
T0 ; Select Tool 0 (Brush A)
G0 X310.033 Y495.836 F12000.000
M400 ; Wait for XY movement to complete
G1 F3554.948
M106 P2 S1 ; Air on before paint
G1 U2.586 F200.0 ; Set paint flow to target (viewer mode)
G1 F3554.948
G4 P50 ; Short paint lead time
M3 S1 ; Viewer hint: start cutting
G1 X310.084 Y495.458 F3554.948
G1 X310.174 Y494.966 F3554.948
G1 X310.309 Y494.426 F3554.948
G1 X310.486 Y493.900 F3554.948
G1 X310.711 Y493.447 F3554.948
G1 X310.983 Y493.110 F3554.948
G1 X311.303 Y492.917 F3554.948
G1 X311.682 Y492.877 F3554.948
G1 X312.113 Y492.983 F3554.948
G1 X312.613 Y493.217 F3554.948
G1 X313.185 Y493.546 F3554.948
G1 X313.843 Y493.933 F3554.948
G1 X314.223 Y494.136 F3554.948
G1 X314.603 Y494.338 F3554.948
G1 X315.037 Y494.529 F3554.948
G1 X315.471 Y494.721 F3554.948
G1 X315.968 Y494.884 F3554.948
G1 X316.465 Y495.047 F3554.948
G1 X317.037 Y495.168 F3554.948
G1 X317.608 Y495.289 F3554.948
G1 X318.271 Y495.356 F3554.948
G1 X318.934 Y495.423 F3554.948
G1 X319.691 Y495.431 F3554.948
G1 X320.447 Y495.439 F3554.948
G1 X321.019 Y495.403 F3554.948
G1 X321.590 Y495.367 F3554.948
G1 X322.162 Y495.331 F3554.948
G1 X322.800 Y495.255 F3554.948
G1 X323.437 Y495.179 F3554.948
G1 X324.075 Y495.103 F3554.948
G1 X324.772 Y494.991 F3554.948
G1 X325.468 Y494.879 F3554.948
G1 X326.165 Y494.766 F3554.948
G1 X326.911 Y494.625 F3554.948
G1 X327.657 Y494.483 F3554.948
G1 X328.403 Y494.341 F3554.948
G1 X328.991 Y494.219 F3554.948
G1 X329.578 Y494.096 F3554.948
G1 X330.166 Y493.973 F3554.948
G1 X330.753 Y493.851 F3554.948
G1 X331.353 Y493.721 F3554.948
G1 X331.953 Y493.591 F3554.948
G1 X332.553 Y493.461 F3554.948
G1 X333.153 Y493.331 F3554.948
G1 X333.747 Y493.205 F3554.948
G1 X334.341 Y493.079 F3554.948
G1 X334.935 Y492.952 F3554.948
G1 X335.529 Y492.826 F3554.948
G1 X336.288 Y492.681 F3554.948
G1 X337.047 Y492.536 F3554.948
G1 X337.807 Y492.391 F3554.948
G1 X338.513 Y492.286 F3554.948
G1 X339.220 Y492.180 F3554.948
G1 X339.926 Y492.075 F3554.948
G1 X340.571 Y492.017 F3554.948
G1 X341.215 Y491.959 F3554.948
G1 X341.860 Y491.901 F3554.948
G1 X342.441 Y491.891 F3554.948
G1 X343.023 Y491.882 F3554.948
G1 X343.604 Y491.872 F3554.948
G1 X344.383 Y491.931 F3554.948
G1 X345.162 Y491.991 F3554.948
G1 X345.859 Y492.126 F3554.948
G1 X346.557 Y492.261 F3554.948
G1 X347.184 Y492.469 F3554.948
G1 X347.811 Y492.677 F3554.948
G1 X348.381 Y492.942 F3554.948
G1 X348.951 Y493.207 F3554.948
G1 X349.479 Y493.508 F3554.948
G1 X350.007 Y493.810 F3554.948
G1 X350.501 Y494.126 F3554.948
G1 X350.996 Y494.442 F3554.948
G1 X351.467 Y494.767 F3554.948
G1 X351.938 Y495.092 F3554.948
G1 X352.400 Y495.381 F3554.948
G1 X352.862 Y495.671 F3554.948
M400 ; Wait for drawing to complete
G1 U0.800 F200.0 ; Flow ramp-down (viewer mode)
M5 ; Viewer hint: stop cutting
; STOP BRUSH A
G1 U0.000 F200.0 ; Close Brush A flow
M106 P2 S0 ; Brush A air off
; === PATH END ===

; Width clamped from 31.00mm to 25.00mm within [2.00,25.00] mm
; ===== STROKE PARAMETERS =====
; Color: black
; Width: 25.00mm
; Opacity: 0.25
; Brush: A
; Z-height: 83.00mm
; Paint flow: 0.56 -> U2.586mm
; Feedrate: 3554.9mm/min
; Modes: viewer_compat=true, viewer_emit_m3m5=true
; START BRUSH A
T0 ; Select Tool 0 (Brush A)
G0 X453.501 Y131.270 F12000.000
M400 ; Wait for XY movement to complete
G1 F3554.948
M106 P2 S1 ; Air on before paint
G1 U2.586 F200.0 ; Set paint flow to target (viewer mode)
G1 F3554.948
G4 P50 ; Short paint lead time
M3 S1 ; Viewer hint: start cutting
G1 X453.700 Y131.239 F3554.948
G1 X454.004 Y131.183 F3554.948
G1 X454.390 Y131.106 F3554.948
G1 X454.850 Y131.003 F3554.948
G1 X455.364 Y130.871 F3554.948
G1 X455.919 Y130.715 F3554.948
G1 X456.499 Y130.527 F3554.948
G1 X457.099 Y130.307 F3554.948
G1 X457.711 Y130.051 F3554.948
G1 X458.319 Y129.752 F3554.948
G1 X458.915 Y129.410 F3554.948
G1 X459.491 Y129.019 F3554.948
G1 X460.042 Y128.564 F3554.948
G1 X460.560 Y128.040 F3554.948
G1 X461.047 Y127.426 F3554.948
G1 X461.273 Y127.067 F3554.948
G1 X461.499 Y126.709 F3554.948
G1 X461.703 Y126.288 F3554.948
G1 X461.907 Y125.868 F3554.948
G1 X462.087 Y125.368 F3554.948
G1 X462.267 Y124.867 F3554.948
G1 X462.418 Y124.271 F3554.948
G1 X462.568 Y123.674 F3554.948
G1 X462.687 Y122.957 F3554.948
G1 X462.807 Y122.240 F3554.948
G1 X462.864 Y121.671 F3554.948
G1 X462.921 Y121.102 F3554.948
G1 X462.978 Y120.534 F3554.948
G1 X463.009 Y119.857 F3554.948
G1 X463.040 Y119.181 F3554.948
G1 X463.071 Y118.504 F3554.948
G1 X463.072 Y117.717 F3554.948
G1 X463.073 Y116.929 F3554.948
G1 X463.074 Y116.142 F3554.948
G1 X463.048 Y115.464 F3554.948
G1 X463.022 Y114.787 F3554.948
G1 X462.996 Y114.110 F3554.948
G1 X462.971 Y113.432 F3554.948
G1 X462.914 Y112.687 F3554.948
G1 X462.858 Y111.941 F3554.948
G1 X462.802 Y111.196 F3554.948
G1 X462.746 Y110.450 F3554.948
G1 X462.654 Y109.662 F3554.948
G1 X462.563 Y108.873 F3554.948
G1 X462.472 Y108.085 F3554.948
G1 X462.381 Y107.296 F3554.948
G1 X462.277 Y106.655 F3554.948
G1 X462.173 Y106.013 F3554.948
G1 X462.069 Y105.371 F3554.948
G1 X461.966 Y104.729 F3554.948
G1 X461.862 Y104.087 F3554.948
G1 X461.725 Y103.456 F3554.948
G1 X461.589 Y102.826 F3554.948
G1 X461.452 Y102.195 F3554.948
G1 X461.316 Y101.564 F3554.948
G1 X461.179 Y100.933 F3554.948
G1 X460.966 Y100.173 F3554.948
G1 X460.752 Y99.413 F3554.948
G1 X460.538 Y98.653 F3554.948
G1 X460.325 Y97.893 F3554.948
G1 X460.067 Y97.166 F3554.948
G1 X459.810 Y96.439 F3554.948
G1 X459.553 Y95.712 F3554.948
G1 X459.296 Y94.985 F3554.948
G1 X458.991 Y94.290 F3554.948
G1 X458.687 Y93.595 F3554.948
G1 X458.383 Y92.900 F3554.948
G1 X458.078 Y92.205 F3554.948
G1 X457.721 Y91.540 F3554.948
G1 X457.364 Y90.875 F3554.948
G1 X457.007 Y90.210 F3554.948
G1 X456.650 Y89.546 F3554.948
G1 X456.235 Y88.912 F3554.948
G1 X455.820 Y88.278 F3554.948
G1 X455.405 Y87.645 F3554.948
G1 X454.991 Y87.011 F3554.948
G1 X454.518 Y86.412 F3554.948
G1 X454.045 Y85.814 F3554.948
G1 X453.572 Y85.215 F3554.948
G1 X453.099 Y84.616 F3554.948
G1 X452.572 Y84.059 F3554.948
G1 X452.046 Y83.501 F3554.948
G1 X451.519 Y82.944 F3554.948
G1 X450.993 Y82.386 F3554.948
G1 X450.431 Y81.876 F3554.948
G1 X449.868 Y81.366 F3554.948
G1 X449.306 Y80.856 F3554.948
G1 X448.744 Y80.346 F3554.948
G1 X448.169 Y79.893 F3554.948
G1 X447.594 Y79.440 F3554.948
G1 X447.019 Y78.987 F3554.948
G1 X446.445 Y78.534 F3554.948
G1 X445.887 Y78.145 F3554.948
G1 X445.329 Y77.757 F3554.948
G1 X444.772 Y77.369 F3554.948
G1 X444.214 Y76.981 F3554.948
G1 X443.700 Y76.665 F3554.948
G1 X443.185 Y76.349 F3554.948
G1 X442.670 Y76.034 F3554.948
G1 X442.156 Y75.718 F3554.948
G1 X441.557 Y75.396 F3554.948
G1 X440.958 Y75.073 F3554.948
G1 X440.359 Y74.750 F3554.948
G1 X439.865 Y74.521 F3554.948
G1 X439.371 Y74.291 F3554.948
G1 X438.878 Y74.062 F3554.948
G1 X438.310 Y73.852 F3554.948
G1 X437.743 Y73.641 F3554.948
G1 X437.347 Y73.561 F3554.948
G1 X436.951 Y73.480 F3554.948
G1 X436.488 Y73.562 F3554.948
G1 X436.335 Y73.888 F3554.948
G1 X436.470 Y74.462 F3554.948
G1 X436.672 Y74.884 F3554.948
G1 X436.875 Y75.306 F3554.948
M400 ; Wait for drawing to complete
G1 U0.800 F200.0 ; Flow ramp-down (viewer mode)
M5 ; Viewer hint: stop cutting
; STOP BRUSH A
G1 U0.000 F200.0 ; Close Brush A flow
M106 P2 S0 ; Brush A air off
; === PATH END ===

; Width clamped from 31.00mm to 25.00mm within [2.00,25.00] mm
; ===== STROKE PARAMETERS =====
; Color: black
; Width: 25.00mm
; Opacity: 0.25
; Brush: A
; Z-height: 83.00mm
; Paint flow: 0.56 -> U2.586mm
; Feedrate: 3554.9mm/min
; Modes: viewer_compat=true, viewer_emit_m3m5=true
; START BRUSH A
T0 ; Select Tool 0 (Brush A)
G0 X296.921 Y458.709 F12000.000
M400 ; Wait for XY movement to complete
G1 F3554.948
M106 P2 S1 ; Air on before paint
G1 U2.586 F200.0 ; Set paint flow to target (viewer mode)
G1 F3554.948
G4 P50 ; Short paint lead time
M3 S1 ; Viewer hint: start cutting
G1 X296.952 Y458.616 F3554.948
G1 X297.045 Y458.471 F3554.948
G1 X297.196 Y458.281 F3554.948
G1 X297.397 Y458.052 F3554.948
G1 X297.646 Y457.791 F3554.948
G1 X297.937 Y457.499 F3554.948
G1 X298.270 Y457.183 F3554.948
G1 X298.641 Y456.848 F3554.948
G1 X299.045 Y456.491 F3554.948
G1 X299.487 Y456.113 F3554.948
G1 X299.971 Y455.713 F3554.948
G1 X300.506 Y455.288 F3554.948
G1 X301.101 Y454.833 F3554.948
G1 X301.436 Y454.590 F3554.948
G1 X301.771 Y454.347 F3554.948
G1 X302.152 Y454.087 F3554.948
G1 X302.533 Y453.826 F3554.948
G1 X302.970 Y453.546 F3554.948
G1 X303.408 Y453.266 F3554.948
G1 X303.918 Y452.964 F3554.948
G1 X304.427 Y452.661 F3554.948
G1 X305.021 Y452.334 F3554.948
G1 X305.615 Y452.006 F3554.948
G1 X306.312 Y451.658 F3554.948
G1 X307.009 Y451.310 F3554.948
G1 X307.541 Y451.068 F3554.948
G1 X308.073 Y450.826 F3554.948
G1 X308.605 Y450.585 F3554.948
G1 X309.192 Y450.343 F3554.948
G1 X309.779 Y450.102 F3554.948
G1 X310.367 Y449.860 F3554.948
G1 X311.001 Y449.633 F3554.948
G1 X311.635 Y449.406 F3554.948
G1 X312.269 Y449.179 F3554.948
G1 X312.930 Y448.975 F3554.948
G1 X313.590 Y448.771 F3554.948
G1 X314.251 Y448.567 F3554.948
G1 X314.925 Y448.393 F3554.948
G1 X315.599 Y448.219 F3554.948
G1 X316.272 Y448.045 F3554.948
G1 X316.960 Y447.904 F3554.948
G1 X317.648 Y447.762 F3554.948
G1 X318.336 Y447.621 F3554.948
G1 X319.039 Y447.515 F3554.948
G1 X319.742 Y447.408 F3554.948
G1 X320.445 Y447.301 F3554.948
G1 X321.164 Y447.227 F3554.948
G1 X321.882 Y447.153 F3554.948
G1 X322.601 Y447.079 F3554.948
G1 X323.338 Y447.033 F3554.948
G1 X324.076 Y446.987 F3554.948
G1 X324.813 Y446.941 F3554.948
G1 X325.568 Y446.913 F3554.948
G1 X326.323 Y446.885 F3554.948
G1 X327.078 Y446.858 F3554.948
G1 X327.848 Y446.839 F3554.948
G1 X328.618 Y446.820 F3554.948
G1 X329.388 Y446.801 F3554.948
G1 X330.174 Y446.781 F3554.948
G1 X330.959 Y446.762 F3554.948
G1 X331.745 Y446.742 F3554.948
G1 X332.347 Y446.722 F3554.948
G1 X332.949 Y446.703 F3554.948
G1 X333.551 Y446.683 F3554.948
G1 X334.153 Y446.663 F3554.948
G1 X334.770 Y446.637 F3554.948
G1 X335.387 Y446.610 F3554.948
G1 X336.004 Y446.583 F3554.948
G1 X336.621 Y446.556 F3554.948
G1 X337.258 Y446.521 F3554.948
G1 X337.894 Y446.487 F3554.948
G1 X338.530 Y446.453 F3554.948
G1 X339.167 Y446.419 F3554.948
G1 X339.822 Y446.377 F3554.948
G1 X340.476 Y446.335 F3554.948
G1 X341.131 Y446.293 F3554.948
G1 X341.786 Y446.251 F3554.948
G1 X342.461 Y446.198 F3554.948
G1 X343.135 Y446.145 F3554.948
G1 X343.810 Y446.093 F3554.948
G1 X344.485 Y446.040 F3554.948
G1 X345.188 Y445.972 F3554.948
G1 X345.891 Y445.903 F3554.948
G1 X346.594 Y445.835 F3554.948
G1 X347.297 Y445.767 F3554.948
G1 X348.040 Y445.680 F3554.948
G1 X348.783 Y445.593 F3554.948
G1 X349.526 Y445.507 F3554.948
G1 X350.269 Y445.420 F3554.948
G1 X351.057 Y445.319 F3554.948
G1 X351.846 Y445.217 F3554.948
G1 X352.634 Y445.116 F3554.948
G1 X353.422 Y445.014 F3554.948
G1 X354.084 Y444.929 F3554.948
G1 X354.746 Y444.844 F3554.948
G1 X355.408 Y444.759 F3554.948
G1 X356.070 Y444.674 F3554.948
G1 X356.732 Y444.589 F3554.948
G1 X357.412 Y444.512 F3554.948
G1 X358.092 Y444.434 F3554.948
G1 X358.772 Y444.356 F3554.948
G1 X359.452 Y444.279 F3554.948
G1 X360.132 Y444.201 F3554.948
G1 X360.809 Y444.141 F3554.948
G1 X361.486 Y444.080 F3554.948
G1 X362.163 Y444.020 F3554.948
G1 X362.840 Y443.959 F3554.948
G1 X363.516 Y443.899 F3554.948
G1 X364.175 Y443.866 F3554.948
G1 X364.834 Y443.833 F3554.948
G1 X365.493 Y443.800 F3554.948
G1 X366.152 Y443.767 F3554.948
G1 X366.810 Y443.734 F3554.948
G1 X367.606 Y443.739 F3554.948
G1 X368.402 Y443.743 F3554.948
G1 X369.198 Y443.747 F3554.948
G1 X369.993 Y443.751 F3554.948
G1 X370.762 Y443.805 F3554.948
G1 X371.531 Y443.859 F3554.948
G1 X372.299 Y443.913 F3554.948
G1 X373.068 Y443.967 F3554.948
G1 X373.809 Y444.069 F3554.948
G1 X374.551 Y444.170 F3554.948
G1 X375.292 Y444.272 F3554.948
G1 X376.034 Y444.373 F3554.948
G1 X376.745 Y444.516 F3554.948
G1 X377.456 Y444.660 F3554.948
G1 X378.167 Y444.803 F3554.948
G1 X378.878 Y444.947 F3554.948
G1 X379.536 Y445.122 F3554.948
G1 X380.193 Y445.298 F3554.948
G1 X380.851 Y445.473 F3554.948
G1 X381.508 Y445.649 F3554.948
G1 X382.087 Y445.846 F3554.948
G1 X382.667 Y446.043 F3554.948
G1 X383.246 Y446.240 F3554.948
G1 X383.826 Y446.437 F3554.948
G1 X384.470 Y446.723 F3554.948
G1 X385.115 Y447.010 F3554.948
G1 X385.760 Y447.296 F3554.948
G1 X386.277 Y447.607 F3554.948
G1 X386.793 Y447.917 F3554.948
G1 X387.310 Y448.228 F3554.948
G1 X387.895 Y448.742 F3554.948
G1 X388.480 Y449.256 F3554.948
G1 X388.883 Y449.838 F3554.948
G1 X389.287 Y450.419 F3554.948
G1 X389.530 Y451.096 F3554.948
G1 X389.774 Y451.772 F3554.948
G1 X389.842 Y452.308 F3554.948
G1 X389.911 Y452.845 F3554.948
G1 X389.980 Y453.381 F3554.948
M400 ; Wait for drawing to complete
G1 U0.800 F200.0 ; Flow ramp-down (viewer mode)
M5 ; Viewer hint: stop cutting
; STOP BRUSH A
G1 U0.000 F200.0 ; Close Brush A flow
M106 P2 S0 ; Brush A air off
; === PATH END ===

; Width clamped from 31.00mm to 25.00mm within [2.00,25.00] mm
; ===== STROKE PARAMETERS =====
; Color: black
; Width: 25.00mm
; Opacity: 0.25
; Brush: A
; Z-height: 83.00mm
; Paint flow: 0.56 -> U2.586mm
; Feedrate: 3554.9mm/min
; Modes: viewer_compat=true, viewer_emit_m3m5=true
; START BRUSH A
T0 ; Select Tool 0 (Brush A)
G0 X124.843 Y375.841 F12000.000
M400 ; Wait for XY movement to complete
G1 F3554.948
M106 P2 S1 ; Air on before paint
G1 U2.586 F200.0 ; Set paint flow to target (viewer mode)
G1 F3554.948
G4 P50 ; Short paint lead time
M3 S1 ; Viewer hint: start cutting
G1 X124.512 Y375.699 F3554.948
G1 X124.004 Y375.493 F3554.948
G1 X123.343 Y375.229 F3554.948
G1 X122.946 Y375.073 F3554.948
G1 X122.549 Y374.916 F3554.948
G1 X122.096 Y374.741 F3554.948
G1 X121.644 Y374.565 F3554.948
G1 X121.145 Y374.374 F3554.948
G1 X120.646 Y374.183 F3554.948
G1 X120.109 Y373.981 F3554.948
G1 X119.573 Y373.779 F3554.948
G1 X119.009 Y373.571 F3554.948
G1 X118.445 Y373.364 F3554.948
G1 X117.864 Y373.156 F3554.948
G1 X117.282 Y372.948 F3554.948
G1 X116.691 Y372.744 F3554.948
G1 X116.099 Y372.540 F3554.948
G1 X115.506 Y372.345 F3554.948
G1 X114.913 Y372.151 F3554.948
G1 X114.327 Y371.976 F3554.948
G1 X113.741 Y371.801 F3554.948
G1 X113.178 Y371.658 F3554.948
G1 X112.615 Y371.515 F3554.948
G1 X112.084 Y371.409 F3554.948
G1 X111.554 Y371.302 F3554.948
G1 X111.069 Y371.242 F3554.948
G1 X110.585 Y371.181 F3554.948
G1 X110.155 Y371.177 F3554.948
G1 X109.726 Y371.173 F3554.948
G1 X108.988 Y371.293 F3554.948
G1 X108.370 Y371.558 F3554.948
G1 X107.864 Y371.981 F3554.948
G1 X107.461 Y372.574 F3554.948
G1 X107.304 Y372.964 F3554.948
G1 X107.146 Y373.353 F3554.948
G1 X107.024 Y373.845 F3554.948
G1 X106.902 Y374.336 F3554.948
G1 X106.806 Y374.941 F3554.948
G1 X106.709 Y375.546 F3554.948
G1 X106.625 Y376.279 F3554.948
G1 X106.541 Y377.013 F3554.948
G1 X106.488 Y377.595 F3554.948
G1 X106.435 Y378.178 F3554.948
G1 X106.382 Y378.760 F3554.948
G1 X106.325 Y379.444 F3554.948
G1 X106.269 Y380.128 F3554.948
G1 X106.213 Y380.812 F3554.948
G1 X106.150 Y381.598 F3554.948
G1 X106.087 Y382.383 F3554.948
G1 X106.024 Y383.169 F3554.948
G1 X105.971 Y383.829 F3554.948
G1 X105.918 Y384.488 F3554.948
G1 X105.865 Y385.148 F3554.948
G1 X105.812 Y385.807 F3554.948
G1 X105.755 Y386.517 F3554.948
G1 X105.698 Y387.226 F3554.948
G1 X105.641 Y387.936 F3554.948
G1 X105.584 Y388.645 F3554.948
G1 X105.525 Y389.377 F3554.948
G1 X105.467 Y390.109 F3554.948
G1 X105.409 Y390.841 F3554.948
G1 X105.351 Y391.573 F3554.948
G1 X105.295 Y392.295 F3554.948
G1 X105.239 Y393.016 F3554.948
G1 X105.183 Y393.738 F3554.948
G1 X105.127 Y394.459 F3554.948
G1 X105.078 Y395.133 F3554.948
G1 X105.029 Y395.807 F3554.948
G1 X104.980 Y396.481 F3554.948
G1 X104.931 Y397.155 F3554.948
G1 X104.892 Y397.761 F3554.948
G1 X104.853 Y398.366 F3554.948
G1 X104.813 Y398.972 F3554.948
G1 X104.774 Y399.577 F3554.948
G1 X104.740 Y400.273 F3554.948
G1 X104.706 Y400.968 F3554.948
G1 X104.671 Y401.664 F3554.948
G1 X104.663 Y402.248 F3554.948
G1 X104.654 Y402.831 F3554.948
G1 X104.646 Y403.415 F3554.948
G1 X104.683 Y404.132 F3554.948
G1 X104.720 Y404.850 F3554.948
G1 X104.820 Y405.435 F3554.948
G1 X104.921 Y406.020 F3554.948
M400 ; Wait for drawing to complete
G1 U0.800 F200.0 ; Flow ramp-down (viewer mode)
M5 ; Viewer hint: stop cutting
; STOP BRUSH A
G1 U0.000 F200.0 ; Close Brush A flow
M106 P2 S0 ; Brush A air off
; === PATH END ===

; Width clamped from 31.00mm to 25.00mm within [2.00,25.00] mm
; ===== STROKE PARAMETERS =====
; Color: black
; Width: 25.00mm
; Opacity: 0.25
; Brush: A
; Z-height: 83.00mm
; Paint flow: 0.56 -> U2.586mm
; Feedrate: 3554.9mm/min
; Modes: viewer_compat=true, viewer_emit_m3m5=true
; START BRUSH A
T0 ; Select Tool 0 (Brush A)
G0 X57.243 Y248.854 F12000.000
M400 ; Wait for XY movement to complete
G1 F3554.948
M106 P2 S1 ; Air on before paint
G1 U2.586 F200.0 ; Set paint flow to target (viewer mode)
G1 F3554.948
G4 P50 ; Short paint lead time
M3 S1 ; Viewer hint: start cutting
G1 X57.373 Y248.587 F3554.948
G1 X57.548 Y248.206 F3554.948
G1 X57.769 Y247.735 F3554.948
G1 X58.035 Y247.200 F3554.948
G1 X58.351 Y246.634 F3554.948
G1 X58.720 Y246.062 F3554.948
G1 X59.145 Y245.507 F3554.948
G1 X59.633 Y244.988 F3554.948
G1 X60.189 Y244.515 F3554.948
G1 X60.820 Y244.094 F3554.948
G1 X61.177 Y243.911 F3554.948
G1 X61.534 Y243.729 F3554.948
G1 X61.939 Y243.570 F3554.948
G1 X62.344 Y243.411 F3554.948
G1 X62.803 Y243.278 F3554.948
G1 X63.262 Y243.144 F3554.948
G1 X63.779 Y243.034 F3554.948
G1 X64.296 Y242.925 F3554.948
G1 X64.878 Y242.836 F3554.948
G1 X65.460 Y242.747 F3554.948
G1 X66.115 Y242.675 F3554.948
G1 X66.771 Y242.602 F3554.948
G1 X67.507 Y242.544 F3554.948
G1 X68.244 Y242.485 F3554.948
G1 X68.794 Y242.457 F3554.948
G1 X69.343 Y242.429 F3554.948
G1 X69.893 Y242.401 F3554.948
G1 X70.508 Y242.380 F3554.948
G1 X71.122 Y242.360 F3554.948
G1 X71.737 Y242.340 F3554.948
G1 X72.420 Y242.333 F3554.948
G1 X73.103 Y242.326 F3554.948
G1 X73.785 Y242.319 F3554.948
G1 X74.541 Y242.327 F3554.948
G1 X75.296 Y242.336 F3554.948
G1 X76.052 Y242.345 F3554.948
G1 X76.671 Y242.370 F3554.948
G1 X77.290 Y242.395 F3554.948
G1 X77.910 Y242.421 F3554.948
G1 X78.529 Y242.446 F3554.948
G1 X79.197 Y242.493 F3554.948
G1 X79.865 Y242.541 F3554.948
G1 X80.533 Y242.589 F3554.948
G1 X81.201 Y242.636 F3554.948
G1 X81.909 Y242.712 F3554.948
G1 X82.617 Y242.788 F3554.948
G1 X83.325 Y242.864 F3554.948
G1 X84.033 Y242.940 F3554.948
G1 X84.759 Y243.046 F3554.948
G1 X85.486 Y243.151 F3554.948
G1 X86.212 Y243.256 F3554.948
G1 X86.939 Y243.361 F3554.948
G1 X87.655 Y243.495 F3554.948
G1 X88.372 Y243.628 F3554.948
G1 X89.089 Y243.762 F3554.948
G1 X89.806 Y243.896 F3554.948
G1 X90.479 Y244.054 F3554.948
G1 X91.153 Y244.213 F3554.948
G1 X91.826 Y244.372 F3554.948
G1 X92.499 Y244.531 F3554.948
G1 X93.094 Y244.709 F3554.948
G1 X93.689 Y244.888 F3554.948
G1 X94.284 Y245.066 F3554.948
G1 X94.879 Y245.245 F3554.948
G1 X95.538 Y245.503 F3554.948
G1 X96.198 Y245.762 F3554.948
G1 X96.857 Y246.020 F3554.948
G1 X97.365 Y246.295 F3554.948
G1 X97.872 Y246.571 F3554.948
G1 X98.379 Y246.846 F3554.948
G1 X98.912 Y247.288 F3554.948
G1 X99.446 Y247.729 F3554.948
G1 X99.757 Y248.204 F3554.948
G1 X100.068 Y248.679 F3554.948
G1 X100.170 Y249.198 F3554.948
G1 X100.271 Y249.716 F3554.948
G1 X100.176 Y250.295 F3554.948
G1 X100.081 Y250.873 F3554.948
G1 X99.803 Y251.525 F3554.948
G1 X99.525 Y252.177 F3554.948
G1 X99.227 Y252.670 F3554.948
G1 X98.928 Y253.163 F3554.948
G1 X98.630 Y253.656 F3554.948
G1 X98.229 Y254.206 F3554.948
G1 X97.829 Y254.757 F3554.948
G1 X97.429 Y255.307 F3554.948
G1 X96.935 Y255.917 F3554.948
G1 X96.442 Y256.528 F3554.948
G1 X95.948 Y257.138 F3554.948
G1 X95.519 Y257.633 F3554.948
G1 X95.090 Y258.129 F3554.948
G1 X94.661 Y258.624 F3554.948
G1 X94.232 Y259.120 F3554.948
G1 X93.755 Y259.645 F3554.948
G1 X93.278 Y260.170 F3554.948
G1 X92.801 Y260.695 F3554.948
G1 X92.325 Y261.220 F3554.948
G1 X91.811 Y261.761 F3554.948
G1 X91.296 Y262.302 F3554.948
G1 X90.782 Y262.843 F3554.948
G1 X90.268 Y263.383 F3554.948
G1 X89.725 Y263.926 F3554.948
G1 X89.181 Y264.469 F3554.948
G1 X88.638 Y265.012 F3554.948
G1 X88.095 Y265.554 F3554.948
G1 X87.528 Y266.084 F3554.948
G1 X86.960 Y266.613 F3554.948
G1 X86.393 Y267.142 F3554.948
G1 X85.826 Y267.671 F3554.948
G1 X85.236 Y268.175 F3554.948
G1 X84.645 Y268.679 F3554.948
G1 X84.055 Y269.184 F3554.948
G1 X83.465 Y269.688 F3554.948
G1 X82.856 Y270.157 F3554.948
G1 X82.247 Y270.626 F3554.948
G1 X81.638 Y271.095 F3554.948
G1 X81.029 Y271.564 F3554.948
G1 X80.405 Y271.990 F3554.948
G1 X79.781 Y272.417 F3554.948
G1 X79.157 Y272.843 F3554.948
G1 X78.533 Y273.269 F3554.948
G1 X77.900 Y273.651 F3554.948
G1 X77.266 Y274.033 F3554.948
G1 X76.633 Y274.414 F3554.948
G1 X75.999 Y274.796 F3554.948
G1 X75.359 Y275.137 F3554.948
G1 X74.719 Y275.479 F3554.948
G1 X74.079 Y275.821 F3554.948
G1 X73.440 Y276.162 F3554.948
G1 X72.794 Y276.474 F3554.948
G1 X72.148 Y276.786 F3554.948
G1 X71.502 Y277.097 F3554.948
G1 X70.856 Y277.409 F3554.948
G1 X70.206 Y277.706 F3554.948
G1 X69.556 Y278.003 F3554.948
G1 X68.907 Y278.300 F3554.948
G1 X68.257 Y278.597 F3554.948
G1 X67.607 Y278.895 F3554.948
G1 X66.957 Y279.193 F3554.948
G1 X66.307 Y279.492 F3554.948
G1 X65.656 Y279.790 F3554.948
G1 X65.011 Y280.105 F3554.948
G1 X64.366 Y280.419 F3554.948
G1 X63.721 Y280.734 F3554.948
G1 X63.076 Y281.049 F3554.948
G1 X62.442 Y281.391 F3554.948
G1 X61.808 Y281.733 F3554.948
G1 X61.174 Y282.076 F3554.948
G1 X60.540 Y282.418 F3554.948
G1 X59.920 Y282.796 F3554.948
G1 X59.300 Y283.175 F3554.948
G1 X58.681 Y283.553 F3554.948
G1 X58.061 Y283.931 F3554.948
G1 X57.457 Y284.350 F3554.948
G1 X56.853 Y284.768 F3554.948
G1 X56.248 Y285.186 F3554.948
G1 X55.644 Y285.605 F3554.948
G1 X55.055 Y286.062 F3554.948
G1 X54.466 Y286.519 F3554.948
G1 X53.876 Y286.977 F3554.948
G1 X53.287 Y287.434 F3554.948
G1 X52.709 Y287.928 F3554.948
G1 X52.132 Y288.422 F3554.948
G1 X51.554 Y288.916 F3554.948
G1 X50.976 Y289.411 F3554.948
G1 X50.400 Y289.939 F3554.948
G1 X49.824 Y290.468 F3554.948
G1 X49.248 Y290.996 F3554.948
G1 X48.671 Y291.525 F3554.948
G1 X48.200 Y291.970 F3554.948
G1 X47.728 Y292.416 F3554.948
G1 X47.257 Y292.862 F3554.948
G1 X46.785 Y293.308 F3554.948
G1 X46.313 Y293.754 F3554.948
G1 X45.821 Y294.213 F3554.948
G1 X45.329 Y294.672 F3554.948
G1 X44.837 Y295.132 F3554.948
G1 X44.345 Y295.591 F3554.948
G1 X43.852 Y296.050 F3554.948
G1 X43.334 Y296.502 F3554.948
G1 X42.815 Y296.955 F3554.948
G1 X42.297 Y297.407 F3554.948
G1 X41.778 Y297.860 F3554.948
G1 X41.260 Y298.312 F3554.948
G1 X40.714 Y298.734 F3554.948
G1 X40.168 Y299.156 F3554.948
G1 X39.622 Y299.577 F3554.948
G1 X39.076 Y299.999 F3554.948
G1 X38.530 Y300.421 F3554.948
G1 X37.958 Y300.787 F3554.948
G1 X37.386 Y301.153 F3554.948
G1 X36.813 Y301.519 F3554.948
G1 X36.241 Y301.885 F3554.948
G1 X35.669 Y302.252 F3554.948
G1 X35.079 Y302.543 F3554.948
G1 X34.489 Y302.834 F3554.948
G1 X33.900 Y303.125 F3554.948
G1 X33.310 Y303.416 F3554.948
G1 X32.720 Y303.707 F3554.948
G1 X32.026 Y303.968 F3554.948
G1 X31.332 Y304.229 F3554.948
G1 X30.638 Y304.489 F3554.948
G1 X29.944 Y304.750 F3554.948
G1 X29.198 Y304.962 F3554.948
G1 X28.452 Y305.174 F3554.948
G1 X27.705 Y305.386 F3554.948
G1 X26.996 Y305.532 F3554.948
G1 X26.287 Y305.677 F3554.948
G1 X25.665 Y305.678 F3554.948
G1 X25.799 Y305.409 F3554.948
G1 X26.226 Y305.143 F3554.948
G1 X26.652 Y304.878 F3554.948
G1 X27.163 Y304.615 F3554.948
G1 X27.674 Y304.353 F3554.948
G1 X28.184 Y304.091 F3554.948
G1 X28.721 Y303.817 F3554.948
G1 X29.258 Y303.543 F3554.948
G1 X29.795 Y303.269 F3554.948
G1 X30.332 Y302.994 F3554.948
G1 X30.942 Y302.634 F3554.948
G1 X31.553 Y302.273 F3554.948
G1 X32.164 Y301.913 F3554.948
G1 X32.775 Y301.552 F3554.948
G1 X33.385 Y301.111 F3554.948
G1 X33.995 Y300.670 F3554.948
G1 X34.604 Y300.229 F3554.948
G1 X35.214 Y299.788 F3554.948
G1 X35.763 Y299.279 F3554.948
G1 X36.311 Y298.770 F3554.948
G1 X36.860 Y298.262 F3554.948
G1 X37.408 Y297.753 F3554.948
G1 X37.892 Y297.198 F3554.948
G1 X38.375 Y296.643 F3554.948
G1 X38.858 Y296.089 F3554.948
G1 X39.341 Y295.534 F3554.948
G1 X39.753 Y294.956 F3554.948
G1 X40.164 Y294.379 F3554.948
G1 X40.575 Y293.802 F3554.948
G1 X40.986 Y293.224 F3554.948
G1 X41.325 Y292.644 F3554.948
G1 X41.663 Y292.064 F3554.948
G1 X42.002 Y291.485 F3554.948
G1 X42.341 Y290.905 F3554.948
G1 X42.607 Y290.336 F3554.948
G1 X42.872 Y289.767 F3554.948
G1 X43.138 Y289.199 F3554.948
G1 X43.404 Y288.630 F3554.948
G1 X43.665 Y287.891 F3554.948
G1 X43.925 Y287.153 F3554.948
G1 X44.185 Y286.414 F3554.948
G1 X44.355 Y285.692 F3554.948
G1 X44.524 Y284.970 F3554.948
G1 X44.693 Y284.248 F3554.948
G1 X44.775 Y283.535 F3554.948
G1 X44.857 Y282.823 F3554.948
G1 X44.940 Y282.110 F3554.948
M400 ; Wait for drawing to complete
G1 U0.800 F200.0 ; Flow ramp-down (viewer mode)
M5 ; Viewer hint: stop cutting
; STOP BRUSH A
G1 U0.000 F200.0 ; Close Brush A flow
M106 P2 S0 ; Brush A air off
; === PATH END ===

; Width clamped from 31.00mm to 25.00mm within [2.00,25.00] mm
; ===== STROKE PARAMETERS =====
; Color: black
; Width: 25.00mm
; Opacity: 0.25
; Brush: A
; Z-height: 83.00mm
; Paint flow: 0.56 -> U2.586mm
; Feedrate: 3554.9mm/min
; Modes: viewer_compat=true, viewer_emit_m3m5=true
; START BRUSH A
T0 ; Select Tool 0 (Brush A)
G0 X113.725 Y56.684 F12000.000
M400 ; Wait for XY movement to complete
G1 F3554.948
M106 P2 S1 ; Air on before paint
G1 U2.586 F200.0 ; Set paint flow to target (viewer mode)
G1 F3554.948
G4 P50 ; Short paint lead time
M3 S1 ; Viewer hint: start cutting
G1 X113.551 Y56.695 F3554.948
G1 X113.323 Y56.703 F3554.948
G1 X113.050 Y56.711 F3554.948
G1 X112.738 Y56.711 F3554.948
G1 X112.394 Y56.703 F3554.948
G1 X112.020 Y56.679 F3554.948
G1 X111.617 Y56.639 F3554.948
G1 X111.182 Y56.576 F3554.948
G1 X110.712 Y56.481 F3554.948
G1 X110.198 Y56.348 F3554.948
G1 X109.629 Y56.168 F3554.948
G1 X108.993 Y55.930 F3554.948
G1 X108.275 Y55.623 F3554.948
G1 X107.867 Y55.430 F3554.948
G1 X107.458 Y55.237 F3554.948
G1 X106.993 Y55.002 F3554.948
G1 X106.529 Y54.766 F3554.948
G1 X106.003 Y54.487 F3554.948
G1 X105.477 Y54.208 F3554.948
G1 X104.884 Y53.884 F3554.948
G1 X104.291 Y53.560 F3554.948
G1 X103.640 Y53.204 F3554.948
G1 X102.988 Y52.848 F3554.948
G1 X102.300 Y52.476 F3554.948
G1 X101.613 Y52.104 F3554.948
G1 X100.909 Y51.738 F3554.948
G1 X100.205 Y51.372 F3554.948
G1 X99.504 Y51.029 F3554.948
G1 X98.802 Y50.686 F3554.948
G1 X98.120 Y50.382 F3554.948
G1 X97.438 Y50.078 F3554.948
G1 X96.785 Y49.822 F3554.948
G1 X96.132 Y49.567 F3554.948
G1 X95.517 Y49.363 F3554.948
G1 X94.901 Y49.160 F3554.948
G1 X94.330 Y49.014 F3554.948
G1 X93.758 Y48.869 F3554.948
G1 X93.233 Y48.785 F3554.948
G1 X92.707 Y48.702 F3554.948
G1 X92.226 Y48.686 F3554.948
G1 X91.744 Y48.670 F3554.948
G1 X91.305 Y48.726 F3554.948
G1 X90.867 Y48.781 F3554.948
G1 X90.466 Y48.921 F3554.948
G1 X90.066 Y49.062 F3554.948
G1 X89.695 Y49.301 F3554.948
G1 X89.325 Y49.541 F3554.948
M400 ; Wait for drawing to complete
G1 U0.800 F200.0 ; Flow ramp-down (viewer mode)
M5 ; Viewer hint: stop cutting
; STOP BRUSH A
G1 U0.000 F200.0 ; Close Brush A flow
M106 P2 S0 ; Brush A air off
; === PATH END ===

; Width clamped from 31.00mm to 25.00mm within [2.00,25.00] mm
; ===== STROKE PARAMETERS =====
; Color: black
; Width: 25.00mm
; Opacity: 0.25
; Brush: A
; Z-height: 83.00mm
; Paint flow: 0.56 -> U2.586mm
; Feedrate: 3554.9mm/min
; Modes: viewer_compat=true, viewer_emit_m3m5=true
; START BRUSH A
T0 ; Select Tool 0 (Brush A)
G0 X471.424 Y165.648 F12000.000
M400 ; Wait for XY movement to complete
G1 F3554.948
M106 P2 S1 ; Air on before paint
G1 U2.586 F200.0 ; Set paint flow to target (viewer mode)
G1 F3554.948
G4 P50 ; Short paint lead time
M3 S1 ; Viewer hint: start cutting
G1 X471.580 Y165.611 F3554.948
G1 X471.800 Y165.563 F3554.948
G1 X472.075 Y165.502 F3554.948
G1 X472.398 Y165.431 F3554.948
G1 X472.755 Y165.351 F3554.948
G1 X473.141 Y165.259 F3554.948
G1 X473.554 Y165.158 F3554.948
G1 X473.993 Y165.055 F3554.948
G1 X474.459 Y164.952 F3554.948
G1 X474.951 Y164.854 F3554.948
G1 X475.467 Y164.764 F3554.948
G1 X476.004 Y164.682 F3554.948
G1 X476.562 Y164.616 F3554.948
G1 X477.142 Y164.560 F3554.948
G1 X477.750 Y164.526 F3554.948
G1 X478.401 Y164.518 F3554.948
G1 X479.113 Y164.539 F3554.948
G1 X479.904 Y164.597 F3554.948
G1 X480.350 Y164.649 F3554.948
G1 X480.796 Y164.700 F3554.948
G1 X481.306 Y164.777 F3554.948
G1 X481.817 Y164.854 F3554.948
G1 X482.411 Y164.968 F3554.948
G1 X483.005 Y165.081 F3554.948
G1 X483.703 Y165.239 F3554.948
G1 X484.402 Y165.396 F3554.948
G1 X484.958 Y165.538 F3554.948
G1 X485.515 Y165.680 F3554.948
G1 X486.071 Y165.822 F3554.948
G1 X486.736 Y166.008 F3554.948
G1 X487.401 Y166.194 F3554.948
G1 X488.066 Y166.381 F3554.948
G1 X488.664 Y166.559 F3554.948
G1 X489.262 Y166.736 F3554.948
G1 X489.860 Y166.914 F3554.948
G1 X490.458 Y167.092 F3554.948
G1 X491.149 Y167.310 F3554.948
G1 X491.839 Y167.528 F3554.948
G1 X492.530 Y167.745 F3554.948
G1 X493.220 Y167.963 F3554.948
G1 X493.957 Y168.215 F3554.948
G1 X494.693 Y168.468 F3554.948
G1 X495.429 Y168.721 F3554.948
G1 X496.165 Y168.974 F3554.948
G1 X496.832 Y169.253 F3554.948
G1 X497.499 Y169.532 F3554.948
G1 X498.165 Y169.811 F3554.948
G1 X498.832 Y170.090 F3554.948
G1 X499.459 Y170.480 F3554.948
G1 X500.086 Y170.870 F3554.948
G1 X500.713 Y171.260 F3554.948
G1 X501.221 Y171.848 F3554.948
G1 X501.729 Y172.437 F3554.948
G1 X501.825 Y173.015 F3554.948
G1 X501.920 Y173.593 F3554.948
M400 ; Wait for drawing to complete
G1 U0.800 F200.0 ; Flow ramp-down (viewer mode)
M5 ; Viewer hint: stop cutting
; STOP BRUSH A
G1 U0.000 F200.0 ; Close Brush A flow
M106 P2 S0 ; Brush A air off
; === PATH END ===

; Width clamped from 31.00mm to 25.00mm within [2.00,25.00] mm
; ===== STROKE PARAMETERS =====
; Color: black
; Width: 25.00mm
; Opacity: 0.25
; Brush: A
; Z-height: 83.00mm
; Paint flow: 0.56 -> U2.586mm
; Feedrate: 3554.9mm/min
; Modes: viewer_compat=true, viewer_emit_m3m5=true
; START BRUSH A
T0 ; Select Tool 0 (Brush A)
G0 X193.891 Y487.874 F12000.000
M400 ; Wait for XY movement to complete
G1 F3554.948
M106 P2 S1 ; Air on before paint
G1 U2.586 F200.0 ; Set paint flow to target (viewer mode)
G1 F3554.948
G4 P50 ; Short paint lead time
M3 S1 ; Viewer hint: start cutting
G1 X194.192 Y487.995 F3554.948
G1 X194.650 Y488.176 F3554.948
G1 X195.239 Y488.421 F3554.948
G1 X195.930 Y488.733 F3554.948
G1 X196.311 Y488.925 F3554.948
G1 X196.693 Y489.117 F3554.948
G1 X197.097 Y489.349 F3554.948
G1 X197.502 Y489.581 F3554.948
G1 X197.916 Y489.856 F3554.948
G1 X198.331 Y490.131 F3554.948
G1 X198.748 Y490.453 F3554.948
G1 X199.165 Y490.776 F3554.948
G1 X199.581 Y491.150 F3554.948
G1 X199.998 Y491.525 F3554.948
G1 X200.411 Y491.960 F3554.948
G1 X200.824 Y492.395 F3554.948
G1 X201.233 Y492.886 F3554.948
G1 X201.641 Y493.376 F3554.948
G1 X202.044 Y493.874 F3554.948
G1 X202.446 Y494.373 F3554.948
G1 X202.849 Y494.833 F3554.948
G1 X203.252 Y495.294 F3554.948
G1 X203.662 Y495.678 F3554.948
G1 X204.072 Y496.062 F3554.948
G1 X204.496 Y496.339 F3554.948
G1 X204.921 Y496.616 F3554.948
G1 X205.372 Y496.743 F3554.948
G1 X205.822 Y496.871 F3554.948
G1 X206.310 Y496.835 F3554.948
G1 X206.798 Y496.799 F3554.948
G1 X207.338 Y496.609 F3554.948
G1 X207.877 Y496.420 F3554.948
G1 X208.486 Y496.112 F3554.948
G1 X209.095 Y495.804 F3554.948
G1 X209.794 Y495.418 F3554.948
G1 X210.494 Y495.033 F3554.948
G1 X211.026 Y494.749 F3554.948
G1 X211.558 Y494.465 F3554.948
G1 X212.090 Y494.181 F3554.948
G1 X212.691 Y493.899 F3554.948
G1 X213.293 Y493.616 F3554.948
G1 X213.895 Y493.334 F3554.948
G1 X214.564 Y493.085 F3554.948
G1 X215.234 Y492.835 F3554.948
G1 X215.904 Y492.586 F3554.948
G1 X216.630 Y492.406 F3554.948
G1 X217.355 Y492.225 F3554.948
G1 X218.081 Y492.045 F3554.948
G1 X218.845 Y491.961 F3554.948
G1 X219.608 Y491.877 F3554.948
G1 X220.371 Y491.793 F3554.948
G1 X221.150 Y491.822 F3554.948
G1 X221.928 Y491.851 F3554.948
G1 X222.706 Y491.881 F3554.948
G1 X223.483 Y492.043 F3554.948
G1 X224.260 Y492.205 F3554.948
G1 X225.036 Y492.367 F3554.948
G1 X225.610 Y492.598 F3554.948
G1 X226.184 Y492.829 F3554.948
G1 X226.758 Y493.060 F3554.948
G1 X227.332 Y493.290 F3554.948
G1 X227.898 Y493.614 F3554.948
G1 X228.464 Y493.937 F3554.948
G1 X229.030 Y494.260 F3554.948
G1 X229.597 Y494.584 F3554.948
G1 X230.159 Y494.969 F3554.948
G1 X230.721 Y495.355 F3554.948
G1 X231.284 Y495.740 F3554.948
G1 X231.846 Y496.125 F3554.948
G1 X232.409 Y496.532 F3554.948
G1 X232.973 Y496.938 F3554.948
G1 X233.536 Y497.345 F3554.948
G1 X234.099 Y497.751 F3554.948
G1 X234.667 Y498.099 F3554.948
G1 X235.234 Y498.447 F3554.948
G1 X235.802 Y498.795 F3554.948
G1 X236.369 Y499.143 F3554.948
G1 X236.944 Y499.367 F3554.948
G1 X237.520 Y499.591 F3554.948
G1 X238.095 Y499.815 F3554.948
G1 X238.670 Y500.039 F3554.948
G1 X239.449 Y500.124 F3554.948
G1 X240.227 Y500.209 F3554.948
G1 X241.005 Y500.294 F3554.948
G1 X241.795 Y500.166 F3554.948
G1 X242.584 Y500.038 F3554.948
G1 X243.374 Y499.910 F3554.948
G1 X243.973 Y499.660 F3554.948
G1 X244.572 Y499.411 F3554.948
G1 X245.172 Y499.161 F3554.948
G1 X245.771 Y498.912 F3554.948
G1 X246.376 Y498.559 F3554.948
G1 X246.981 Y498.207 F3554.948
G1 X247.585 Y497.855 F3554.948
G1 X248.190 Y497.503 F3554.948
G1 X248.800 Y497.115 F3554.948
G1 X249.410 Y496.728 F3554.948
G1 X250.020 Y496.340 F3554.948
G1 X250.629 Y495.953 F3554.948
G1 X251.243 Y495.597 F3554.948
G1 X251.856 Y495.241 F3554.948
G1 X252.469 Y494.886 F3554.948
G1 X253.083 Y494.530 F3554.948
G1 X253.700 Y494.237 F3554.948
G1 X254.317 Y493.944 F3554.948
G1 X254.935 Y493.651 F3554.948
G1 X255.552 Y493.358 F3554.948
G1 X256.176 Y493.149 F3554.948
G1 X256.799 Y492.940 F3554.948
G1 X257.423 Y492.731 F3554.948
G1 X258.047 Y492.521 F3554.948
G1 X258.679 Y492.403 F3554.948
G1 X259.311 Y492.285 F3554.948
G1 X259.944 Y492.166 F3554.948
G1 X260.576 Y492.048 F3554.948
G1 X261.221 Y492.012 F3554.948
G1 X261.866 Y491.977 F3554.948
G1 X262.512 Y491.941 F3554.948
G1 X263.157 Y491.905 F3554.948
G1 X263.820 Y491.934 F3554.948
G1 X264.484 Y491.962 F3554.948
G1 X265.147 Y491.991 F3554.948
G1 X265.811 Y492.020 F3554.948
G1 X266.496 Y492.096 F3554.948
G1 X267.182 Y492.172 F3554.948
G1 X267.867 Y492.249 F3554.948
G1 X268.552 Y492.325 F3554.948
G1 X269.264 Y492.431 F3554.948
G1 X269.976 Y492.537 F3554.948
G1 X270.687 Y492.643 F3554.948
G1 X271.399 Y492.749 F3554.948
G1 X272.139 Y492.864 F3554.948
G1 X272.879 Y492.979 F3554.948
G1 X273.620 Y493.094 F3554.948
G1 X274.360 Y493.209 F3554.948
G1 X275.132 Y493.319 F3554.948
G1 X275.905 Y493.429 F3554.948
G1 X276.677 Y493.539 F3554.948
G1 X277.450 Y493.649 F3554.948
G1 X278.095 Y493.726 F3554.948
G1 X278.739 Y493.802 F3554.948
G1 X279.384 Y493.879 F3554.948
G1 X280.028 Y493.956 F3554.948
G1 X280.673 Y494.033 F3554.948
G1 X281.339 Y494.095 F3554.948
G1 X282.006 Y494.157 F3554.948
G1 X282.673 Y494.218 F3554.948
G1 X283.340 Y494.280 F3554.948
G1 X284.006 Y494.342 F3554.948
G1 X284.688 Y494.388 F3554.948
G1 X285.371 Y494.433 F3554.948
G1 X286.053 Y494.479 F3554.948
G1 X286.735 Y494.525 F3554.948
G1 X287.417 Y494.571 F3554.948
G1 X288.102 Y494.601 F3554.948
G1 X288.786 Y494.632 F3554.948
G1 X289.471 Y494.662 F3554.948
G1 X290.156 Y494.693 F3554.948
G1 X290.841 Y494.724 F3554.948
G1 X291.511 Y494.742 F3554.948
G1 X292.180 Y494.760 F3554.948
G1 X292.850 Y494.778 F3554.948
G1 X293.520 Y494.795 F3554.948
G1 X294.190 Y494.813 F3554.948
G1 X294.977 Y494.826 F3554.948
G1 X295.763 Y494.838 F3554.948
G1 X296.550 Y494.851 F3554.948
G1 X297.336 Y494.863 F3554.948
G1 X298.047 Y494.873 F3554.948
G1 X298.757 Y494.882 F3554.948
G1 X299.467 Y494.891 F3554.948
G1 X300.178 Y494.901 F3554.948
G1 X300.799 Y494.910 F3554.948
G1 X301.420 Y494.919 F3554.948
G1 X302.041 Y494.928 F3554.948
G1 X302.662 Y494.937 F3554.948
G1 X303.365 Y494.949 F3554.948
G1 X304.068 Y494.962 F3554.948
G1 X304.771 Y494.975 F3554.948
G1 X305.361 Y494.986 F3554.948
G1 X305.951 Y494.997 F3554.948
G1 X306.541 Y495.008 F3554.948
G1 X307.282 Y495.020 F3554.948
G1 X308.023 Y495.031 F3554.948
G1 X308.647 Y495.034 F3554.948
G1 X309.271 Y495.036 F3554.948
G1 X309.806 Y495.029 F3554.948
G1 X310.340 Y495.021 F3554.948
G1 X310.811 Y495.000 F3554.948
G1 X311.282 Y494.980 F3554.948
M400 ; Wait for drawing to complete
G1 U0.800 F200.0 ; Flow ramp-down (viewer mode)
M5 ; Viewer hint: stop cutting
; STOP BRUSH A
G1 U0.000 F200.0 ; Close Brush A flow
M106 P2 S0 ; Brush A air off
; === PATH END ===

; Width clamped from 31.00mm to 25.00mm within [2.00,25.00] mm
; ===== STROKE PARAMETERS =====
; Color: black
; Width: 25.00mm
; Opacity: 0.25
; Brush: A
; Z-height: 83.00mm
; Paint flow: 0.56 -> U2.586mm
; Feedrate: 3554.9mm/min
; Modes: viewer_compat=true, viewer_emit_m3m5=true
; START BRUSH A
T0 ; Select Tool 0 (Brush A)
G0 X120.215 Y31.361 F12000.000
M400 ; Wait for XY movement to complete
G1 F3554.948
M106 P2 S1 ; Air on before paint
G1 U2.586 F200.0 ; Set paint flow to target (viewer mode)
G1 F3554.948
G4 P50 ; Short paint lead time
M3 S1 ; Viewer hint: start cutting
G1 X120.379 Y31.993 F3554.948
G1 X120.500 Y32.388 F3554.948
G1 X120.621 Y32.782 F3554.948
G1 X120.774 Y33.191 F3554.948
G1 X120.927 Y33.599 F3554.948
G1 X121.106 Y33.959 F3554.948
G1 X121.285 Y34.319 F3554.948
G1 X121.685 Y34.832 F3554.948
G1 X122.118 Y35.071 F3554.948
G1 X122.580 Y35.028 F3554.948
G1 X123.072 Y34.713 F3554.948
G1 X123.600 Y34.160 F3554.948
G1 X123.889 Y33.801 F3554.948
G1 X124.178 Y33.441 F3554.948
G1 X124.501 Y33.046 F3554.948
G1 X124.824 Y32.652 F3554.948
G1 X125.191 Y32.271 F3554.948
G1 X125.557 Y31.890 F3554.948
G1 X125.977 Y31.563 F3554.948
G1 X126.396 Y31.237 F3554.948
G1 X126.879 Y30.995 F3554.948
G1 X127.362 Y30.753 F3554.948
G1 X127.920 Y30.622 F3554.948
G1 X128.477 Y30.491 F3554.948
G1 X129.116 Y30.480 F3554.948
G1 X129.754 Y30.469 F3554.948
G1 X130.480 Y30.565 F3554.948
G1 X131.205 Y30.660 F3554.948
G1 X131.752 Y30.774 F3554.948
G1 X132.298 Y30.887 F3554.948
G1 X132.845 Y31.001 F3554.948
G1 X133.456 Y31.138 F3554.948
G1 X134.067 Y31.275 F3554.948
G1 X134.677 Y31.411 F3554.948
G1 X135.354 Y31.552 F3554.948
G1 X136.031 Y31.692 F3554.948
G1 X136.707 Y31.832 F3554.948
G1 X137.448 Y31.958 F3554.948
G1 X138.189 Y32.084 F3554.948
G1 X138.929 Y32.210 F3554.948
G1 X139.529 Y32.284 F3554.948
G1 X140.129 Y32.357 F3554.948
G1 X140.729 Y32.431 F3554.948
G1 X141.329 Y32.504 F3554.948
G1 X141.966 Y32.548 F3554.948
G1 X142.602 Y32.591 F3554.948
G1 X143.239 Y32.635 F3554.948
G1 X143.876 Y32.679 F3554.948
G1 X144.543 Y32.690 F3554.948
G1 X145.209 Y32.701 F3554.948
G1 X145.876 Y32.712 F3554.948
G1 X146.542 Y32.724 F3554.948
G1 X147.232 Y32.704 F3554.948
G1 X147.921 Y32.684 F3554.948
G1 X148.610 Y32.664 F3554.948
G1 X149.300 Y32.644 F3554.948
G1 X150.004 Y32.600 F3554.948
G1 X150.708 Y32.556 F3554.948
G1 X151.412 Y32.511 F3554.948
G1 X152.116 Y32.467 F3554.948
G1 X152.827 Y32.409 F3554.948
G1 X153.537 Y32.351 F3554.948
G1 X154.248 Y32.292 F3554.948
G1 X154.959 Y32.234 F3554.948
G1 X155.668 Y32.174 F3554.948
G1 X156.377 Y32.114 F3554.948
G1 X157.085 Y32.054 F3554.948
G1 X157.794 Y31.993 F3554.948
G1 X158.501 Y31.942 F3554.948
G1 X159.207 Y31.892 F3554.948
G1 X159.914 Y31.841 F3554.948
G1 X160.621 Y31.790 F3554.948
G1 X161.327 Y31.761 F3554.948
G1 X162.034 Y31.733 F3554.948
G1 X162.741 Y31.704 F3554.948
G1 X163.448 Y31.676 F3554.948
G1 X164.158 Y31.679 F3554.948
G1 X164.868 Y31.681 F3554.948
G1 X165.578 Y31.684 F3554.948
G1 X166.288 Y31.686 F3554.948
G1 X166.999 Y31.727 F3554.948
G1 X167.711 Y31.767 F3554.948
G1 X168.422 Y31.808 F3554.948
G1 X169.134 Y31.848 F3554.948
G1 X169.842 Y31.927 F3554.948
G1 X170.549 Y32.005 F3554.948
G1 X171.257 Y32.084 F3554.948
G1 X171.965 Y32.163 F3554.948
G1 X172.667 Y32.274 F3554.948
G1 X173.369 Y32.385 F3554.948
G1 X174.071 Y32.496 F3554.948
G1 X174.773 Y32.607 F3554.948
G1 X175.467 Y32.741 F3554.948
G1 X176.161 Y32.874 F3554.948
G1 X176.855 Y33.008 F3554.948
G1 X177.549 Y33.142 F3554.948
G1 X178.233 Y33.277 F3554.948
G1 X178.917 Y33.412 F3554.948
G1 X179.601 Y33.547 F3554.948
G1 X180.285 Y33.681 F3554.948
G1 X180.960 Y33.800 F3554.948
G1 X181.635 Y33.918 F3554.948
G1 X182.310 Y34.037 F3554.948
G1 X182.986 Y34.155 F3554.948
G1 X183.657 Y34.238 F3554.948
G1 X184.329 Y34.320 F3554.948
G1 X185.001 Y34.403 F3554.948
G1 X185.673 Y34.486 F3554.948
G1 X186.347 Y34.522 F3554.948
G1 X187.022 Y34.559 F3554.948
G1 X187.696 Y34.595 F3554.948
G1 X188.370 Y34.631 F3554.948
G1 X189.048 Y34.614 F3554.948
G1 X189.725 Y34.597 F3554.948
G1 X190.402 Y34.580 F3554.948
G1 X191.080 Y34.563 F3554.948
G1 X191.756 Y34.487 F3554.948
G1 X192.432 Y34.412 F3554.948
G1 X193.108 Y34.336 F3554.948
G1 X193.784 Y34.261 F3554.948
G1 X194.451 Y34.127 F3554.948
G1 X195.118 Y33.994 F3554.948
G1 X195.784 Y33.860 F3554.948
G1 X196.451 Y33.726 F3554.948
G1 X197.096 Y33.539 F3554.948
G1 X197.742 Y33.351 F3554.948
G1 X198.387 Y33.163 F3554.948
G1 X199.032 Y32.975 F3554.948
G1 X199.652 Y32.740 F3554.948
G1 X200.271 Y32.505 F3554.948
G1 X200.891 Y32.271 F3554.948
G1 X201.510 Y32.036 F3554.948
G1 X202.110 Y31.760 F3554.948
G1 X202.710 Y31.484 F3554.948
G1 X203.309 Y31.208 F3554.948
G1 X203.909 Y30.932 F3554.948
G1 X204.494 Y30.622 F3554.948
G1 X205.079 Y30.312 F3554.948
G1 X205.663 Y30.002 F3554.948
G1 X206.248 Y29.692 F3554.948
G1 X206.816 Y29.394 F3554.948
G1 X207.383 Y29.096 F3554.948
G1 X207.951 Y28.799 F3554.948
G1 X208.519 Y28.501 F3554.948
G1 X209.232 Y28.190 F3554.948
G1 X209.946 Y27.878 F3554.948
G1 X210.660 Y27.567 F3554.948
G1 X211.318 Y27.391 F3554.948
G1 X211.977 Y27.214 F3554.948
G1 X212.636 Y27.038 F3554.948
G1 X213.230 Y27.019 F3554.948
G1 X213.825 Y27.001 F3554.948
G1 X214.420 Y26.982 F3554.948
G1 X214.945 Y27.114 F3554.948
G1 X215.469 Y27.245 F3554.948
G1 X215.994 Y27.376 F3554.948
G1 X216.671 Y27.768 F3554.948
G1 X217.348 Y28.160 F3554.948
G1 X217.916 Y28.669 F3554.948
G1 X218.484 Y29.178 F3554.948
G1 X218.943 Y29.718 F3554.948
G1 X219.402 Y30.258 F3554.948
G1 X219.756 Y30.741 F3554.948
G1 X220.109 Y31.223 F3554.948
M400 ; Wait for drawing to complete
G1 U0.800 F200.0 ; Flow ramp-down (viewer mode)
M5 ; Viewer hint: stop cutting
; STOP BRUSH A
G1 U0.000 F200.0 ; Close Brush A flow
M106 P2 S0 ; Brush A air off
; === PATH END ===

; Width clamped from 31.00mm to 25.00mm within [2.00,25.00] mm
; ===== STROKE PARAMETERS =====
; Color: black
; Width: 25.00mm
; Opacity: 0.25
; Brush: A
; Z-height: 83.00mm
; Paint flow: 0.56 -> U2.586mm
; Feedrate: 3554.9mm/min
; Modes: viewer_compat=true, viewer_emit_m3m5=true
; START BRUSH A
T0 ; Select Tool 0 (Brush A)
G0 X68.804 Y388.105 F12000.000
M400 ; Wait for XY movement to complete
G1 F3554.948
M106 P2 S1 ; Air on before paint
G1 U2.586 F200.0 ; Set paint flow to target (viewer mode)
G1 F3554.948
G4 P50 ; Short paint lead time
M3 S1 ; Viewer hint: start cutting
G1 X68.881 Y388.270 F3554.948
G1 X69.013 Y388.506 F3554.948
G1 X69.194 Y388.800 F3554.948
G1 X69.418 Y389.140 F3554.948
G1 X69.676 Y389.513 F3554.948
G1 X69.963 Y389.909 F3554.948
G1 X70.270 Y390.318 F3554.948
G1 X70.600 Y390.737 F3554.948
G1 X70.953 Y391.162 F3554.948
G1 X71.333 Y391.586 F3554.948
G1 X71.739 Y392.005 F3554.948
G1 X72.173 Y392.415 F3554.948
G1 X72.632 Y392.811 F3554.948
G1 X73.117 Y393.190 F3554.948
G1 X73.626 Y393.548 F3554.948
G1 X74.158 Y393.885 F3554.948
G1 X74.711 Y394.204 F3554.948
G1 X75.286 Y394.506 F3554.948
G1 X75.891 Y394.791 F3554.948
G1 X76.538 Y395.060 F3554.948
G1 X77.240 Y395.315 F3554.948
G1 X77.627 Y395.433 F3554.948
G1 X78.013 Y395.551 F3554.948
G1 X78.442 Y395.658 F3554.948
G1 X78.870 Y395.765 F3554.948
G1 X79.343 Y395.858 F3554.948
G1 X79.816 Y395.951 F3554.948
G1 X80.339 Y396.026 F3554.948
G1 X80.862 Y396.102 F3554.948
G1 X81.444 Y396.157 F3554.948
G1 X82.027 Y396.212 F3554.948
G1 X82.672 Y396.242 F3554.948
G1 X83.318 Y396.271 F3554.948
M400 ; Wait for drawing to complete
G1 U0.800 F200.0 ; Flow ramp-down (viewer mode)
M5 ; Viewer hint: stop cutting
; STOP BRUSH A
G1 U0.000 F200.0 ; Close Brush A flow
M106 P2 S0 ; Brush A air off
; === PATH END ===

; Width clamped from 31.00mm to 25.00mm within [2.00,25.00] mm
; ===== STROKE PARAMETERS =====
; Color: black
; Width: 25.00mm
; Opacity: 0.25
; Brush: A
; Z-height: 83.00mm
; Paint flow: 0.56 -> U2.586mm
; Feedrate: 3554.9mm/min
; Modes: viewer_compat=true, viewer_emit_m3m5=true
; START BRUSH A
T0 ; Select Tool 0 (Brush A)
G0 X171.680 Y333.375 F12000.000
M400 ; Wait for XY movement to complete
G1 F3554.948
M106 P2 S1 ; Air on before paint
G1 U2.586 F200.0 ; Set paint flow to target (viewer mode)
G1 F3554.948
G4 P50 ; Short paint lead time
M3 S1 ; Viewer hint: start cutting
G1 X172.077 Y333.561 F3554.948
G1 X172.654 Y333.830 F3554.948
G1 X173.019 Y333.997 F3554.948
G1 X173.385 Y334.164 F3554.948
G1 X173.815 Y334.357 F3554.948
G1 X174.244 Y334.550 F3554.948
G1 X174.725 Y334.760 F3554.948
G1 X175.205 Y334.970 F3554.948
G1 X175.726 Y335.188 F3554.948
G1 X176.246 Y335.407 F3554.948
G1 X176.798 Y335.626 F3554.948
G1 X177.350 Y335.845 F3554.948
G1 X177.928 Y336.058 F3554.948
G1 X178.507 Y336.271 F3554.948
G1 X179.110 Y336.470 F3554.948
G1 X179.713 Y336.670 F3554.948
G1 X180.343 Y336.851 F3554.948
G1 X180.972 Y337.033 F3554.948
G1 X181.634 Y337.191 F3554.948
G1 X182.295 Y337.349 F3554.948
G1 X182.994 Y337.478 F3554.948
G1 X183.694 Y337.606 F3554.948
G1 X184.434 Y337.702 F3554.948
G1 X185.174 Y337.798 F3554.948
G1 X185.961 Y337.859 F3554.948
G1 X186.747 Y337.920 F3554.948
G1 X187.304 Y337.936 F3554.948
G1 X187.862 Y337.951 F3554.948
G1 X188.419 Y337.967 F3554.948
G1 X189.006 Y337.957 F3554.948
G1 X189.594 Y337.946 F3554.948
G1 X190.181 Y337.936 F3554.948
G1 X190.797 Y337.898 F3554.948
G1 X191.412 Y337.860 F3554.948
G1 X192.028 Y337.822 F3554.948
G1 X192.659 Y337.754 F3554.948
G1 X193.290 Y337.687 F3554.948
G1 X193.922 Y337.619 F3554.948
G1 X194.560 Y337.519 F3554.948
G1 X195.198 Y337.420 F3554.948
G1 X195.836 Y337.321 F3554.948
G1 X196.463 Y337.187 F3554.948
G1 X197.090 Y337.053 F3554.948
G1 X197.717 Y336.920 F3554.948
G1 X198.317 Y336.751 F3554.948
G1 X198.917 Y336.582 F3554.948
G1 X199.518 Y336.414 F3554.948
G1 X200.074 Y336.212 F3554.948
G1 X200.630 Y336.010 F3554.948
G1 X201.186 Y335.808 F3554.948
G1 X201.684 Y335.578 F3554.948
G1 X202.182 Y335.348 F3554.948
G1 X202.680 Y335.118 F3554.948
G1 X203.326 Y334.739 F3554.948
G1 X203.972 Y334.359 F3554.948
G1 X204.510 Y333.954 F3554.948
G1 X205.047 Y333.549 F3554.948
G1 X205.471 Y333.127 F3554.948
G1 X205.896 Y332.704 F3554.948
G1 X206.209 Y332.278 F3554.948
G1 X206.521 Y331.852 F3554.948
G1 X206.727 Y331.438 F3554.948
G1 X206.932 Y331.024 F3554.948
G1 X207.036 Y330.635 F3554.948
G1 X207.139 Y330.246 F3554.948
G1 X207.155 Y329.537 F3554.948
G1 X206.989 Y328.911 F3554.948
G1 X206.651 Y328.383 F3554.948
G1 X206.151 Y327.964 F3554.948
M400 ; Wait for drawing to complete
G1 U0.800 F200.0 ; Flow ramp-down (viewer mode)
M5 ; Viewer hint: stop cutting
; STOP BRUSH A
G1 U0.000 F200.0 ; Close Brush A flow
M106 P2 S0 ; Brush A air off
; === PATH END ===

; Width clamped from 31.00mm to 25.00mm within [2.00,25.00] mm
; ===== STROKE PARAMETERS =====
; Color: black
; Width: 25.00mm
; Opacity: 0.25
; Brush: A
; Z-height: 83.00mm
; Paint flow: 0.56 -> U2.586mm
; Feedrate: 3554.9mm/min
; Modes: viewer_compat=true, viewer_emit_m3m5=true
; START BRUSH A
T0 ; Select Tool 0 (Brush A)
G0 X404.421 Y480.992 F12000.000
M400 ; Wait for XY movement to complete
G1 F3554.948
M106 P2 S1 ; Air on before paint
G1 U2.586 F200.0 ; Set paint flow to target (viewer mode)
G1 F3554.948
G4 P50 ; Short paint lead time
M3 S1 ; Viewer hint: start cutting
G1 X404.252 Y480.904 F3554.948
G1 X404.003 Y480.772 F3554.948
G1 X403.693 Y480.606 F3554.948
G1 X403.339 Y480.417 F3554.948
G1 X402.963 Y480.214 F3554.948
G1 X402.561 Y480.000 F3554.948
G1 X402.135 Y479.777 F3554.948
G1 X401.690 Y479.536 F3554.948
G1 X401.246 Y479.264 F3554.948
G1 X400.862 Y478.974 F3554.948
G1 X400.539 Y478.673 F3554.948
G1 X400.251 Y478.344 F3554.948
G1 X399.979 Y477.982 F3554.948
G1 X399.717 Y477.591 F3554.948
G1 X399.455 Y477.172 F3554.948
G1 X399.187 Y476.728 F3554.948
G1 X398.912 Y476.248 F3554.948
G1 X398.616 Y475.723 F3554.948
G1 X398.296 Y475.140 F3554.948
G1 X397.936 Y474.485 F3554.948
G1 X397.734 Y474.114 F3554.948
G1 X397.531 Y473.742 F3554.948
G1 X397.297 Y473.315 F3554.948
G1 X397.063 Y472.888 F3554.948
G1 X396.790 Y472.392 F3554.948
G1 X396.518 Y471.897 F3554.948
G1 X396.196 Y471.341 F3554.948
G1 X395.875 Y470.785 F3554.948
G1 X395.495 Y470.178 F3554.948
G1 X395.116 Y469.571 F3554.948
G1 X394.670 Y468.921 F3554.948
G1 X394.224 Y468.271 F3554.948
G1 X393.880 Y467.824 F3554.948
G1 X393.536 Y467.377 F3554.948
G1 X393.192 Y466.930 F3554.948
G1 X392.800 Y466.490 F3554.948
G1 X392.409 Y466.050 F3554.948
G1 X392.017 Y465.610 F3554.948
G1 X391.576 Y465.196 F3554.948
G1 X391.135 Y464.781 F3554.948
G1 X390.694 Y464.367 F3554.948
G1 X390.200 Y463.989 F3554.948
G1 X389.707 Y463.611 F3554.948
G1 X389.213 Y463.233 F3554.948
G1 X388.656 Y462.892 F3554.948
G1 X388.100 Y462.551 F3554.948
G1 X387.543 Y462.211 F3554.948
M400 ; Wait for drawing to complete
G1 U0.800 F200.0 ; Flow ramp-down (viewer mode)
M5 ; Viewer hint: stop cutting
; STOP BRUSH A
G1 U0.000 F200.0 ; Close Brush A flow
M106 P2 S0 ; Brush A air off
; === PATH END ===

; Width clamped from 31.00mm to 25.00mm within [2.00,25.00] mm
; ===== STROKE PARAMETERS =====
; Color: black
; Width: 25.00mm
; Opacity: 0.25
; Brush: A
; Z-height: 83.00mm
; Paint flow: 0.56 -> U2.586mm
; Feedrate: 3554.9mm/min
; Modes: viewer_compat=true, viewer_emit_m3m5=true
; START BRUSH A
T0 ; Select Tool 0 (Brush A)
G0 X130.791 Y430.594 F12000.000
M400 ; Wait for XY movement to complete
G1 F3554.948
M106 P2 S1 ; Air on before paint
G1 U2.586 F200.0 ; Set paint flow to target (viewer mode)
G1 F3554.948
G4 P50 ; Short paint lead time
M3 S1 ; Viewer hint: start cutting
G1 X130.829 Y430.466 F3554.948
G1 X130.906 Y430.275 F3554.948
G1 X131.021 Y430.026 F3554.948
G1 X131.176 Y429.728 F3554.948
G1 X131.371 Y429.386 F3554.948
G1 X131.607 Y429.009 F3554.948
G1 X131.886 Y428.601 F3554.948
G1 X132.209 Y428.164 F3554.948
G1 X132.580 Y427.699 F3554.948
G1 X133.005 Y427.203 F3554.948
G1 X133.490 Y426.674 F3554.948
G1 X134.042 Y426.107 F3554.948
G1 X134.358 Y425.800 F3554.948
G1 X134.674 Y425.494 F3554.948
G1 X135.037 Y425.161 F3554.948
G1 X135.399 Y424.827 F3554.948
G1 X135.817 Y424.463 F3554.948
G1 X136.235 Y424.098 F3554.948
G1 X136.716 Y423.696 F3554.948
G1 X137.197 Y423.294 F3554.948
G1 X137.748 Y422.851 F3554.948
G1 X138.300 Y422.407 F3554.948
G1 X138.724 Y422.079 F3554.948
G1 X139.147 Y421.750 F3554.948
G1 X139.571 Y421.422 F3554.948
G1 X140.057 Y421.059 F3554.948
G1 X140.543 Y420.696 F3554.948
G1 X141.030 Y420.333 F3554.948
G1 X141.579 Y419.933 F3554.948
G1 X142.128 Y419.533 F3554.948
G1 X142.677 Y419.133 F3554.948
G1 X143.291 Y418.695 F3554.948
G1 X143.905 Y418.257 F3554.948
G1 X144.519 Y417.819 F3554.948
G1 X145.026 Y417.465 F3554.948
G1 X145.533 Y417.110 F3554.948
G1 X146.040 Y416.755 F3554.948
G1 X146.547 Y416.401 F3554.948
G1 X147.097 Y416.023 F3554.948
G1 X147.648 Y415.646 F3554.948
G1 X148.198 Y415.268 F3554.948
G1 X148.749 Y414.890 F3554.948
G1 X149.339 Y414.493 F3554.948
G1 X149.929 Y414.095 F3554.948
G1 X150.518 Y413.697 F3554.948
G1 X151.108 Y413.300 F3554.948
G1 X151.734 Y412.889 F3554.948
G1 X152.361 Y412.479 F3554.948
G1 X152.987 Y412.068 F3554.948
G1 X153.613 Y411.658 F3554.948
G1 X154.271 Y411.239 F3554.948
G1 X154.928 Y410.820 F3554.948
G1 X155.586 Y410.402 F3554.948
G1 X156.244 Y409.983 F3554.948
G1 X156.792 Y409.645 F3554.948
G1 X157.341 Y409.307 F3554.948
G1 X157.890 Y408.969 F3554.948
G1 X158.439 Y408.631 F3554.948
G1 X158.988 Y408.293 F3554.948
G1 X159.556 Y407.956 F3554.948
G1 X160.124 Y407.619 F3554.948
G1 X160.692 Y407.282 F3554.948
G1 X161.260 Y406.945 F3554.948
G1 X161.829 Y406.608 F3554.948
G1 X162.412 Y406.272 F3554.948
G1 X162.996 Y405.936 F3554.948
G1 X163.580 Y405.599 F3554.948
G1 X164.163 Y405.263 F3554.948
G1 X164.747 Y404.927 F3554.948
G1 X165.339 Y404.589 F3554.948
G1 X165.931 Y404.252 F3554.948
G1 X166.524 Y403.915 F3554.948
G1 X167.116 Y403.578 F3554.948
G1 X167.708 Y403.241 F3554.948
G1 X168.297 Y402.906 F3554.948
G1 X168.886 Y402.572 F3554.948
G1 X169.476 Y402.237 F3554.948
G1 X170.065 Y401.903 F3554.948
G1 X170.654 Y401.568 F3554.948
G1 X171.223 Y401.251 F3554.948
G1 X171.793 Y400.934 F3554.948
G1 X172.362 Y400.617 F3554.948
G1 X172.931 Y400.300 F3554.948
G1 X173.501 Y399.983 F3554.948
G1 X174.174 Y399.620 F3554.948
G1 X174.846 Y399.256 F3554.948
G1 X175.519 Y398.893 F3554.948
G1 X176.192 Y398.529 F3554.948
G1 X176.835 Y398.200 F3554.948
G1 X177.479 Y397.870 F3554.948
G1 X178.122 Y397.541 F3554.948
G1 X178.766 Y397.212 F3554.948
G1 X179.399 Y396.921 F3554.948
G1 X180.033 Y396.631 F3554.948
G1 X180.667 Y396.340 F3554.948
G1 X181.300 Y396.050 F3554.948
G1 X181.923 Y395.803 F3554.948
G1 X182.545 Y395.556 F3554.948
G1 X183.168 Y395.310 F3554.948
G1 X183.790 Y395.063 F3554.948
G1 X184.377 Y394.863 F3554.948
G1 X184.964 Y394.662 F3554.948
G1 X185.551 Y394.462 F3554.948
G1 X186.138 Y394.261 F3554.948
G1 X186.841 Y394.043 F3554.948
G1 X187.543 Y393.824 F3554.948
G1 X188.245 Y393.605 F3554.948
G1 X188.881 Y393.399 F3554.948
G1 X189.517 Y393.193 F3554.948
G1 X190.153 Y392.987 F3554.948
G1 X190.744 Y392.758 F3554.948
G1 X191.335 Y392.529 F3554.948
G1 X191.926 Y392.300 F3554.948
G1 X192.498 Y392.010 F3554.948
G1 X193.071 Y391.720 F3554.948
G1 X193.643 Y391.430 F3554.948
G1 X194.228 Y391.045 F3554.948
G1 X194.812 Y390.660 F3554.948
G1 X195.397 Y390.274 F3554.948
G1 X195.987 Y389.785 F3554.948
G1 X196.578 Y389.295 F3554.948
G1 X197.168 Y388.806 F3554.948
G1 X197.610 Y388.356 F3554.948
G1 X198.052 Y387.906 F3554.948
G1 X198.494 Y387.457 F3554.948
G1 X198.936 Y387.007 F3554.948
G1 X199.375 Y386.475 F3554.948
G1 X199.815 Y385.943 F3554.948
G1 X200.255 Y385.411 F3554.948
G1 X200.694 Y384.879 F3554.948
G1 X201.131 Y384.275 F3554.948
G1 X201.568 Y383.670 F3554.948
G1 X202.005 Y383.066 F3554.948
G1 X202.442 Y382.461 F3554.948
G1 X202.877 Y381.802 F3554.948
G1 X203.312 Y381.143 F3554.948
G1 X203.748 Y380.485 F3554.948
G1 X204.183 Y379.826 F3554.948
G1 X204.534 Y379.275 F3554.948
G1 X204.886 Y378.725 F3554.948
G1 X205.238 Y378.174 F3554.948
G1 X205.589 Y377.624 F3554.948
G1 X205.941 Y377.073 F3554.948
G1 X206.300 Y376.522 F3554.948
G1 X206.659 Y375.972 F3554.948
G1 X207.018 Y375.421 F3554.948
G1 X207.377 Y374.870 F3554.948
G1 X207.736 Y374.320 F3554.948
G1 X208.194 Y373.670 F3554.948
G1 X208.652 Y373.020 F3554.948
G1 X209.110 Y372.370 F3554.948
G1 X209.568 Y371.720 F3554.948
G1 X210.033 Y371.141 F3554.948
G1 X210.498 Y370.562 F3554.948
G1 X210.963 Y369.982 F3554.948
G1 X211.428 Y369.403 F3554.948
G1 X211.911 Y368.897 F3554.948
G1 X212.395 Y368.391 F3554.948
G1 X212.878 Y367.884 F3554.948
G1 X213.362 Y367.378 F3554.948
G1 X213.886 Y366.938 F3554.948
G1 X214.411 Y366.498 F3554.948
G1 X214.935 Y366.058 F3554.948
G1 X215.460 Y365.617 F3554.948
G1 X216.041 Y365.239 F3554.948
G1 X216.623 Y364.861 F3554.948
G1 X217.204 Y364.482 F3554.948
G1 X217.786 Y364.104 F3554.948
G1 X218.429 Y363.786 F3554.948
G1 X219.073 Y363.468 F3554.948
G1 X219.716 Y363.150 F3554.948
G1 X220.359 Y362.832 F3554.948
G1 X221.049 Y362.576 F3554.948
G1 X221.739 Y362.320 F3554.948
G1 X222.428 Y362.064 F3554.948
G1 X223.118 Y361.808 F3554.948
G1 X223.826 Y361.614 F3554.948
G1 X224.534 Y361.421 F3554.948
G1 X225.242 Y361.228 F3554.948
G1 X225.950 Y361.035 F3554.948
G1 X226.645 Y360.902 F3554.948
G1 X227.340 Y360.770 F3554.948
G1 X228.035 Y360.638 F3554.948
G1 X228.730 Y360.506 F3554.948
G1 X229.382 Y360.431 F3554.948
G1 X230.035 Y360.357 F3554.948
G1 X230.688 Y360.282 F3554.948
G1 X231.341 Y360.207 F3554.948
G1 X232.137 Y360.181 F3554.948
G1 X232.932 Y360.154 F3554.948
G1 X233.728 Y360.128 F3554.948
G1 X234.445 Y360.171 F3554.948
G1 X235.162 Y360.214 F3554.948
G1 X235.879 Y360.257 F3554.948
G1 X236.528 Y360.370 F3554.948
G1 X237.177 Y360.483 F3554.948
G1 X237.825 Y360.595 F3554.948
G1 X238.426 Y360.779 F3554.948
G1 X239.027 Y360.963 F3554.948
G1 X239.628 Y361.147 F3554.948
G1 X240.204 Y361.408 F3554.948
G1 X240.781 Y361.668 F3554.948
G1 X241.358 Y361.928 F3554.948
G1 X241.934 Y362.271 F3554.948
G1 X242.509 Y362.614 F3554.948
G1 X243.084 Y362.956 F3554.948
G1 X243.681 Y363.390 F3554.948
G1 X244.277 Y363.824 F3554.948
G1 X244.873 Y364.258 F3554.948
G1 X245.348 Y364.661 F3554.948
G1 X245.823 Y365.063 F3554.948
G1 X246.298 Y365.465 F3554.948
G1 X246.773 Y365.868 F3554.948
G1 X247.281 Y366.347 F3554.948
G1 X247.790 Y366.827 F3554.948
G1 X248.298 Y367.307 F3554.948
G1 X248.807 Y367.786 F3554.948
G1 X249.350 Y368.343 F3554.948
G1 X249.893 Y368.899 F3554.948
G1 X250.437 Y369.456 F3554.948
G1 X250.980 Y370.013 F3554.948
G1 X251.434 Y370.510 F3554.948
G1 X251.889 Y371.008 F3554.948
G1 X252.343 Y371.506 F3554.948
G1 X252.798 Y372.003 F3554.948
G1 X253.252 Y372.501 F3554.948
G1 X253.711 Y373.038 F3554.948
G1 X254.170 Y373.574 F3554.948
G1 X254.629 Y374.111 F3554.948
G1 X255.088 Y374.647 F3554.948
G1 X255.546 Y375.184 F3554.948
G1 X255.988 Y375.741 F3554.948
G1 X256.430 Y376.299 F3554.948
G1 X256.872 Y376.857 F3554.948
G1 X257.314 Y377.415 F3554.948
G1 X257.755 Y377.973 F3554.948
G1 X258.159 Y378.535 F3554.948
G1 X258.562 Y379.097 F3554.948
G1 X258.965 Y379.660 F3554.948
G1 X259.368 Y380.222 F3554.948
G1 X259.772 Y380.784 F3554.948
G1 X260.118 Y381.340 F3554.948
G1 X260.465 Y381.896 F3554.948
G1 X260.812 Y382.452 F3554.948
G1 X261.159 Y383.008 F3554.948
G1 X261.506 Y383.564 F3554.948
G1 X261.857 Y384.246 F3554.948
G1 X262.208 Y384.928 F3554.948
G1 X262.559 Y385.610 F3554.948
G1 X262.910 Y386.292 F3554.948
G1 X263.173 Y386.961 F3554.948
G1 X263.436 Y387.631 F3554.948
G1 X263.699 Y388.301 F3554.948
G1 X263.962 Y388.970 F3554.948
G1 X264.139 Y389.633 F3554.948
G1 X264.316 Y390.297 F3554.948
G1 X264.493 Y390.960 F3554.948
G1 X264.671 Y391.623 F3554.948
G1 X264.775 Y392.289 F3554.948
G1 X264.880 Y392.954 F3554.948
G1 X264.984 Y393.620 F3554.948
G1 X265.089 Y394.285 F3554.948
G1 X265.144 Y394.952 F3554.948
G1 X265.198 Y395.618 F3554.948
G1 X265.253 Y396.285 F3554.948
G1 X265.308 Y396.951 F3554.948
G1 X265.334 Y397.605 F3554.948
G1 X265.360 Y398.259 F3554.948
G1 X265.386 Y398.914 F3554.948
G1 X265.411 Y399.568 F3554.948
G1 X265.423 Y400.190 F3554.948
G1 X265.435 Y400.811 F3554.948
G1 X265.447 Y401.433 F3554.948
G1 X265.459 Y402.055 F3554.948
G1 X265.480 Y402.813 F3554.948
G1 X265.501 Y403.571 F3554.948
G1 X265.523 Y404.328 F3554.948
G1 X265.561 Y405.001 F3554.948
G1 X265.600 Y405.674 F3554.948
G1 X265.639 Y406.347 F3554.948
G1 X265.704 Y406.932 F3554.948
G1 X265.770 Y407.516 F3554.948
G1 X265.835 Y408.101 F3554.948
G1 X265.987 Y408.847 F3554.948
G1 X266.139 Y409.594 F3554.948
G1 X266.356 Y410.219 F3554.948
G1 X266.573 Y410.844 F3554.948
G1 X266.871 Y411.356 F3554.948
G1 X267.168 Y411.869 F3554.948
M400 ; Wait for drawing to complete
G1 U0.800 F200.0 ; Flow ramp-down (viewer mode)
M5 ; Viewer hint: stop cutting
; STOP BRUSH A
G1 U0.000 F200.0 ; Close Brush A flow
M106 P2 S0 ; Brush A air off
; === PATH END ===

; Width clamped from 31.00mm to 25.00mm within [2.00,25.00] mm
; ===== STROKE PARAMETERS =====
; Color: black
; Width: 25.00mm
; Opacity: 0.25
; Brush: A
; Z-height: 83.00mm
; Paint flow: 0.56 -> U2.586mm
; Feedrate: 3554.9mm/min
; Modes: viewer_compat=true, viewer_emit_m3m5=true
; START BRUSH A
T0 ; Select Tool 0 (Brush A)
G0 X290.605 Y195.173 F12000.000
M400 ; Wait for XY movement to complete
G1 F3554.948
M106 P2 S1 ; Air on before paint
G1 U2.586 F200.0 ; Set paint flow to target (viewer mode)
G1 F3554.948
G4 P50 ; Short paint lead time
M3 S1 ; Viewer hint: start cutting
G1 X290.637 Y195.072 F3554.948
G1 X290.743 Y194.921 F3554.948
G1 X290.920 Y194.731 F3554.948
G1 X291.171 Y194.503 F3554.948
G1 X291.491 Y194.247 F3554.948
G1 X291.880 Y193.955 F3554.948
G1 X292.335 Y193.630 F3554.948
M400 ; Wait for drawing to complete
G1 U0.800 F200.0 ; Flow ramp-down (viewer mode)
M5 ; Viewer hint: stop cutting
; STOP BRUSH A
G1 U0.000 F200.0 ; Close Brush A flow
M106 P2 S0 ; Brush A air off
; === PATH END ===

; ===== MACHINE CLEANUP =====
; Return to home position with Tool 0
T0 ; Select Tool 0 (Brush A)
G0 X0 Y0 F24000
M400 ; Wait for movement to complete
M564 H1 S1 ; Enforce soft limits
; Turn off all airbrush systems
G1 U0.000 F200.0 ; Close Brush A flow
G1 V0.000 F200.0 ; Close Brush B flow
M106 P2 S0 ; Brush A air off
M106 P3 S0 ; Brush B air off
G4 P500 ; Allow air to stop completely
M18 ; Disable all motors
; End of G-code
